2026-09-27T12:39:28.0506890Z Current runner version: '2.337.0'
2026-09-27T12:39:28.0527220Z ##[group]Runner Image Provisioner
2026-09-27T12:39:28.0528020Z Hosted Compute Agent
2026-09-27T12:39:28.0528760Z Version: 20260828.587
2026-09-27T12:39:28.0529310Z Commit: abac92662cab4cc7352de4f9f9d2e2419aad9c29
2026-09-27T12:39:28.0529850Z Build Date: 2026-08-28T16:44:25Z
2026-09-27T12:39:28.0530350Z Worker ID: {5c84a9b8-c849-4b4f-988c-8504da33594c}
2026-09-27T12:39:28.0530910Z Azure Region: westus
2026-09-27T12:39:28.0531390Z ##[endgroup]
2026-09-27T12:39:28.0532580Z ##[group]Operating System
2026-09-27T12:39:28.0532990Z macOS
2026-09-27T12:39:28.0533350Z 27.0
2026-09-27T12:39:28.0533740Z 26A428
2026-09-27T12:39:28.0534140Z ##[endgroup]
2026-09-27T12:39:28.0534620Z ##[group]Runner Image
2026-09-27T12:39:28.0535140Z Image: xcode-27-arm64
2026-09-27T12:39:28.0535590Z Version: 20260921.0210.1
2026-09-27T12:39:28.0536540Z Included Software: https://github.com/actions/runner-images/blob/xcode-27-arm64/20260921.0210/images/macos/xcode-27-arm64-Readme.md
2026-09-27T12:39:28.0537640Z Image Release: https://github.com/actions/runner-images/releases/tag/xcode-27-arm64%2F20260921.0210
2026-09-27T12:39:28.0538330Z ##[endgroup]
2026-09-27T12:39:28.0539220Z ##[group]GITHUB_TOKEN Permissions
2026-09-27T12:39:28.0541120Z Contents: read
2026-09-27T12:39:28.0541610Z Metadata: read
2026-09-27T12:39:28.0541980Z Packages: read
2026-09-27T12:39:28.0542350Z ##[endgroup]
2026-09-27T12:39:28.0548430Z Secret source: Actions
2026-09-27T12:39:28.0549060Z Cache mode: write
2026-09-27T12:39:28.0549560Z Prepare workflow directory
2026-09-27T12:39:28.1066820Z Prepare all required actions
2026-09-27T12:39:28.1141810Z Getting action download info
2026-09-27T12:39:28.3145840Z Download action repository 'actions/checkout@v4' (SHA:11d5960a326750d5838078e36cf38b85af677262)
2026-09-27T12:39:28.7259290Z Download action repository 'dtolnay/rust-toolchain@stable' (SHA:6bed0761d98439e5a578e2877258200ad565ba87)
2026-09-27T12:39:29.1888830Z Download action repository 'actions/upload-artifact@v4' (SHA:ea165f8d65b6e75b540449e92b4886f43607fa02)
2026-09-27T12:39:29.4922960Z Complete job name: kungfoo-armv7-interpreter-probe
2026-09-27T12:39:29.5782560Z ##[group]Run actions/checkout@v4
2026-09-27T12:39:29.5783480Z with:
2026-09-27T12:39:29.5783930Z   repository: xwc9527/early-android-game-runtime
2026-09-27T12:39:29.5787190Z   token: ***
2026-09-27T12:39:29.5787590Z   ssh-strict: true
2026-09-27T12:39:29.5787960Z   ssh-user: git
2026-09-27T12:39:29.5788670Z   persist-credentials: true
2026-09-27T12:39:29.5789090Z   clean: true
2026-09-27T12:39:29.5789470Z   sparse-checkout-cone-mode: true
2026-09-27T12:39:29.5789930Z   fetch-depth: 1
2026-09-27T12:39:29.5790360Z   fetch-tags: false
2026-09-27T12:39:29.5790790Z   show-progress: true
2026-09-27T12:39:29.5791230Z   lfs: false
2026-09-27T12:39:29.5791690Z   submodules: false
2026-09-27T12:39:29.5792130Z   set-safe-directory: true
2026-09-27T12:39:29.5792550Z   allow-unsafe-pr-checkout: false
2026-09-27T12:39:29.5793290Z ##[endgroup]
2026-09-27T12:39:30.1706170Z Syncing repository: xwc9527/early-android-game-runtime
2026-09-27T12:39:30.1710390Z ##[group]Getting Git version info
2026-09-27T12:39:30.1712610Z Working directory is '/Users/runner/work/early-android-game-runtime/early-android-game-runtime'
2026-09-27T12:39:30.1715470Z [command]/opt/homebrew/bin/git version
2026-09-27T12:39:30.1716750Z git version 2.55.0
2026-09-27T12:39:30.1720860Z ##[endgroup]
2026-09-27T12:39:30.1730160Z Copying '/Users/runner/.gitconfig' to '/Users/runner/work/_temp/88b98ca0-ddd4-4c79-9a79-8474552215de/.gitconfig'
2026-09-27T12:39:30.1733500Z Temporarily overriding HOME='/Users/runner/work/_temp/88b98ca0-ddd4-4c79-9a79-8474552215de' before making global git config changes
2026-09-27T12:39:30.1737590Z Adding repository directory to the temporary git global config as a safe directory
2026-09-27T12:39:30.1740700Z [command]/opt/homebrew/bin/git config --global --add safe.directory /Users/runner/work/early-android-game-runtime/early-android-game-runtime
2026-09-27T12:39:30.1746870Z Deleting the contents of '/Users/runner/work/early-android-game-runtime/early-android-game-runtime'
2026-09-27T12:39:30.1752800Z ##[group]Initializing the repository
2026-09-27T12:39:30.1753940Z [command]/opt/homebrew/bin/git init /Users/runner/work/early-android-game-runtime/early-android-game-runtime
2026-09-27T12:39:30.1754870Z hint: Using 'master' as the name for the initial branch. This default branch name
2026-09-27T12:39:30.1755960Z hint: will change to "main" in Git 3.0. To configure the initial branch name
2026-09-27T12:39:30.1756750Z hint: to use in all of your new repositories, which will suppress this warning,
2026-09-27T12:39:30.1757520Z hint: call:
2026-09-27T12:39:30.1757880Z hint:
2026-09-27T12:39:30.1758340Z hint: 	git config --global init.defaultBranch <name>
2026-09-27T12:39:30.1758870Z hint:
2026-09-27T12:39:30.1759370Z hint: Names commonly chosen instead of 'master' are 'main', 'trunk' and
2026-09-27T12:39:30.1760120Z hint: 'development'. The just-created branch can be renamed via this command:
2026-09-27T12:39:30.1760790Z hint:
2026-09-27T12:39:30.1761390Z hint: 	git branch -m <name>
2026-09-27T12:39:30.1761820Z hint:
2026-09-27T12:39:30.1762320Z hint: Disable this message with "git config set advice.defaultBranchName false"
2026-09-27T12:39:30.1763360Z Initialized empty Git repository in /Users/runner/work/early-android-game-runtime/early-android-game-runtime/.git/
2026-09-27T12:39:30.1765140Z [command]/opt/homebrew/bin/git remote add origin https://github.com/xwc9527/early-android-game-runtime
2026-09-27T12:39:30.1766520Z ##[endgroup]
2026-09-27T12:39:30.1767440Z ##[group]Disabling automatic garbage collection
2026-09-27T12:39:30.1768070Z [command]/opt/homebrew/bin/git config --local gc.auto 0
2026-09-27T12:39:30.1769320Z ##[endgroup]
2026-09-27T12:39:30.1770230Z ##[group]Setting up auth
2026-09-27T12:39:30.1771250Z [command]/opt/homebrew/bin/git config --local --name-only --get-regexp core\.sshCommand
2026-09-27T12:39:30.1819890Z [command]/opt/homebrew/bin/git submodule foreach --recursive sh -c "git config --local --name-only --get-regexp 'core\.sshCommand' && git config --local --unset-all 'core.sshCommand' || :"
2026-09-27T12:39:30.4433180Z [command]/opt/homebrew/bin/git config --local --name-only --get-regexp http\.https\:\/\/github\.com\/\.extraheader
2026-09-27T12:39:30.4436470Z [command]/opt/homebrew/bin/git submodule foreach --recursive sh -c "git config --local --name-only --get-regexp 'http\.https\:\/\/github\.com\/\.extraheader' && git config --local --unset-all 'http.https://github.com/.extraheader' || :"
2026-09-27T12:39:30.6513010Z [command]/opt/homebrew/bin/git config --local --name-only --get-regexp ^includeIf\.gitdir:
2026-09-27T12:39:30.6616420Z [command]/opt/homebrew/bin/git submodule foreach --recursive git config --local --show-origin --name-only --get-regexp remote.origin.url
2026-09-27T12:39:30.8328560Z [command]/opt/homebrew/bin/git config --local http.https://github.com/.extraheader AUTHORIZATION: basic ***
2026-09-27T12:39:30.8442970Z ##[endgroup]
2026-09-27T12:39:30.8444040Z ##[group]Fetching the repository
2026-09-27T12:39:30.8450280Z [command]/opt/homebrew/bin/git -c protocol.version=2 fetch --no-tags --prune --no-recurse-submodules --depth=1 origin +e1ce63bbeaac9bca53f8336b73ddc9131d76fdd6:refs/remotes/origin/validation/aot-route-evidence
2026-09-27T12:39:32.4463690Z From https://github.com/xwc9527/early-android-game-runtime
2026-09-27T12:39:32.4485230Z  * [new ref]         e1ce63bbeaac9bca53f8336b73ddc9131d76fdd6 -> origin/validation/aot-route-evidence
2026-09-27T12:39:32.4492680Z ##[endgroup]
2026-09-27T12:39:32.4493760Z ##[group]Determining the checkout info
2026-09-27T12:39:32.4495090Z ##[endgroup]
2026-09-27T12:39:32.4495980Z [command]/opt/homebrew/bin/git sparse-checkout disable
2026-09-27T12:39:32.4662870Z [command]/opt/homebrew/bin/git config --local --unset-all extensions.worktreeConfig
2026-09-27T12:39:32.4814610Z ##[group]Checking out the ref
2026-09-27T12:39:32.4824140Z [command]/opt/homebrew/bin/git checkout --progress --force -B validation/aot-route-evidence refs/remotes/origin/validation/aot-route-evidence
2026-09-27T12:39:33.1996030Z Switched to a new branch 'validation/aot-route-evidence'
2026-09-27T12:39:33.2009210Z branch 'validation/aot-route-evidence' set up to track 'origin/validation/aot-route-evidence'.
2026-09-27T12:39:33.2013370Z ##[endgroup]
2026-09-27T12:39:33.2147690Z [command]/opt/homebrew/bin/git log -1 --format=%H
2026-09-27T12:39:33.2269880Z e1ce63bbeaac9bca53f8336b73ddc9131d76fdd6
2026-09-27T12:39:33.2826030Z ##[group]Run dtolnay/rust-toolchain@stable
2026-09-27T12:39:33.2826340Z with:
2026-09-27T12:39:33.2826510Z   toolchain: stable
2026-09-27T12:39:33.2826700Z ##[endgroup]
2026-09-27T12:39:33.2923130Z ##[start-action display=Parse toolchain version;id=__dtolnay_rust-toolchain.parse]
2026-09-27T12:39:33.2992170Z ##[group]Run if [[ -z $toolchain ]]; then
2026-09-27T12:39:33.2992560Z [36;1mif [[ -z $toolchain ]]; then[0m
2026-09-27T12:39:33.2993100Z [36;1m  # GitHub does not enforce `required: true` inputs itself. https://github.com/actions/runner/issues/1070[0m
2026-09-27T12:39:33.2993600Z [36;1m  echo "'toolchain' is a required input" >&2[0m
2026-09-27T12:39:33.2993840Z [36;1m  exit 1[0m
2026-09-27T12:39:33.2994170Z [36;1melif [[ $toolchain =~ ^stable' '[0-9]+' '(year|month|week|day)s?' 'ago$ ]]; then[0m
2026-09-27T12:39:33.2994520Z [36;1m  if [[ macOS == macOS ]]; then[0m
2026-09-27T12:39:33.2995130Z [36;1m    echo "toolchain=1.$((($(date -v-$(sed 's/stable \([0-9]*\) \(.\).*/\1\2/' <<< $toolchain) +%s)/60/60/24-16569)/7/6))" >> $GITHUB_OUTPUT[0m
2026-09-27T12:39:33.2995560Z [36;1m  else[0m
2026-09-27T12:39:33.2995920Z [36;1m    echo "toolchain=1.$((($(date --date "${toolchain#stable }" +%s)/60/60/24-16569)/7/6))" >> $GITHUB_OUTPUT[0m
2026-09-27T12:39:33.2996370Z [36;1m  fi[0m
2026-09-27T12:39:33.2996670Z [36;1melif [[ $toolchain =~ ^stable' 'minus' '[0-9]+' 'releases?$ ]]; then[0m
2026-09-27T12:39:33.2997100Z [36;1m  echo "toolchain=1.$((($(date +%s)/60/60/24-16569)/7/6-${toolchain//[^0-9]/}))" >> $GITHUB_OUTPUT[0m
2026-09-27T12:39:33.2997510Z [36;1melif [[ $toolchain =~ ^1\.[0-9]+$ ]]; then[0m
2026-09-27T12:39:33.2998000Z [36;1m  echo "toolchain=1.$((i=${toolchain#1.}, c=($(date +%s)/60/60/24-16569)/7/6, i+9*i*(10*i<=c)+90*i*(100*i<=c)))" >> $GITHUB_OUTPUT[0m
2026-09-27T12:39:33.2998450Z [36;1melse[0m
2026-09-27T12:39:33.2998640Z [36;1m  echo "toolchain=$toolchain" >> $GITHUB_OUTPUT[0m
2026-09-27T12:39:33.2998870Z [36;1mfi[0m
2026-09-27T12:39:33.3068240Z shell: /bin/bash --noprofile --norc -e -o pipefail {0}
2026-09-27T12:39:33.3068630Z env:
2026-09-27T12:39:33.3068880Z   toolchain: stable
2026-09-27T12:39:33.3069150Z ##[endgroup]
2026-09-27T12:39:33.3988850Z ##[end-action id=__dtolnay_rust-toolchain.parse;outcome=success;conclusion=success;duration_ms=106]
2026-09-27T12:39:33.4000670Z ##[start-action display=Construct rustup command line;id=__dtolnay_rust-toolchain.flags]
2026-09-27T12:39:33.4032280Z ##[group]Run echo "targets=$(for t in ${targets//,/ }; do echo -n ' --target' $t; done)" >> $GITHUB_OUTPUT
2026-09-27T12:39:33.4033000Z [36;1mecho "targets=$(for t in ${targets//,/ }; do echo -n ' --target' $t; done)" >> $GITHUB_OUTPUT[0m
2026-09-27T12:39:33.4033560Z [36;1mecho "components=$(for c in ${components//,/ }; do echo -n ' --component' $c; done)" >> $GITHUB_OUTPUT[0m
2026-09-27T12:39:33.4034060Z [36;1mecho "downgrade=" >> $GITHUB_OUTPUT[0m
2026-09-27T12:39:33.4091190Z shell: /bin/bash --noprofile --norc -e -o pipefail {0}
2026-09-27T12:39:33.4091630Z env:
2026-09-27T12:39:33.4091910Z   targets: 
2026-09-27T12:39:33.4092100Z   components: 
2026-09-27T12:39:33.4092300Z ##[endgroup]
2026-09-27T12:39:33.5093880Z ##[end-action id=__dtolnay_rust-toolchain.flags;outcome=success;conclusion=success;duration_ms=109]
2026-09-27T12:39:33.5099530Z ##[start-action display=Set $CARGO_HOME;id=__dtolnay_rust-toolchain.__run]
2026-09-27T12:39:33.5156270Z ##[group]Run echo CARGO_HOME=${CARGO_HOME:-"$HOME/.cargo"} >> $GITHUB_ENV
2026-09-27T12:39:33.5156750Z [36;1mecho CARGO_HOME=${CARGO_HOME:-"$HOME/.cargo"} >> $GITHUB_ENV[0m
2026-09-27T12:39:33.5199680Z shell: /bin/bash --noprofile --norc -e -o pipefail {0}
2026-09-27T12:39:33.5200070Z ##[endgroup]
2026-09-27T12:39:33.5703800Z ##[end-action id=__dtolnay_rust-toolchain.__run;outcome=success;conclusion=success;duration_ms=60]
2026-09-27T12:39:33.5706720Z ##[start-action display=Install rustup if needed;id=__dtolnay_rust-toolchain.__run_2]
2026-09-27T12:39:33.5816790Z ##[group]Run if ! command -v rustup &>/dev/null; then
2026-09-27T12:39:33.5817290Z [36;1mif ! command -v rustup &>/dev/null; then[0m
2026-09-27T12:39:33.5818090Z [36;1m  curl --proto '=https' --tlsv1.2 --retry 10 --retry-connrefused --location --silent --show-error --fail https://sh.rustup.rs | sh -s -- --default-toolchain none -y[0m
2026-09-27T12:39:33.5818790Z [36;1m  echo "$CARGO_HOME/bin" >> $GITHUB_PATH[0m
2026-09-27T12:39:33.5819050Z [36;1mfi[0m
2026-09-27T12:39:33.5859950Z shell: /bin/bash --noprofile --norc -e -o pipefail {0}
2026-09-27T12:39:33.5860280Z env:
2026-09-27T12:39:33.5860450Z   CARGO_HOME: /Users/runner/.cargo
2026-09-27T12:39:33.5860850Z ##[endgroup]
2026-09-27T12:39:33.6296500Z ##[end-action id=__dtolnay_rust-toolchain.__run_2;outcome=success;conclusion=success;duration_ms=58]
2026-09-27T12:39:33.6303470Z ##[start-action display=Install rustup if needed on windows;id=__dtolnay_rust-toolchain.__run_3]
2026-09-27T12:39:33.6326770Z ##[end-action id=__dtolnay_rust-toolchain.__run_3;outcome=skipped;conclusion=skipped;duration_ms=0]
2026-09-27T12:39:33.6339780Z ##[start-action display=rustup toolchain install stable;id=__dtolnay_rust-toolchain.__run_4]
2026-09-27T12:39:33.6382830Z ##[group]Run rustup toolchain install stable --profile minimal --no-self-update
2026-09-27T12:39:33.6383360Z [36;1mrustup toolchain install stable --profile minimal --no-self-update[0m
2026-09-27T12:39:33.6424020Z shell: /bin/bash --noprofile --norc -e -o pipefail {0}
2026-09-27T12:39:33.6424350Z env:
2026-09-27T12:39:33.6424580Z   CARGO_HOME: /Users/runner/.cargo
2026-09-27T12:39:33.6424870Z   RUSTUP_PERMIT_COPY_RENAME: 1
2026-09-27T12:39:33.6425180Z ##[endgroup]
2026-09-27T12:39:34.1355690Z info: syncing channel updates for stable-aarch64-apple-darwin
2026-09-27T12:39:34.2620880Z 
2026-09-27T12:39:34.3131470Z info: self-update is disabled for this build of rustup
2026-09-27T12:39:34.3132660Z info: any updates to rustup will need to be fetched with your system package manager
2026-09-27T12:39:34.3140390Z   stable-aarch64-apple-darwin unchanged - rustc 1.98.1 (48a229cea 2026-09-01)
2026-09-27T12:39:34.3142630Z 
2026-09-27T12:39:34.3166980Z ##[end-action id=__dtolnay_rust-toolchain.__run_4;outcome=success;conclusion=success;duration_ms=682]
2026-09-27T12:39:34.3177580Z ##[start-action display=rustup default stable;id=__dtolnay_rust-toolchain.__run_5]
2026-09-27T12:39:34.3213780Z ##[group]Run rustup default stable
2026-09-27T12:39:34.3214100Z [36;1mrustup default stable[0m
2026-09-27T12:39:34.3250130Z shell: /bin/bash --noprofile --norc -e -o pipefail {0}
2026-09-27T12:39:34.3250460Z env:
2026-09-27T12:39:34.3250690Z   CARGO_HOME: /Users/runner/.cargo
2026-09-27T12:39:34.3251120Z ##[endgroup]
2026-09-27T12:39:34.3763230Z info: using existing install for stable-aarch64-apple-darwin
2026-09-27T12:39:34.3796170Z info: default toolchain set to stable-aarch64-apple-darwin
2026-09-27T12:39:34.3796820Z 
2026-09-27T12:39:34.4123950Z   stable-aarch64-apple-darwin unchanged - rustc 1.98.1 (48a229cea 2026-09-01)
2026-09-27T12:39:34.4124330Z 
2026-09-27T12:39:34.4146160Z ##[end-action id=__dtolnay_rust-toolchain.__run_5;outcome=success;conclusion=success;duration_ms=96]
2026-09-27T12:39:34.4148610Z ##[start-action display=Create cachekey;id=__dtolnay_rust-toolchain.rustc-version]
2026-09-27T12:39:34.4167390Z ##[group]Run DATE=$(rustc +stable --version --verbose | sed -ne 's/^commit-date: \(20[0-9][0-9]\)-\([01][0-9]\)-\([0-3][0-9]\)$/\1\2\3/p')
2026-09-27T12:39:34.4168090Z [36;1mDATE=$(rustc +stable --version --verbose | sed -ne 's/^commit-date: \(20[0-9][0-9]\)-\([01][0-9]\)-\([0-3][0-9]\)$/\1\2\3/p')[0m
2026-09-27T12:39:34.4169020Z [36;1mHASH=$(rustc +stable --version --verbose | sed -ne 's/^commit-hash: //p')[0m
2026-09-27T12:39:34.4169460Z [36;1mecho "cachekey=$(echo $DATE$HASH | head -c12)" >> $GITHUB_OUTPUT[0m
2026-09-27T12:39:34.4200850Z shell: /bin/bash --noprofile --norc -e -o pipefail {0}
2026-09-27T12:39:34.4201110Z env:
2026-09-27T12:39:34.4201270Z   CARGO_HOME: /Users/runner/.cargo
2026-09-27T12:39:34.4201470Z ##[endgroup]
2026-09-27T12:39:34.5690120Z ##[end-action id=__dtolnay_rust-toolchain.rustc-version;outcome=success;conclusion=success;duration_ms=154]
2026-09-27T12:39:34.5692750Z ##[start-action display=Disable incremental compilation;id=__dtolnay_rust-toolchain.__run_6]
2026-09-27T12:39:34.5709910Z ##[group]Run if [ -z "${CARGO_INCREMENTAL+set}" ]; then
2026-09-27T12:39:34.5710250Z [36;1mif [ -z "${CARGO_INCREMENTAL+set}" ]; then[0m
2026-09-27T12:39:34.5710520Z [36;1m  echo CARGO_INCREMENTAL=0 >> $GITHUB_ENV[0m
2026-09-27T12:39:34.5710810Z [36;1mfi[0m
2026-09-27T12:39:34.5742190Z shell: /bin/bash --noprofile --norc -e -o pipefail {0}
2026-09-27T12:39:34.5742490Z env:
2026-09-27T12:39:34.5742660Z   CARGO_HOME: /Users/runner/.cargo
2026-09-27T12:39:34.5742990Z ##[endgroup]
2026-09-27T12:39:34.6048710Z ##[end-action id=__dtolnay_rust-toolchain.__run_6;outcome=success;conclusion=success;duration_ms=35]
2026-09-27T12:39:34.6050820Z ##[start-action display=Enable colors in Cargo output;id=__dtolnay_rust-toolchain.__run_7]
2026-09-27T12:39:34.6069080Z ##[group]Run if [ -z "${CARGO_TERM_COLOR+set}" ]; then
2026-09-27T12:39:34.6069440Z [36;1mif [ -z "${CARGO_TERM_COLOR+set}" ]; then[0m
2026-09-27T12:39:34.6069740Z [36;1m  echo CARGO_TERM_COLOR=always >> $GITHUB_ENV[0m
2026-09-27T12:39:34.6069980Z [36;1mfi[0m
2026-09-27T12:39:34.6105640Z shell: /bin/bash --noprofile --norc -e -o pipefail {0}
2026-09-27T12:39:34.6105910Z env:
2026-09-27T12:39:34.6106060Z   CARGO_HOME: /Users/runner/.cargo
2026-09-27T12:39:34.6106270Z   CARGO_INCREMENTAL: 0
2026-09-27T12:39:34.6106450Z ##[endgroup]
2026-09-27T12:39:34.6394400Z ##[end-action id=__dtolnay_rust-toolchain.__run_7;outcome=success;conclusion=success;duration_ms=34]
2026-09-27T12:39:34.6396660Z ##[start-action display=Enable Cargo sparse registry;id=__dtolnay_rust-toolchain.__run_8]
2026-09-27T12:39:34.6415440Z ##[group]Run # implemented in 1.66, stabilized in 1.68, made default in 1.70
2026-09-27T12:39:34.6415920Z [36;1m# implemented in 1.66, stabilized in 1.68, made default in 1.70[0m
2026-09-27T12:39:34.6416560Z [36;1mif [ -z "${CARGO_REGISTRIES_CRATES_IO_PROTOCOL+set}" -o -f "/Users/runner/work/_temp"/.implicit_cargo_registries_crates_io_protocol ]; then[0m
2026-09-27T12:39:34.6417160Z [36;1m  if rustc +stable --version --verbose | grep -q '^release: 1\.6[89]\.'; then[0m
2026-09-27T12:39:34.6417690Z [36;1m    touch "/Users/runner/work/_temp"/.implicit_cargo_registries_crates_io_protocol || true[0m
2026-09-27T12:39:34.6418170Z [36;1m    echo CARGO_REGISTRIES_CRATES_IO_PROTOCOL=sparse >> $GITHUB_ENV[0m
2026-09-27T12:39:34.6418570Z [36;1m  elif rustc +stable --version --verbose | grep -q '^release: 1\.6[67]\.'; then[0m
2026-09-27T12:39:34.6419080Z [36;1m    touch "/Users/runner/work/_temp"/.implicit_cargo_registries_crates_io_protocol || true[0m
2026-09-27T12:39:34.6419520Z [36;1m    echo CARGO_REGISTRIES_CRATES_IO_PROTOCOL=git >> $GITHUB_ENV[0m
2026-09-27T12:39:34.6419800Z [36;1m  fi[0m
2026-09-27T12:39:34.6419930Z [36;1mfi[0m
2026-09-27T12:39:34.6452040Z shell: /bin/bash --noprofile --norc -e -o pipefail {0}
2026-09-27T12:39:34.6452340Z env:
2026-09-27T12:39:34.6452530Z   CARGO_HOME: /Users/runner/.cargo
2026-09-27T12:39:34.6452860Z   CARGO_INCREMENTAL: 0
2026-09-27T12:39:34.6453090Z   CARGO_TERM_COLOR: always
2026-09-27T12:39:34.6453300Z ##[endgroup]
2026-09-27T12:39:34.7599910Z ##[end-action id=__dtolnay_rust-toolchain.__run_8;outcome=success;conclusion=success;duration_ms=120]
2026-09-27T12:39:34.7605290Z ##[start-action display=Work around spurious network errors in curl 8.0;id=__dtolnay_rust-toolchain.__run_9]
2026-09-27T12:39:34.7645670Z ##[group]Run # https://rust-lang.zulipchat.com/#narrow/stream/246057-t-cargo/topic/timeout.20investigation
2026-09-27T12:39:34.7646630Z [36;1m# https://rust-lang.zulipchat.com/#narrow/stream/246057-t-cargo/topic/timeout.20investigation[0m
2026-09-27T12:39:34.7647150Z [36;1mif rustc +stable --version --verbose | grep -q '^release: 1\.7[01]\.'; then[0m
2026-09-27T12:39:34.7647530Z [36;1m  echo CARGO_HTTP_MULTIPLEXING=false >> $GITHUB_ENV[0m
2026-09-27T12:39:34.7648010Z [36;1mfi[0m
2026-09-27T12:39:34.7679760Z shell: /bin/bash --noprofile --norc -e -o pipefail {0}
2026-09-27T12:39:34.7680030Z env:
2026-09-27T12:39:34.7680200Z   CARGO_HOME: /Users/runner/.cargo
2026-09-27T12:39:34.7680390Z   CARGO_INCREMENTAL: 0
2026-09-27T12:39:34.7680580Z   CARGO_TERM_COLOR: always
2026-09-27T12:39:34.7680760Z ##[endgroup]
2026-09-27T12:39:34.8478180Z ##[end-action id=__dtolnay_rust-toolchain.__run_9;outcome=success;conclusion=success;duration_ms=87]
2026-09-27T12:39:34.8486810Z ##[start-action display=rustc +stable --version --verbose;id=__dtolnay_rust-toolchain.__run_10]
2026-09-27T12:39:34.8521960Z ##[group]Run rustc +stable --version --verbose
2026-09-27T12:39:34.8522260Z [36;1mrustc +stable --version --verbose[0m
2026-09-27T12:39:34.8552330Z shell: /bin/bash --noprofile --norc -e -o pipefail {0}
2026-09-27T12:39:34.8552580Z env:
2026-09-27T12:39:34.8552750Z   CARGO_HOME: /Users/runner/.cargo
2026-09-27T12:39:34.8552950Z   CARGO_INCREMENTAL: 0
2026-09-27T12:39:34.8553160Z   CARGO_TERM_COLOR: always
2026-09-27T12:39:34.8553330Z ##[endgroup]
2026-09-27T12:39:34.9236690Z rustc 1.98.1 (48a229cea 2026-09-01)
2026-09-27T12:39:34.9237400Z binary: rustc
2026-09-27T12:39:34.9237930Z commit-hash: 48a229ceaefd4985c50990b14116b6d856af0985
2026-09-27T12:39:34.9238610Z commit-date: 2026-09-01
2026-09-27T12:39:34.9239140Z host: aarch64-apple-darwin
2026-09-27T12:39:34.9239670Z release: 1.98.1
2026-09-27T12:39:34.9240140Z LLVM version: 22.1.8
2026-09-27T12:39:34.9258180Z ##[end-action id=__dtolnay_rust-toolchain.__run_10;outcome=success;conclusion=success;duration_ms=77]
2026-09-27T12:39:34.9314200Z ##[group]Run set -o pipefail
2026-09-27T12:39:34.9314470Z [36;1mset -o pipefail[0m
2026-09-27T12:39:34.9314730Z [36;1mmkdir -p tools/aot-lab/evidence/kungfoo-armv7-aot-probe[0m
2026-09-27T12:39:34.9315060Z [36;1mbash tools/aot-lab/run_kungfoo_probe.sh 2>&1 |[0m
2026-09-27T12:39:34.9315400Z [36;1m  tee tools/aot-lab/evidence/kungfoo-armv7-aot-probe/ci-log.txt[0m
2026-09-27T12:39:34.9345710Z shell: /bin/bash -e {0}
2026-09-27T12:39:34.9345870Z env:
2026-09-27T12:39:34.9346020Z   CARGO_HOME: /Users/runner/.cargo
2026-09-27T12:39:34.9346230Z   CARGO_INCREMENTAL: 0
2026-09-27T12:39:34.9346400Z   CARGO_TERM_COLOR: always
2026-09-27T12:39:34.9346570Z ##[endgroup]
2026-09-27T12:39:34.9814320Z AGR_SMOKE_PHASE 2026-09-27T12:39:34Z prepare sample profile aot-kungfoo
2026-09-27T12:40:01.9650510Z   % Total    % Received % Xferd  Average Speed   Time    Time     Time  Current
2026-09-27T12:40:01.9653470Z                                  Dload  Upload   Total   Spent    Left  Speed
2026-09-27T12:40:01.9654760Z 
2026-09-27T12:40:02.4419500Z   0     0    0     0    0     0      0      0 --:--:-- --:--:-- --:--:--     0
2026-09-27T12:40:02.4451140Z   0     0    0     0    0     0      0      0 --:--:-- --:--:-- --:--:--     0
2026-09-27T12:40:02.4452560Z   0     0    0     0    0     0      0      0 --:--:-- --:--:-- --:--:--     0
2026-09-27T12:40:02.9109870Z 
2026-09-27T12:40:02.9210800Z 100 11.9M  100 11.9M    0     0  12.7M      0 --:--:-- --:--:-- --:--:-- 12.7M
2026-09-27T12:40:03.0768910Z /Users/runner/work/early-android-game-runtime/early-android-game-runtime/build/angle-xcframeworks-v2.1.28252.zip: OK
2026-09-27T12:40:03.6850370Z info: downloading component rust-std
2026-09-27T12:40:12.2602910Z AGR_SMOKE_PHASE 2026-09-27T12:40:12Z compile Runtime and host
2026-09-27T12:40:13.1912230Z [1m[92m    Updating[0m crates.io index
2026-09-27T12:40:13.3142440Z [1m[92m     Locking[0m 1 package to latest compatible version
2026-09-27T12:40:13.3156980Z [1m[92m Downloading[0m crates ...
2026-09-27T12:40:13.3728620Z [1m[92m  Downloaded[0m libc v0.2.189
2026-09-27T12:40:13.5983980Z [1m[92m   Compiling[0m libc v0.2.189
2026-09-27T12:40:20.4037960Z [1m[92m   Compiling[0m touchhle-arm-interpreter v0.1.0 (/Users/runner/work/early-android-game-runtime/early-android-game-runtime/Runtime/ArmInterpreter)
2026-09-27T12:40:22.4475340Z [1m[92m    Finished[0m `release` profile [optimized] target(s) in 10.12s
2026-09-27T12:40:33.4062170Z /Users/runner/work/early-android-game-runtime/early-android-game-runtime/Runtime/GuestRuntime/agr_guest_runtime.c:656:61: warning: expression which evaluates to zero treated as a null pointer constant of type 'void *' [-Wnon-literal-null-conversion]
2026-09-27T12:40:33.4085490Z   656 |             g->display = get ? get(EGL_PLATFORM_ANGLE_ANGLE,EGL_DEFAULT_DISPLAY,attributes) : EGL_NO_DISPLAY;
2026-09-27T12:40:33.4086870Z       |                                                             ^~~~~~~~~~~~~~~~~~~
2026-09-27T12:40:33.4099380Z /Users/runner/work/early-android-game-runtime/early-android-game-runtime/Vendor/ANGLE-Headers/EGL/egl.h:251:43: note: expanded from macro 'EGL_DEFAULT_DISPLAY'
2026-09-27T12:40:33.4100970Z   251 | #define EGL_DEFAULT_DISPLAY               EGL_CAST(EGLNativeDisplayType,0)
2026-09-27T12:40:33.4101590Z       |                                           ^~~~~~~~~~~~~~~~~~~~~~~~~~~~~~~~
2026-09-27T12:40:33.4102390Z /Users/runner/work/early-android-game-runtime/early-android-game-runtime/Vendor/ANGLE-Headers/EGL/eglplatform.h:178:31: note: expanded from macro 'EGL_CAST'
2026-09-27T12:40:33.4103240Z   178 | #define EGL_CAST(type, value) ((type) (value))
2026-09-27T12:40:33.4105830Z       |                               ^~~~~~~~~~~~~~~~
2026-09-27T12:40:33.4268430Z /Users/runner/work/early-android-game-runtime/early-android-game-runtime/Runtime/GuestRuntime/agr_guest_runtime.c:1489:84: warning: expression which evaluates to zero treated as a null pointer constant of type 'void *' [-Wnon-literal-null-conversion]
2026-09-27T12:40:33.4326390Z  1489 |     g->display = getPlatformDisplay ? getPlatformDisplay(EGL_PLATFORM_ANGLE_ANGLE, EGL_DEFAULT_DISPLAY, da) : EGL_NO_DISPLAY;
2026-09-27T12:40:33.4383580Z       |                                                                                    ^~~~~~~~~~~~~~~~~~~
2026-09-27T12:40:33.4388430Z /Users/runner/work/early-android-game-runtime/early-android-game-runtime/Vendor/ANGLE-Headers/EGL/egl.h:251:43: note: expanded from macro 'EGL_DEFAULT_DISPLAY'
2026-09-27T12:40:33.4389320Z   251 | #define EGL_DEFAULT_DISPLAY               EGL_CAST(EGLNativeDisplayType,0)
2026-09-27T12:40:33.4392400Z       |                                           ^~~~~~~~~~~~~~~~~~~~~~~~~~~~~~~~
2026-09-27T12:40:33.4393440Z /Users/runner/work/early-android-game-runtime/early-android-game-runtime/Vendor/ANGLE-Headers/EGL/eglplatform.h:178:31: note: expanded from macro 'EGL_CAST'
2026-09-27T12:40:33.4394170Z   178 | #define EGL_CAST(type, value) ((type) (value))
2026-09-27T12:40:33.4394520Z       |                               ^~~~~~~~~~~~~~~~
2026-09-27T12:40:33.8800520Z 2 warnings generated.
2026-09-27T12:40:34.2933060Z In file included from /Users/runner/work/early-android-game-runtime/early-android-game-runtime/Runtime/AndroidFw/agr_androidfw.cpp:5:
2026-09-27T12:40:34.2934210Z /Users/runner/work/early-android-game-runtime/early-android-game-runtime/Vendor/AOSP/frameworks-base/include/androidfw/AssetManager.h:40:1: warning: empty struct has size 0 in C, size 1 in C++ [-Wextern-c-compat]
2026-09-27T12:40:34.2935070Z    40 | struct AAssetManager { };
2026-09-27T12:40:34.2935330Z       | ^
2026-09-27T12:40:34.3293270Z 1 warning generated.
2026-09-27T12:40:34.5205500Z /Users/runner/work/early-android-game-runtime/early-android-game-runtime/Vendor/AOSP/frameworks-base/libs/androidfw/Asset.cpp:70:13: warning: 'sprintf' is deprecated: This function is provided for compatibility reasons only.  Due to security concerns inherent in the design of sprintf(3), it is highly recommended that you use snprintf(3) instead. [-Wdeprecated-declarations]
2026-09-27T12:40:34.5212100Z    70 |             sprintf(buf, ": %dK\n", (int)size);
2026-09-27T12:40:34.5213840Z       |             ^
2026-09-27T12:40:34.5215550Z /Applications/Xcode_27.app/Contents/Developer/Platforms/iPhoneSimulator.platform/Developer/SDKs/iPhoneSimulator27.0.sdk/usr/include/_stdio.h:278:1: note: 'sprintf' has been explicitly marked deprecated here
2026-09-27T12:40:34.5221230Z   278 | __deprecated_msg("This function is provided for compatibility reasons only.  Due to security concerns inherent in the design of sprintf(3), it is highly recommended that you use snprintf(3) instead.")
2026-09-27T12:40:34.5227610Z       | ^
2026-09-27T12:40:34.5229300Z /Applications/Xcode_27.app/Contents/Developer/Platforms/iPhoneSimulator.platform/Developer/SDKs/iPhoneSimulator27.0.sdk/usr/include/sys/cdefs.h:227:48: note: expanded from macro '__deprecated_msg'
2026-09-27T12:40:34.5230550Z   227 |         #define __deprecated_msg(_msg) __attribute__((__deprecated__(_msg)))
2026-09-27T12:40:34.5231230Z       |                                                       ^
2026-09-27T12:40:34.5316000Z /Users/runner/work/early-android-game-runtime/early-android-game-runtime/Vendor/AOSP/frameworks-base/libs/androidfw/Asset.cpp:388:16: warning: implicit conversion from 'android::(unnamed enum at /Users/runner/work/early-android-game-runtime/early-android-game-runtime/Vendor/AOSP/system-core/include/utils/Errors.h:45:1)' to 'status_t' (aka 'int') changes value from 2147483648 to -2147483648 [-Wconstant-conversion]
2026-09-27T12:40:34.5318740Z   388 |         return UNKNOWN_ERROR;
2026-09-27T12:40:34.5319370Z       |         ~~~~~~ ^~~~~~~~~~~~~
2026-09-27T12:40:34.5329070Z /Users/runner/work/early-android-game-runtime/early-android-game-runtime/Vendor/AOSP/frameworks-base/libs/androidfw/Asset.cpp:400:16: warning: implicit conversion from 'android::(unnamed enum at /Users/runner/work/early-android-game-runtime/early-android-game-runtime/Vendor/AOSP/system-core/include/utils/Errors.h:45:1)' to 'status_t' (aka 'int') changes value from 2147483648 to -2147483648 [-Wconstant-conversion]
2026-09-27T12:40:34.5334680Z   400 |         return UNKNOWN_ERROR;
2026-09-27T12:40:34.5335420Z       |         ~~~~~~ ^~~~~~~~~~~~~
2026-09-27T12:40:34.5372920Z /Users/runner/work/early-android-game-runtime/early-android-game-runtime/Vendor/AOSP/frameworks-base/libs/androidfw/Asset.cpp:709:16: warning: implicit conversion from 'android::(unnamed enum at /Users/runner/work/early-android-game-runtime/early-android-game-runtime/Vendor/AOSP/system-core/include/utils/Errors.h:45:1)' to 'status_t' (aka 'int') changes value from 2147483648 to -2147483648 [-Wconstant-conversion]
2026-09-27T12:40:34.5378400Z   709 |         return UNKNOWN_ERROR;
2026-09-27T12:40:34.5379150Z       |         ~~~~~~ ^~~~~~~~~~~~~
2026-09-27T12:40:34.5382850Z /Users/runner/work/early-android-game-runtime/early-android-game-runtime/Vendor/AOSP/frameworks-base/libs/androidfw/Asset.cpp:740:16: warning: implicit conversion from 'android::(unnamed enum at /Users/runner/work/early-android-game-runtime/early-android-game-runtime/Vendor/AOSP/system-core/include/utils/Errors.h:45:1)' to 'status_t' (aka 'int') changes value from 2147483648 to -2147483648 [-Wconstant-conversion]
2026-09-27T12:40:34.5386980Z   740 |         return UNKNOWN_ERROR;
2026-09-27T12:40:34.5387780Z       |         ~~~~~~ ^~~~~~~~~~~~~
2026-09-27T12:40:34.5964270Z 5 warnings generated.
2026-09-27T12:40:34.7195560Z In file included from /Users/runner/work/early-android-game-runtime/early-android-game-runtime/Vendor/AOSP/frameworks-base/libs/androidfw/AssetManager.cpp:27:
2026-09-27T12:40:34.7198770Z /Users/runner/work/early-android-game-runtime/early-android-game-runtime/Vendor/AOSP/frameworks-base/include/androidfw/AssetManager.h:40:1: warning: empty struct has size 0 in C, size 1 in C++ [-Wextern-c-compat]
2026-09-27T12:40:34.7200850Z    40 | struct AAssetManager { };
2026-09-27T12:40:34.7201560Z       | ^
2026-09-27T12:40:34.7542150Z In file included from /Users/runner/work/early-android-game-runtime/early-android-game-runtime/Vendor/AOSP/frameworks-base/libs/androidfw/AssetManager.cpp:25:
2026-09-27T12:40:34.7543730Z In file included from /Users/runner/work/early-android-game-runtime/early-android-game-runtime/Vendor/AOSP/frameworks-base/include/androidfw/Asset.h:30:
2026-09-27T12:40:34.7544910Z In file included from /Users/runner/work/early-android-game-runtime/early-android-game-runtime/Vendor/AOSP/system-core/include/utils/String8.h:23:
2026-09-27T12:40:34.7546320Z /Users/runner/work/early-android-game-runtime/early-android-game-runtime/Vendor/AOSP/system-core/include/utils/TypeHelpers.h:181:17: warning: first argument in call to 'memmove' is a pointer to non-trivially copyable type 'android::String8' [-Wnontrivial-memcall]
2026-09-27T12:40:34.7547540Z   181 |         memmove(d,s,n*sizeof(TYPE));
2026-09-27T12:40:34.7547890Z       |                 ^
2026-09-27T12:40:34.7548950Z /Users/runner/work/early-android-game-runtime/early-android-game-runtime/Vendor/AOSP/system-core/include/utils/Vector.h:410:5: note: in instantiation of function template specialization 'android::move_forward_type<android::String8>' requested here
2026-09-27T12:40:34.7552620Z   410 |     move_forward_type( reinterpret_cast<TYPE*>(dest), reinterpret_cast<const TYPE*>(from), num );
2026-09-27T12:40:34.7553210Z       |     ^
2026-09-27T12:40:34.7554120Z /Users/runner/work/early-android-game-runtime/early-android-game-runtime/Vendor/AOSP/system-core/include/utils/Vector.h:219:15: note: in instantiation of member function 'android::Vector<android::String8>::do_move_forward' requested here
2026-09-27T12:40:34.7554980Z   219 | Vector<TYPE>::Vector()
2026-09-27T12:40:34.7555390Z       |               ^
2026-09-27T12:40:34.7556190Z /Users/runner/work/early-android-game-runtime/early-android-game-runtime/Vendor/AOSP/frameworks-base/libs/androidfw/AssetManager.cpp:1456:21: note: in instantiation of member function 'android::Vector<android::String8>::Vector' requested here
2026-09-27T12:40:34.7557090Z  1456 |     Vector<String8> dirs;
2026-09-27T12:40:34.7557700Z       |                     ^
2026-09-27T12:40:34.7573320Z /Users/runner/work/early-android-game-runtime/early-android-game-runtime/Vendor/AOSP/system-core/include/utils/TypeHelpers.h:181:17: note: explicitly cast the pointer to silence this warning
2026-09-27T12:40:34.7574380Z   181 |         memmove(d,s,n*sizeof(TYPE));
2026-09-27T12:40:34.7575030Z       |                 ^
2026-09-27T12:40:34.7576560Z       |                 (void*)
2026-09-27T12:40:34.7578030Z /Users/runner/work/early-android-game-runtime/early-android-game-runtime/Vendor/AOSP/system-core/include/utils/TypeHelpers.h:204:17: warning: first argument in call to 'memmove' is a pointer to non-trivially copyable type 'android::String8' [-Wnontrivial-memcall]
2026-09-27T12:40:34.7579260Z   204 |         memmove(d,s,n*sizeof(TYPE));
2026-09-27T12:40:34.7579630Z       |                 ^
2026-09-27T12:40:34.7580590Z /Users/runner/work/early-android-game-runtime/early-android-game-runtime/Vendor/AOSP/system-core/include/utils/Vector.h:415:5: note: in instantiation of function template specialization 'android::move_backward_type<android::String8>' requested here
2026-09-27T12:40:34.7581690Z   415 |     move_backward_type( reinterpret_cast<TYPE*>(dest), reinterpret_cast<const TYPE*>(from), num );
2026-09-27T12:40:34.7582110Z       |     ^
2026-09-27T12:40:34.7582990Z /Users/runner/work/early-android-game-runtime/early-android-game-runtime/Vendor/AOSP/system-core/include/utils/Vector.h:219:15: note: in instantiation of member function 'android::Vector<android::String8>::do_move_backward' requested here
2026-09-27T12:40:34.7583830Z   219 | Vector<TYPE>::Vector()
2026-09-27T12:40:34.7584130Z       |               ^
2026-09-27T12:40:34.7585110Z /Users/runner/work/early-android-game-runtime/early-android-game-runtime/Vendor/AOSP/frameworks-base/libs/androidfw/AssetManager.cpp:1456:21: note: in instantiation of member function 'android::Vector<android::String8>::Vector' requested here
2026-09-27T12:40:34.7586050Z  1456 |     Vector<String8> dirs;
2026-09-27T12:40:34.7586970Z       |                     ^
2026-09-27T12:40:34.7587640Z /Users/runner/work/early-android-game-runtime/early-android-game-runtime/Vendor/AOSP/system-core/include/utils/TypeHelpers.h:204:17: note: explicitly cast the pointer to silence this warning
2026-09-27T12:40:34.7588420Z   204 |         memmove(d,s,n*sizeof(TYPE));
2026-09-27T12:40:34.7588700Z       |                 ^
2026-09-27T12:40:34.7588990Z       |                 (void*)
2026-09-27T12:40:34.7596310Z In file included from /Users/runner/work/early-android-game-runtime/early-android-game-runtime/Vendor/AOSP/frameworks-base/libs/androidfw/AssetManager.cpp:27:
2026-09-27T12:40:34.7599100Z In file included from /Users/runner/work/early-android-game-runtime/early-android-game-runtime/Vendor/AOSP/frameworks-base/include/androidfw/AssetManager.h:25:
2026-09-27T12:40:34.7602100Z In file included from /Users/runner/work/early-android-game-runtime/early-android-game-runtime/Vendor/AOSP/frameworks-base/include/androidfw/ZipFileRO.h:36:
2026-09-27T12:40:34.7604650Z In file included from /Users/runner/work/early-android-game-runtime/early-android-game-runtime/Vendor/AOSP/system-core/include/utils/threads.h:35:
2026-09-27T12:40:34.7607000Z In file included from /Users/runner/work/early-android-game-runtime/early-android-game-runtime/Vendor/AOSP/system-core/include/utils/Thread.h:31:
2026-09-27T12:40:34.7610490Z /Users/runner/work/early-android-game-runtime/early-android-game-runtime/Vendor/AOSP/system-core/include/utils/RefBase.h:490:17: warning: first argument in call to 'memmove' is a pointer to non-trivially copyable type 'sp<android::AssetManager::SharedZip>' [-Wnontrivial-memcall]
2026-09-27T12:40:34.7652140Z   490 |         memmove(d, s, n*sizeof(sp<TYPE>));
2026-09-27T12:40:34.7652970Z       |                 ^
2026-09-27T12:40:34.7658610Z /Users/runner/work/early-android-game-runtime/early-android-game-runtime/Vendor/AOSP/system-core/include/utils/RefBase.h:523:21: note: in instantiation of function template specialization 'android::ReferenceMover::move_references<android::AssetManager::SharedZip>' requested here
2026-09-27T12:40:34.7659970Z   523 |     ReferenceMover::move_references(d, s, n);
2026-09-27T12:40:34.7660460Z       |                     ^
2026-09-27T12:40:34.7661560Z /Users/runner/work/early-android-game-runtime/early-android-game-runtime/Vendor/AOSP/system-core/include/utils/Vector.h:410:5: note: in instantiation of function template specialization 'android::move_forward_type<android::AssetManager::SharedZip>' requested here
2026-09-27T12:40:34.7663000Z   410 |     move_forward_type( reinterpret_cast<TYPE*>(dest), reinterpret_cast<const TYPE*>(from), num );
2026-09-27T12:40:34.7663570Z       |     ^
2026-09-27T12:40:34.7664560Z /Users/runner/work/early-android-game-runtime/early-android-game-runtime/Vendor/AOSP/system-core/include/utils/Vector.h:219:15: note: in instantiation of member function 'android::Vector<android::sp<android::AssetManager::SharedZip> >::do_move_forward' requested here
2026-09-27T12:40:34.7665780Z   219 | Vector<TYPE>::Vector()
2026-09-27T12:40:34.7666050Z       |               ^
2026-09-27T12:40:34.7667200Z /Users/runner/work/early-android-game-runtime/early-android-game-runtime/Vendor/AOSP/frameworks-base/libs/androidfw/AssetManager.cpp:1916:23: note: in instantiation of member function 'android::Vector<android::sp<android::AssetManager::SharedZip> >::Vector' requested here
2026-09-27T12:40:34.7668440Z  1916 | AssetManager::ZipSet::ZipSet(void)
2026-09-27T12:40:34.7668750Z       |                       ^
2026-09-27T12:40:34.7669610Z /Users/runner/work/early-android-game-runtime/early-android-game-runtime/Vendor/AOSP/system-core/include/utils/RefBase.h:490:17: note: explicitly cast the pointer to silence this warning
2026-09-27T12:40:34.7670480Z   490 |         memmove(d, s, n*sizeof(sp<TYPE>));
2026-09-27T12:40:34.7670870Z       |                 ^
2026-09-27T12:40:34.7671110Z       |                 (void*)
2026-09-27T12:40:34.9620410Z 4 warnings generated.
2026-09-27T12:40:35.0894860Z /Users/runner/work/early-android-game-runtime/early-android-game-runtime/Vendor/AOSP/frameworks-base/libs/androidfw/ResourceTypes.cpp:110:28: warning: cast to 'void *' from smaller integer type 'uint32_t' (aka 'unsigned int') [-Wint-to-void-pointer-cast]
2026-09-27T12:40:35.0895970Z   110 |                      name, (void*)size,
2026-09-27T12:40:35.0896380Z       |                            ^~~~~~~~~~~
2026-09-27T12:40:35.0897070Z /Users/runner/work/early-android-game-runtime/early-android-game-runtime/Vendor/AOSP/system-core/include/log/log.h:129:51: note: expanded from macro 'ALOGW'
2026-09-27T12:40:35.0897850Z   129 | #define ALOGW(...) ((void)ALOG(LOG_WARN, LOG_TAG, __VA_ARGS__))
2026-09-27T12:40:35.0898220Z       |                                                   ^~~~~~~~~~~
2026-09-27T12:40:35.0898930Z /Users/runner/work/early-android-game-runtime/early-android-game-runtime/Vendor/AOSP/system-core/include/log/log.h:430:38: note: expanded from macro 'ALOG'
2026-09-27T12:40:35.0899660Z   430 |     LOG_PRI(ANDROID_##priority, tag, __VA_ARGS__)
2026-09-27T12:40:35.0899980Z       |                                      ^~~~~~~~~~~
2026-09-27T12:40:35.0900650Z /Users/runner/work/early-android-game-runtime/early-android-game-runtime/Vendor/AOSP/system-core/include/log/log.h:438:37: note: expanded from macro 'LOG_PRI'
2026-09-27T12:40:35.0901280Z   438 |     android_printLog(priority, tag, __VA_ARGS__)
2026-09-27T12:40:35.0902130Z       |                                     ^~~~~~~~~~~
2026-09-27T12:40:35.0903060Z /Users/runner/work/early-android-game-runtime/early-android-game-runtime/Vendor/AOSP/system-core/include/log/log.h:502:36: note: expanded from macro 'android_printLog'
2026-09-27T12:40:35.0903800Z   502 |     __android_log_print(prio, tag, fmt)
2026-09-27T12:40:35.0925140Z       |                                    ^~~
2026-09-27T12:40:35.0927290Z /Users/runner/work/early-android-game-runtime/early-android-game-runtime/Vendor/AOSP/frameworks-base/libs/androidfw/ResourceTypes.cpp:112:24: warning: implicit conversion from 'android::(unnamed enum at /Users/runner/work/early-android-game-runtime/early-android-game-runtime/Vendor/AOSP/system-core/include/utils/Errors.h:45:1)' to 'status_t' (aka 'int') changes value from 2147483649 to -2147483647 [-Wconstant-conversion]
2026-09-27T12:40:35.0928930Z   112 |                 return BAD_TYPE;
2026-09-27T12:40:35.0929220Z       |                 ~~~~~~ ^~~~~~~~
2026-09-27T12:40:35.0930840Z /Users/runner/work/early-android-game-runtime/early-android-game-runtime/Vendor/AOSP/frameworks-base/libs/androidfw/ResourceTypes.cpp:116:20: warning: implicit conversion from 'android::(unnamed enum at /Users/runner/work/early-android-game-runtime/early-android-game-runtime/Vendor/AOSP/system-core/include/utils/Errors.h:45:1)' to 'status_t' (aka 'int') changes value from 2147483649 to -2147483647 [-Wconstant-conversion]
2026-09-27T12:40:35.0932500Z   116 |             return BAD_TYPE;
2026-09-27T12:40:35.0932680Z       |             ~~~~~~ ^~~~~~~~
2026-09-27T12:40:35.0933680Z /Users/runner/work/early-android-game-runtime/early-android-game-runtime/Vendor/AOSP/frameworks-base/libs/androidfw/ResourceTypes.cpp:119:20: warning: cast to 'void *' from smaller integer type 'uint32_t' (aka 'unsigned int') [-Wint-to-void-pointer-cast]
2026-09-27T12:40:35.0934830Z   119 |              name, (void*)size, (void*)(int)headerSize);
2026-09-27T12:40:35.0935170Z       |                    ^~~~~~~~~~~
2026-09-27T12:40:35.0935930Z /Users/runner/work/early-android-game-runtime/early-android-game-runtime/Vendor/AOSP/system-core/include/log/log.h:129:51: note: expanded from macro 'ALOGW'
2026-09-27T12:40:35.0936740Z   129 | #define ALOGW(...) ((void)ALOG(LOG_WARN, LOG_TAG, __VA_ARGS__))
2026-09-27T12:40:35.0937170Z       |                                                   ^~~~~~~~~~~
2026-09-27T12:40:35.0938000Z /Users/runner/work/early-android-game-runtime/early-android-game-runtime/Vendor/AOSP/system-core/include/log/log.h:430:38: note: expanded from macro 'ALOG'
2026-09-27T12:40:35.0938730Z   430 |     LOG_PRI(ANDROID_##priority, tag, __VA_ARGS__)
2026-09-27T12:40:35.0939410Z       |                                      ^~~~~~~~~~~
2026-09-27T12:40:35.0940120Z /Users/runner/work/early-android-game-runtime/early-android-game-runtime/Vendor/AOSP/system-core/include/log/log.h:438:37: note: expanded from macro 'LOG_PRI'
2026-09-27T12:40:35.0940760Z   438 |     android_printLog(priority, tag, __VA_ARGS__)
2026-09-27T12:40:35.0941120Z       |                                     ^~~~~~~~~~~
2026-09-27T12:40:35.0941850Z /Users/runner/work/early-android-game-runtime/early-android-game-runtime/Vendor/AOSP/system-core/include/log/log.h:502:36: note: expanded from macro 'android_printLog'
2026-09-27T12:40:35.0942640Z   502 |     __android_log_print(prio, tag, fmt)
2026-09-27T12:40:35.0942870Z       |                                    ^~~
2026-09-27T12:40:35.0943730Z /Users/runner/work/early-android-game-runtime/early-android-game-runtime/Vendor/AOSP/frameworks-base/libs/androidfw/ResourceTypes.cpp:119:33: warning: cast to 'void *' from smaller integer type 'int' [-Wint-to-void-pointer-cast]
2026-09-27T12:40:35.0944630Z   119 |              name, (void*)size, (void*)(int)headerSize);
2026-09-27T12:40:35.0944950Z       |                                 ^~~~~~~~~~~~~~~~~~~~~~
2026-09-27T12:40:35.0945630Z /Users/runner/work/early-android-game-runtime/early-android-game-runtime/Vendor/AOSP/system-core/include/log/log.h:129:51: note: expanded from macro 'ALOGW'
2026-09-27T12:40:35.0946290Z   129 | #define ALOGW(...) ((void)ALOG(LOG_WARN, LOG_TAG, __VA_ARGS__))
2026-09-27T12:40:35.0946690Z       |                                                   ^~~~~~~~~~~
2026-09-27T12:40:35.0947320Z /Users/runner/work/early-android-game-runtime/early-android-game-runtime/Vendor/AOSP/system-core/include/log/log.h:430:38: note: expanded from macro 'ALOG'
2026-09-27T12:40:35.0948030Z   430 |     LOG_PRI(ANDROID_##priority, tag, __VA_ARGS__)
2026-09-27T12:40:35.0948400Z       |                                      ^~~~~~~~~~~
2026-09-27T12:40:35.0949110Z /Users/runner/work/early-android-game-runtime/early-android-game-runtime/Vendor/AOSP/system-core/include/log/log.h:438:37: note: expanded from macro 'LOG_PRI'
2026-09-27T12:40:35.0949770Z   438 |     android_printLog(priority, tag, __VA_ARGS__)
2026-09-27T12:40:35.0950010Z       |                                     ^~~~~~~~~~~
2026-09-27T12:40:35.0950590Z /Users/runner/work/early-android-game-runtime/early-android-game-runtime/Vendor/AOSP/system-core/include/log/log.h:502:36: note: expanded from macro 'android_printLog'
2026-09-27T12:40:35.0951170Z   502 |     __android_log_print(prio, tag, fmt)
2026-09-27T12:40:35.0951520Z       |                                    ^~~
2026-09-27T12:40:35.0952920Z /Users/runner/work/early-android-game-runtime/early-android-game-runtime/Vendor/AOSP/frameworks-base/libs/androidfw/ResourceTypes.cpp:120:16: warning: implicit conversion from 'android::(unnamed enum at /Users/runner/work/early-android-game-runtime/early-android-game-runtime/Vendor/AOSP/system-core/include/utils/Errors.h:45:1)' to 'status_t' (aka 'int') changes value from 2147483649 to -2147483647 [-Wconstant-conversion]
2026-09-27T12:40:35.0954240Z   120 |         return BAD_TYPE;
2026-09-27T12:40:35.0954510Z       |         ~~~~~~ ^~~~~~~~
2026-09-27T12:40:35.0955220Z /Users/runner/work/early-android-game-runtime/early-android-game-runtime/Vendor/AOSP/frameworks-base/libs/androidfw/ResourceTypes.cpp:123:16: warning: cast to 'void *' from smaller integer type 'int' [-Wint-to-void-pointer-cast]
2026-09-27T12:40:35.0955960Z   123 |          name, (void*)(int)headerSize);
2026-09-27T12:40:35.0956180Z       |                ^~~~~~~~~~~~~~~~~~~~~~
2026-09-27T12:40:35.0956720Z /Users/runner/work/early-android-game-runtime/early-android-game-runtime/Vendor/AOSP/system-core/include/log/log.h:129:51: note: expanded from macro 'ALOGW'
2026-09-27T12:40:35.0957370Z   129 | #define ALOGW(...) ((void)ALOG(LOG_WARN, LOG_TAG, __VA_ARGS__))
2026-09-27T12:40:35.0957710Z       |                                                   ^~~~~~~~~~~
2026-09-27T12:40:35.0958480Z /Users/runner/work/early-android-game-runtime/early-android-game-runtime/Vendor/AOSP/system-core/include/log/log.h:430:38: note: expanded from macro 'ALOG'
2026-09-27T12:40:35.0959140Z   430 |     LOG_PRI(ANDROID_##priority, tag, __VA_ARGS__)
2026-09-27T12:40:35.0959470Z       |                                      ^~~~~~~~~~~
2026-09-27T12:40:35.0960080Z /Users/runner/work/early-android-game-runtime/early-android-game-runtime/Vendor/AOSP/system-core/include/log/log.h:438:37: note: expanded from macro 'LOG_PRI'
2026-09-27T12:40:35.0960650Z   438 |     android_printLog(priority, tag, __VA_ARGS__)
2026-09-27T12:40:35.0961110Z       |                                     ^~~~~~~~~~~
2026-09-27T12:40:35.0961900Z /Users/runner/work/early-android-game-runtime/early-android-game-runtime/Vendor/AOSP/system-core/include/log/log.h:502:36: note: expanded from macro 'android_printLog'
2026-09-27T12:40:35.0962540Z   502 |     __android_log_print(prio, tag, fmt)
2026-09-27T12:40:35.0962860Z       |                                    ^~~
2026-09-27T12:40:35.0964150Z /Users/runner/work/early-android-game-runtime/early-android-game-runtime/Vendor/AOSP/frameworks-base/libs/androidfw/ResourceTypes.cpp:124:12: warning: implicit conversion from 'android::(unnamed enum at /Users/runner/work/early-android-game-runtime/early-android-game-runtime/Vendor/AOSP/system-core/include/utils/Errors.h:45:1)' to 'status_t' (aka 'int') changes value from 2147483649 to -2147483647 [-Wconstant-conversion]
2026-09-27T12:40:35.0965500Z   124 |     return BAD_TYPE;
2026-09-27T12:40:35.0965780Z       |     ~~~~~~ ^~~~~~~~
2026-09-27T12:40:35.0967570Z /Users/runner/work/early-android-game-runtime/early-android-game-runtime/Vendor/AOSP/frameworks-base/libs/androidfw/ResourceTypes.cpp:238:16: warning: implicit conversion from 'android::(unnamed enum at /Users/runner/work/early-android-game-runtime/early-android-game-runtime/Vendor/AOSP/system-core/include/utils/Errors.h:45:1)' to 'status_t' (aka 'int') changes value from 2147483648 to -2147483648 [-Wconstant-conversion]
2026-09-27T12:40:35.0969150Z   238 |         return UNKNOWN_ERROR;
2026-09-27T12:40:35.0969390Z       |         ~~~~~~ ^~~~~~~~~~~~~
2026-09-27T12:40:35.0970770Z /Users/runner/work/early-android-game-runtime/early-android-game-runtime/Vendor/AOSP/frameworks-base/libs/androidfw/ResourceTypes.cpp:249:16: warning: implicit conversion from 'android::(unnamed enum at /Users/runner/work/early-android-game-runtime/early-android-game-runtime/Vendor/AOSP/system-core/include/utils/Errors.h:45:1)' to 'status_t' (aka 'int') changes value from 2147483648 to -2147483648 [-Wconstant-conversion]
2026-09-27T12:40:35.0972270Z   249 |         return UNKNOWN_ERROR;
2026-09-27T12:40:35.0972550Z       |         ~~~~~~ ^~~~~~~~~~~~~
2026-09-27T12:40:35.0974380Z /Users/runner/work/early-android-game-runtime/early-android-game-runtime/Vendor/AOSP/frameworks-base/libs/androidfw/ResourceTypes.cpp:253:16: warning: implicit conversion from 'android::(unnamed enum at /Users/runner/work/early-android-game-runtime/early-android-game-runtime/Vendor/AOSP/system-core/include/utils/Errors.h:45:1)' to 'status_t' (aka 'int') changes value from 2147483648 to -2147483648 [-Wconstant-conversion]
2026-09-27T12:40:35.0975930Z   253 |         return UNKNOWN_ERROR;
2026-09-27T12:40:35.0976240Z       |         ~~~~~~ ^~~~~~~~~~~~~
2026-09-27T12:40:35.0977780Z /Users/runner/work/early-android-game-runtime/early-android-game-runtime/Vendor/AOSP/frameworks-base/libs/androidfw/ResourceTypes.cpp:263:16: warning: implicit conversion from 'android::(unnamed enum at /Users/runner/work/early-android-game-runtime/early-android-game-runtime/Vendor/AOSP/system-core/include/utils/Errors.h:45:1)' to 'status_t' (aka 'int') changes value from 2147483648 to -2147483648 [-Wconstant-conversion]
2026-09-27T12:40:35.0979350Z   263 |         return UNKNOWN_ERROR;
2026-09-27T12:40:35.0979660Z       |         ~~~~~~ ^~~~~~~~~~~~~
2026-09-27T12:40:35.0981240Z /Users/runner/work/early-android-game-runtime/early-android-game-runtime/Vendor/AOSP/frameworks-base/libs/androidfw/ResourceTypes.cpp:285:16: warning: implicit conversion from 'android::(unnamed enum at /Users/runner/work/early-android-game-runtime/early-android-game-runtime/Vendor/AOSP/system-core/include/utils/Errors.h:45:1)' to 'status_t' (aka 'int') changes value from 2147483648 to -2147483648 [-Wconstant-conversion]
2026-09-27T12:40:35.0983090Z   285 |         return UNKNOWN_ERROR;
2026-09-27T12:40:35.0983410Z       |         ~~~~~~ ^~~~~~~~~~~~~
2026-09-27T12:40:35.0984850Z /Users/runner/work/early-android-game-runtime/early-android-game-runtime/Vendor/AOSP/frameworks-base/libs/androidfw/ResourceTypes.cpp:328:24: warning: implicit conversion from 'android::(unnamed enum at /Users/runner/work/early-android-game-runtime/early-android-game-runtime/Vendor/AOSP/system-core/include/utils/Errors.h:45:1)' to 'status_t' (aka 'int') changes value from 2147483649 to -2147483647 [-Wconstant-conversion]
2026-09-27T12:40:35.0986340Z   328 |         return (mError=BAD_TYPE);
2026-09-27T12:40:35.0986680Z       |                       ~^~~~~~~~
2026-09-27T12:40:35.0988220Z /Users/runner/work/early-android-game-runtime/early-android-game-runtime/Vendor/AOSP/frameworks-base/libs/androidfw/ResourceTypes.cpp:362:24: warning: implicit conversion from 'android::(unnamed enum at /Users/runner/work/early-android-game-runtime/early-android-game-runtime/Vendor/AOSP/system-core/include/utils/Errors.h:45:1)' to 'status_t' (aka 'int') changes value from 2147483649 to -2147483647 [-Wconstant-conversion]
2026-09-27T12:40:35.0989810Z   362 |         return (mError=BAD_TYPE);
2026-09-27T12:40:35.0990100Z       |                       ~^~~~~~~~
2026-09-27T12:40:35.0991910Z /Users/runner/work/early-android-game-runtime/early-android-game-runtime/Vendor/AOSP/frameworks-base/libs/androidfw/ResourceTypes.cpp:375:28: warning: implicit conversion from 'android::(unnamed enum at /Users/runner/work/early-android-game-runtime/early-android-game-runtime/Vendor/AOSP/system-core/include/utils/Errors.h:45:1)' to 'status_t' (aka 'int') changes value from 2147483649 to -2147483647 [-Wconstant-conversion]
2026-09-27T12:40:35.0993520Z   375 |             return (mError=BAD_TYPE);
2026-09-27T12:40:35.0993930Z       |                           ~^~~~~~~~
2026-09-27T12:40:35.0995500Z /Users/runner/work/early-android-game-runtime/early-android-game-runtime/Vendor/AOSP/frameworks-base/libs/androidfw/ResourceTypes.cpp:390:28: warning: implicit conversion from 'android::(unnamed enum at /Users/runner/work/early-android-game-runtime/early-android-game-runtime/Vendor/AOSP/system-core/include/utils/Errors.h:45:1)' to 'status_t' (aka 'int') changes value from 2147483649 to -2147483647 [-Wconstant-conversion]
2026-09-27T12:40:35.0996990Z   390 |             return (mError=BAD_TYPE);
2026-09-27T12:40:35.0997340Z       |                           ~^~~~~~~~
2026-09-27T12:40:35.0998870Z /Users/runner/work/early-android-game-runtime/early-android-game-runtime/Vendor/AOSP/frameworks-base/libs/androidfw/ResourceTypes.cpp:400:32: warning: implicit conversion from 'android::(unnamed enum at /Users/runner/work/early-android-game-runtime/early-android-game-runtime/Vendor/AOSP/system-core/include/utils/Errors.h:45:1)' to 'status_t' (aka 'int') changes value from 2147483649 to -2147483647 [-Wconstant-conversion]
2026-09-27T12:40:35.1000510Z   400 |                 return (mError=BAD_TYPE);
2026-09-27T12:40:35.1000890Z       |                               ~^~~~~~~~
2026-09-27T12:40:35.1002460Z /Users/runner/work/early-android-game-runtime/early-android-game-runtime/Vendor/AOSP/frameworks-base/libs/androidfw/ResourceTypes.cpp:406:32: warning: implicit conversion from 'android::(unnamed enum at /Users/runner/work/early-android-game-runtime/early-android-game-runtime/Vendor/AOSP/system-core/include/utils/Errors.h:45:1)' to 'status_t' (aka 'int') changes value from 2147483649 to -2147483647 [-Wconstant-conversion]
2026-09-27T12:40:35.1004100Z   406 |                 return (mError=BAD_TYPE);
2026-09-27T12:40:35.1004450Z       |                               ~^~~~~~~~
2026-09-27T12:40:35.1006380Z /Users/runner/work/early-android-game-runtime/early-android-game-runtime/Vendor/AOSP/frameworks-base/libs/androidfw/ResourceTypes.cpp:415:28: warning: implicit conversion from 'android::(unnamed enum at /Users/runner/work/early-android-game-runtime/early-android-game-runtime/Vendor/AOSP/system-core/include/utils/Errors.h:45:1)' to 'status_t' (aka 'int') changes value from 2147483649 to -2147483647 [-Wconstant-conversion]
2026-09-27T12:40:35.1007800Z   415 |             return (mError=BAD_TYPE);
2026-09-27T12:40:35.1008100Z       |                           ~^~~~~~~~
2026-09-27T12:40:35.1009030Z /Users/runner/work/early-android-game-runtime/early-android-game-runtime/Vendor/AOSP/frameworks-base/libs/androidfw/ResourceTypes.cpp:435:18: warning: logical not is only applied to the left hand side of this bitwise operator [-Wlogical-not-parentheses]
2026-09-27T12:40:35.1010710Z   435 |                 (!mHeader->flags&ResStringPool_header::UTF8_FLAG &&
2026-09-27T12:40:35.1011050Z       |                  ^              ~
2026-09-27T12:40:35.1012000Z /Users/runner/work/early-android-game-runtime/early-android-game-runtime/Vendor/AOSP/frameworks-base/libs/androidfw/ResourceTypes.cpp:435:18: note: add parentheses after the '!' to evaluate the bitwise operator first
2026-09-27T12:40:35.1012990Z   435 |                 (!mHeader->flags&ResStringPool_header::UTF8_FLAG &&
2026-09-27T12:40:35.1013250Z       |                  ^
2026-09-27T12:40:35.1013440Z       |                   (                                             )
2026-09-27T12:40:35.1014370Z /Users/runner/work/early-android-game-runtime/early-android-game-runtime/Vendor/AOSP/frameworks-base/libs/androidfw/ResourceTypes.cpp:435:18: note: add parentheses around left hand side expression to silence this warning
2026-09-27T12:40:35.1015220Z   435 |                 (!mHeader->flags&ResStringPool_header::UTF8_FLAG &&
2026-09-27T12:40:35.1015550Z       |                  ^              
2026-09-27T12:40:35.1016010Z       |                  (              )
2026-09-27T12:40:35.1017490Z /Users/runner/work/early-android-game-runtime/early-android-game-runtime/Vendor/AOSP/frameworks-base/libs/androidfw/ResourceTypes.cpp:438:28: warning: implicit conversion from 'android::(unnamed enum at /Users/runner/work/early-android-game-runtime/early-android-game-runtime/Vendor/AOSP/system-core/include/utils/Errors.h:45:1)' to 'status_t' (aka 'int') changes value from 2147483649 to -2147483647 [-Wconstant-conversion]
2026-09-27T12:40:35.1019030Z   438 |             return (mError=BAD_TYPE);
2026-09-27T12:40:35.1019280Z       |                           ~^~~~~~~~
2026-09-27T12:40:35.1020790Z /Users/runner/work/early-android-game-runtime/early-android-game-runtime/Vendor/AOSP/frameworks-base/libs/androidfw/ResourceTypes.cpp:450:28: warning: implicit conversion from 'android::(unnamed enum at /Users/runner/work/early-android-game-runtime/early-android-game-runtime/Vendor/AOSP/system-core/include/utils/Errors.h:45:1)' to 'status_t' (aka 'int') changes value from 2147483649 to -2147483647 [-Wconstant-conversion]
2026-09-27T12:40:35.1024410Z   450 |             return (mError=BAD_TYPE);
2026-09-27T12:40:35.1024680Z       |                           ~^~~~~~~~
2026-09-27T12:40:35.1026050Z /Users/runner/work/early-android-game-runtime/early-android-game-runtime/Vendor/AOSP/frameworks-base/libs/androidfw/ResourceTypes.cpp:457:28: warning: implicit conversion from 'android::(unnamed enum at /Users/runner/work/early-android-game-runtime/early-android-game-runtime/Vendor/AOSP/system-core/include/utils/Errors.h:45:1)' to 'status_t' (aka 'int') changes value from 2147483649 to -2147483647 [-Wconstant-conversion]
2026-09-27T12:40:35.1027450Z   457 |             return (mError=BAD_TYPE);
2026-09-27T12:40:35.1027720Z       |                           ~^~~~~~~~
2026-09-27T12:40:35.1029090Z /Users/runner/work/early-android-game-runtime/early-android-game-runtime/Vendor/AOSP/frameworks-base/libs/androidfw/ResourceTypes.cpp:464:28: warning: implicit conversion from 'android::(unnamed enum at /Users/runner/work/early-android-game-runtime/early-android-game-runtime/Vendor/AOSP/system-core/include/utils/Errors.h:45:1)' to 'status_t' (aka 'int') changes value from 2147483649 to -2147483647 [-Wconstant-conversion]
2026-09-27T12:40:35.1031220Z   464 |             return (mError=BAD_TYPE);
2026-09-27T12:40:35.1031480Z       |                           ~^~~~~~~~
2026-09-27T12:40:35.1032910Z /Users/runner/work/early-android-game-runtime/early-android-game-runtime/Vendor/AOSP/frameworks-base/libs/androidfw/ResourceTypes.cpp:488:28: warning: implicit conversion from 'android::(unnamed enum at /Users/runner/work/early-android-game-runtime/early-android-game-runtime/Vendor/AOSP/system-core/include/utils/Errors.h:45:1)' to 'status_t' (aka 'int') changes value from 2147483649 to -2147483647 [-Wconstant-conversion]
2026-09-27T12:40:35.1034290Z   488 |             return (mError=BAD_TYPE);
2026-09-27T12:40:35.1034510Z       |                           ~^~~~~~~~
2026-09-27T12:40:35.1036110Z /Users/runner/work/early-android-game-runtime/early-android-game-runtime/Vendor/AOSP/frameworks-base/libs/androidfw/ResourceTypes.cpp:1349:24: warning: implicit conversion from 'android::(unnamed enum at /Users/runner/work/early-android-game-runtime/early-android-game-runtime/Vendor/AOSP/system-core/include/utils/Errors.h:45:1)' to 'status_t' (aka 'int') changes value from 2147483649 to -2147483647 [-Wconstant-conversion]
2026-09-27T12:40:35.1037730Z  1349 |         return (mError=BAD_TYPE);
2026-09-27T12:40:35.1038030Z       |                       ~^~~~~~~~
2026-09-27T12:40:35.1039550Z /Users/runner/work/early-android-game-runtime/early-android-game-runtime/Vendor/AOSP/frameworks-base/libs/androidfw/ResourceTypes.cpp:1367:18: warning: implicit conversion from 'android::(unnamed enum at /Users/runner/work/early-android-game-runtime/early-android-game-runtime/Vendor/AOSP/system-core/include/utils/Errors.h:45:1)' to 'status_t' (aka 'int') changes value from 2147483649 to -2147483647 [-Wconstant-conversion]
2026-09-27T12:40:35.1041320Z  1367 |         mError = BAD_TYPE;
2026-09-27T12:40:35.1041620Z       |                ~ ^~~~~~~~
2026-09-27T12:40:35.1043130Z /Users/runner/work/early-android-game-runtime/early-android-game-runtime/Vendor/AOSP/frameworks-base/libs/androidfw/ResourceTypes.cpp:1403:26: warning: implicit conversion from 'android::(unnamed enum at /Users/runner/work/early-android-game-runtime/early-android-game-runtime/Vendor/AOSP/system-core/include/utils/Errors.h:45:1)' to 'status_t' (aka 'int') changes value from 2147483649 to -2147483647 [-Wconstant-conversion]
2026-09-27T12:40:35.1044530Z  1403 |                 mError = BAD_TYPE;
2026-09-27T12:40:35.1044790Z       |                        ~ ^~~~~~~~
2026-09-27T12:40:35.1046300Z /Users/runner/work/early-android-game-runtime/early-android-game-runtime/Vendor/AOSP/frameworks-base/libs/androidfw/ResourceTypes.cpp:1408:26: warning: implicit conversion from 'android::(unnamed enum at /Users/runner/work/early-android-game-runtime/early-android-game-runtime/Vendor/AOSP/system-core/include/utils/Errors.h:45:1)' to 'status_t' (aka 'int') changes value from 2147483649 to -2147483647 [-Wconstant-conversion]
2026-09-27T12:40:35.1047810Z  1408 |                 mError = BAD_TYPE;
2026-09-27T12:40:35.1048120Z       |                        ~ ^~~~~~~~
2026-09-27T12:40:35.1049720Z /Users/runner/work/early-android-game-runtime/early-android-game-runtime/Vendor/AOSP/frameworks-base/libs/androidfw/ResourceTypes.cpp:1425:18: warning: implicit conversion from 'android::(unnamed enum at /Users/runner/work/early-android-game-runtime/early-android-game-runtime/Vendor/AOSP/system-core/include/utils/Errors.h:45:1)' to 'status_t' (aka 'int') changes value from 2147483649 to -2147483647 [-Wconstant-conversion]
2026-09-27T12:40:35.1051280Z  1425 |         mError = BAD_TYPE;
2026-09-27T12:40:35.1051570Z       |                ~ ^~~~~~~~
2026-09-27T12:40:35.1052960Z /Users/runner/work/early-android-game-runtime/early-android-game-runtime/Vendor/AOSP/frameworks-base/libs/androidfw/ResourceTypes.cpp:1486:16: warning: implicit conversion from 'android::(unnamed enum at /Users/runner/work/early-android-game-runtime/early-android-game-runtime/Vendor/AOSP/system-core/include/utils/Errors.h:45:1)' to 'status_t' (aka 'int') changes value from 2147483649 to -2147483647 [-Wconstant-conversion]
2026-09-27T12:40:35.1054710Z  1486 |         return BAD_TYPE;
2026-09-27T12:40:35.1055030Z       |         ~~~~~~ ^~~~~~~~
2026-09-27T12:40:35.1082860Z /Users/runner/work/early-android-game-runtime/early-android-game-runtime/Vendor/AOSP/frameworks-base/libs/androidfw/ResourceTypes.cpp:2895:16: warning: implicit conversion from 'android::(unnamed enum at /Users/runner/work/early-android-game-runtime/early-android-game-runtime/Vendor/AOSP/system-core/include/utils/Errors.h:45:1)' to 'status_t' (aka 'int') changes value from 2147483648 to -2147483648 [-Wconstant-conversion]
2026-09-27T12:40:35.1086430Z  2895 |         return UNKNOWN_ERROR;
2026-09-27T12:40:35.1086950Z       |         ~~~~~~ ^~~~~~~~~~~~~
2026-09-27T12:40:35.1090420Z /Users/runner/work/early-android-game-runtime/early-android-game-runtime/Vendor/AOSP/frameworks-base/libs/androidfw/ResourceTypes.cpp:2972:24: warning: implicit conversion from 'android::(unnamed enum at /Users/runner/work/early-android-game-runtime/early-android-game-runtime/Vendor/AOSP/system-core/include/utils/Errors.h:45:1)' to 'status_t' (aka 'int') changes value from 2147483649 to -2147483647 [-Wconstant-conversion]
2026-09-27T12:40:35.1093910Z  2972 |         return (mError=BAD_TYPE);
2026-09-27T12:40:35.1094440Z       |                       ~^~~~~~~~
2026-09-27T12:40:35.1097890Z /Users/runner/work/early-android-game-runtime/early-android-game-runtime/Vendor/AOSP/frameworks-base/libs/androidfw/ResourceTypes.cpp:2978:24: warning: implicit conversion from 'android::(unnamed enum at /Users/runner/work/early-android-game-runtime/early-android-game-runtime/Vendor/AOSP/system-core/include/utils/Errors.h:45:1)' to 'status_t' (aka 'int') changes value from 2147483649 to -2147483647 [-Wconstant-conversion]
2026-09-27T12:40:35.1104000Z  2978 |         return (mError=BAD_TYPE);
2026-09-27T12:40:35.1104600Z       |                       ~^~~~~~~~
2026-09-27T12:40:35.1108190Z /Users/runner/work/early-android-game-runtime/early-android-game-runtime/Vendor/AOSP/frameworks-base/libs/androidfw/ResourceTypes.cpp:3014:32: warning: implicit conversion from 'android::(unnamed enum at /Users/runner/work/early-android-game-runtime/early-android-game-runtime/Vendor/AOSP/system-core/include/utils/Errors.h:45:1)' to 'status_t' (aka 'int') changes value from 2147483649 to -2147483647 [-Wconstant-conversion]
2026-09-27T12:40:35.1111840Z  3014 |                 return (mError=BAD_TYPE);
2026-09-27T12:40:35.1112440Z       |                               ~^~~~~~~~
2026-09-27T12:40:35.1114520Z /Users/runner/work/early-android-game-runtime/early-android-game-runtime/Vendor/AOSP/frameworks-base/libs/androidfw/ResourceTypes.cpp:3031:18: warning: cast to 'void *' from smaller integer type 'int' [-Wint-to-void-pointer-cast]
2026-09-27T12:40:35.1116590Z  3031 |                  (void*)(int)(ctype),
2026-09-27T12:40:35.1117170Z       |                  ^~~~~~~~~~~~~~~~~~~
2026-09-27T12:40:35.1118660Z /Users/runner/work/early-android-game-runtime/early-android-game-runtime/Vendor/AOSP/system-core/include/log/log.h:129:51: note: expanded from macro 'ALOGW'
2026-09-27T12:40:35.1120240Z   129 | #define ALOGW(...) ((void)ALOG(LOG_WARN, LOG_TAG, __VA_ARGS__))
2026-09-27T12:40:35.1120640Z       |                                                   ^~~~~~~~~~~
2026-09-27T12:40:35.1121340Z /Users/runner/work/early-android-game-runtime/early-android-game-runtime/Vendor/AOSP/system-core/include/log/log.h:430:38: note: expanded from macro 'ALOG'
2026-09-27T12:40:35.1122070Z   430 |     LOG_PRI(ANDROID_##priority, tag, __VA_ARGS__)
2026-09-27T12:40:35.1122380Z       |                                      ^~~~~~~~~~~
2026-09-27T12:40:35.1123020Z /Users/runner/work/early-android-game-runtime/early-android-game-runtime/Vendor/AOSP/system-core/include/log/log.h:438:37: note: expanded from macro 'LOG_PRI'
2026-09-27T12:40:35.1124310Z   438 |     android_printLog(priority, tag, __VA_ARGS__)
2026-09-27T12:40:35.1124610Z       |                                     ^~~~~~~~~~~
2026-09-27T12:40:35.1125270Z /Users/runner/work/early-android-game-runtime/early-android-game-runtime/Vendor/AOSP/system-core/include/log/log.h:502:36: note: expanded from macro 'android_printLog'
2026-09-27T12:40:35.1126110Z   502 |     __android_log_print(prio, tag, fmt)
2026-09-27T12:40:35.1126340Z       |                                    ^~~
2026-09-27T12:40:35.1127920Z /Users/runner/work/early-android-game-runtime/early-android-game-runtime/Vendor/AOSP/frameworks-base/libs/androidfw/ResourceTypes.cpp:3041:24: warning: implicit conversion from 'android::(unnamed enum at /Users/runner/work/early-android-game-runtime/early-android-game-runtime/Vendor/AOSP/system-core/include/utils/Errors.h:45:1)' to 'status_t' (aka 'int') changes value from 2147483649 to -2147483647 [-Wconstant-conversion]
2026-09-27T12:40:35.1129430Z  3041 |         return (mError=BAD_TYPE);
2026-09-27T12:40:35.1129650Z       |                       ~^~~~~~~~
2026-09-27T12:40:35.1130620Z /Users/runner/work/early-android-game-runtime/early-android-game-runtime/Vendor/AOSP/frameworks-base/libs/androidfw/ResourceTypes.cpp:3248:22: warning: cast to 'void *' from smaller integer type 'uint32_t' (aka 'unsigned int') [-Wint-to-void-pointer-cast]
2026-09-27T12:40:35.1131540Z  3248 |                      (void*)resID);
2026-09-27T12:40:35.1131790Z       |                      ^~~~~~~~~~~~
2026-09-27T12:40:35.1132420Z /Users/runner/work/early-android-game-runtime/early-android-game-runtime/Vendor/AOSP/system-core/include/log/log.h:129:51: note: expanded from macro 'ALOGW'
2026-09-27T12:40:35.1133140Z   129 | #define ALOGW(...) ((void)ALOG(LOG_WARN, LOG_TAG, __VA_ARGS__))
2026-09-27T12:40:35.1133480Z       |                                                   ^~~~~~~~~~~
2026-09-27T12:40:35.1134380Z /Users/runner/work/early-android-game-runtime/early-android-game-runtime/Vendor/AOSP/system-core/include/log/log.h:430:38: note: expanded from macro 'ALOG'
2026-09-27T12:40:35.1135080Z   430 |     LOG_PRI(ANDROID_##priority, tag, __VA_ARGS__)
2026-09-27T12:40:35.1135390Z       |                                      ^~~~~~~~~~~
2026-09-27T12:40:35.1136080Z /Users/runner/work/early-android-game-runtime/early-android-game-runtime/Vendor/AOSP/system-core/include/log/log.h:438:37: note: expanded from macro 'LOG_PRI'
2026-09-27T12:40:35.1136760Z   438 |     android_printLog(priority, tag, __VA_ARGS__)
2026-09-27T12:40:35.1137090Z       |                                     ^~~~~~~~~~~
2026-09-27T12:40:35.1137730Z /Users/runner/work/early-android-game-runtime/early-android-game-runtime/Vendor/AOSP/system-core/include/log/log.h:502:36: note: expanded from macro 'android_printLog'
2026-09-27T12:40:35.1138450Z   502 |     __android_log_print(prio, tag, fmt)
2026-09-27T12:40:35.1138730Z       |                                    ^~~
2026-09-27T12:40:35.1139620Z /Users/runner/work/early-android-game-runtime/early-android-game-runtime/Vendor/AOSP/frameworks-base/libs/androidfw/ResourceTypes.cpp:3509:40: warning: format specifies type 'int' but the argument has type 'ssize_t' (aka 'long') [-Wformat]
2026-09-27T12:40:35.1140600Z  3509 |         ALOGV("Resulting offset=%d\n", offset);
2026-09-27T12:40:35.1140880Z       |                                 ~~     ^~~~~~
2026-09-27T12:40:35.1141140Z       |                                 %ld
2026-09-27T12:40:35.1141740Z /Users/runner/work/early-android-game-runtime/early-android-game-runtime/Vendor/AOSP/system-core/include/log/log.h:80:54: note: expanded from macro 'ALOGV'
2026-09-27T12:40:35.1142420Z    80 | #define ALOGV(...) ((void)ALOG(LOG_VERBOSE, LOG_TAG, __VA_ARGS__))
2026-09-27T12:40:35.1142800Z       |                                                      ^~~~~~~~~~~
2026-09-27T12:40:35.1143470Z /Users/runner/work/early-android-game-runtime/early-android-game-runtime/Vendor/AOSP/system-core/include/log/log.h:430:38: note: expanded from macro 'ALOG'
2026-09-27T12:40:35.1144270Z   430 |     LOG_PRI(ANDROID_##priority, tag, __VA_ARGS__)
2026-09-27T12:40:35.1144570Z       |                                      ^~~~~~~~~~~
2026-09-27T12:40:35.1145240Z /Users/runner/work/early-android-game-runtime/early-android-game-runtime/Vendor/AOSP/system-core/include/log/log.h:438:37: note: expanded from macro 'LOG_PRI'
2026-09-27T12:40:35.1145890Z   438 |     android_printLog(priority, tag, __VA_ARGS__)
2026-09-27T12:40:35.1146180Z       |                                     ^~~~~~~~~~~
2026-09-27T12:40:35.1146850Z /Users/runner/work/early-android-game-runtime/early-android-game-runtime/Vendor/AOSP/system-core/include/log/log.h:502:36: note: expanded from macro 'android_printLog'
2026-09-27T12:40:35.1147540Z   502 |     __android_log_print(prio, tag, fmt)
2026-09-27T12:40:35.1147820Z       |                                    ^~~
2026-09-27T12:40:35.1148810Z /Users/runner/work/early-android-game-runtime/early-android-game-runtime/Vendor/AOSP/frameworks-base/libs/androidfw/ResourceTypes.cpp:3524:18: warning: cast to 'void *' from smaller integer type 'uint32_t' (aka 'unsigned int') [-Wint-to-void-pointer-cast]
2026-09-27T12:40:35.1149780Z  3524 |                  (void*)resID, (int)ip);
2026-09-27T12:40:35.1150020Z       |                  ^~~~~~~~~~~~
2026-09-27T12:40:35.1150680Z /Users/runner/work/early-android-game-runtime/early-android-game-runtime/Vendor/AOSP/system-core/include/log/log.h:129:51: note: expanded from macro 'ALOGW'
2026-09-27T12:40:35.1151340Z   129 | #define ALOGW(...) ((void)ALOG(LOG_WARN, LOG_TAG, __VA_ARGS__))
2026-09-27T12:40:35.1151700Z       |                                                   ^~~~~~~~~~~
2026-09-27T12:40:35.1152410Z /Users/runner/work/early-android-game-runtime/early-android-game-runtime/Vendor/AOSP/system-core/include/log/log.h:430:38: note: expanded from macro 'ALOG'
2026-09-27T12:40:35.1153640Z   430 |     LOG_PRI(ANDROID_##priority, tag, __VA_ARGS__)
2026-09-27T12:40:35.1154220Z       |                                      ^~~~~~~~~~~
2026-09-27T12:40:35.1154910Z /Users/runner/work/early-android-game-runtime/early-android-game-runtime/Vendor/AOSP/system-core/include/log/log.h:438:37: note: expanded from macro 'LOG_PRI'
2026-09-27T12:40:35.1155620Z   438 |     android_printLog(priority, tag, __VA_ARGS__)
2026-09-27T12:40:35.1155930Z       |                                     ^~~~~~~~~~~
2026-09-27T12:40:35.1156640Z /Users/runner/work/early-android-game-runtime/early-android-game-runtime/Vendor/AOSP/system-core/include/log/log.h:502:36: note: expanded from macro 'android_printLog'
2026-09-27T12:40:35.1157370Z   502 |     __android_log_print(prio, tag, fmt)
2026-09-27T12:40:35.1157640Z       |                                    ^~~
2026-09-27T12:40:35.1211420Z /Users/runner/work/early-android-game-runtime/early-android-game-runtime/Vendor/AOSP/frameworks-base/libs/androidfw/ResourceTypes.cpp:5121:14: warning: cast to 'void *' from smaller integer type 'uint32_t' (aka 'unsigned int') [-Wint-to-void-pointer-cast]
2026-09-27T12:40:35.1212620Z  5120 |         ALOGW("ResTable_package type strings at %p are past chunk size %p.",
2026-09-27T12:40:35.1213060Z       |         ~~~~~~~~~~~~~~~~~~~~~~~~~~~~~~~~~~~~~~~~~~~~~~~~~~~~~~~~~~~~~~~~~~~~
2026-09-27T12:40:35.1213470Z  5121 |              (void*)dtohl(pkg->typeStrings), (void*)pkgSize);
2026-09-27T12:40:35.1214590Z       |              ^~~~~~~~~~~~~~~~~~~~~~~~~~~~~~~~~~~~~~~~~~~~~~~
2026-09-27T12:40:35.1216230Z /Users/runner/work/early-android-game-runtime/early-android-game-runtime/Vendor/AOSP/system-core/include/log/log.h:129:51: note: expanded from macro 'ALOGW'
2026-09-27T12:40:35.1217950Z   129 | #define ALOGW(...) ((void)ALOG(LOG_WARN, LOG_TAG, __VA_ARGS__))
2026-09-27T12:40:35.1218730Z       |                           ~~~~~~~~~~~~~~~~~~~~~~~~^~~~~~~~~~~~
2026-09-27T12:40:35.1220490Z /Users/runner/work/early-android-game-runtime/early-android-game-runtime/Vendor/AOSP/system-core/include/log/log.h:430:38: note: expanded from macro 'ALOG'
2026-09-27T12:40:35.1222730Z   430 |     LOG_PRI(ANDROID_##priority, tag, __VA_ARGS__)
2026-09-27T12:40:35.1223410Z       |     ~~~~~~~~~~~~~~~~~~~~~~~~~~~~~~~~~^~~~~~~~~~~~
2026-09-27T12:40:35.1224910Z /Users/runner/work/early-android-game-runtime/early-android-game-runtime/Vendor/AOSP/system-core/include/log/log.h:438:37: note: expanded from macro 'LOG_PRI'
2026-09-27T12:40:35.1226490Z   438 |     android_printLog(priority, tag, __VA_ARGS__)
2026-09-27T12:40:35.1227140Z       |     ~~~~~~~~~~~~~~~~~~~~~~~~~~~~~~~~^~~~~~~~~~~~
2026-09-27T12:40:35.1228710Z /Users/runner/work/early-android-game-runtime/early-android-game-runtime/Vendor/AOSP/system-core/include/log/log.h:502:36: note: expanded from macro 'android_printLog'
2026-09-27T12:40:35.1230290Z   502 |     __android_log_print(prio, tag, fmt)
2026-09-27T12:40:35.1230890Z       |                                    ^~~
2026-09-27T12:40:35.1234390Z /Users/runner/work/early-android-game-runtime/early-android-game-runtime/Vendor/AOSP/frameworks-base/libs/androidfw/ResourceTypes.cpp:5122:24: warning: implicit conversion from 'android::(unnamed enum at /Users/runner/work/early-android-game-runtime/early-android-game-runtime/Vendor/AOSP/system-core/include/utils/Errors.h:45:1)' to 'status_t' (aka 'int') changes value from 2147483649 to -2147483647 [-Wconstant-conversion]
2026-09-27T12:40:35.1235870Z  5122 |         return (mError=BAD_TYPE);
2026-09-27T12:40:35.1236130Z       |                       ~^~~~~~~~
2026-09-27T12:40:35.1237150Z /Users/runner/work/early-android-game-runtime/early-android-game-runtime/Vendor/AOSP/frameworks-base/libs/androidfw/ResourceTypes.cpp:5126:14: warning: cast to 'void *' from smaller integer type 'uint32_t' (aka 'unsigned int') [-Wint-to-void-pointer-cast]
2026-09-27T12:40:35.1238280Z  5125 |         ALOGW("ResTable_package type strings at %p is not on an integer boundary.",
2026-09-27T12:40:35.1238760Z       |         ~~~~~~~~~~~~~~~~~~~~~~~~~~~~~~~~~~~~~~~~~~~~~~~~~~~~~~~~~~~~~~~~~~~~~~~~~~~
2026-09-27T12:40:35.1248460Z  5126 |              (void*)dtohl(pkg->typeStrings));
2026-09-27T12:40:35.1248780Z       |              ^~~~~~~~~~~~~~~~~~~~~~~~~~~~~~~
2026-09-27T12:40:35.1249460Z /Users/runner/work/early-android-game-runtime/early-android-game-runtime/Vendor/AOSP/system-core/include/log/log.h:129:51: note: expanded from macro 'ALOGW'
2026-09-27T12:40:35.1250190Z   129 | #define ALOGW(...) ((void)ALOG(LOG_WARN, LOG_TAG, __VA_ARGS__))
2026-09-27T12:40:35.1250570Z       |                           ~~~~~~~~~~~~~~~~~~~~~~~~^~~~~~~~~~~~
2026-09-27T12:40:35.1251270Z /Users/runner/work/early-android-game-runtime/early-android-game-runtime/Vendor/AOSP/system-core/include/log/log.h:430:38: note: expanded from macro 'ALOG'
2026-09-27T12:40:35.1251990Z   430 |     LOG_PRI(ANDROID_##priority, tag, __VA_ARGS__)
2026-09-27T12:40:35.1252300Z       |     ~~~~~~~~~~~~~~~~~~~~~~~~~~~~~~~~~^~~~~~~~~~~~
2026-09-27T12:40:35.1252990Z /Users/runner/work/early-android-game-runtime/early-android-game-runtime/Vendor/AOSP/system-core/include/log/log.h:438:37: note: expanded from macro 'LOG_PRI'
2026-09-27T12:40:35.1253730Z   438 |     android_printLog(priority, tag, __VA_ARGS__)
2026-09-27T12:40:35.1253990Z       |     ~~~~~~~~~~~~~~~~~~~~~~~~~~~~~~~~^~~~~~~~~~~~
2026-09-27T12:40:35.1254700Z /Users/runner/work/early-android-game-runtime/early-android-game-runtime/Vendor/AOSP/system-core/include/log/log.h:502:36: note: expanded from macro 'android_printLog'
2026-09-27T12:40:35.1255430Z   502 |     __android_log_print(prio, tag, fmt)
2026-09-27T12:40:35.1255700Z       |                                    ^~~
2026-09-27T12:40:35.1257280Z /Users/runner/work/early-android-game-runtime/early-android-game-runtime/Vendor/AOSP/frameworks-base/libs/androidfw/ResourceTypes.cpp:5127:24: warning: implicit conversion from 'android::(unnamed enum at /Users/runner/work/early-android-game-runtime/early-android-game-runtime/Vendor/AOSP/system-core/include/utils/Errors.h:45:1)' to 'status_t' (aka 'int') changes value from 2147483649 to -2147483647 [-Wconstant-conversion]
2026-09-27T12:40:35.1259010Z  5127 |         return (mError=BAD_TYPE);
2026-09-27T12:40:35.1259250Z       |                       ~^~~~~~~~
2026-09-27T12:40:35.1260200Z /Users/runner/work/early-android-game-runtime/early-android-game-runtime/Vendor/AOSP/frameworks-base/libs/androidfw/ResourceTypes.cpp:5131:14: warning: cast to 'void *' from smaller integer type 'uint32_t' (aka 'unsigned int') [-Wint-to-void-pointer-cast]
2026-09-27T12:40:35.1261310Z  5130 |         ALOGW("ResTable_package key strings at %p are past chunk size %p.",
2026-09-27T12:40:35.1261730Z       |         ~~~~~~~~~~~~~~~~~~~~~~~~~~~~~~~~~~~~~~~~~~~~~~~~~~~~~~~~~~~~~~~~~~~
2026-09-27T12:40:35.1262070Z  5131 |              (void*)dtohl(pkg->keyStrings), (void*)pkgSize);
2026-09-27T12:40:35.1262350Z       |              ^~~~~~~~~~~~~~~~~~~~~~~~~~~~~~~~~~~~~~~~~~~~~~
2026-09-27T12:40:35.1262930Z /Users/runner/work/early-android-game-runtime/early-android-game-runtime/Vendor/AOSP/system-core/include/log/log.h:129:51: note: expanded from macro 'ALOGW'
2026-09-27T12:40:35.1263550Z   129 | #define ALOGW(...) ((void)ALOG(LOG_WARN, LOG_TAG, __VA_ARGS__))
2026-09-27T12:40:35.1263850Z       |                           ~~~~~~~~~~~~~~~~~~~~~~~~^~~~~~~~~~~~
2026-09-27T12:40:35.1264410Z /Users/runner/work/early-android-game-runtime/early-android-game-runtime/Vendor/AOSP/system-core/include/log/log.h:430:38: note: expanded from macro 'ALOG'
2026-09-27T12:40:35.1264990Z   430 |     LOG_PRI(ANDROID_##priority, tag, __VA_ARGS__)
2026-09-27T12:40:35.1265240Z       |     ~~~~~~~~~~~~~~~~~~~~~~~~~~~~~~~~~^~~~~~~~~~~~
2026-09-27T12:40:35.1265800Z /Users/runner/work/early-android-game-runtime/early-android-game-runtime/Vendor/AOSP/system-core/include/log/log.h:438:37: note: expanded from macro 'LOG_PRI'
2026-09-27T12:40:35.1266390Z   438 |     android_printLog(priority, tag, __VA_ARGS__)
2026-09-27T12:40:35.1266640Z       |     ~~~~~~~~~~~~~~~~~~~~~~~~~~~~~~~~^~~~~~~~~~~~
2026-09-27T12:40:35.1267410Z /Users/runner/work/early-android-game-runtime/early-android-game-runtime/Vendor/AOSP/system-core/include/log/log.h:502:36: note: expanded from macro 'android_printLog'
2026-09-27T12:40:35.1268120Z   502 |     __android_log_print(prio, tag, fmt)
2026-09-27T12:40:35.1268340Z       |                                    ^~~
2026-09-27T12:40:35.1269620Z /Users/runner/work/early-android-game-runtime/early-android-game-runtime/Vendor/AOSP/frameworks-base/libs/androidfw/ResourceTypes.cpp:5132:24: warning: implicit conversion from 'android::(unnamed enum at /Users/runner/work/early-android-game-runtime/early-android-game-runtime/Vendor/AOSP/system-core/include/utils/Errors.h:45:1)' to 'status_t' (aka 'int') changes value from 2147483649 to -2147483647 [-Wconstant-conversion]
2026-09-27T12:40:35.1270890Z  5132 |         return (mError=BAD_TYPE);
2026-09-27T12:40:35.1271110Z       |                       ~^~~~~~~~
2026-09-27T12:40:35.1272080Z /Users/runner/work/early-android-game-runtime/early-android-game-runtime/Vendor/AOSP/frameworks-base/libs/androidfw/ResourceTypes.cpp:5136:14: warning: cast to 'void *' from smaller integer type 'uint32_t' (aka 'unsigned int') [-Wint-to-void-pointer-cast]
2026-09-27T12:40:35.1273060Z  5135 |         ALOGW("ResTable_package key strings at %p is not on an integer boundary.",
2026-09-27T12:40:35.1273440Z       |         ~~~~~~~~~~~~~~~~~~~~~~~~~~~~~~~~~~~~~~~~~~~~~~~~~~~~~~~~~~~~~~~~~~~~~~~~~~
2026-09-27T12:40:35.1273730Z  5136 |              (void*)dtohl(pkg->keyStrings));
2026-09-27T12:40:35.1273960Z       |              ^~~~~~~~~~~~~~~~~~~~~~~~~~~~~~
2026-09-27T12:40:35.1274730Z /Users/runner/work/early-android-game-runtime/early-android-game-runtime/Vendor/AOSP/system-core/include/log/log.h:129:51: note: expanded from macro 'ALOGW'
2026-09-27T12:40:35.1275410Z   129 | #define ALOGW(...) ((void)ALOG(LOG_WARN, LOG_TAG, __VA_ARGS__))
2026-09-27T12:40:35.1275770Z       |                           ~~~~~~~~~~~~~~~~~~~~~~~~^~~~~~~~~~~~
2026-09-27T12:40:35.1276440Z /Users/runner/work/early-android-game-runtime/early-android-game-runtime/Vendor/AOSP/system-core/include/log/log.h:430:38: note: expanded from macro 'ALOG'
2026-09-27T12:40:35.1277330Z   430 |     LOG_PRI(ANDROID_##priority, tag, __VA_ARGS__)
2026-09-27T12:40:35.1277630Z       |     ~~~~~~~~~~~~~~~~~~~~~~~~~~~~~~~~~^~~~~~~~~~~~
2026-09-27T12:40:35.1278310Z /Users/runner/work/early-android-game-runtime/early-android-game-runtime/Vendor/AOSP/system-core/include/log/log.h:438:37: note: expanded from macro 'LOG_PRI'
2026-09-27T12:40:35.1279030Z   438 |     android_printLog(priority, tag, __VA_ARGS__)
2026-09-27T12:40:35.1279270Z       |     ~~~~~~~~~~~~~~~~~~~~~~~~~~~~~~~~^~~~~~~~~~~~
2026-09-27T12:40:35.1279910Z /Users/runner/work/early-android-game-runtime/early-android-game-runtime/Vendor/AOSP/system-core/include/log/log.h:502:36: note: expanded from macro 'android_printLog'
2026-09-27T12:40:35.1280600Z   502 |     __android_log_print(prio, tag, fmt)
2026-09-27T12:40:35.1280850Z       |                                    ^~~
2026-09-27T12:40:35.1282140Z /Users/runner/work/early-android-game-runtime/early-android-game-runtime/Vendor/AOSP/frameworks-base/libs/androidfw/ResourceTypes.cpp:5137:24: warning: implicit conversion from 'android::(unnamed enum at /Users/runner/work/early-android-game-runtime/early-android-game-runtime/Vendor/AOSP/system-core/include/utils/Errors.h:45:1)' to 'status_t' (aka 'int') changes value from 2147483649 to -2147483647 [-Wconstant-conversion]
2026-09-27T12:40:35.1283410Z  5137 |         return (mError=BAD_TYPE);
2026-09-27T12:40:35.1283610Z       |                       ~^~~~~~~~
2026-09-27T12:40:35.1284960Z /Users/runner/work/early-android-game-runtime/early-android-game-runtime/Vendor/AOSP/frameworks-base/libs/androidfw/ResourceTypes.cpp:5192:32: warning: implicit conversion from 'android::(unnamed enum at /Users/runner/work/early-android-game-runtime/early-android-game-runtime/Vendor/AOSP/system-core/include/utils/Errors.h:45:1)' to 'status_t' (aka 'int') changes value from 2147483648 to -2147483648 [-Wconstant-conversion]
2026-09-27T12:40:35.1286440Z  5192 |                 return (mError=UNKNOWN_ERROR);
2026-09-27T12:40:35.1286930Z       |                               ~^~~~~~~~~~~~~
2026-09-27T12:40:35.1288240Z /Users/runner/work/early-android-game-runtime/early-android-game-runtime/Vendor/AOSP/frameworks-base/libs/androidfw/ResourceTypes.cpp:5242:32: warning: implicit conversion from 'android::(unnamed enum at /Users/runner/work/early-android-game-runtime/early-android-game-runtime/Vendor/AOSP/system-core/include/utils/Errors.h:45:1)' to 'status_t' (aka 'int') changes value from 2147483649 to -2147483647 [-Wconstant-conversion]
2026-09-27T12:40:35.1289530Z  5242 |                 return (mError=BAD_TYPE);
2026-09-27T12:40:35.1289780Z       |                               ~^~~~~~~~
2026-09-27T12:40:35.1291170Z /Users/runner/work/early-android-game-runtime/early-android-game-runtime/Vendor/AOSP/frameworks-base/libs/androidfw/ResourceTypes.cpp:5247:32: warning: implicit conversion from 'android::(unnamed enum at /Users/runner/work/early-android-game-runtime/early-android-game-runtime/Vendor/AOSP/system-core/include/utils/Errors.h:45:1)' to 'status_t' (aka 'int') changes value from 2147483649 to -2147483647 [-Wconstant-conversion]
2026-09-27T12:40:35.1292590Z  5247 |                 return (mError=BAD_TYPE);
2026-09-27T12:40:35.1292830Z       |                               ~^~~~~~~~
2026-09-27T12:40:35.1294300Z /Users/runner/work/early-android-game-runtime/early-android-game-runtime/Vendor/AOSP/frameworks-base/libs/androidfw/ResourceTypes.cpp:5260:32: warning: implicit conversion from 'android::(unnamed enum at /Users/runner/work/early-android-game-runtime/early-android-game-runtime/Vendor/AOSP/system-core/include/utils/Errors.h:45:1)' to 'status_t' (aka 'int') changes value from 2147483649 to -2147483647 [-Wconstant-conversion]
2026-09-27T12:40:35.1295820Z  5260 |                 return (mError=BAD_TYPE);
2026-09-27T12:40:35.1296090Z       |                               ~^~~~~~~~
2026-09-27T12:40:35.1297510Z /Users/runner/work/early-android-game-runtime/early-android-game-runtime/Vendor/AOSP/frameworks-base/libs/androidfw/ResourceTypes.cpp:5287:32: warning: implicit conversion from 'android::(unnamed enum at /Users/runner/work/early-android-game-runtime/early-android-game-runtime/Vendor/AOSP/system-core/include/utils/Errors.h:45:1)' to 'status_t' (aka 'int') changes value from 2147483649 to -2147483647 [-Wconstant-conversion]
2026-09-27T12:40:35.1299150Z  5287 |                 return (mError=BAD_TYPE);
2026-09-27T12:40:35.1299360Z       |                               ~^~~~~~~~
2026-09-27T12:40:35.1300190Z /Users/runner/work/early-android-game-runtime/early-android-game-runtime/Vendor/AOSP/frameworks-base/libs/androidfw/ResourceTypes.cpp:5292:22: warning: cast to 'void *' from smaller integer type 'uint32_t' (aka 'unsigned int') [-Wint-to-void-pointer-cast]
2026-09-27T12:40:35.1301290Z  5291 |                 ALOGW("ResTable_type entriesStart at %p extends beyond chunk end %p.",
2026-09-27T12:40:35.1301740Z       |                 ~~~~~~~~~~~~~~~~~~~~~~~~~~~~~~~~~~~~~~~~~~~~~~~~~~~~~~~~~~~~~~~~~~~~~~
2026-09-27T12:40:35.1302130Z  5292 |                      (void*)dtohl(type->entriesStart), (void*)typeSize);
2026-09-27T12:40:35.1302500Z       |                      ^~~~~~~~~~~~~~~~~~~~~~~~~~~~~~~~~~~~~~~~~~~~~~~~~~
2026-09-27T12:40:35.1303230Z /Users/runner/work/early-android-game-runtime/early-android-game-runtime/Vendor/AOSP/system-core/include/log/log.h:129:51: note: expanded from macro 'ALOGW'
2026-09-27T12:40:35.1303940Z   129 | #define ALOGW(...) ((void)ALOG(LOG_WARN, LOG_TAG, __VA_ARGS__))
2026-09-27T12:40:35.1304290Z       |                           ~~~~~~~~~~~~~~~~~~~~~~~~^~~~~~~~~~~~
2026-09-27T12:40:35.1304990Z /Users/runner/work/early-android-game-runtime/early-android-game-runtime/Vendor/AOSP/system-core/include/log/log.h:430:38: note: expanded from macro 'ALOG'
2026-09-27T12:40:35.1305660Z   430 |     LOG_PRI(ANDROID_##priority, tag, __VA_ARGS__)
2026-09-27T12:40:35.1305940Z       |     ~~~~~~~~~~~~~~~~~~~~~~~~~~~~~~~~~^~~~~~~~~~~~
2026-09-27T12:40:35.1306890Z /Users/runner/work/early-android-game-runtime/early-android-game-runtime/Vendor/AOSP/system-core/include/log/log.h:438:37: note: expanded from macro 'LOG_PRI'
2026-09-27T12:40:35.1307520Z   438 |     android_printLog(priority, tag, __VA_ARGS__)
2026-09-27T12:40:35.1307770Z       |     ~~~~~~~~~~~~~~~~~~~~~~~~~~~~~~~~^~~~~~~~~~~~
2026-09-27T12:40:35.1308430Z /Users/runner/work/early-android-game-runtime/early-android-game-runtime/Vendor/AOSP/system-core/include/log/log.h:502:36: note: expanded from macro 'android_printLog'
2026-09-27T12:40:35.1309030Z   502 |     __android_log_print(prio, tag, fmt)
2026-09-27T12:40:35.1309290Z       |                                    ^~~
2026-09-27T12:40:35.1310690Z /Users/runner/work/early-android-game-runtime/early-android-game-runtime/Vendor/AOSP/frameworks-base/libs/androidfw/ResourceTypes.cpp:5293:32: warning: implicit conversion from 'android::(unnamed enum at /Users/runner/work/early-android-game-runtime/early-android-game-runtime/Vendor/AOSP/system-core/include/utils/Errors.h:45:1)' to 'status_t' (aka 'int') changes value from 2147483649 to -2147483647 [-Wconstant-conversion]
2026-09-27T12:40:35.1312080Z  5293 |                 return (mError=BAD_TYPE);
2026-09-27T12:40:35.1312310Z       |                               ~^~~~~~~~
2026-09-27T12:40:35.1313850Z /Users/runner/work/early-android-game-runtime/early-android-game-runtime/Vendor/AOSP/frameworks-base/libs/androidfw/ResourceTypes.cpp:5297:32: warning: implicit conversion from 'android::(unnamed enum at /Users/runner/work/early-android-game-runtime/early-android-game-runtime/Vendor/AOSP/system-core/include/utils/Errors.h:45:1)' to 'status_t' (aka 'int') changes value from 2147483649 to -2147483647 [-Wconstant-conversion]
2026-09-27T12:40:35.1316600Z  5297 |                 return (mError=BAD_TYPE);
2026-09-27T12:40:35.1316840Z       |                               ~^~~~~~~~
2026-09-27T12:40:35.1318340Z /Users/runner/work/early-android-game-runtime/early-android-game-runtime/Vendor/AOSP/frameworks-base/libs/androidfw/ResourceTypes.cpp:5310:32: warning: implicit conversion from 'android::(unnamed enum at /Users/runner/work/early-android-game-runtime/early-android-game-runtime/Vendor/AOSP/system-core/include/utils/Errors.h:45:1)' to 'status_t' (aka 'int') changes value from 2147483649 to -2147483647 [-Wconstant-conversion]
2026-09-27T12:40:35.1319910Z  5310 |                 return (mError=BAD_TYPE);
2026-09-27T12:40:35.1320120Z       |                               ~^~~~~~~~
2026-09-27T12:40:35.1321380Z /Users/runner/work/early-android-game-runtime/early-android-game-runtime/Vendor/AOSP/frameworks-base/libs/androidfw/ResourceTypes.cpp:5342:16: warning: implicit conversion from 'android::(unnamed enum at /Users/runner/work/early-android-game-runtime/early-android-game-runtime/Vendor/AOSP/system-core/include/utils/Errors.h:45:1)' to 'status_t' (aka 'int') changes value from 2147483648 to -2147483648 [-Wconstant-conversion]
2026-09-27T12:40:35.1322760Z  5342 |         return UNKNOWN_ERROR;
2026-09-27T12:40:35.1322940Z       |         ~~~~~~ ^~~~~~~~~~~~~
2026-09-27T12:40:35.1324400Z /Users/runner/work/early-android-game-runtime/early-android-game-runtime/Vendor/AOSP/frameworks-base/libs/androidfw/ResourceTypes.cpp:5345:16: warning: implicit conversion from 'android::(unnamed enum at /Users/runner/work/early-android-game-runtime/early-android-game-runtime/Vendor/AOSP/system-core/include/utils/Errors.h:45:1)' to 'status_t' (aka 'int') changes value from 2147483648 to -2147483648 [-Wconstant-conversion]
2026-09-27T12:40:35.1325880Z  5345 |         return UNKNOWN_ERROR;
2026-09-27T12:40:35.1326100Z       |         ~~~~~~ ^~~~~~~~~~~~~
2026-09-27T12:40:35.1327000Z /Users/runner/work/early-android-game-runtime/early-android-game-runtime/Vendor/AOSP/frameworks-base/libs/androidfw/ResourceTypes.cpp:5452:84: warning: format specifies type 'int' but the argument has type 'size_t' (aka 'unsigned long') [-Wformat]
2026-09-27T12:40:35.1328070Z  5452 |             ALOGW("idmap: type %d supposedly has entries, but no entries found\n", i);
2026-09-27T12:40:35.1328680Z       |                                ~~                                                  ^
2026-09-27T12:40:35.1328990Z       |                                %lu
2026-09-27T12:40:35.1329590Z /Users/runner/work/early-android-game-runtime/early-android-game-runtime/Vendor/AOSP/system-core/include/log/log.h:129:51: note: expanded from macro 'ALOGW'
2026-09-27T12:40:35.1331250Z   129 | #define ALOGW(...) ((void)ALOG(LOG_WARN, LOG_TAG, __VA_ARGS__))
2026-09-27T12:40:35.1331560Z       |                                                   ^~~~~~~~~~~
2026-09-27T12:40:35.1332120Z /Users/runner/work/early-android-game-runtime/early-android-game-runtime/Vendor/AOSP/system-core/include/log/log.h:430:38: note: expanded from macro 'ALOG'
2026-09-27T12:40:35.1332700Z   430 |     LOG_PRI(ANDROID_##priority, tag, __VA_ARGS__)
2026-09-27T12:40:35.1332960Z       |                                      ^~~~~~~~~~~
2026-09-27T12:40:35.1333560Z /Users/runner/work/early-android-game-runtime/early-android-game-runtime/Vendor/AOSP/system-core/include/log/log.h:438:37: note: expanded from macro 'LOG_PRI'
2026-09-27T12:40:35.1334200Z   438 |     android_printLog(priority, tag, __VA_ARGS__)
2026-09-27T12:40:35.1334500Z       |                                     ^~~~~~~~~~~
2026-09-27T12:40:35.1335210Z /Users/runner/work/early-android-game-runtime/early-android-game-runtime/Vendor/AOSP/system-core/include/log/log.h:502:36: note: expanded from macro 'android_printLog'
2026-09-27T12:40:35.1335890Z   502 |     __android_log_print(prio, tag, fmt)
2026-09-27T12:40:35.1336120Z       |                                    ^~~
2026-09-27T12:40:35.1337500Z /Users/runner/work/early-android-game-runtime/early-android-game-runtime/Vendor/AOSP/frameworks-base/libs/androidfw/ResourceTypes.cpp:5453:20: warning: implicit conversion from 'android::(unnamed enum at /Users/runner/work/early-android-game-runtime/early-android-game-runtime/Vendor/AOSP/system-core/include/utils/Errors.h:45:1)' to 'status_t' (aka 'int') changes value from 2147483648 to -2147483648 [-Wconstant-conversion]
2026-09-27T12:40:35.1339120Z  5453 |             return UNKNOWN_ERROR;
2026-09-27T12:40:35.1339350Z       |             ~~~~~~ ^~~~~~~~~~~~~
2026-09-27T12:40:35.1340180Z /Users/runner/work/early-android-game-runtime/early-android-game-runtime/Vendor/AOSP/frameworks-base/libs/androidfw/ResourceTypes.cpp:5673:93: warning: cast to 'void *' from smaller integer type 'uint32_t' (aka 'unsigned int') [-Wint-to-void-pointer-cast]
2026-09-27T12:40:35.1341360Z  5673 |                         printf("      NON-INTEGER ResTable_type entriesStart OFFSET: %p\n", (void*)entriesStart);
2026-09-27T12:40:35.1341840Z       |                                                                                             ^~~~~~~~~~~~~~~~~~~
2026-09-27T12:40:35.1342840Z /Users/runner/work/early-android-game-runtime/early-android-game-runtime/Vendor/AOSP/frameworks-base/libs/androidfw/ResourceTypes.cpp:5678:85: warning: cast to 'void *' from smaller integer type 'uint32_t' (aka 'unsigned int') [-Wint-to-void-pointer-cast]
2026-09-27T12:40:35.1343850Z  5678 |                         printf("      NON-INTEGER ResTable_type header.size: %p\n", (void*)typeSize);
2026-09-27T12:40:35.1344330Z       |                                                                                     ^~~~~~~~~~~~~~~
2026-09-27T12:40:35.1345350Z /Users/runner/work/early-android-game-runtime/early-android-game-runtime/Vendor/AOSP/frameworks-base/libs/androidfw/ResourceTypes.cpp:5717:64: warning: cast to 'void *' from smaller integer type 'uint32_t' (aka 'unsigned int') [-Wint-to-void-pointer-cast]
2026-09-27T12:40:35.1346320Z  5717 |                             printf("NON-INTEGER OFFSET: %p\n", (void*)thisOffset);
2026-09-27T12:40:35.1346650Z       |                                                                ^~~~~~~~~~~~~~~~~
2026-09-27T12:40:35.1347800Z /Users/runner/work/early-android-game-runtime/early-android-game-runtime/Vendor/AOSP/frameworks-base/libs/androidfw/ResourceTypes.cpp:5722:36: warning: cast to 'void *' from smaller integer type 'uint32_t' (aka 'unsigned int') [-Wint-to-void-pointer-cast]
2026-09-27T12:40:35.1348830Z  5722 |                                    (void*)entriesStart, (void*)thisOffset,
2026-09-27T12:40:35.1349150Z       |                                    ^~~~~~~~~~~~~~~~~~~
2026-09-27T12:40:35.1350050Z /Users/runner/work/early-android-game-runtime/early-android-game-runtime/Vendor/AOSP/frameworks-base/libs/androidfw/ResourceTypes.cpp:5722:57: warning: cast to 'void *' from smaller integer type 'uint32_t' (aka 'unsigned int') [-Wint-to-void-pointer-cast]
2026-09-27T12:40:35.1351040Z  5722 |                                    (void*)entriesStart, (void*)thisOffset,
2026-09-27T12:40:35.1351410Z       |                                                         ^~~~~~~~~~~~~~~~~
2026-09-27T12:40:35.1352400Z /Users/runner/work/early-android-game-runtime/early-android-game-runtime/Vendor/AOSP/frameworks-base/libs/androidfw/ResourceTypes.cpp:5723:36: warning: cast to 'void *' from smaller integer type 'uint32_t' (aka 'unsigned int') [-Wint-to-void-pointer-cast]
2026-09-27T12:40:35.1353360Z  5723 |                                    (void*)typeSize);
2026-09-27T12:40:35.1353620Z       |                                    ^~~~~~~~~~~~~~~
2026-09-27T12:40:35.1354530Z /Users/runner/work/early-android-game-runtime/early-android-game-runtime/Vendor/AOSP/frameworks-base/libs/androidfw/ResourceTypes.cpp:5731:34: warning: cast to 'void *' from smaller integer type 'uint32_t' (aka 'unsigned int') [-Wint-to-void-pointer-cast]
2026-09-27T12:40:35.1355550Z  5731 |                                  (void*)(entriesStart + thisOffset));
2026-09-27T12:40:35.1355850Z       |                                  ^~~~~~~~~~~~~~~~~~~~~~~~~~~~~~~~~~
2026-09-27T12:40:35.1356810Z /Users/runner/work/early-android-game-runtime/early-android-game-runtime/Vendor/AOSP/frameworks-base/libs/androidfw/ResourceTypes.cpp:5737:77: warning: cast to 'void *' from smaller integer type 'uint16_t' (aka 'unsigned short') [-Wint-to-void-pointer-cast]
2026-09-27T12:40:35.1358090Z  5737 |                             printf("NON-INTEGER ResTable_entry SIZE: %p\n", (void*)esize);
2026-09-27T12:40:35.1358510Z       |                                                                             ^~~~~~~~~~~~
2026-09-27T12:40:35.1359510Z /Users/runner/work/early-android-game-runtime/early-android-game-runtime/Vendor/AOSP/frameworks-base/libs/androidfw/ResourceTypes.cpp:5742:36: warning: cast to 'void *' from smaller integer type 'uint32_t' (aka 'unsigned int') [-Wint-to-void-pointer-cast]
2026-09-27T12:40:35.1360520Z  5742 |                                    (void*)entriesStart, (void*)thisOffset,
2026-09-27T12:40:35.1360870Z       |                                    ^~~~~~~~~~~~~~~~~~~
2026-09-27T12:40:35.1361830Z /Users/runner/work/early-android-game-runtime/early-android-game-runtime/Vendor/AOSP/frameworks-base/libs/androidfw/ResourceTypes.cpp:5742:57: warning: cast to 'void *' from smaller integer type 'uint32_t' (aka 'unsigned int') [-Wint-to-void-pointer-cast]
2026-09-27T12:40:35.1362760Z  5742 |                                    (void*)entriesStart, (void*)thisOffset,
2026-09-27T12:40:35.1363060Z       |                                                         ^~~~~~~~~~~~~~~~~
2026-09-27T12:40:35.1363990Z /Users/runner/work/early-android-game-runtime/early-android-game-runtime/Vendor/AOSP/frameworks-base/libs/androidfw/ResourceTypes.cpp:5743:36: warning: cast to 'void *' from smaller integer type 'uint16_t' (aka 'unsigned short') [-Wint-to-void-pointer-cast]
2026-09-27T12:40:35.1364900Z  5743 |                                    (void*)esize, (void*)typeSize);
2026-09-27T12:40:35.1365200Z       |                                    ^~~~~~~~~~~~
2026-09-27T12:40:35.1366100Z /Users/runner/work/early-android-game-runtime/early-android-game-runtime/Vendor/AOSP/frameworks-base/libs/androidfw/ResourceTypes.cpp:5743:50: warning: cast to 'void *' from smaller integer type 'uint32_t' (aka 'unsigned int') [-Wint-to-void-pointer-cast]
2026-09-27T12:40:35.1367110Z  5743 |                                    (void*)esize, (void*)typeSize);
2026-09-27T12:40:35.1367400Z       |                                                  ^~~~~~~~~~~~~~~
2026-09-27T12:40:35.1509540Z In file included from /Users/runner/work/early-android-game-runtime/early-android-game-runtime/Vendor/AOSP/frameworks-base/libs/androidfw/ResourceTypes.cpp:20:
2026-09-27T12:40:35.1510660Z In file included from /Users/runner/work/early-android-game-runtime/early-android-game-runtime/Vendor/AOSP/frameworks-base/include/androidfw/ResourceTypes.h:23:
2026-09-27T12:40:35.1511960Z In file included from /Users/runner/work/early-android-game-runtime/early-android-game-runtime/Vendor/AOSP/frameworks-base/include/androidfw/Asset.h:30:
2026-09-27T12:40:35.1512940Z In file included from /Users/runner/work/early-android-game-runtime/early-android-game-runtime/Vendor/AOSP/system-core/include/utils/String8.h:23:
2026-09-27T12:40:35.1514410Z /Users/runner/work/early-android-game-runtime/early-android-game-runtime/Vendor/AOSP/system-core/include/utils/TypeHelpers.h:181:17: warning: destination for this 'memmove' call is a pointer to dynamic class 'Vector<unsigned int>'; vtable pointer will be overwritten [-Wdynamic-class-memaccess]
2026-09-27T12:40:35.1515370Z   181 |         memmove(d,s,n*sizeof(TYPE));
2026-09-27T12:40:35.1515570Z       |         ~~~~~~~ ^
2026-09-27T12:40:35.1516480Z /Users/runner/work/early-android-game-runtime/early-android-game-runtime/Vendor/AOSP/system-core/include/utils/Vector.h:410:5: note: in instantiation of function template specialization 'android::move_forward_type<android::Vector<unsigned int> >' requested here
2026-09-27T12:40:35.1517560Z   410 |     move_forward_type( reinterpret_cast<TYPE*>(dest), reinterpret_cast<const TYPE*>(from), num );
2026-09-27T12:40:35.1517920Z       |     ^
2026-09-27T12:40:35.1518660Z /Users/runner/work/early-android-game-runtime/early-android-game-runtime/Vendor/AOSP/system-core/include/utils/Vector.h:219:15: note: in instantiation of member function 'android::Vector<android::Vector<unsigned int> >::do_move_forward' requested here
2026-09-27T12:40:35.1519710Z   219 | Vector<TYPE>::Vector()
2026-09-27T12:40:35.1519920Z       |               ^
2026-09-27T12:40:35.1520820Z /Users/runner/work/early-android-game-runtime/early-android-game-runtime/Vendor/AOSP/frameworks-base/libs/androidfw/ResourceTypes.cpp:5348:31: note: in instantiation of member function 'android::Vector<android::Vector<unsigned int> >::Vector' requested here
2026-09-27T12:40:35.1521750Z  5348 |     Vector<Vector<uint32_t> > map;
2026-09-27T12:40:35.1521950Z       |                               ^
2026-09-27T12:40:35.1522580Z /Users/runner/work/early-android-game-runtime/early-android-game-runtime/Vendor/AOSP/system-core/include/utils/TypeHelpers.h:181:17: note: explicitly cast the pointer to silence this warning
2026-09-27T12:40:35.1523220Z   181 |         memmove(d,s,n*sizeof(TYPE));
2026-09-27T12:40:35.1523420Z       |                 ^
2026-09-27T12:40:35.1523580Z       |                 (void*)
2026-09-27T12:40:35.1524470Z /Users/runner/work/early-android-game-runtime/early-android-game-runtime/Vendor/AOSP/system-core/include/utils/TypeHelpers.h:204:17: warning: destination for this 'memmove' call is a pointer to dynamic class 'Vector<unsigned int>'; vtable pointer will be overwritten [-Wdynamic-class-memaccess]
2026-09-27T12:40:35.1525450Z   204 |         memmove(d,s,n*sizeof(TYPE));
2026-09-27T12:40:35.1525680Z       |         ~~~~~~~ ^
2026-09-27T12:40:35.1526490Z /Users/runner/work/early-android-game-runtime/early-android-game-runtime/Vendor/AOSP/system-core/include/utils/Vector.h:415:5: note: in instantiation of function template specialization 'android::move_backward_type<android::Vector<unsigned int> >' requested here
2026-09-27T12:40:35.1527660Z   415 |     move_backward_type( reinterpret_cast<TYPE*>(dest), reinterpret_cast<const TYPE*>(from), num );
2026-09-27T12:40:35.1528020Z       |     ^
2026-09-27T12:40:35.1528970Z /Users/runner/work/early-android-game-runtime/early-android-game-runtime/Vendor/AOSP/system-core/include/utils/Vector.h:219:15: note: in instantiation of member function 'android::Vector<android::Vector<unsigned int> >::do_move_backward' requested here
2026-09-27T12:40:35.1529960Z   219 | Vector<TYPE>::Vector()
2026-09-27T12:40:35.1530130Z       |               ^
2026-09-27T12:40:35.1530910Z /Users/runner/work/early-android-game-runtime/early-android-game-runtime/Vendor/AOSP/frameworks-base/libs/androidfw/ResourceTypes.cpp:5348:31: note: in instantiation of member function 'android::Vector<android::Vector<unsigned int> >::Vector' requested here
2026-09-27T12:40:35.1531920Z  5348 |     Vector<Vector<uint32_t> > map;
2026-09-27T12:40:35.1532130Z       |                               ^
2026-09-27T12:40:35.1532850Z /Users/runner/work/early-android-game-runtime/early-android-game-runtime/Vendor/AOSP/system-core/include/utils/TypeHelpers.h:204:17: note: explicitly cast the pointer to silence this warning
2026-09-27T12:40:35.1533490Z   204 |         memmove(d,s,n*sizeof(TYPE));
2026-09-27T12:40:35.1533830Z       |                 ^
2026-09-27T12:40:35.1534040Z       |                 (void*)
2026-09-27T12:40:35.7222980Z 76 warnings generated.
2026-09-27T12:40:35.8605550Z /Users/runner/work/early-android-game-runtime/early-android-game-runtime/Vendor/AOSP/frameworks-base/libs/androidfw/ZipFileRO.cpp:140:16: warning: implicit conversion from 'android::(unnamed enum at /Users/runner/work/early-android-game-runtime/early-android-game-runtime/Vendor/AOSP/system-core/include/utils/Errors.h:45:1)' to 'status_t' (aka 'int') changes value from 2147483648 to -2147483648 [-Wconstant-conversion]
2026-09-27T12:40:35.8609130Z   140 |         return UNKNOWN_ERROR;
2026-09-27T12:40:35.8609650Z       |         ~~~~~~ ^~~~~~~~~~~~~
2026-09-27T12:40:35.8613560Z /Users/runner/work/early-android-game-runtime/early-android-game-runtime/Vendor/AOSP/frameworks-base/libs/androidfw/ZipFileRO.cpp:170:12: warning: implicit conversion from 'android::(unnamed enum at /Users/runner/work/early-android-game-runtime/early-android-game-runtime/Vendor/AOSP/system-core/include/utils/Errors.h:45:1)' to 'status_t' (aka 'int') changes value from 2147483648 to -2147483648 [-Wconstant-conversion]
2026-09-27T12:40:35.8618010Z   170 |     return UNKNOWN_ERROR;
2026-09-27T12:40:35.8618590Z       |     ~~~~~~ ^~~~~~~~~~~~~
2026-09-27T12:40:35.9208750Z 2 warnings generated.
2026-09-27T12:40:36.7998000Z /Users/runner/work/early-android-game-runtime/early-android-game-runtime/Vendor/AOSP/system-core/libutils/Threads.cpp:717:19: warning: implicit conversion from 'android::(unnamed enum at /Users/runner/work/early-android-game-runtime/early-android-game-runtime/Vendor/AOSP/system-core/include/utils/Errors.h:45:1)' to 'status_t' (aka 'int') changes value from 2147483648 to -2147483648 [-Wconstant-conversion]
2026-09-27T12:40:36.7999750Z   717 |         mStatus = UNKNOWN_ERROR;   // something happened!
2026-09-27T12:40:36.8000070Z       |                 ~ ^~~~~~~~~~~~~
2026-09-27T12:40:36.8001670Z /Users/runner/work/early-android-game-runtime/early-android-game-runtime/Vendor/AOSP/system-core/libutils/Threads.cpp:722:16: warning: implicit conversion from 'android::(unnamed enum at /Users/runner/work/early-android-game-runtime/early-android-game-runtime/Vendor/AOSP/system-core/include/utils/Errors.h:45:1)' to 'status_t' (aka 'int') changes value from 2147483648 to -2147483648 [-Wconstant-conversion]
2026-09-27T12:40:36.8003220Z   722 |         return UNKNOWN_ERROR;
2026-09-27T12:40:36.8003480Z       |         ~~~~~~ ^~~~~~~~~~~~~
2026-09-27T12:40:36.8310470Z 2 warnings generated.
2026-09-27T12:40:41.3810060Z   % Total    % Received % Xferd  Average Speed   Time    Time     Time  Current
2026-09-27T12:40:41.3811520Z                                  Dload  Upload   Total   Spent    Left  Speed
2026-09-27T12:40:41.3812330Z 
2026-09-27T12:40:42.2207220Z   0     0    0     0    0     0      0      0 --:--:-- --:--:-- --:--:--     0
2026-09-27T12:40:42.3458850Z  40 1022k   40  415k    0     0   495k      0  0:00:02 --:--:--  0:00:02  495k
2026-09-27T12:40:42.3460500Z 100 1022k  100 1022k    0     0  1058k      0 --:--:-- --:--:-- --:--:-- 1058k
2026-09-27T12:40:42.4137280Z /Users/runner/work/early-android-game-runtime/early-android-game-runtime/build/image-codec-src/jpegsrc.v9e.tar.gz: OK
2026-09-27T12:40:42.4291210Z   % Total    % Received % Xferd  Average Speed   Time    Time     Time  Current
2026-09-27T12:40:42.4292110Z                                  Dload  Upload   Total   Spent    Left  Speed
2026-09-27T12:40:42.4303580Z 
2026-09-27T12:40:42.6254610Z   0     0    0     0    0     0      0      0 --:--:-- --:--:-- --:--:--     0
2026-09-27T12:40:42.6259280Z 100   619  100   619    0     0   3156      0 --:--:-- --:--:-- --:--:--  3158
2026-09-27T12:40:42.7852860Z 
2026-09-27T12:40:42.7853590Z 100   505  100   505    0     0   1417      0 --:--:-- --:--:-- --:--:--  1417
2026-09-27T12:40:43.0425710Z 
2026-09-27T12:40:43.0427430Z 100  436k  100  436k    0     0   711k      0 --:--:-- --:--:-- --:--:--  711k
2026-09-27T12:40:43.0824140Z /Users/runner/work/early-android-game-runtime/early-android-game-runtime/build/image-codec-src/giflib-5.2.2.tar.gz: OK
2026-09-27T12:40:49.6738060Z arm64-apple-ios15.0-simulator image codecs:       52 objects
2026-09-27T12:41:00.3176970Z /Users/runner/work/early-android-game-runtime/early-android-game-runtime/App/main.m:125:46: warning: expression which evaluates to zero treated as a null pointer constant of type 'void *' [-Wnon-literal-null-conversion]
2026-09-27T12:41:00.3178820Z   125 |                                              EGL_DEFAULT_DISPLAY,
2026-09-27T12:41:00.3179250Z       |                                              ^~~~~~~~~~~~~~~~~~~
2026-09-27T12:41:00.3181550Z /Users/runner/work/early-android-game-runtime/early-android-game-runtime/Vendor/ANGLE-Headers/EGL/egl.h:251:43: note: expanded from macro 'EGL_DEFAULT_DISPLAY'
2026-09-27T12:41:00.3183490Z   251 | #define EGL_DEFAULT_DISPLAY               EGL_CAST(EGLNativeDisplayType,0)
2026-09-27T12:41:00.3185100Z       |                                           ^~~~~~~~~~~~~~~~~~~~~~~~~~~~~~~~
2026-09-27T12:41:00.3188540Z /Users/runner/work/early-android-game-runtime/early-android-game-runtime/Vendor/ANGLE-Headers/EGL/eglplatform.h:178:31: note: expanded from macro 'EGL_CAST'
2026-09-27T12:41:00.3190000Z   178 | #define EGL_CAST(type, value) ((type) (value))
2026-09-27T12:41:00.3190580Z       |                               ^~~~~~~~~~~~~~~~
2026-09-27T12:41:00.3219460Z /Users/runner/work/early-android-game-runtime/early-android-game-runtime/App/main.m:300:91: warning: expression which evaluates to zero treated as a null pointer constant of type 'void *' [-Wnon-literal-null-conversion]
2026-09-27T12:41:00.3221370Z   300 |     EGLDisplay display = getPlatformDisplay ? getPlatformDisplay(EGL_PLATFORM_ANGLE_ANGLE,EGL_DEFAULT_DISPLAY,da) : EGL_NO_DISPLAY;
2026-09-27T12:41:00.3222260Z       |                                                                                           ^~~~~~~~~~~~~~~~~~~
2026-09-27T12:41:00.3223140Z /Users/runner/work/early-android-game-runtime/early-android-game-runtime/Vendor/ANGLE-Headers/EGL/egl.h:251:43: note: expanded from macro 'EGL_DEFAULT_DISPLAY'
2026-09-27T12:41:00.3224110Z   251 | #define EGL_DEFAULT_DISPLAY               EGL_CAST(EGLNativeDisplayType,0)
2026-09-27T12:41:00.3224550Z       |                                           ^~~~~~~~~~~~~~~~~~~~~~~~~~~~~~~~
2026-09-27T12:41:00.3225420Z /Users/runner/work/early-android-game-runtime/early-android-game-runtime/Vendor/ANGLE-Headers/EGL/eglplatform.h:178:31: note: expanded from macro 'EGL_CAST'
2026-09-27T12:41:00.3226260Z   178 | #define EGL_CAST(type, value) ((type) (value))
2026-09-27T12:41:00.3226730Z       |                               ^~~~~~~~~~~~~~~~
2026-09-27T12:41:00.3499960Z /Users/runner/work/early-android-game-runtime/early-android-game-runtime/App/main.m:2375:16: warning: @available does not guard availability here; use if (@available) instead [-Wunsupported-availability-guard]
2026-09-27T12:41:00.3502530Z  2375 |     if (gpu && @available(iOS 16.0, *)) workingSet = gpu.recommendedMaxWorkingSetSize;
2026-09-27T12:41:00.3506160Z       |                ^
2026-09-27T12:41:00.3508210Z /Users/runner/work/early-android-game-runtime/early-android-game-runtime/App/main.m:2375:58: warning: 'recommendedMaxWorkingSetSize' is only available on iOS 16.0 or newer [-Wunguarded-availability-new]
2026-09-27T12:41:00.3511460Z  2375 |     if (gpu && @available(iOS 16.0, *)) workingSet = gpu.recommendedMaxWorkingSetSize;
2026-09-27T12:41:00.3512100Z       |                                                          ^~~~~~~~~~~~~~~~~~~~~~~~~~~~
2026-09-27T12:41:00.3513440Z /Applications/Xcode_27.app/Contents/Developer/Platforms/iPhoneSimulator.platform/Developer/SDKs/iPhoneSimulator27.0.sdk/System/Library/Frameworks/Metal.framework/Headers/MTLDevice.h:428:31: note: 'recommendedMaxWorkingSetSize' has been marked as being introduced in iOS 16.0 here, but the deployment target is iOS 15.0.0
2026-09-27T12:41:00.3515250Z   428 | @property (readonly) uint64_t recommendedMaxWorkingSetSize API_AVAILABLE(macos(10.12), macCatalyst(13.0), ios(16.0));
2026-09-27T12:41:00.3515930Z       |                               ^
2026-09-27T12:41:00.3516760Z /Users/runner/work/early-android-game-runtime/early-android-game-runtime/App/main.m:2375:58: note: enclose 'recommendedMaxWorkingSetSize' in an @available check to silence this warning
2026-09-27T12:41:00.3517730Z  2375 |     if (gpu && @available(iOS 16.0, *)) workingSet = gpu.recommendedMaxWorkingSetSize;
2026-09-27T12:41:00.3518240Z       |                                                          ^~~~~~~~~~~~~~~~~~~~~~~~~~~~ 
2026-09-27T12:41:01.2154060Z 4 warnings generated.
2026-09-27T12:41:01.2251910Z AGR_SMOKE_PHASE 2026-09-27T12:41:01Z compiled main.m
2026-09-27T12:41:01.7943990Z ld: warning: building for iOS-simulator-15.0, but linking with dylib '@rpath/libEGL.framework/libEGL' which was built for newer version 16.0
2026-09-27T12:41:01.7946550Z ld: warning: building for iOS-simulator-15.0, but linking with dylib '@rpath/libGLESv2.framework/libGLESv2' which was built for newer version 16.0
2026-09-27T12:41:01.9864280Z /Users/runner/work/early-android-game-runtime/early-android-game-runtime/build/AGRSimulator.app/Frameworks/libEGL.framework: replacing existing signature
2026-09-27T12:41:02.0321590Z /Users/runner/work/early-android-game-runtime/early-android-game-runtime/build/AGRSimulator.app/Frameworks/libGLESv2.framework: replacing existing signature
2026-09-27T12:41:02.0953660Z /Users/runner/work/early-android-game-runtime/early-android-game-runtime/build/AGRSimulator.app: replacing existing signature
2026-09-27T12:41:02.2400340Z AGR_SMOKE_PHASE 2026-09-27T12:41:02Z Runtime app linked and signed
2026-09-27T12:43:21.5995580Z Monitoring boot status for iPhone 17 (1B12DE9B-2634-4BCA-AB72-CF1B196DD2D1).
2026-09-27T12:43:21.8458740Z Device already booted, nothing to do.
2026-09-27T12:43:21.9277460Z 
2026-09-27T12:46:49.3069060Z dev.agr.simulator: 39377
2026-09-27T12:50:35.2243220Z ##[error]Process completed with exit code 1.
2026-09-27T12:50:35.3669130Z ##[group]Run actions/upload-artifact@v4
2026-09-27T12:50:35.3671360Z with:
2026-09-27T12:50:35.3671720Z   name: kungfoo-armv7-aot-probe
2026-09-27T12:50:35.3672410Z   path: tools/aot-lab/evidence/kungfoo-armv7-aot-probe
2026-09-27T12:50:35.3672750Z   if-no-files-found: error
2026-09-27T12:50:35.3673220Z   compression-level: 6
2026-09-27T12:50:35.3674390Z   overwrite: false
2026-09-27T12:50:35.3674900Z   include-hidden-files: false
2026-09-27T12:50:35.3675210Z env:
2026-09-27T12:50:35.3675590Z   CARGO_HOME: /Users/runner/.cargo
2026-09-27T12:50:35.3675950Z   CARGO_INCREMENTAL: 0
2026-09-27T12:50:35.3676230Z   CARGO_TERM_COLOR: always
2026-09-27T12:50:35.3676710Z ##[endgroup]
2026-09-27T12:50:37.5240370Z (node:47193) [DEP0040] DeprecationWarning: The `punycode` module is deprecated. Please use a userland alternative instead.
2026-09-27T12:50:37.5366500Z (Use `node --trace-deprecation ...` to show where the warning was created)
2026-09-27T12:50:37.7565290Z With the provided path, there will be 8 files uploaded
2026-09-27T12:50:37.7567320Z Artifact name is valid!
2026-09-27T12:50:37.7567860Z Root directory input is valid!
2026-09-27T12:50:38.5890300Z Beginning upload of artifact content to blob storage
2026-09-27T12:50:38.7759740Z (node:47193) [DEP0169] DeprecationWarning: `url.parse()` behavior is not standardized and prone to errors that have security implications. Use the WHATWG URL API instead. CVEs are not issued for `url.parse()` vulnerabilities.
2026-09-27T12:50:38.8371830Z Uploaded bytes 16827
2026-09-27T12:50:38.9331770Z Finished uploading artifact content to blob storage!
2026-09-27T12:50:38.9354440Z SHA256 digest of uploaded artifact zip is 3ceddd9cd799e91b59b0eb5cab17399befc0916fd1a5748cde95297f1891baf7
2026-09-27T12:50:38.9363420Z Finalizing artifact upload
2026-09-27T12:50:39.1598770Z Artifact kungfoo-armv7-aot-probe.zip successfully finalized. Artifact ID 10932096849
2026-09-27T12:50:39.1602820Z Artifact kungfoo-armv7-aot-probe has been successfully uploaded! Final size is 16827 bytes. Artifact ID is 10932096849
2026-09-27T12:50:39.1609350Z Artifact download URL: https://github.com/xwc9527/early-android-game-runtime/actions/runs/36319705624/artifacts/10932096849
2026-09-27T12:50:39.3332580Z Post job cleanup.
2026-09-27T12:50:40.0177240Z [command]/opt/homebrew/bin/git version
2026-09-27T12:50:40.0756920Z git version 2.55.0
2026-09-27T12:50:40.1880810Z Copying '/Users/runner/.gitconfig' to '/Users/runner/work/_temp/37ad3d33-7e64-4b6e-bbad-53cc272f965b/.gitconfig'
2026-09-27T12:50:40.1994130Z Temporarily overriding HOME='/Users/runner/work/_temp/37ad3d33-7e64-4b6e-bbad-53cc272f965b' before making global git config changes
2026-09-27T12:50:40.2108790Z Adding repository directory to the temporary git global config as a safe directory
2026-09-27T12:50:40.2219460Z [command]/opt/homebrew/bin/git config --global --add safe.directory /Users/runner/work/early-android-game-runtime/early-android-game-runtime
2026-09-27T12:50:40.2567400Z [command]/opt/homebrew/bin/git config --local --name-only --get-regexp core\.sshCommand
2026-09-27T12:50:40.3479560Z [command]/opt/homebrew/bin/git submodule foreach --recursive sh -c "git config --local --name-only --get-regexp 'core\.sshCommand' && git config --local --unset-all 'core.sshCommand' || :"
2026-09-27T12:50:40.7330410Z [command]/opt/homebrew/bin/git config --local --name-only --get-regexp http\.https\:\/\/github\.com\/\.extraheader
2026-09-27T12:50:40.7451490Z http.https://github.com/.extraheader
2026-09-27T12:50:40.7543280Z [command]/opt/homebrew/bin/git config --local --unset-all http.https://github.com/.extraheader
2026-09-27T12:50:40.7591020Z [command]/opt/homebrew/bin/git submodule foreach --recursive sh -c "git config --local --name-only --get-regexp 'http\.https\:\/\/github\.com\/\.extraheader' && git config --local --unset-all 'http.https://github.com/.extraheader' || :"
2026-09-27T12:50:40.9047460Z [command]/opt/homebrew/bin/git config --local --name-only --get-regexp ^includeIf\.gitdir:
2026-09-27T12:50:40.9138110Z [command]/opt/homebrew/bin/git submodule foreach --recursive git config --local --show-origin --name-only --get-regexp remote.origin.url
2026-09-27T12:50:41.0870920Z Cleaning up orphan processes
2026-09-27T12:50:57.1806910Z ##[warning]Node.js 20 is deprecated. The following actions target Node.js 20 but are being forced to run on Node.js 24: actions/checkout@v4, actions/upload-artifact@v4. For more information see: https://github.blog/changelog/2025-09-19-deprecation-of-node-20-on-github-actions-runners/
