701360 1610612768 0 1 977652 1 974152 974152 974568 974172 974896 973960 0 950488 949600 26463352 701361 701360
701550 2147483680 0 1 977652 27 974152 974152 0 974172 974896 973960 0 950488 949600 26463352 701361 701550
701562 2147483680 0 1 977652 974900 974152 974152 0 974172 974896 973960 0 950488 949600 26463352 701361 701562
701568 32 0 2 0 974900 974152 974152 0 974172 974896 973960 0 950488 949600 26463352 701361 701568
701572 1610612768 0 2 0 974900 974152 974152 0 974172 974896 973960 0 950488 949600 26463352 701361 701572
701614 1610612768 0 2 0 974900 975440 974152 0 974172 974896 973960 0 950488 949600 26463352 701361 701614
701620 1610612768 0 2 28 974900 975440 974152 0 974172 974896 973960 0 950488 949600 26463352 701361 701620
701622 1610612768 0 2 28 974900 975440 974152 0 974172 974896 973960 0 950488 949600 26463352 701361 701622
701640 1610612768 0 2 28 974900 0 974152 0 0 974896 973960 0 950488 949600 26463352 701361 701640
701634 1610612768 0 2 28 977520 0 974152 0 0 974896 973960 0 950488 949600 26463352 701361 701634
701640 536870944 0 2 28 977520 1 974152 0 0 974896 973960 0 950488 949600 26463352 701361 701640
701634 1610612768 0 2 28 977520 1 974152 4 0 974896 973960 0 950488 949600 26463352 701361 701634
701640 536870944 0 2 28 977520 2 974152 4 0 974896 973960 0 950488 949600 26463352 701361 701640
701634 1610612768 0 2 28 977520 2 974152 8 0 974896 973960 0 950488 949600 26463352 701361 701634
701640 536870944 0 2 28 977520 3 974152 8 0 974896 973960 0 950488 949600 26463352 701361 701640
701634 1610612768 0 2 28 977520 3 974152 12 0 974896 973960 0 950488 949600 26463352 701361 701634
701640 536870944 0 2 28 977520 4 974152 12 0 974896 973960 0 950488 949600 26463352 701361 701640
701634 1610612768 0 2 28 977520 4 974152 16 0 974896 973960 0 950488 949600 26463352 701361 701634
701640 536870944 0 2 28 977520 5 974152 16 0 974896 973960 0 950488 949600 26463352 701361 701640
701634 1610612768 0 2 28 977520 5 974152 20 0 974896 973960 0 950488 949600 26463352 701361 701634
701640 536870944 0 2 28 977520 6 974152 20 0 974896 973960 0 950488 949600 26463352 701361 701640
701634 1610612768 0 2 28 977520 6 974152 24 0 974896 973960 0 950488 949600 26463352 701361 701634
701640 536870944 0 2 28 977520 7 974152 24 0 974896 973960 0 950488 949600 26463352 701361 701640
701634 1610612768 0 2 28 977520 7 974152 28 0 974896 973960 0 950488 949600 26463352 701361 701634
701640 536870944 0 2 28 977520 8 974152 28 0 974896 973960 0 950488 949600 26463352 701361 701640
701634 1610612768 0 2 28 977520 8 974152 32 0 974896 973960 0 950488 949600 26463352 701361 701634
701640 536870944 0 2 28 977520 9 974152 32 0 974896 973960 0 950488 949600 26463352 701361 701640
701634 1610612768 0 2 28 977520 9 974152 36 0 974896 973960 0 950488 949600 26463352 701361 701634
701640 536870944 0 2 28 977520 10 974152 36 0 974896 973960 0 950488 949600 26463352 701361 701640
701634 1610612768 0 2 28 977520 10 974152 40 0 974896 973960 0 950488 949600 26463352 701361 701634
701640 536870944 0 2 28 977520 11 974152 40 0 974896 973960 0 950488 949600 26463352 701361 701640
701634 1610612768 0 2 28 977520 11 974152 44 0 974896 973960 0 950488 949600 26463352 701361 701634
701640 536870944 0 2 28 977520 12 974152 44 0 974896 973960 0 950488 949600 26463352 701361 701640
701634 1610612768 0 2 28 977520 12 974152 48 0 974896 973960 0 950488 949600 26463352 701361 701634
701640 536870944 0 2 28 977520 13 974152 48 0 974896 973960 0 950488 949600 26463352 701361 701640
701634 1610612768 0 2 28 977520 13 974152 52 0 974896 973960 0 950488 949600 26463352 701361 701634
701640 536870944 0 2 28 977520 14 974152 52 0 974896 973960 0 950488 949600 26463352 701361 701640
701634 1610612768 0 2 28 977520 14 974152 56 0 974896 973960 0 950488 949600 26463352 701361 701634
701640 536870944 0 2 28 977520 15 974152 56 0 974896 973960 0 950488 949600 26463352 701361 701640
701634 1610612768 0 2 28 977520 15 974152 60 0 974896 973960 0 950488 949600 26463352 701361 701634
701640 536870944 0 2 28 977520 16 974152 60 0 974896 973960 0 950488 949600 26463352 701361 701640
701634 1610612768 0 2 28 977520 16 974152 64 0 974896 973960 0 950488 949600 26463352 701361 701634
701640 536870944 0 2 28 977520 17 974152 64 0 974896 973960 0 950488 949600 26463352 701361 701640
701634 1610612768 0 2 28 977520 17 974152 68 0 974896 973960 0 950488 949600 26463352 701361 701634
701640 536870944 0 2 28 977520 18 974152 68 0 974896 973960 0 950488 949600 26463352 701361 701640
701634 1610612768 0 2 28 977520 18 974152 72 0 974896 973960 0 950488 949600 26463352 701361 701634
701640 536870944 0 2 28 977520 19 974152 72 0 974896 973960 0 950488 949600 26463352 701361 701640
701634 1610612768 0 2 28 977520 19 974152 76 0 974896 973960 0 950488 949600 26463352 701361 701634
701640 536870944 0 2 28 977520 20 974152 76 0 974896 973960 0 950488 949600 26463352 701361 701640
701634 1610612768 0 2 28 977520 20 974152 80 0 974896 973960 0 950488 949600 26463352 701361 701634
701640 536870944 0 2 28 977520 21 974152 80 0 974896 973960 0 950488 949600 26463352 701361 701640
701634 1610612768 0 2 28 977520 21 974152 84 0 974896 973960 0 950488 949600 26463352 701361 701634
701640 536870944 0 2 28 977520 22 974152 84 0 974896 973960 0 950488 949600 26463352 701361 701640
701634 1610612768 0 2 28 977520 22 974152 88 0 974896 973960 0 950488 949600 26463352 701361 701634
701640 536870944 0 2 28 977520 23 974152 88 0 974896 973960 0 950488 949600 26463352 701361 701640
701634 1610612768 0 2 28 977520 23 974152 92 0 974896 973960 0 950488 949600 26463352 701361 701634
701640 536870944 0 2 28 977520 24 974152 92 0 974896 973960 0 950488 949600 26463352 701361 701640
701634 1610612768 0 2 28 977520 24 974152 96 0 974896 973960 0 950488 949600 26463352 701361 701634
701640 536870944 0 2 28 977520 25 974152 96 0 974896 973960 0 950488 949600 26463352 701361 701640
701634 1610612768 0 2 28 977520 25 974152 100 0 974896 973960 0 950488 949600 26463352 701361 701634
701640 536870944 0 2 28 977520 26 974152 100 0 974896 973960 0 950488 949600 26463352 701361 701640
701634 1610612768 0 2 28 977520 26 974152 104 0 974896 973960 0 950488 949600 26463352 701361 701634
701640 536870944 0 2 28 977520 27 974152 104 0 974896 973960 0 950488 949600 26463352 701361 701640
701634 1610612768 0 2 28 977520 27 974152 108 0 974896 973960 0 950488 949600 26463352 701361 701634
701694 1610612768 0 2 28 977520 28 974152 108 0 974896 973960 0 950488 949600 26463352 701361 701694
701360 536870944 1 2 977652 2 974152 974152 974568 974172 974444 973960 0 950488 950104 26463352 701361 701360
701550 2147483680 1 2 977652 27 974152 974152 1 974172 974444 973960 0 950488 950104 26463352 701361 701550
701562 2147483680 1 1 977652 974448 974152 974152 1 974172 974444 973960 0 950488 950104 26463352 701361 701562
701568 32 1 2 0 974448 974152 974152 1 974172 974444 973960 0 950488 950104 26463352 701361 701568
701572 1610612768 1 2 0 974448 974152 974152 1 974172 974444 973960 0 950488 950104 26463352 701361 701572
701614 1610612768 0 2 0 974448 975440 974152 1 974172 974444 973960 0 950488 950104 26463352 701361 701614
701620 1610612768 0 2 28 974448 975440 974152 1 974172 974444 973960 0 950488 950104 26463352 701361 701620
701622 1610612768 0 2 28 974448 975440 974152 1 974172 974444 973960 0 950488 950104 26463352 701361 701622
701640 1610612768 0 2 28 974448 0 974152 1 0 974444 973960 0 950488 950104 26463352 701361 701640
701634 1610612768 0 2 28 977520 0 974152 0 0 974444 973960 0 950488 950104 26463352 701361 701634
701640 536870944 0 2 28 977520 1 974152 0 0 974444 973960 0 950488 950104 26463352 701361 701640
701634 1610612768 0 2 28 977520 1 974152 4 0 974444 973960 0 950488 950104 26463352 701361 701634
701640 536870944 0 2 28 977520 2 974152 4 0 974444 973960 0 950488 950104 26463352 701361 701640
701634 1610612768 0 2 28 977520 2 974152 8 0 974444 973960 0 950488 950104 26463352 701361 701634
701640 536870944 0 2 28 977520 3 974152 8 0 974444 973960 0 950488 950104 26463352 701361 701640
701634 1610612768 0 2 28 977520 3 974152 12 0 974444 973960 0 950488 950104 26463352 701361 701634
701640 536870944 0 2 28 977520 4 974152 12 0 974444 973960 0 950488 950104 26463352 701361 701640
701634 1610612768 0 2 28 977520 4 974152 16 0 974444 973960 0 950488 950104 26463352 701361 701634
701640 536870944 0 2 28 977520 5 974152 16 0 974444 973960 0 950488 950104 26463352 701361 701640
701634 1610612768 0 2 28 977520 5 974152 20 0 974444 973960 0 950488 950104 26463352 701361 701634
701640 536870944 0 2 28 977520 6 974152 20 0 974444 973960 0 950488 950104 26463352 701361 701640
701634 1610612768 0 2 28 977520 6 974152 24 0 974444 973960 0 950488 950104 26463352 701361 701634
701640 536870944 0 2 28 977520 7 974152 24 0 974444 973960 0 950488 950104 26463352 701361 701640
701634 1610612768 0 2 28 977520 7 974152 28 0 974444 973960 0 950488 950104 26463352 701361 701634
701640 536870944 0 2 28 977520 8 974152 28 0 974444 973960 0 950488 950104 26463352 701361 701640
701634 1610612768 0 2 28 977520 8 974152 32 0 974444 973960 0 950488 950104 26463352 701361 701634
701640 536870944 0 2 28 977520 9 974152 32 0 974444 973960 0 950488 950104 26463352 701361 701640
701634 1610612768 0 2 28 977520 9 974152 36 0 974444 973960 0 950488 950104 26463352 701361 701634
701640 536870944 0 2 28 977520 10 974152 36 0 974444 973960 0 950488 950104 26463352 701361 701640
701634 1610612768 0 2 28 977520 10 974152 40 0 974444 973960 0 950488 950104 26463352 701361 701634
701640 536870944 0 2 28 977520 11 974152 40 0 974444 973960 0 950488 950104 26463352 701361 701640
701634 1610612768 0 2 28 977520 11 974152 44 0 974444 973960 0 950488 950104 26463352 701361 701634
701640 536870944 0 2 28 977520 12 974152 44 0 974444 973960 0 950488 950104 26463352 701361 701640
701634 1610612768 0 2 28 977520 12 974152 48 0 974444 973960 0 950488 950104 26463352 701361 701634
701640 536870944 0 2 28 977520 13 974152 48 0 974444 973960 0 950488 950104 26463352 701361 701640
701634 1610612768 0 2 28 977520 13 974152 52 0 974444 973960 0 950488 950104 26463352 701361 701634
701640 536870944 0 2 28 977520 14 974152 52 0 974444 973960 0 950488 950104 26463352 701361 701640
701634 1610612768 0 2 28 977520 14 974152 56 0 974444 973960 0 950488 950104 26463352 701361 701634
701640 536870944 0 2 28 977520 15 974152 56 0 974444 973960 0 950488 950104 26463352 701361 701640
701634 1610612768 0 2 28 977520 15 974152 60 0 974444 973960 0 950488 950104 26463352 701361 701634
701640 536870944 0 2 28 977520 16 974152 60 0 974444 973960 0 950488 950104 26463352 701361 701640
701634 1610612768 0 2 28 977520 16 974152 64 0 974444 973960 0 950488 950104 26463352 701361 701634
701640 536870944 0 2 28 977520 17 974152 64 0 974444 973960 0 950488 950104 26463352 701361 701640
701634 1610612768 0 2 28 977520 17 974152 68 0 974444 973960 0 950488 950104 26463352 701361 701634
701640 536870944 0 2 28 977520 18 974152 68 0 974444 973960 0 950488 950104 26463352 701361 701640
701634 1610612768 0 2 28 977520 18 974152 72 0 974444 973960 0 950488 950104 26463352 701361 701634
701640 536870944 0 2 28 977520 19 974152 72 0 974444 973960 0 950488 950104 26463352 701361 701640
701634 1610612768 0 2 28 977520 19 974152 76 0 974444 973960 0 950488 950104 26463352 701361 701634
701640 536870944 0 2 28 977520 20 974152 76 0 974444 973960 0 950488 950104 26463352 701361 701640
701634 1610612768 0 2 28 977520 20 974152 80 0 974444 973960 0 950488 950104 26463352 701361 701634
701640 536870944 0 2 28 977520 21 974152 80 0 974444 973960 0 950488 950104 26463352 701361 701640
701634 1610612768 0 2 28 977520 21 974152 84 0 974444 973960 0 950488 950104 26463352 701361 701634
701640 536870944 0 2 28 977520 22 974152 84 0 974444 973960 0 950488 950104 26463352 701361 701640
701634 1610612768 0 2 28 977520 22 974152 88 0 974444 973960 0 950488 950104 26463352 701361 701634
701640 536870944 0 2 28 977520 23 974152 88 0 974444 973960 0 950488 950104 26463352 701361 701640
701634 1610612768 0 2 28 977520 23 974152 92 0 974444 973960 0 950488 950104 26463352 701361 701634
701640 536870944 0 2 28 977520 24 974152 92 0 974444 973960 0 950488 950104 26463352 701361 701640
701634 1610612768 0 2 28 977520 24 974152 96 0 974444 973960 0 950488 950104 26463352 701361 701634
701640 536870944 0 2 28 977520 25 974152 96 0 974444 973960 0 950488 950104 26463352 701361 701640
701634 1610612768 0 2 28 977520 25 974152 100 0 974444 973960 0 950488 950104 26463352 701361 701634
701640 536870944 0 2 28 977520 26 974152 100 0 974444 973960 0 950488 950104 26463352 701361 701640
701634 1610612768 0 2 28 977520 26 974152 104 0 974444 973960 0 950488 950104 26463352 701361 701634
701640 536870944 0 2 28 977520 27 974152 104 0 974444 973960 0 950488 950104 26463352 701361 701640
701634 1610612768 0 2 28 977520 27 974152 108 0 974444 973960 0 950488 950104 26463352 701361 701634
701694 1610612768 0 2 28 977520 28 974152 108 0 974444 973960 0 950488 950104 26463352 701361 701694
701360 536870944 2 3 977652 3 974152 974152 974216 941328 974216 973960 974084 950488 4294966868 26463352 701361 701360
701550 2147483680 2 3 977652 27 974152 974152 2 941328 974216 973960 974084 950488 4294966868 26463352 701361 701550
701562 2147483680 2 1 977652 974220 974152 974152 2 941328 974216 973960 974084 950488 4294966868 26463352 701361 701562
701568 32 2 2 0 974220 974152 974152 2 941328 974216 973960 974084 950488 4294966868 26463352 701361 701568
701572 1610612768 2 2 0 974220 974152 974152 2 941328 974216 973960 974084 950488 4294966868 26463352 701361 701572
701614 1610612768 0 2 0 974220 975440 974152 2 941328 974216 973960 974084 950488 4294966868 26463352 701361 701614
701620 1610612768 0 2 28 974220 975440 974152 2 941328 974216 973960 974084 950488 4294966868 26463352 701361 701620
701622 1610612768 0 2 28 974220 975440 974152 2 941328 974216 973960 974084 950488 4294966868 26463352 701361 701622
701640 1610612768 0 2 28 974220 0 974152 2 0 974216 973960 974084 950488 4294966868 26463352 701361 701640
701634 1610612768 0 2 28 977520 0 974152 0 0 974216 973960 974084 950488 4294966868 26463352 701361 701634
701640 536870944 0 2 28 977520 1 974152 0 0 974216 973960 974084 950488 4294966868 26463352 701361 701640
701634 1610612768 0 2 28 977520 1 974152 4 0 974216 973960 974084 950488 4294966868 26463352 701361 701634
701640 536870944 0 2 28 977520 2 974152 4 0 974216 973960 974084 950488 4294966868 26463352 701361 701640
701634 1610612768 0 2 28 977520 2 974152 8 0 974216 973960 974084 950488 4294966868 26463352 701361 701634
701640 536870944 0 2 28 977520 3 974152 8 0 974216 973960 974084 950488 4294966868 26463352 701361 701640
701634 1610612768 0 2 28 977520 3 974152 12 0 974216 973960 974084 950488 4294966868 26463352 701361 701634
701640 536870944 0 2 28 977520 4 974152 12 0 974216 973960 974084 950488 4294966868 26463352 701361 701640
701634 1610612768 0 2 28 977520 4 974152 16 0 974216 973960 974084 950488 4294966868 26463352 701361 701634
701640 536870944 0 2 28 977520 5 974152 16 0 974216 973960 974084 950488 4294966868 26463352 701361 701640
701634 1610612768 0 2 28 977520 5 974152 20 0 974216 973960 974084 950488 4294966868 26463352 701361 701634
701640 536870944 0 2 28 977520 6 974152 20 0 974216 973960 974084 950488 4294966868 26463352 701361 701640
701634 1610612768 0 2 28 977520 6 974152 24 0 974216 973960 974084 950488 4294966868 26463352 701361 701634
701640 536870944 0 2 28 977520 7 974152 24 0 974216 973960 974084 950488 4294966868 26463352 701361 701640
701634 1610612768 0 2 28 977520 7 974152 28 0 974216 973960 974084 950488 4294966868 26463352 701361 701634
701640 536870944 0 2 28 977520 8 974152 28 0 974216 973960 974084 950488 4294966868 26463352 701361 701640
701634 1610612768 0 2 28 977520 8 974152 32 0 974216 973960 974084 950488 4294966868 26463352 701361 701634
701640 536870944 0 2 28 977520 9 974152 32 0 974216 973960 974084 950488 4294966868 26463352 701361 701640
701634 1610612768 0 2 28 977520 9 974152 36 0 974216 973960 974084 950488 4294966868 26463352 701361 701634
701640 536870944 0 2 28 977520 10 974152 36 0 974216 973960 974084 950488 4294966868 26463352 701361 701640
701634 1610612768 0 2 28 977520 10 974152 40 0 974216 973960 974084 950488 4294966868 26463352 701361 701634
701640 536870944 0 2 28 977520 11 974152 40 0 974216 973960 974084 950488 4294966868 26463352 701361 701640
701634 1610612768 0 2 28 977520 11 974152 44 0 974216 973960 974084 950488 4294966868 26463352 701361 701634
701640 536870944 0 2 28 977520 12 974152 44 0 974216 973960 974084 950488 4294966868 26463352 701361 701640
701634 1610612768 0 2 28 977520 12 974152 48 0 974216 973960 974084 950488 4294966868 26463352 701361 701634
701640 536870944 0 2 28 977520 13 974152 48 0 974216 973960 974084 950488 4294966868 26463352 701361 701640
701634 1610612768 0 2 28 977520 13 974152 52 0 974216 973960 974084 950488 4294966868 26463352 701361 701634
701640 536870944 0 2 28 977520 14 974152 52 0 974216 973960 974084 950488 4294966868 26463352 701361 701640
701634 1610612768 0 2 28 977520 14 974152 56 0 974216 973960 974084 950488 4294966868 26463352 701361 701634
701640 536870944 0 2 28 977520 15 974152 56 0 974216 973960 974084 950488 4294966868 26463352 701361 701640
701634 1610612768 0 2 28 977520 15 974152 60 0 974216 973960 974084 950488 4294966868 26463352 701361 701634
701640 536870944 0 2 28 977520 16 974152 60 0 974216 973960 974084 950488 4294966868 26463352 701361 701640
701634 1610612768 0 2 28 977520 16 974152 64 0 974216 973960 974084 950488 4294966868 26463352 701361 701634
701640 536870944 0 2 28 977520 17 974152 64 0 974216 973960 974084 950488 4294966868 26463352 701361 701640
701634 1610612768 0 2 28 977520 17 974152 68 0 974216 973960 974084 950488 4294966868 26463352 701361 701634
701640 536870944 0 2 28 977520 18 974152 68 0 974216 973960 974084 950488 4294966868 26463352 701361 701640
701634 1610612768 0 2 28 977520 18 974152 72 0 974216 973960 974084 950488 4294966868 26463352 701361 701634
701640 536870944 0 2 28 977520 19 974152 72 0 974216 973960 974084 950488 4294966868 26463352 701361 701640
701634 1610612768 0 2 28 977520 19 974152 76 0 974216 973960 974084 950488 4294966868 26463352 701361 701634
701640 536870944 0 2 28 977520 20 974152 76 0 974216 973960 974084 950488 4294966868 26463352 701361 701640
701634 1610612768 0 2 28 977520 20 974152 80 0 974216 973960 974084 950488 4294966868 26463352 701361 701634
701640 536870944 0 2 28 977520 21 974152 80 0 974216 973960 974084 950488 4294966868 26463352 701361 701640
701634 1610612768 0 2 28 977520 21 974152 84 0 974216 973960 974084 950488 4294966868 26463352 701361 701634
701640 536870944 0 2 28 977520 22 974152 84 0 974216 973960 974084 950488 4294966868 26463352 701361 701640
701634 1610612768 0 2 28 977520 22 974152 88 0 974216 973960 974084 950488 4294966868 26463352 701361 701634
701640 536870944 0 2 28 977520 23 974152 88 0 974216 973960 974084 950488 4294966868 26463352 701361 701640
701634 1610612768 0 2 28 977520 23 974152 92 0 974216 973960 974084 950488 4294966868 26463352 701361 701634
701640 536870944 0 2 28 977520 24 974152 92 0 974216 973960 974084 950488 4294966868 26463352 701361 701640
701634 1610612768 0 2 28 977520 24 974152 96 0 974216 973960 974084 950488 4294966868 26463352 701361 701634
701640 536870944 0 2 28 977520 25 974152 96 0 974216 973960 974084 950488 4294966868 26463352 701361 701640
701634 1610612768 0 2 28 977520 25 974152 100 0 974216 973960 974084 950488 4294966868 26463352 701361 701634
701640 536870944 0 2 28 977520 26 974152 100 0 974216 973960 974084 950488 4294966868 26463352 701361 701640
701634 1610612768 0 2 28 977520 26 974152 104 0 974216 973960 974084 950488 4294966868 26463352 701361 701634
701640 536870944 0 2 28 977520 27 974152 104 0 974216 973960 974084 950488 4294966868 26463352 701361 701640
701634 1610612768 0 2 28 977520 27 974152 108 0 974216 973960 974084 950488 4294966868 26463352 701361 701634
701694 1610612768 0 2 28 977520 28 974152 108 0 974216 973960 974084 950488 4294966868 26463352 701361 701694
701360 536870944 3 4 977652 4 974152 974152 4294966880 941328 977636 973960 974084 950488 4294966868 26463352 701361 701360
701550 2147483680 3 4 977652 27 974152 974152 3 941328 977636 973960 974084 950488 4294966868 26463352 701361 701550
701562 2147483680 3 1 977652 977640 974152 974152 3 941328 977636 973960 974084 950488 4294966868 26463352 701361 701562
701568 32 3 2 0 977640 974152 974152 3 941328 977636 973960 974084 950488 4294966868 26463352 701361 701568
701572 1610612768 3 2 0 977640 974152 974152 3 941328 977636 973960 974084 950488 4294966868 26463352 701361 701572
701614 1610612768 0 2 0 977640 975440 974152 3 941328 977636 973960 974084 950488 4294966868 26463352 701361 701614
701620 1610612768 0 2 28 977640 975440 974152 3 941328 977636 973960 974084 950488 4294966868 26463352 701361 701620
701622 1610612768 0 2 28 977640 975440 974152 3 941328 977636 973960 974084 950488 4294966868 26463352 701361 701622
701640 1610612768 0 2 28 977640 0 974152 3 0 977636 973960 974084 950488 4294966868 26463352 701361 701640
701634 1610612768 0 2 28 977520 0 974152 0 0 977636 973960 974084 950488 4294966868 26463352 701361 701634
701640 536870944 0 2 28 977520 1 974152 0 0 977636 973960 974084 950488 4294966868 26463352 701361 701640
701634 1610612768 0 2 28 977520 1 974152 4 0 977636 973960 974084 950488 4294966868 26463352 701361 701634
701640 536870944 0 2 28 977520 2 974152 4 0 977636 973960 974084 950488 4294966868 26463352 701361 701640
701634 1610612768 0 2 28 977520 2 974152 8 0 977636 973960 974084 950488 4294966868 26463352 701361 701634
701640 536870944 0 2 28 977520 3 974152 8 0 977636 973960 974084 950488 4294966868 26463352 701361 701640
701634 1610612768 0 2 28 977520 3 974152 12 0 977636 973960 974084 950488 4294966868 26463352 701361 701634
701640 536870944 0 2 28 977520 4 974152 12 0 977636 973960 974084 950488 4294966868 26463352 701361 701640
701634 1610612768 0 2 28 977520 4 974152 16 0 977636 973960 974084 950488 4294966868 26463352 701361 701634
701640 536870944 0 2 28 977520 5 974152 16 0 977636 973960 974084 950488 4294966868 26463352 701361 701640
701634 1610612768 0 2 28 977520 5 974152 20 0 977636 973960 974084 950488 4294966868 26463352 701361 701634
701640 536870944 0 2 28 977520 6 974152 20 0 977636 973960 974084 950488 4294966868 26463352 701361 701640
701634 1610612768 0 2 28 977520 6 974152 24 0 977636 973960 974084 950488 4294966868 26463352 701361 701634
701640 536870944 0 2 28 977520 7 974152 24 0 977636 973960 974084 950488 4294966868 26463352 701361 701640
701634 1610612768 0 2 28 977520 7 974152 28 0 977636 973960 974084 950488 4294966868 26463352 701361 701634
701640 536870944 0 2 28 977520 8 974152 28 0 977636 973960 974084 950488 4294966868 26463352 701361 701640
701634 1610612768 0 2 28 977520 8 974152 32 0 977636 973960 974084 950488 4294966868 26463352 701361 701634
701640 536870944 0 2 28 977520 9 974152 32 0 977636 973960 974084 950488 4294966868 26463352 701361 701640
701634 1610612768 0 2 28 977520 9 974152 36 0 977636 973960 974084 950488 4294966868 26463352 701361 701634
701640 536870944 0 2 28 977520 10 974152 36 0 977636 973960 974084 950488 4294966868 26463352 701361 701640
701634 1610612768 0 2 28 977520 10 974152 40 0 977636 973960 974084 950488 4294966868 26463352 701361 701634
701640 536870944 0 2 28 977520 11 974152 40 0 977636 973960 974084 950488 4294966868 26463352 701361 701640
701634 1610612768 0 2 28 977520 11 974152 44 0 977636 973960 974084 950488 4294966868 26463352 701361 701634
701640 536870944 0 2 28 977520 12 974152 44 0 977636 973960 974084 950488 4294966868 26463352 701361 701640
701634 1610612768 0 2 28 977520 12 974152 48 0 977636 973960 974084 950488 4294966868 26463352 701361 701634
701640 536870944 0 2 28 977520 13 974152 48 0 977636 973960 974084 950488 4294966868 26463352 701361 701640
701634 1610612768 0 2 28 977520 13 974152 52 0 977636 973960 974084 950488 4294966868 26463352 701361 701634
701640 536870944 0 2 28 977520 14 974152 52 0 977636 973960 974084 950488 4294966868 26463352 701361 701640
701634 1610612768 0 2 28 977520 14 974152 56 0 977636 973960 974084 950488 4294966868 26463352 701361 701634
701640 536870944 0 2 28 977520 15 974152 56 0 977636 973960 974084 950488 4294966868 26463352 701361 701640
701634 1610612768 0 2 28 977520 15 974152 60 0 977636 973960 974084 950488 4294966868 26463352 701361 701634
701640 536870944 0 2 28 977520 16 974152 60 0 977636 973960 974084 950488 4294966868 26463352 701361 701640
701634 1610612768 0 2 28 977520 16 974152 64 0 977636 973960 974084 950488 4294966868 26463352 701361 701634
701640 536870944 0 2 28 977520 17 974152 64 0 977636 973960 974084 950488 4294966868 26463352 701361 701640
701634 1610612768 0 2 28 977520 17 974152 68 0 977636 973960 974084 950488 4294966868 26463352 701361 701634
701640 536870944 0 2 28 977520 18 974152 68 0 977636 973960 974084 950488 4294966868 26463352 701361 701640
701634 1610612768 0 2 28 977520 18 974152 72 0 977636 973960 974084 950488 4294966868 26463352 701361 701634
701640 536870944 0 2 28 977520 19 974152 72 0 977636 973960 974084 950488 4294966868 26463352 701361 701640
701634 1610612768 0 2 28 977520 19 974152 76 0 977636 973960 974084 950488 4294966868 26463352 701361 701634
701640 536870944 0 2 28 977520 20 974152 76 0 977636 973960 974084 950488 4294966868 26463352 701361 701640
701634 1610612768 0 2 28 977520 20 974152 80 0 977636 973960 974084 950488 4294966868 26463352 701361 701634
701640 536870944 0 2 28 977520 21 974152 80 0 977636 973960 974084 950488 4294966868 26463352 701361 701640
701634 1610612768 0 2 28 977520 21 974152 84 0 977636 973960 974084 950488 4294966868 26463352 701361 701634
701640 536870944 0 2 28 977520 22 974152 84 0 977636 973960 974084 950488 4294966868 26463352 701361 701640
701634 1610612768 0 2 28 977520 22 974152 88 0 977636 973960 974084 950488 4294966868 26463352 701361 701634
701640 536870944 0 2 28 977520 23 974152 88 0 977636 973960 974084 950488 4294966868 26463352 701361 701640
701634 1610612768 0 2 28 977520 23 974152 92 0 977636 973960 974084 950488 4294966868 26463352 701361 701634
701640 536870944 0 2 28 977520 24 974152 92 0 977636 973960 974084 950488 4294966868 26463352 701361 701640
701634 1610612768 0 2 28 977520 24 974152 96 0 977636 973960 974084 950488 4294966868 26463352 701361 701634
701640 536870944 0 2 28 977520 25 974152 96 0 977636 973960 974084 950488 4294966868 26463352 701361 701640
701634 1610612768 0 2 28 977520 25 974152 100 0 977636 973960 974084 950488 4294966868 26463352 701361 701634
701640 536870944 0 2 28 977520 26 974152 100 0 977636 973960 974084 950488 4294966868 26463352 701361 701640
701634 1610612768 0 2 28 977520 26 974152 104 0 977636 973960 974084 950488 4294966868 26463352 701361 701634
701640 536870944 0 2 28 977520 27 974152 104 0 977636 973960 974084 950488 4294966868 26463352 701361 701640
701634 1610612768 0 2 28 977520 27 974152 108 0 977636 973960 974084 950488 4294966868 26463352 701361 701634
701694 1610612768 0 2 28 977520 28 974152 108 0 977636 973960 974084 950488 4294966868 26463352 701361 701694
701360 536870944 4 5 977652 5 974152 974152 4294966888 941328 975856 973960 974084 950488 4294966868 26463352 701361 701360
701550 2147483680 4 5 977652 27 974152 974152 4 941328 975856 973960 974084 950488 4294966868 26463352 701361 701550
701562 2147483680 4 1 977652 975860 974152 974152 4 941328 975856 973960 974084 950488 4294966868 26463352 701361 701562
701568 32 4 2 0 975860 974152 974152 4 941328 975856 973960 974084 950488 4294966868 26463352 701361 701568
701572 1610612768 4 2 0 975860 974152 974152 4 941328 975856 973960 974084 950488 4294966868 26463352 701361 701572
701614 1610612768 0 2 0 975860 975440 974152 4 941328 975856 973960 974084 950488 4294966868 26463352 701361 701614
701620 1610612768 0 2 28 975860 975440 974152 4 941328 975856 973960 974084 950488 4294966868 26463352 701361 701620
701622 1610612768 0 2 28 975860 975440 974152 4 941328 975856 973960 974084 950488 4294966868 26463352 701361 701622
701640 1610612768 0 2 28 975860 0 974152 4 0 975856 973960 974084 950488 4294966868 26463352 701361 701640
701634 1610612768 0 2 28 977520 0 974152 0 0 975856 973960 974084 950488 4294966868 26463352 701361 701634
701640 536870944 0 2 28 977520 1 974152 0 0 975856 973960 974084 950488 4294966868 26463352 701361 701640
701634 1610612768 0 2 28 977520 1 974152 4 0 975856 973960 974084 950488 4294966868 26463352 701361 701634
701640 536870944 0 2 28 977520 2 974152 4 0 975856 973960 974084 950488 4294966868 26463352 701361 701640
701634 1610612768 0 2 28 977520 2 974152 8 0 975856 973960 974084 950488 4294966868 26463352 701361 701634
701640 536870944 0 2 28 977520 3 974152 8 0 975856 973960 974084 950488 4294966868 26463352 701361 701640
701634 1610612768 0 2 28 977520 3 974152 12 0 975856 973960 974084 950488 4294966868 26463352 701361 701634
701640 536870944 0 2 28 977520 4 974152 12 0 975856 973960 974084 950488 4294966868 26463352 701361 701640
701634 1610612768 0 2 28 977520 4 974152 16 0 975856 973960 974084 950488 4294966868 26463352 701361 701634
701640 536870944 0 2 28 977520 5 974152 16 0 975856 973960 974084 950488 4294966868 26463352 701361 701640
701634 1610612768 0 2 28 977520 5 974152 20 0 975856 973960 974084 950488 4294966868 26463352 701361 701634
701640 536870944 0 2 28 977520 6 974152 20 0 975856 973960 974084 950488 4294966868 26463352 701361 701640
701634 1610612768 0 2 28 977520 6 974152 24 0 975856 973960 974084 950488 4294966868 26463352 701361 701634
701640 536870944 0 2 28 977520 7 974152 24 0 975856 973960 974084 950488 4294966868 26463352 701361 701640
701634 1610612768 0 2 28 977520 7 974152 28 0 975856 973960 974084 950488 4294966868 26463352 701361 701634
701640 536870944 0 2 28 977520 8 974152 28 0 975856 973960 974084 950488 4294966868 26463352 701361 701640
701634 1610612768 0 2 28 977520 8 974152 32 0 975856 973960 974084 950488 4294966868 26463352 701361 701634
701640 536870944 0 2 28 977520 9 974152 32 0 975856 973960 974084 950488 4294966868 26463352 701361 701640
701634 1610612768 0 2 28 977520 9 974152 36 0 975856 973960 974084 950488 4294966868 26463352 701361 701634
701640 536870944 0 2 28 977520 10 974152 36 0 975856 973960 974084 950488 4294966868 26463352 701361 701640
701634 1610612768 0 2 28 977520 10 974152 40 0 975856 973960 974084 950488 4294966868 26463352 701361 701634
701640 536870944 0 2 28 977520 11 974152 40 0 975856 973960 974084 950488 4294966868 26463352 701361 701640
701634 1610612768 0 2 28 977520 11 974152 44 0 975856 973960 974084 950488 4294966868 26463352 701361 701634
701640 536870944 0 2 28 977520 12 974152 44 0 975856 973960 974084 950488 4294966868 26463352 701361 701640
701634 1610612768 0 2 28 977520 12 974152 48 0 975856 973960 974084 950488 4294966868 26463352 701361 701634
701640 536870944 0 2 28 977520 13 974152 48 0 975856 973960 974084 950488 4294966868 26463352 701361 701640
701634 1610612768 0 2 28 977520 13 974152 52 0 975856 973960 974084 950488 4294966868 26463352 701361 701634
701640 536870944 0 2 28 977520 14 974152 52 0 975856 973960 974084 950488 4294966868 26463352 701361 701640
701634 1610612768 0 2 28 977520 14 974152 56 0 975856 973960 974084 950488 4294966868 26463352 701361 701634
701640 536870944 0 2 28 977520 15 974152 56 0 975856 973960 974084 950488 4294966868 26463352 701361 701640
701634 1610612768 0 2 28 977520 15 974152 60 0 975856 973960 974084 950488 4294966868 26463352 701361 701634
701640 536870944 0 2 28 977520 16 974152 60 0 975856 973960 974084 950488 4294966868 26463352 701361 701640
701634 1610612768 0 2 28 977520 16 974152 64 0 975856 973960 974084 950488 4294966868 26463352 701361 701634
701640 536870944 0 2 28 977520 17 974152 64 0 975856 973960 974084 950488 4294966868 26463352 701361 701640
701634 1610612768 0 2 28 977520 17 974152 68 0 975856 973960 974084 950488 4294966868 26463352 701361 701634
701640 536870944 0 2 28 977520 18 974152 68 0 975856 973960 974084 950488 4294966868 26463352 701361 701640
701634 1610612768 0 2 28 977520 18 974152 72 0 975856 973960 974084 950488 4294966868 26463352 701361 701634
701640 536870944 0 2 28 977520 19 974152 72 0 975856 973960 974084 950488 4294966868 26463352 701361 701640
701634 1610612768 0 2 28 977520 19 974152 76 0 975856 973960 974084 950488 4294966868 26463352 701361 701634
701640 536870944 0 2 28 977520 20 974152 76 0 975856 973960 974084 950488 4294966868 26463352 701361 701640
701634 1610612768 0 2 28 977520 20 974152 80 0 975856 973960 974084 950488 4294966868 26463352 701361 701634
701640 536870944 0 2 28 977520 21 974152 80 0 975856 973960 974084 950488 4294966868 26463352 701361 701640
701634 1610612768 0 2 28 977520 21 974152 84 0 975856 973960 974084 950488 4294966868 26463352 701361 701634
701640 536870944 0 2 28 977520 22 974152 84 0 975856 973960 974084 950488 4294966868 26463352 701361 701640
701634 1610612768 0 2 28 977520 22 974152 88 0 975856 973960 974084 950488 4294966868 26463352 701361 701634
701640 536870944 0 2 28 977520 23 974152 88 0 975856 973960 974084 950488 4294966868 26463352 701361 701640
701634 1610612768 0 2 28 977520 23 974152 92 0 975856 973960 974084 950488 4294966868 26463352 701361 701634
701640 536870944 0 2 28 977520 24 974152 92 0 975856 973960 974084 950488 4294966868 26463352 701361 701640
701634 1610612768 0 2 28 977520 24 974152 96 0 975856 973960 974084 950488 4294966868 26463352 701361 701634
701640 536870944 0 2 28 977520 25 974152 96 0 975856 973960 974084 950488 4294966868 26463352 701361 701640
701634 1610612768 0 2 28 977520 25 974152 100 0 975856 973960 974084 950488 4294966868 26463352 701361 701634
701640 536870944 0 2 28 977520 26 974152 100 0 975856 973960 974084 950488 4294966868 26463352 701361 701640
701634 1610612768 0 2 28 977520 26 974152 104 0 975856 973960 974084 950488 4294966868 26463352 701361 701634
701640 536870944 0 2 28 977520 27 974152 104 0 975856 973960 974084 950488 4294966868 26463352 701361 701640
701634 1610612768 0 2 28 977520 27 974152 108 0 975856 973960 974084 950488 4294966868 26463352 701361 701634
701694 1610612768 0 2 28 977520 28 974152 108 0 975856 973960 974084 950488 4294966868 26463352 701361 701694
701360 536870944 5 6 977652 6 974152 974152 4294966888 941328 974132 973960 974084 950488 950104 26463352 701361 701360
701550 2147483680 5 6 977652 27 974152 974152 5 941328 974132 973960 974084 950488 950104 26463352 701361 701550
701562 2147483680 5 1 977652 974136 974152 974152 5 941328 974132 973960 974084 950488 950104 26463352 701361 701562
701568 32 5 2 0 974136 974152 974152 5 941328 974132 973960 974084 950488 950104 26463352 701361 701568
701572 1610612768 5 2 0 974136 974152 974152 5 941328 974132 973960 974084 950488 950104 26463352 701361 701572
701614 1610612768 0 2 0 974136 975440 974152 5 941328 974132 973960 974084 950488 950104 26463352 701361 701614
701620 1610612768 0 2 28 974136 975440 974152 5 941328 974132 973960 974084 950488 950104 26463352 701361 701620
701622 1610612768 0 2 28 974136 975440 974152 5 941328 974132 973960 974084 950488 950104 26463352 701361 701622
701640 1610612768 0 2 28 974136 0 974152 5 0 974132 973960 974084 950488 950104 26463352 701361 701640
701634 1610612768 0 2 28 977520 0 974152 0 0 974132 973960 974084 950488 950104 26463352 701361 701634
701640 536870944 0 2 28 977520 1 974152 0 0 974132 973960 974084 950488 950104 26463352 701361 701640
701634 1610612768 0 2 28 977520 1 974152 4 0 974132 973960 974084 950488 950104 26463352 701361 701634
701640 536870944 0 2 28 977520 2 974152 4 0 974132 973960 974084 950488 950104 26463352 701361 701640
701634 1610612768 0 2 28 977520 2 974152 8 0 974132 973960 974084 950488 950104 26463352 701361 701634
701640 536870944 0 2 28 977520 3 974152 8 0 974132 973960 974084 950488 950104 26463352 701361 701640
701634 1610612768 0 2 28 977520 3 974152 12 0 974132 973960 974084 950488 950104 26463352 701361 701634
701640 536870944 0 2 28 977520 4 974152 12 0 974132 973960 974084 950488 950104 26463352 701361 701640
701634 1610612768 0 2 28 977520 4 974152 16 0 974132 973960 974084 950488 950104 26463352 701361 701634
701640 536870944 0 2 28 977520 5 974152 16 0 974132 973960 974084 950488 950104 26463352 701361 701640
701634 1610612768 0 2 28 977520 5 974152 20 0 974132 973960 974084 950488 950104 26463352 701361 701634
701640 536870944 0 2 28 977520 6 974152 20 0 974132 973960 974084 950488 950104 26463352 701361 701640
701634 1610612768 0 2 28 977520 6 974152 24 0 974132 973960 974084 950488 950104 26463352 701361 701634
701640 536870944 0 2 28 977520 7 974152 24 0 974132 973960 974084 950488 950104 26463352 701361 701640
701634 1610612768 0 2 28 977520 7 974152 28 0 974132 973960 974084 950488 950104 26463352 701361 701634
701640 536870944 0 2 28 977520 8 974152 28 0 974132 973960 974084 950488 950104 26463352 701361 701640
701634 1610612768 0 2 28 977520 8 974152 32 0 974132 973960 974084 950488 950104 26463352 701361 701634
701640 536870944 0 2 28 977520 9 974152 32 0 974132 973960 974084 950488 950104 26463352 701361 701640
701634 1610612768 0 2 28 977520 9 974152 36 0 974132 973960 974084 950488 950104 26463352 701361 701634
701640 536870944 0 2 28 977520 10 974152 36 0 974132 973960 974084 950488 950104 26463352 701361 701640
701634 1610612768 0 2 28 977520 10 974152 40 0 974132 973960 974084 950488 950104 26463352 701361 701634
701640 536870944 0 2 28 977520 11 974152 40 0 974132 973960 974084 950488 950104 26463352 701361 701640
701634 1610612768 0 2 28 977520 11 974152 44 0 974132 973960 974084 950488 950104 26463352 701361 701634
701640 536870944 0 2 28 977520 12 974152 44 0 974132 973960 974084 950488 950104 26463352 701361 701640
701634 1610612768 0 2 28 977520 12 974152 48 0 974132 973960 974084 950488 950104 26463352 701361 701634
701640 536870944 0 2 28 977520 13 974152 48 0 974132 973960 974084 950488 950104 26463352 701361 701640
701634 1610612768 0 2 28 977520 13 974152 52 0 974132 973960 974084 950488 950104 26463352 701361 701634
701640 536870944 0 2 28 977520 14 974152 52 0 974132 973960 974084 950488 950104 26463352 701361 701640
701634 1610612768 0 2 28 977520 14 974152 56 0 974132 973960 974084 950488 950104 26463352 701361 701634
701640 536870944 0 2 28 977520 15 974152 56 0 974132 973960 974084 950488 950104 26463352 701361 701640
701634 1610612768 0 2 28 977520 15 974152 60 0 974132 973960 974084 950488 950104 26463352 701361 701634
701640 536870944 0 2 28 977520 16 974152 60 0 974132 973960 974084 950488 950104 26463352 701361 701640
701634 1610612768 0 2 28 977520 16 974152 64 0 974132 973960 974084 950488 950104 26463352 701361 701634
701640 536870944 0 2 28 977520 17 974152 64 0 974132 973960 974084 950488 950104 26463352 701361 701640
701634 1610612768 0 2 28 977520 17 974152 68 0 974132 973960 974084 950488 950104 26463352 701361 701634
701640 536870944 0 2 28 977520 18 974152 68 0 974132 973960 974084 950488 950104 26463352 701361 701640
701634 1610612768 0 2 28 977520 18 974152 72 0 974132 973960 974084 950488 950104 26463352 701361 701634
701640 536870944 0 2 28 977520 19 974152 72 0 974132 973960 974084 950488 950104 26463352 701361 701640
701634 1610612768 0 2 28 977520 19 974152 76 0 974132 973960 974084 950488 950104 26463352 701361 701634
701640 536870944 0 2 28 977520 20 974152 76 0 974132 973960 974084 950488 950104 26463352 701361 701640
701634 1610612768 0 2 28 977520 20 974152 80 0 974132 973960 974084 950488 950104 26463352 701361 701634
701640 536870944 0 2 28 977520 21 974152 80 0 974132 973960 974084 950488 950104 26463352 701361 701640
701634 1610612768 0 2 28 977520 21 974152 84 0 974132 973960 974084 950488 950104 26463352 701361 701634
701640 536870944 0 2 28 977520 22 974152 84 0 974132 973960 974084 950488 950104 26463352 701361 701640
701634 1610612768 0 2 28 977520 22 974152 88 0 974132 973960 974084 950488 950104 26463352 701361 701634
701640 536870944 0 2 28 977520 23 974152 88 0 974132 973960 974084 950488 950104 26463352 701361 701640
701634 1610612768 0 2 28 977520 23 974152 92 0 974132 973960 974084 950488 950104 26463352 701361 701634
701640 536870944 0 2 28 977520 24 974152 92 0 974132 973960 974084 950488 950104 26463352 701361 701640
701634 1610612768 0 2 28 977520 24 974152 96 0 974132 973960 974084 950488 950104 26463352 701361 701634
701640 536870944 0 2 28 977520 25 974152 96 0 974132 973960 974084 950488 950104 26463352 701361 701640
701634 1610612768 0 2 28 977520 25 974152 100 0 974132 973960 974084 950488 950104 26463352 701361 701634
701640 536870944 0 2 28 977520 26 974152 100 0 974132 973960 974084 950488 950104 26463352 701361 701640
701634 1610612768 0 2 28 977520 26 974152 104 0 974132 973960 974084 950488 950104 26463352 701361 701634
701640 536870944 0 2 28 977520 27 974152 104 0 974132 973960 974084 950488 950104 26463352 701361 701640
701634 1610612768 0 2 28 977520 27 974152 108 0 974132 973960 974084 950488 950104 26463352 701361 701634
701694 1610612768 0 2 28 977520 28 974152 108 0 974132 973960 974084 950488 950104 26463352 701361 701694
701360 536870944 6 7 977652 7 974152 974152 940800 0 975824 974100 974084 950488 941304 26463352 701361 701360
701550 2147483680 6 7 977652 27 974152 974152 6 0 975824 974100 974084 950488 941304 26463352 701361 701550
701562 2147483680 6 1 977652 975828 974152 974152 6 0 975824 974100 974084 950488 941304 26463352 701361 701562
701568 32 6 2 0 975828 974152 974152 6 0 975824 974100 974084 950488 941304 26463352 701361 701568
701572 1610612768 6 2 0 975828 974152 974152 6 0 975824 974100 974084 950488 941304 26463352 701361 701572
701614 1610612768 0 2 0 975828 975440 974152 6 0 975824 974100 974084 950488 941304 26463352 701361 701614
701620 1610612768 0 2 28 975828 975440 974152 6 0 975824 974100 974084 950488 941304 26463352 701361 701620
701622 1610612768 0 2 28 975828 975440 974152 6 0 975824 974100 974084 950488 941304 26463352 701361 701622
701640 1610612768 0 2 28 975828 0 974152 6 0 975824 974100 974084 950488 941304 26463352 701361 701640
701634 1610612768 0 2 28 977520 0 974152 0 0 975824 974100 974084 950488 941304 26463352 701361 701634
701640 536870944 0 2 28 977520 1 974152 0 0 975824 974100 974084 950488 941304 26463352 701361 701640
701634 1610612768 0 2 28 977520 1 974152 4 0 975824 974100 974084 950488 941304 26463352 701361 701634
701640 536870944 0 2 28 977520 2 974152 4 0 975824 974100 974084 950488 941304 26463352 701361 701640
701634 1610612768 0 2 28 977520 2 974152 8 0 975824 974100 974084 950488 941304 26463352 701361 701634
701640 536870944 0 2 28 977520 3 974152 8 0 975824 974100 974084 950488 941304 26463352 701361 701640
701634 1610612768 0 2 28 977520 3 974152 12 0 975824 974100 974084 950488 941304 26463352 701361 701634
701640 536870944 0 2 28 977520 4 974152 12 0 975824 974100 974084 950488 941304 26463352 701361 701640
701634 1610612768 0 2 28 977520 4 974152 16 0 975824 974100 974084 950488 941304 26463352 701361 701634
701640 536870944 0 2 28 977520 5 974152 16 0 975824 974100 974084 950488 941304 26463352 701361 701640
701634 1610612768 0 2 28 977520 5 974152 20 0 975824 974100 974084 950488 941304 26463352 701361 701634
701640 536870944 0 2 28 977520 6 974152 20 0 975824 974100 974084 950488 941304 26463352 701361 701640
701634 1610612768 0 2 28 977520 6 974152 24 0 975824 974100 974084 950488 941304 26463352 701361 701634
701640 536870944 0 2 28 977520 7 974152 24 0 975824 974100 974084 950488 941304 26463352 701361 701640
701634 1610612768 0 2 28 977520 7 974152 28 0 975824 974100 974084 950488 941304 26463352 701361 701634
701640 536870944 0 2 28 977520 8 974152 28 0 975824 974100 974084 950488 941304 26463352 701361 701640
701634 1610612768 0 2 28 977520 8 974152 32 0 975824 974100 974084 950488 941304 26463352 701361 701634
701640 536870944 0 2 28 977520 9 974152 32 0 975824 974100 974084 950488 941304 26463352 701361 701640
701634 1610612768 0 2 28 977520 9 974152 36 0 975824 974100 974084 950488 941304 26463352 701361 701634
701640 536870944 0 2 28 977520 10 974152 36 0 975824 974100 974084 950488 941304 26463352 701361 701640
701634 1610612768 0 2 28 977520 10 974152 40 0 975824 974100 974084 950488 941304 26463352 701361 701634
701640 536870944 0 2 28 977520 11 974152 40 0 975824 974100 974084 950488 941304 26463352 701361 701640
701634 1610612768 0 2 28 977520 11 974152 44 0 975824 974100 974084 950488 941304 26463352 701361 701634
701640 536870944 0 2 28 977520 12 974152 44 0 975824 974100 974084 950488 941304 26463352 701361 701640
701634 1610612768 0 2 28 977520 12 974152 48 0 975824 974100 974084 950488 941304 26463352 701361 701634
701640 536870944 0 2 28 977520 13 974152 48 0 975824 974100 974084 950488 941304 26463352 701361 701640
701634 1610612768 0 2 28 977520 13 974152 52 0 975824 974100 974084 950488 941304 26463352 701361 701634
701640 536870944 0 2 28 977520 14 974152 52 0 975824 974100 974084 950488 941304 26463352 701361 701640
701634 1610612768 0 2 28 977520 14 974152 56 0 975824 974100 974084 950488 941304 26463352 701361 701634
701640 536870944 0 2 28 977520 15 974152 56 0 975824 974100 974084 950488 941304 26463352 701361 701640
701634 1610612768 0 2 28 977520 15 974152 60 0 975824 974100 974084 950488 941304 26463352 701361 701634
701640 536870944 0 2 28 977520 16 974152 60 0 975824 974100 974084 950488 941304 26463352 701361 701640
701634 1610612768 0 2 28 977520 16 974152 64 0 975824 974100 974084 950488 941304 26463352 701361 701634
701640 536870944 0 2 28 977520 17 974152 64 0 975824 974100 974084 950488 941304 26463352 701361 701640
701634 1610612768 0 2 28 977520 17 974152 68 0 975824 974100 974084 950488 941304 26463352 701361 701634
701640 536870944 0 2 28 977520 18 974152 68 0 975824 974100 974084 950488 941304 26463352 701361 701640
701634 1610612768 0 2 28 977520 18 974152 72 0 975824 974100 974084 950488 941304 26463352 701361 701634
701640 536870944 0 2 28 977520 19 974152 72 0 975824 974100 974084 950488 941304 26463352 701361 701640
701634 1610612768 0 2 28 977520 19 974152 76 0 975824 974100 974084 950488 941304 26463352 701361 701634
701640 536870944 0 2 28 977520 20 974152 76 0 975824 974100 974084 950488 941304 26463352 701361 701640
701634 1610612768 0 2 28 977520 20 974152 80 0 975824 974100 974084 950488 941304 26463352 701361 701634
701640 536870944 0 2 28 977520 21 974152 80 0 975824 974100 974084 950488 941304 26463352 701361 701640
701634 1610612768 0 2 28 977520 21 974152 84 0 975824 974100 974084 950488 941304 26463352 701361 701634
701640 536870944 0 2 28 977520 22 974152 84 0 975824 974100 974084 950488 941304 26463352 701361 701640
701634 1610612768 0 2 28 977520 22 974152 88 0 975824 974100 974084 950488 941304 26463352 701361 701634
701640 536870944 0 2 28 977520 23 974152 88 0 975824 974100 974084 950488 941304 26463352 701361 701640
701634 1610612768 0 2 28 977520 23 974152 92 0 975824 974100 974084 950488 941304 26463352 701361 701634
701640 536870944 0 2 28 977520 24 974152 92 0 975824 974100 974084 950488 941304 26463352 701361 701640
701634 1610612768 0 2 28 977520 24 974152 96 0 975824 974100 974084 950488 941304 26463352 701361 701634
701640 536870944 0 2 28 977520 25 974152 96 0 975824 974100 974084 950488 941304 26463352 701361 701640
701634 1610612768 0 2 28 977520 25 974152 100 0 975824 974100 974084 950488 941304 26463352 701361 701634
701640 536870944 0 2 28 977520 26 974152 100 0 975824 974100 974084 950488 941304 26463352 701361 701640
701634 1610612768 0 2 28 977520 26 974152 104 0 975824 974100 974084 950488 941304 26463352 701361 701634
701640 536870944 0 2 28 977520 27 974152 104 0 975824 974100 974084 950488 941304 26463352 701361 701640
701634 1610612768 0 2 28 977520 27 974152 108 0 975824 974100 974084 950488 941304 26463352 701361 701634
701694 1610612768 0 2 28 977520 28 974152 108 0 975824 974100 974084 950488 941304 26463352 701361 701694
701360 536870944 7 8 977652 8 974152 974152 977332 0 975800 974100 974084 950488 1 26463352 701361 701360
701550 2147483680 7 8 977652 27 974152 974152 7 0 975800 974100 974084 950488 1 26463352 701361 701550
701562 2147483680 7 1 977652 975804 974152 974152 7 0 975800 974100 974084 950488 1 26463352 701361 701562
701568 32 7 2 0 975804 974152 974152 7 0 975800 974100 974084 950488 1 26463352 701361 701568
701572 1610612768 7 2 0 975804 974152 974152 7 0 975800 974100 974084 950488 1 26463352 701361 701572
701614 1610612768 0 2 0 975804 975440 974152 7 0 975800 974100 974084 950488 1 26463352 701361 701614
701620 1610612768 0 2 28 975804 975440 974152 7 0 975800 974100 974084 950488 1 26463352 701361 701620
701622 1610612768 0 2 28 975804 975440 974152 7 0 975800 974100 974084 950488 1 26463352 701361 701622
701640 1610612768 0 2 28 975804 0 974152 7 0 975800 974100 974084 950488 1 26463352 701361 701640
701634 1610612768 0 2 28 977520 0 974152 0 0 975800 974100 974084 950488 1 26463352 701361 701634
701640 536870944 0 2 28 977520 1 974152 0 0 975800 974100 974084 950488 1 26463352 701361 701640
701634 1610612768 0 2 28 977520 1 974152 4 0 975800 974100 974084 950488 1 26463352 701361 701634
701640 536870944 0 2 28 977520 2 974152 4 0 975800 974100 974084 950488 1 26463352 701361 701640
701634 1610612768 0 2 28 977520 2 974152 8 0 975800 974100 974084 950488 1 26463352 701361 701634
701640 536870944 0 2 28 977520 3 974152 8 0 975800 974100 974084 950488 1 26463352 701361 701640
701634 1610612768 0 2 28 977520 3 974152 12 0 975800 974100 974084 950488 1 26463352 701361 701634
701640 536870944 0 2 28 977520 4 974152 12 0 975800 974100 974084 950488 1 26463352 701361 701640
701634 1610612768 0 2 28 977520 4 974152 16 0 975800 974100 974084 950488 1 26463352 701361 701634
701640 536870944 0 2 28 977520 5 974152 16 0 975800 974100 974084 950488 1 26463352 701361 701640
701634 1610612768 0 2 28 977520 5 974152 20 0 975800 974100 974084 950488 1 26463352 701361 701634
701640 536870944 0 2 28 977520 6 974152 20 0 975800 974100 974084 950488 1 26463352 701361 701640
701634 1610612768 0 2 28 977520 6 974152 24 0 975800 974100 974084 950488 1 26463352 701361 701634
701640 536870944 0 2 28 977520 7 974152 24 0 975800 974100 974084 950488 1 26463352 701361 701640
701634 1610612768 0 2 28 977520 7 974152 28 0 975800 974100 974084 950488 1 26463352 701361 701634
701640 536870944 0 2 28 977520 8 974152 28 0 975800 974100 974084 950488 1 26463352 701361 701640
701634 1610612768 0 2 28 977520 8 974152 32 0 975800 974100 974084 950488 1 26463352 701361 701634
701640 536870944 0 2 28 977520 9 974152 32 0 975800 974100 974084 950488 1 26463352 701361 701640
701634 1610612768 0 2 28 977520 9 974152 36 0 975800 974100 974084 950488 1 26463352 701361 701634
701640 536870944 0 2 28 977520 10 974152 36 0 975800 974100 974084 950488 1 26463352 701361 701640
701634 1610612768 0 2 28 977520 10 974152 40 0 975800 974100 974084 950488 1 26463352 701361 701634
701640 536870944 0 2 28 977520 11 974152 40 0 975800 974100 974084 950488 1 26463352 701361 701640
701634 1610612768 0 2 28 977520 11 974152 44 0 975800 974100 974084 950488 1 26463352 701361 701634
701640 536870944 0 2 28 977520 12 974152 44 0 975800 974100 974084 950488 1 26463352 701361 701640
701634 1610612768 0 2 28 977520 12 974152 48 0 975800 974100 974084 950488 1 26463352 701361 701634
701640 536870944 0 2 28 977520 13 974152 48 0 975800 974100 974084 950488 1 26463352 701361 701640
701634 1610612768 0 2 28 977520 13 974152 52 0 975800 974100 974084 950488 1 26463352 701361 701634
701640 536870944 0 2 28 977520 14 974152 52 0 975800 974100 974084 950488 1 26463352 701361 701640
701634 1610612768 0 2 28 977520 14 974152 56 0 975800 974100 974084 950488 1 26463352 701361 701634
701640 536870944 0 2 28 977520 15 974152 56 0 975800 974100 974084 950488 1 26463352 701361 701640
701634 1610612768 0 2 28 977520 15 974152 60 0 975800 974100 974084 950488 1 26463352 701361 701634
701640 536870944 0 2 28 977520 16 974152 60 0 975800 974100 974084 950488 1 26463352 701361 701640
701634 1610612768 0 2 28 977520 16 974152 64 0 975800 974100 974084 950488 1 26463352 701361 701634
701640 536870944 0 2 28 977520 17 974152 64 0 975800 974100 974084 950488 1 26463352 701361 701640
701634 1610612768 0 2 28 977520 17 974152 68 0 975800 974100 974084 950488 1 26463352 701361 701634
701640 536870944 0 2 28 977520 18 974152 68 0 975800 974100 974084 950488 1 26463352 701361 701640
701634 1610612768 0 2 28 977520 18 974152 72 0 975800 974100 974084 950488 1 26463352 701361 701634
701640 536870944 0 2 28 977520 19 974152 72 0 975800 974100 974084 950488 1 26463352 701361 701640
701634 1610612768 0 2 28 977520 19 974152 76 0 975800 974100 974084 950488 1 26463352 701361 701634
701640 536870944 0 2 28 977520 20 974152 76 0 975800 974100 974084 950488 1 26463352 701361 701640
701634 1610612768 0 2 28 977520 20 974152 80 0 975800 974100 974084 950488 1 26463352 701361 701634
701640 536870944 0 2 28 977520 21 974152 80 0 975800 974100 974084 950488 1 26463352 701361 701640
701634 1610612768 0 2 28 977520 21 974152 84 0 975800 974100 974084 950488 1 26463352 701361 701634
701640 536870944 0 2 28 977520 22 974152 84 0 975800 974100 974084 950488 1 26463352 701361 701640
701634 1610612768 0 2 28 977520 22 974152 88 0 975800 974100 974084 950488 1 26463352 701361 701634
701640 536870944 0 2 28 977520 23 974152 88 0 975800 974100 974084 950488 1 26463352 701361 701640
701634 1610612768 0 2 28 977520 23 974152 92 0 975800 974100 974084 950488 1 26463352 701361 701634
701640 536870944 0 2 28 977520 24 974152 92 0 975800 974100 974084 950488 1 26463352 701361 701640
701634 1610612768 0 2 28 977520 24 974152 96 0 975800 974100 974084 950488 1 26463352 701361 701634
701640 536870944 0 2 28 977520 25 974152 96 0 975800 974100 974084 950488 1 26463352 701361 701640
701634 1610612768 0 2 28 977520 25 974152 100 0 975800 974100 974084 950488 1 26463352 701361 701634
701640 536870944 0 2 28 977520 26 974152 100 0 975800 974100 974084 950488 1 26463352 701361 701640
701634 1610612768 0 2 28 977520 26 974152 104 0 975800 974100 974084 950488 1 26463352 701361 701634
701640 536870944 0 2 28 977520 27 974152 104 0 975800 974100 974084 950488 1 26463352 701361 701640
701634 1610612768 0 2 28 977520 27 974152 108 0 975800 974100 974084 950488 1 26463352 701361 701634
701694 1610612768 0 2 28 977520 28 974152 108 0 975800 974100 974084 950488 1 26463352 701361 701694
701360 536870944 8 9 977652 9 974152 974152 4294966928 0 975572 974100 974084 950488 1 26463352 701361 701360
701550 2147483680 8 9 977652 27 974152 974152 8 0 975572 974100 974084 950488 1 26463352 701361 701550
701562 2147483680 8 1 977652 975576 974152 974152 8 0 975572 974100 974084 950488 1 26463352 701361 701562
701568 32 8 2 0 975576 974152 974152 8 0 975572 974100 974084 950488 1 26463352 701361 701568
701572 1610612768 8 2 0 975576 974152 974152 8 0 975572 974100 974084 950488 1 26463352 701361 701572
701614 1610612768 0 2 0 975576 975440 974152 8 0 975572 974100 974084 950488 1 26463352 701361 701614
701620 1610612768 0 2 28 975576 975440 974152 8 0 975572 974100 974084 950488 1 26463352 701361 701620
701622 1610612768 0 2 28 975576 975440 974152 8 0 975572 974100 974084 950488 1 26463352 701361 701622
701640 1610612768 0 2 28 975576 0 974152 8 0 975572 974100 974084 950488 1 26463352 701361 701640
701634 1610612768 0 2 28 977520 0 974152 0 0 975572 974100 974084 950488 1 26463352 701361 701634
701640 536870944 0 2 28 977520 1 974152 0 0 975572 974100 974084 950488 1 26463352 701361 701640
701634 1610612768 0 2 28 977520 1 974152 4 0 975572 974100 974084 950488 1 26463352 701361 701634
701640 536870944 0 2 28 977520 2 974152 4 0 975572 974100 974084 950488 1 26463352 701361 701640
701634 1610612768 0 2 28 977520 2 974152 8 0 975572 974100 974084 950488 1 26463352 701361 701634
701640 536870944 0 2 28 977520 3 974152 8 0 975572 974100 974084 950488 1 26463352 701361 701640
701634 1610612768 0 2 28 977520 3 974152 12 0 975572 974100 974084 950488 1 26463352 701361 701634
701640 536870944 0 2 28 977520 4 974152 12 0 975572 974100 974084 950488 1 26463352 701361 701640
701634 1610612768 0 2 28 977520 4 974152 16 0 975572 974100 974084 950488 1 26463352 701361 701634
701640 536870944 0 2 28 977520 5 974152 16 0 975572 974100 974084 950488 1 26463352 701361 701640
701634 1610612768 0 2 28 977520 5 974152 20 0 975572 974100 974084 950488 1 26463352 701361 701634
701640 536870944 0 2 28 977520 6 974152 20 0 975572 974100 974084 950488 1 26463352 701361 701640
701634 1610612768 0 2 28 977520 6 974152 24 0 975572 974100 974084 950488 1 26463352 701361 701634
701640 536870944 0 2 28 977520 7 974152 24 0 975572 974100 974084 950488 1 26463352 701361 701640
701634 1610612768 0 2 28 977520 7 974152 28 0 975572 974100 974084 950488 1 26463352 701361 701634
701640 536870944 0 2 28 977520 8 974152 28 0 975572 974100 974084 950488 1 26463352 701361 701640
701634 1610612768 0 2 28 977520 8 974152 32 0 975572 974100 974084 950488 1 26463352 701361 701634
701640 536870944 0 2 28 977520 9 974152 32 0 975572 974100 974084 950488 1 26463352 701361 701640
701634 1610612768 0 2 28 977520 9 974152 36 0 975572 974100 974084 950488 1 26463352 701361 701634
701640 536870944 0 2 28 977520 10 974152 36 0 975572 974100 974084 950488 1 26463352 701361 701640
701634 1610612768 0 2 28 977520 10 974152 40 0 975572 974100 974084 950488 1 26463352 701361 701634
701640 536870944 0 2 28 977520 11 974152 40 0 975572 974100 974084 950488 1 26463352 701361 701640
701634 1610612768 0 2 28 977520 11 974152 44 0 975572 974100 974084 950488 1 26463352 701361 701634
701640 536870944 0 2 28 977520 12 974152 44 0 975572 974100 974084 950488 1 26463352 701361 701640
701634 1610612768 0 2 28 977520 12 974152 48 0 975572 974100 974084 950488 1 26463352 701361 701634
701640 536870944 0 2 28 977520 13 974152 48 0 975572 974100 974084 950488 1 26463352 701361 701640
701634 1610612768 0 2 28 977520 13 974152 52 0 975572 974100 974084 950488 1 26463352 701361 701634
701640 536870944 0 2 28 977520 14 974152 52 0 975572 974100 974084 950488 1 26463352 701361 701640
701634 1610612768 0 2 28 977520 14 974152 56 0 975572 974100 974084 950488 1 26463352 701361 701634
701640 536870944 0 2 28 977520 15 974152 56 0 975572 974100 974084 950488 1 26463352 701361 701640
701634 1610612768 0 2 28 977520 15 974152 60 0 975572 974100 974084 950488 1 26463352 701361 701634
701640 536870944 0 2 28 977520 16 974152 60 0 975572 974100 974084 950488 1 26463352 701361 701640
701634 1610612768 0 2 28 977520 16 974152 64 0 975572 974100 974084 950488 1 26463352 701361 701634
701640 536870944 0 2 28 977520 17 974152 64 0 975572 974100 974084 950488 1 26463352 701361 701640
701634 1610612768 0 2 28 977520 17 974152 68 0 975572 974100 974084 950488 1 26463352 701361 701634
701640 536870944 0 2 28 977520 18 974152 68 0 975572 974100 974084 950488 1 26463352 701361 701640
701634 1610612768 0 2 28 977520 18 974152 72 0 975572 974100 974084 950488 1 26463352 701361 701634
701640 536870944 0 2 28 977520 19 974152 72 0 975572 974100 974084 950488 1 26463352 701361 701640
701634 1610612768 0 2 28 977520 19 974152 76 0 975572 974100 974084 950488 1 26463352 701361 701634
701640 536870944 0 2 28 977520 20 974152 76 0 975572 974100 974084 950488 1 26463352 701361 701640
701634 1610612768 0 2 28 977520 20 974152 80 0 975572 974100 974084 950488 1 26463352 701361 701634
701640 536870944 0 2 28 977520 21 974152 80 0 975572 974100 974084 950488 1 26463352 701361 701640
701634 1610612768 0 2 28 977520 21 974152 84 0 975572 974100 974084 950488 1 26463352 701361 701634
701640 536870944 0 2 28 977520 22 974152 84 0 975572 974100 974084 950488 1 26463352 701361 701640
701634 1610612768 0 2 28 977520 22 974152 88 0 975572 974100 974084 950488 1 26463352 701361 701634
701640 536870944 0 2 28 977520 23 974152 88 0 975572 974100 974084 950488 1 26463352 701361 701640
701634 1610612768 0 2 28 977520 23 974152 92 0 975572 974100 974084 950488 1 26463352 701361 701634
701640 536870944 0 2 28 977520 24 974152 92 0 975572 974100 974084 950488 1 26463352 701361 701640
701634 1610612768 0 2 28 977520 24 974152 96 0 975572 974100 974084 950488 1 26463352 701361 701634
701640 536870944 0 2 28 977520 25 974152 96 0 975572 974100 974084 950488 1 26463352 701361 701640
701634 1610612768 0 2 28 977520 25 974152 100 0 975572 974100 974084 950488 1 26463352 701361 701634
701640 536870944 0 2 28 977520 26 974152 100 0 975572 974100 974084 950488 1 26463352 701361 701640
701634 1610612768 0 2 28 977520 26 974152 104 0 975572 974100 974084 950488 1 26463352 701361 701634
701640 536870944 0 2 28 977520 27 974152 104 0 975572 974100 974084 950488 1 26463352 701361 701640
701634 1610612768 0 2 28 977520 27 974152 108 0 975572 974100 974084 950488 1 26463352 701361 701634
701694 1610612768 0 2 28 977520 28 974152 108 0 975572 974100 974084 950488 1 26463352 701361 701694
701360 536870944 9 10 977652 10 974152 974152 4294966936 0 974228 974100 974084 950488 1 26463352 701361 701360
701550 2147483680 9 10 977652 27 974152 974152 9 0 974228 974100 974084 950488 1 26463352 701361 701550
701562 2147483680 9 1 977652 974232 974152 974152 9 0 974228 974100 974084 950488 1 26463352 701361 701562
701568 32 9 2 0 974232 974152 974152 9 0 974228 974100 974084 950488 1 26463352 701361 701568
701572 1610612768 9 2 0 974232 974152 974152 9 0 974228 974100 974084 950488 1 26463352 701361 701572
701614 1610612768 0 2 0 974232 975440 974152 9 0 974228 974100 974084 950488 1 26463352 701361 701614
701620 1610612768 0 2 28 974232 975440 974152 9 0 974228 974100 974084 950488 1 26463352 701361 701620
701622 1610612768 0 2 28 974232 975440 974152 9 0 974228 974100 974084 950488 1 26463352 701361 701622
701640 1610612768 0 2 28 974232 0 974152 9 0 974228 974100 974084 950488 1 26463352 701361 701640
701634 1610612768 0 2 28 977520 0 974152 0 0 974228 974100 974084 950488 1 26463352 701361 701634
701640 536870944 0 2 28 977520 1 974152 0 0 974228 974100 974084 950488 1 26463352 701361 701640
701634 1610612768 0 2 28 977520 1 974152 4 0 974228 974100 974084 950488 1 26463352 701361 701634
701640 536870944 0 2 28 977520 2 974152 4 0 974228 974100 974084 950488 1 26463352 701361 701640
701634 1610612768 0 2 28 977520 2 974152 8 0 974228 974100 974084 950488 1 26463352 701361 701634
701640 536870944 0 2 28 977520 3 974152 8 0 974228 974100 974084 950488 1 26463352 701361 701640
701634 1610612768 0 2 28 977520 3 974152 12 0 974228 974100 974084 950488 1 26463352 701361 701634
701640 536870944 0 2 28 977520 4 974152 12 0 974228 974100 974084 950488 1 26463352 701361 701640
701634 1610612768 0 2 28 977520 4 974152 16 0 974228 974100 974084 950488 1 26463352 701361 701634
701640 536870944 0 2 28 977520 5 974152 16 0 974228 974100 974084 950488 1 26463352 701361 701640
701634 1610612768 0 2 28 977520 5 974152 20 0 974228 974100 974084 950488 1 26463352 701361 701634
701640 536870944 0 2 28 977520 6 974152 20 0 974228 974100 974084 950488 1 26463352 701361 701640
701634 1610612768 0 2 28 977520 6 974152 24 0 974228 974100 974084 950488 1 26463352 701361 701634
701640 536870944 0 2 28 977520 7 974152 24 0 974228 974100 974084 950488 1 26463352 701361 701640
701634 1610612768 0 2 28 977520 7 974152 28 0 974228 974100 974084 950488 1 26463352 701361 701634
701640 536870944 0 2 28 977520 8 974152 28 0 974228 974100 974084 950488 1 26463352 701361 701640
701634 1610612768 0 2 28 977520 8 974152 32 0 974228 974100 974084 950488 1 26463352 701361 701634
701640 536870944 0 2 28 977520 9 974152 32 0 974228 974100 974084 950488 1 26463352 701361 701640
701634 1610612768 0 2 28 977520 9 974152 36 0 974228 974100 974084 950488 1 26463352 701361 701634
701640 536870944 0 2 28 977520 10 974152 36 0 974228 974100 974084 950488 1 26463352 701361 701640
701634 1610612768 0 2 28 977520 10 974152 40 0 974228 974100 974084 950488 1 26463352 701361 701634
701640 536870944 0 2 28 977520 11 974152 40 0 974228 974100 974084 950488 1 26463352 701361 701640
701634 1610612768 0 2 28 977520 11 974152 44 0 974228 974100 974084 950488 1 26463352 701361 701634
701640 536870944 0 2 28 977520 12 974152 44 0 974228 974100 974084 950488 1 26463352 701361 701640
701634 1610612768 0 2 28 977520 12 974152 48 0 974228 974100 974084 950488 1 26463352 701361 701634
701640 536870944 0 2 28 977520 13 974152 48 0 974228 974100 974084 950488 1 26463352 701361 701640
701634 1610612768 0 2 28 977520 13 974152 52 0 974228 974100 974084 950488 1 26463352 701361 701634
701640 536870944 0 2 28 977520 14 974152 52 0 974228 974100 974084 950488 1 26463352 701361 701640
701634 1610612768 0 2 28 977520 14 974152 56 0 974228 974100 974084 950488 1 26463352 701361 701634
701640 536870944 0 2 28 977520 15 974152 56 0 974228 974100 974084 950488 1 26463352 701361 701640
701634 1610612768 0 2 28 977520 15 974152 60 0 974228 974100 974084 950488 1 26463352 701361 701634
701640 536870944 0 2 28 977520 16 974152 60 0 974228 974100 974084 950488 1 26463352 701361 701640
701634 1610612768 0 2 28 977520 16 974152 64 0 974228 974100 974084 950488 1 26463352 701361 701634
701640 536870944 0 2 28 977520 17 974152 64 0 974228 974100 974084 950488 1 26463352 701361 701640
701634 1610612768 0 2 28 977520 17 974152 68 0 974228 974100 974084 950488 1 26463352 701361 701634
701640 536870944 0 2 28 977520 18 974152 68 0 974228 974100 974084 950488 1 26463352 701361 701640
701634 1610612768 0 2 28 977520 18 974152 72 0 974228 974100 974084 950488 1 26463352 701361 701634
701640 536870944 0 2 28 977520 19 974152 72 0 974228 974100 974084 950488 1 26463352 701361 701640
701634 1610612768 0 2 28 977520 19 974152 76 0 974228 974100 974084 950488 1 26463352 701361 701634
701640 536870944 0 2 28 977520 20 974152 76 0 974228 974100 974084 950488 1 26463352 701361 701640
701634 1610612768 0 2 28 977520 20 974152 80 0 974228 974100 974084 950488 1 26463352 701361 701634
701640 536870944 0 2 28 977520 21 974152 80 0 974228 974100 974084 950488 1 26463352 701361 701640
701634 1610612768 0 2 28 977520 21 974152 84 0 974228 974100 974084 950488 1 26463352 701361 701634
701640 536870944 0 2 28 977520 22 974152 84 0 974228 974100 974084 950488 1 26463352 701361 701640
701634 1610612768 0 2 28 977520 22 974152 88 0 974228 974100 974084 950488 1 26463352 701361 701634
701640 536870944 0 2 28 977520 23 974152 88 0 974228 974100 974084 950488 1 26463352 701361 701640
701634 1610612768 0 2 28 977520 23 974152 92 0 974228 974100 974084 950488 1 26463352 701361 701634
701640 536870944 0 2 28 977520 24 974152 92 0 974228 974100 974084 950488 1 26463352 701361 701640
701634 1610612768 0 2 28 977520 24 974152 96 0 974228 974100 974084 950488 1 26463352 701361 701634
701640 536870944 0 2 28 977520 25 974152 96 0 974228 974100 974084 950488 1 26463352 701361 701640
701634 1610612768 0 2 28 977520 25 974152 100 0 974228 974100 974084 950488 1 26463352 701361 701634
701640 536870944 0 2 28 977520 26 974152 100 0 974228 974100 974084 950488 1 26463352 701361 701640
701634 1610612768 0 2 28 977520 26 974152 104 0 974228 974100 974084 950488 1 26463352 701361 701634
701640 536870944 0 2 28 977520 27 974152 104 0 974228 974100 974084 950488 1 26463352 701361 701640
701634 1610612768 0 2 28 977520 27 974152 108 0 974228 974100 974084 950488 1 26463352 701361 701634
701694 1610612768 0 2 28 977520 28 974152 108 0 974228 974100 974084 950488 1 26463352 701361 701694
701360 536870944 10 11 977652 11 974152 974152 974244 0 974112 974100 974084 950488 905944 26463352 701361 701360
701550 2147483680 10 11 977652 27 974152 974152 10 0 974112 974100 974084 950488 905944 26463352 701361 701550
701562 2147483680 10 1 977652 974116 974152 974152 10 0 974112 974100 974084 950488 905944 26463352 701361 701562
701568 32 10 2 0 974116 974152 974152 10 0 974112 974100 974084 950488 905944 26463352 701361 701568
701572 1610612768 10 2 0 974116 974152 974152 10 0 974112 974100 974084 950488 905944 26463352 701361 701572
701614 1610612768 0 2 0 974116 975440 974152 10 0 974112 974100 974084 950488 905944 26463352 701361 701614
701620 1610612768 0 2 28 974116 975440 974152 10 0 974112 974100 974084 950488 905944 26463352 701361 701620
701622 1610612768 0 2 28 974116 975440 974152 10 0 974112 974100 974084 950488 905944 26463352 701361 701622
701640 1610612768 0 2 28 974116 0 974152 10 0 974112 974100 974084 950488 905944 26463352 701361 701640
701634 1610612768 0 2 28 977520 0 974152 0 0 974112 974100 974084 950488 905944 26463352 701361 701634
701640 536870944 0 2 28 977520 1 974152 0 0 974112 974100 974084 950488 905944 26463352 701361 701640
701634 1610612768 0 2 28 977520 1 974152 4 0 974112 974100 974084 950488 905944 26463352 701361 701634
701640 536870944 0 2 28 977520 2 974152 4 0 974112 974100 974084 950488 905944 26463352 701361 701640
701634 1610612768 0 2 28 977520 2 974152 8 0 974112 974100 974084 950488 905944 26463352 701361 701634
701640 536870944 0 2 28 977520 3 974152 8 0 974112 974100 974084 950488 905944 26463352 701361 701640
701634 1610612768 0 2 28 977520 3 974152 12 0 974112 974100 974084 950488 905944 26463352 701361 701634
701640 536870944 0 2 28 977520 4 974152 12 0 974112 974100 974084 950488 905944 26463352 701361 701640
701634 1610612768 0 2 28 977520 4 974152 16 0 974112 974100 974084 950488 905944 26463352 701361 701634
701640 536870944 0 2 28 977520 5 974152 16 0 974112 974100 974084 950488 905944 26463352 701361 701640
701634 1610612768 0 2 28 977520 5 974152 20 0 974112 974100 974084 950488 905944 26463352 701361 701634
701640 536870944 0 2 28 977520 6 974152 20 0 974112 974100 974084 950488 905944 26463352 701361 701640
701634 1610612768 0 2 28 977520 6 974152 24 0 974112 974100 974084 950488 905944 26463352 701361 701634
701640 536870944 0 2 28 977520 7 974152 24 0 974112 974100 974084 950488 905944 26463352 701361 701640
701634 1610612768 0 2 28 977520 7 974152 28 0 974112 974100 974084 950488 905944 26463352 701361 701634
701640 536870944 0 2 28 977520 8 974152 28 0 974112 974100 974084 950488 905944 26463352 701361 701640
701634 1610612768 0 2 28 977520 8 974152 32 0 974112 974100 974084 950488 905944 26463352 701361 701634
701640 536870944 0 2 28 977520 9 974152 32 0 974112 974100 974084 950488 905944 26463352 701361 701640
701634 1610612768 0 2 28 977520 9 974152 36 0 974112 974100 974084 950488 905944 26463352 701361 701634
701640 536870944 0 2 28 977520 10 974152 36 0 974112 974100 974084 950488 905944 26463352 701361 701640
701634 1610612768 0 2 28 977520 10 974152 40 0 974112 974100 974084 950488 905944 26463352 701361 701634
701640 536870944 0 2 28 977520 11 974152 40 0 974112 974100 974084 950488 905944 26463352 701361 701640
701634 1610612768 0 2 28 977520 11 974152 44 0 974112 974100 974084 950488 905944 26463352 701361 701634
701640 536870944 0 2 28 977520 12 974152 44 0 974112 974100 974084 950488 905944 26463352 701361 701640
701634 1610612768 0 2 28 977520 12 974152 48 0 974112 974100 974084 950488 905944 26463352 701361 701634
701640 536870944 0 2 28 977520 13 974152 48 0 974112 974100 974084 950488 905944 26463352 701361 701640
701634 1610612768 0 2 28 977520 13 974152 52 0 974112 974100 974084 950488 905944 26463352 701361 701634
701640 536870944 0 2 28 977520 14 974152 52 0 974112 974100 974084 950488 905944 26463352 701361 701640
701634 1610612768 0 2 28 977520 14 974152 56 0 974112 974100 974084 950488 905944 26463352 701361 701634
701640 536870944 0 2 28 977520 15 974152 56 0 974112 974100 974084 950488 905944 26463352 701361 701640
701634 1610612768 0 2 28 977520 15 974152 60 0 974112 974100 974084 950488 905944 26463352 701361 701634
701640 536870944 0 2 28 977520 16 974152 60 0 974112 974100 974084 950488 905944 26463352 701361 701640
701634 1610612768 0 2 28 977520 16 974152 64 0 974112 974100 974084 950488 905944 26463352 701361 701634
701640 536870944 0 2 28 977520 17 974152 64 0 974112 974100 974084 950488 905944 26463352 701361 701640
701634 1610612768 0 2 28 977520 17 974152 68 0 974112 974100 974084 950488 905944 26463352 701361 701634
701640 536870944 0 2 28 977520 18 974152 68 0 974112 974100 974084 950488 905944 26463352 701361 701640
701634 1610612768 0 2 28 977520 18 974152 72 0 974112 974100 974084 950488 905944 26463352 701361 701634
701640 536870944 0 2 28 977520 19 974152 72 0 974112 974100 974084 950488 905944 26463352 701361 701640
701634 1610612768 0 2 28 977520 19 974152 76 0 974112 974100 974084 950488 905944 26463352 701361 701634
701640 536870944 0 2 28 977520 20 974152 76 0 974112 974100 974084 950488 905944 26463352 701361 701640
701634 1610612768 0 2 28 977520 20 974152 80 0 974112 974100 974084 950488 905944 26463352 701361 701634
701640 536870944 0 2 28 977520 21 974152 80 0 974112 974100 974084 950488 905944 26463352 701361 701640
701634 1610612768 0 2 28 977520 21 974152 84 0 974112 974100 974084 950488 905944 26463352 701361 701634
701640 536870944 0 2 28 977520 22 974152 84 0 974112 974100 974084 950488 905944 26463352 701361 701640
701634 1610612768 0 2 28 977520 22 974152 88 0 974112 974100 974084 950488 905944 26463352 701361 701634
701640 536870944 0 2 28 977520 23 974152 88 0 974112 974100 974084 950488 905944 26463352 701361 701640
701634 1610612768 0 2 28 977520 23 974152 92 0 974112 974100 974084 950488 905944 26463352 701361 701634
701640 536870944 0 2 28 977520 24 974152 92 0 974112 974100 974084 950488 905944 26463352 701361 701640
701634 1610612768 0 2 28 977520 24 974152 96 0 974112 974100 974084 950488 905944 26463352 701361 701634
701640 536870944 0 2 28 977520 25 974152 96 0 974112 974100 974084 950488 905944 26463352 701361 701640
701634 1610612768 0 2 28 977520 25 974152 100 0 974112 974100 974084 950488 905944 26463352 701361 701634
701640 536870944 0 2 28 977520 26 974152 100 0 974112 974100 974084 950488 905944 26463352 701361 701640
701634 1610612768 0 2 28 977520 26 974152 104 0 974112 974100 974084 950488 905944 26463352 701361 701634
701640 536870944 0 2 28 977520 27 974152 104 0 974112 974100 974084 950488 905944 26463352 701361 701640
701634 1610612768 0 2 28 977520 27 974152 108 0 974112 974100 974084 950488 905944 26463352 701361 701634
701694 1610612768 0 2 28 977520 28 974152 108 0 974112 974100 974084 950488 905944 26463352 701361 701694
701360 536870944 11 12 977652 12 974152 974152 974244 4294966948 977400 974100 974084 950488 905944 26463352 701361 701360
701550 2147483680 11 12 977652 27 974152 974152 11 4294966948 977400 974100 974084 950488 905944 26463352 701361 701550
701562 2147483680 11 1 977652 977404 974152 974152 11 4294966948 977400 974100 974084 950488 905944 26463352 701361 701562
701568 32 11 2 0 977404 974152 974152 11 4294966948 977400 974100 974084 950488 905944 26463352 701361 701568
701572 1610612768 11 2 0 977404 974152 974152 11 4294966948 977400 974100 974084 950488 905944 26463352 701361 701572
701614 1610612768 0 2 0 977404 975440 974152 11 4294966948 977400 974100 974084 950488 905944 26463352 701361 701614
701620 1610612768 0 2 28 977404 975440 974152 11 4294966948 977400 974100 974084 950488 905944 26463352 701361 701620
701622 1610612768 0 2 28 977404 975440 974152 11 4294966948 977400 974100 974084 950488 905944 26463352 701361 701622
701640 1610612768 0 2 28 977404 0 974152 11 0 977400 974100 974084 950488 905944 26463352 701361 701640
701634 1610612768 0 2 28 977520 0 974152 0 0 977400 974100 974084 950488 905944 26463352 701361 701634
701640 536870944 0 2 28 977520 1 974152 0 0 977400 974100 974084 950488 905944 26463352 701361 701640
701634 1610612768 0 2 28 977520 1 974152 4 0 977400 974100 974084 950488 905944 26463352 701361 701634
701640 536870944 0 2 28 977520 2 974152 4 0 977400 974100 974084 950488 905944 26463352 701361 701640
701634 1610612768 0 2 28 977520 2 974152 8 0 977400 974100 974084 950488 905944 26463352 701361 701634
701640 536870944 0 2 28 977520 3 974152 8 0 977400 974100 974084 950488 905944 26463352 701361 701640
701634 1610612768 0 2 28 977520 3 974152 12 0 977400 974100 974084 950488 905944 26463352 701361 701634
701640 536870944 0 2 28 977520 4 974152 12 0 977400 974100 974084 950488 905944 26463352 701361 701640
701634 1610612768 0 2 28 977520 4 974152 16 0 977400 974100 974084 950488 905944 26463352 701361 701634
701640 536870944 0 2 28 977520 5 974152 16 0 977400 974100 974084 950488 905944 26463352 701361 701640
701634 1610612768 0 2 28 977520 5 974152 20 0 977400 974100 974084 950488 905944 26463352 701361 701634
701640 536870944 0 2 28 977520 6 974152 20 0 977400 974100 974084 950488 905944 26463352 701361 701640
701634 1610612768 0 2 28 977520 6 974152 24 0 977400 974100 974084 950488 905944 26463352 701361 701634
701640 536870944 0 2 28 977520 7 974152 24 0 977400 974100 974084 950488 905944 26463352 701361 701640
701634 1610612768 0 2 28 977520 7 974152 28 0 977400 974100 974084 950488 905944 26463352 701361 701634
701640 536870944 0 2 28 977520 8 974152 28 0 977400 974100 974084 950488 905944 26463352 701361 701640
701634 1610612768 0 2 28 977520 8 974152 32 0 977400 974100 974084 950488 905944 26463352 701361 701634
701640 536870944 0 2 28 977520 9 974152 32 0 977400 974100 974084 950488 905944 26463352 701361 701640
701634 1610612768 0 2 28 977520 9 974152 36 0 977400 974100 974084 950488 905944 26463352 701361 701634
701640 536870944 0 2 28 977520 10 974152 36 0 977400 974100 974084 950488 905944 26463352 701361 701640
701634 1610612768 0 2 28 977520 10 974152 40 0 977400 974100 974084 950488 905944 26463352 701361 701634
701640 536870944 0 2 28 977520 11 974152 40 0 977400 974100 974084 950488 905944 26463352 701361 701640
701634 1610612768 0 2 28 977520 11 974152 44 0 977400 974100 974084 950488 905944 26463352 701361 701634
701640 536870944 0 2 28 977520 12 974152 44 0 977400 974100 974084 950488 905944 26463352 701361 701640
701634 1610612768 0 2 28 977520 12 974152 48 0 977400 974100 974084 950488 905944 26463352 701361 701634
701640 536870944 0 2 28 977520 13 974152 48 0 977400 974100 974084 950488 905944 26463352 701361 701640
701634 1610612768 0 2 28 977520 13 974152 52 0 977400 974100 974084 950488 905944 26463352 701361 701634
701640 536870944 0 2 28 977520 14 974152 52 0 977400 974100 974084 950488 905944 26463352 701361 701640
701634 1610612768 0 2 28 977520 14 974152 56 0 977400 974100 974084 950488 905944 26463352 701361 701634
701640 536870944 0 2 28 977520 15 974152 56 0 977400 974100 974084 950488 905944 26463352 701361 701640
701634 1610612768 0 2 28 977520 15 974152 60 0 977400 974100 974084 950488 905944 26463352 701361 701634
701640 536870944 0 2 28 977520 16 974152 60 0 977400 974100 974084 950488 905944 26463352 701361 701640
701634 1610612768 0 2 28 977520 16 974152 64 0 977400 974100 974084 950488 905944 26463352 701361 701634
701640 536870944 0 2 28 977520 17 974152 64 0 977400 974100 974084 950488 905944 26463352 701361 701640
701634 1610612768 0 2 28 977520 17 974152 68 0 977400 974100 974084 950488 905944 26463352 701361 701634
701640 536870944 0 2 28 977520 18 974152 68 0 977400 974100 974084 950488 905944 26463352 701361 701640
701634 1610612768 0 2 28 977520 18 974152 72 0 977400 974100 974084 950488 905944 26463352 701361 701634
701640 536870944 0 2 28 977520 19 974152 72 0 977400 974100 974084 950488 905944 26463352 701361 701640
701634 1610612768 0 2 28 977520 19 974152 76 0 977400 974100 974084 950488 905944 26463352 701361 701634
701640 536870944 0 2 28 977520 20 974152 76 0 977400 974100 974084 950488 905944 26463352 701361 701640
701634 1610612768 0 2 28 977520 20 974152 80 0 977400 974100 974084 950488 905944 26463352 701361 701634
701640 536870944 0 2 28 977520 21 974152 80 0 977400 974100 974084 950488 905944 26463352 701361 701640
701634 1610612768 0 2 28 977520 21 974152 84 0 977400 974100 974084 950488 905944 26463352 701361 701634
701640 536870944 0 2 28 977520 22 974152 84 0 977400 974100 974084 950488 905944 26463352 701361 701640
701634 1610612768 0 2 28 977520 22 974152 88 0 977400 974100 974084 950488 905944 26463352 701361 701634
701640 536870944 0 2 28 977520 23 974152 88 0 977400 974100 974084 950488 905944 26463352 701361 701640
701634 1610612768 0 2 28 977520 23 974152 92 0 977400 974100 974084 950488 905944 26463352 701361 701634
701640 536870944 0 2 28 977520 24 974152 92 0 977400 974100 974084 950488 905944 26463352 701361 701640
701634 1610612768 0 2 28 977520 24 974152 96 0 977400 974100 974084 950488 905944 26463352 701361 701634
701640 536870944 0 2 28 977520 25 974152 96 0 977400 974100 974084 950488 905944 26463352 701361 701640
701634 1610612768 0 2 28 977520 25 974152 100 0 977400 974100 974084 950488 905944 26463352 701361 701634
701640 536870944 0 2 28 977520 26 974152 100 0 977400 974100 974084 950488 905944 26463352 701361 701640
701634 1610612768 0 2 28 977520 26 974152 104 0 977400 974100 974084 950488 905944 26463352 701361 701634
701640 536870944 0 2 28 977520 27 974152 104 0 977400 974100 974084 950488 905944 26463352 701361 701640
701634 1610612768 0 2 28 977520 27 974152 108 0 977400 974100 974084 950488 905944 26463352 701361 701634
701694 1610612768 0 2 28 977520 28 974152 108 0 977400 974100 974084 950488 905944 26463352 701361 701694
701360 536870944 12 13 977652 13 974152 974152 974244 4294966956 975792 974100 974084 950488 905944 26463352 701361 701360
701550 2147483680 12 13 977652 27 974152 974152 12 4294966956 975792 974100 974084 950488 905944 26463352 701361 701550
701562 2147483680 12 1 977652 975796 974152 974152 12 4294966956 975792 974100 974084 950488 905944 26463352 701361 701562
701568 32 12 2 0 975796 974152 974152 12 4294966956 975792 974100 974084 950488 905944 26463352 701361 701568
701572 1610612768 12 2 0 975796 974152 974152 12 4294966956 975792 974100 974084 950488 905944 26463352 701361 701572
701614 1610612768 0 2 0 975796 975440 974152 12 4294966956 975792 974100 974084 950488 905944 26463352 701361 701614
701620 1610612768 0 2 28 975796 975440 974152 12 4294966956 975792 974100 974084 950488 905944 26463352 701361 701620
701622 1610612768 0 2 28 975796 975440 974152 12 4294966956 975792 974100 974084 950488 905944 26463352 701361 701622
701640 1610612768 0 2 28 975796 0 974152 12 0 975792 974100 974084 950488 905944 26463352 701361 701640
701634 1610612768 0 2 28 977520 0 974152 0 0 975792 974100 974084 950488 905944 26463352 701361 701634
701640 536870944 0 2 28 977520 1 974152 0 0 975792 974100 974084 950488 905944 26463352 701361 701640
701634 1610612768 0 2 28 977520 1 974152 4 0 975792 974100 974084 950488 905944 26463352 701361 701634
701640 536870944 0 2 28 977520 2 974152 4 0 975792 974100 974084 950488 905944 26463352 701361 701640
701634 1610612768 0 2 28 977520 2 974152 8 0 975792 974100 974084 950488 905944 26463352 701361 701634
701640 536870944 0 2 28 977520 3 974152 8 0 975792 974100 974084 950488 905944 26463352 701361 701640
701634 1610612768 0 2 28 977520 3 974152 12 0 975792 974100 974084 950488 905944 26463352 701361 701634
701640 536870944 0 2 28 977520 4 974152 12 0 975792 974100 974084 950488 905944 26463352 701361 701640
701634 1610612768 0 2 28 977520 4 974152 16 0 975792 974100 974084 950488 905944 26463352 701361 701634
701640 536870944 0 2 28 977520 5 974152 16 0 975792 974100 974084 950488 905944 26463352 701361 701640
701634 1610612768 0 2 28 977520 5 974152 20 0 975792 974100 974084 950488 905944 26463352 701361 701634
701640 536870944 0 2 28 977520 6 974152 20 0 975792 974100 974084 950488 905944 26463352 701361 701640
701634 1610612768 0 2 28 977520 6 974152 24 0 975792 974100 974084 950488 905944 26463352 701361 701634
701640 536870944 0 2 28 977520 7 974152 24 0 975792 974100 974084 950488 905944 26463352 701361 701640
701634 1610612768 0 2 28 977520 7 974152 28 0 975792 974100 974084 950488 905944 26463352 701361 701634
701640 536870944 0 2 28 977520 8 974152 28 0 975792 974100 974084 950488 905944 26463352 701361 701640
701634 1610612768 0 2 28 977520 8 974152 32 0 975792 974100 974084 950488 905944 26463352 701361 701634
701640 536870944 0 2 28 977520 9 974152 32 0 975792 974100 974084 950488 905944 26463352 701361 701640
701634 1610612768 0 2 28 977520 9 974152 36 0 975792 974100 974084 950488 905944 26463352 701361 701634
701640 536870944 0 2 28 977520 10 974152 36 0 975792 974100 974084 950488 905944 26463352 701361 701640
701634 1610612768 0 2 28 977520 10 974152 40 0 975792 974100 974084 950488 905944 26463352 701361 701634
701640 536870944 0 2 28 977520 11 974152 40 0 975792 974100 974084 950488 905944 26463352 701361 701640
701634 1610612768 0 2 28 977520 11 974152 44 0 975792 974100 974084 950488 905944 26463352 701361 701634
701640 536870944 0 2 28 977520 12 974152 44 0 975792 974100 974084 950488 905944 26463352 701361 701640
701634 1610612768 0 2 28 977520 12 974152 48 0 975792 974100 974084 950488 905944 26463352 701361 701634
701640 536870944 0 2 28 977520 13 974152 48 0 975792 974100 974084 950488 905944 26463352 701361 701640
701634 1610612768 0 2 28 977520 13 974152 52 0 975792 974100 974084 950488 905944 26463352 701361 701634
701640 536870944 0 2 28 977520 14 974152 52 0 975792 974100 974084 950488 905944 26463352 701361 701640
701634 1610612768 0 2 28 977520 14 974152 56 0 975792 974100 974084 950488 905944 26463352 701361 701634
701640 536870944 0 2 28 977520 15 974152 56 0 975792 974100 974084 950488 905944 26463352 701361 701640
701634 1610612768 0 2 28 977520 15 974152 60 0 975792 974100 974084 950488 905944 26463352 701361 701634
701640 536870944 0 2 28 977520 16 974152 60 0 975792 974100 974084 950488 905944 26463352 701361 701640
701634 1610612768 0 2 28 977520 16 974152 64 0 975792 974100 974084 950488 905944 26463352 701361 701634
701640 536870944 0 2 28 977520 17 974152 64 0 975792 974100 974084 950488 905944 26463352 701361 701640
701634 1610612768 0 2 28 977520 17 974152 68 0 975792 974100 974084 950488 905944 26463352 701361 701634
701640 536870944 0 2 28 977520 18 974152 68 0 975792 974100 974084 950488 905944 26463352 701361 701640
701634 1610612768 0 2 28 977520 18 974152 72 0 975792 974100 974084 950488 905944 26463352 701361 701634
701640 536870944 0 2 28 977520 19 974152 72 0 975792 974100 974084 950488 905944 26463352 701361 701640
701634 1610612768 0 2 28 977520 19 974152 76 0 975792 974100 974084 950488 905944 26463352 701361 701634
701640 536870944 0 2 28 977520 20 974152 76 0 975792 974100 974084 950488 905944 26463352 701361 701640
701634 1610612768 0 2 28 977520 20 974152 80 0 975792 974100 974084 950488 905944 26463352 701361 701634
701640 536870944 0 2 28 977520 21 974152 80 0 975792 974100 974084 950488 905944 26463352 701361 701640
701634 1610612768 0 2 28 977520 21 974152 84 0 975792 974100 974084 950488 905944 26463352 701361 701634
701640 536870944 0 2 28 977520 22 974152 84 0 975792 974100 974084 950488 905944 26463352 701361 701640
701634 1610612768 0 2 28 977520 22 974152 88 0 975792 974100 974084 950488 905944 26463352 701361 701634
701640 536870944 0 2 28 977520 23 974152 88 0 975792 974100 974084 950488 905944 26463352 701361 701640
701634 1610612768 0 2 28 977520 23 974152 92 0 975792 974100 974084 950488 905944 26463352 701361 701634
701640 536870944 0 2 28 977520 24 974152 92 0 975792 974100 974084 950488 905944 26463352 701361 701640
701634 1610612768 0 2 28 977520 24 974152 96 0 975792 974100 974084 950488 905944 26463352 701361 701634
701640 536870944 0 2 28 977520 25 974152 96 0 975792 974100 974084 950488 905944 26463352 701361 701640
701634 1610612768 0 2 28 977520 25 974152 100 0 975792 974100 974084 950488 905944 26463352 701361 701634
701640 536870944 0 2 28 977520 26 974152 100 0 975792 974100 974084 950488 905944 26463352 701361 701640
701634 1610612768 0 2 28 977520 26 974152 104 0 975792 974100 974084 950488 905944 26463352 701361 701634
701640 536870944 0 2 28 977520 27 974152 104 0 975792 974100 974084 950488 905944 26463352 701361 701640
701634 1610612768 0 2 28 977520 27 974152 108 0 975792 974100 974084 950488 905944 26463352 701361 701634
701694 1610612768 0 2 28 977520 28 974152 108 0 975792 974100 974084 950488 905944 26463352 701361 701694
701360 536870944 13 14 977652 14 974152 974152 974244 4294966956 974200 974100 974084 950488 950104 26463352 701361 701360
701550 2147483680 13 14 977652 27 974152 974152 13 4294966956 974200 974100 974084 950488 950104 26463352 701361 701550
701562 2147483680 13 1 977652 974204 974152 974152 13 4294966956 974200 974100 974084 950488 950104 26463352 701361 701562
701568 32 13 2 0 974204 974152 974152 13 4294966956 974200 974100 974084 950488 950104 26463352 701361 701568
701572 1610612768 13 2 0 974204 974152 974152 13 4294966956 974200 974100 974084 950488 950104 26463352 701361 701572
701614 1610612768 0 2 0 974204 975440 974152 13 4294966956 974200 974100 974084 950488 950104 26463352 701361 701614
701620 1610612768 0 2 28 974204 975440 974152 13 4294966956 974200 974100 974084 950488 950104 26463352 701361 701620
701622 1610612768 0 2 28 974204 975440 974152 13 4294966956 974200 974100 974084 950488 950104 26463352 701361 701622
701640 1610612768 0 2 28 974204 0 974152 13 0 974200 974100 974084 950488 950104 26463352 701361 701640
701634 1610612768 0 2 28 977520 0 974152 0 0 974200 974100 974084 950488 950104 26463352 701361 701634
701640 536870944 0 2 28 977520 1 974152 0 0 974200 974100 974084 950488 950104 26463352 701361 701640
701634 1610612768 0 2 28 977520 1 974152 4 0 974200 974100 974084 950488 950104 26463352 701361 701634
701640 536870944 0 2 28 977520 2 974152 4 0 974200 974100 974084 950488 950104 26463352 701361 701640
701634 1610612768 0 2 28 977520 2 974152 8 0 974200 974100 974084 950488 950104 26463352 701361 701634
701640 536870944 0 2 28 977520 3 974152 8 0 974200 974100 974084 950488 950104 26463352 701361 701640
701634 1610612768 0 2 28 977520 3 974152 12 0 974200 974100 974084 950488 950104 26463352 701361 701634
701640 536870944 0 2 28 977520 4 974152 12 0 974200 974100 974084 950488 950104 26463352 701361 701640
701634 1610612768 0 2 28 977520 4 974152 16 0 974200 974100 974084 950488 950104 26463352 701361 701634
701640 536870944 0 2 28 977520 5 974152 16 0 974200 974100 974084 950488 950104 26463352 701361 701640
701634 1610612768 0 2 28 977520 5 974152 20 0 974200 974100 974084 950488 950104 26463352 701361 701634
701640 536870944 0 2 28 977520 6 974152 20 0 974200 974100 974084 950488 950104 26463352 701361 701640
701634 1610612768 0 2 28 977520 6 974152 24 0 974200 974100 974084 950488 950104 26463352 701361 701634
701640 536870944 0 2 28 977520 7 974152 24 0 974200 974100 974084 950488 950104 26463352 701361 701640
701634 1610612768 0 2 28 977520 7 974152 28 0 974200 974100 974084 950488 950104 26463352 701361 701634
701640 536870944 0 2 28 977520 8 974152 28 0 974200 974100 974084 950488 950104 26463352 701361 701640
701634 1610612768 0 2 28 977520 8 974152 32 0 974200 974100 974084 950488 950104 26463352 701361 701634
701640 536870944 0 2 28 977520 9 974152 32 0 974200 974100 974084 950488 950104 26463352 701361 701640
701634 1610612768 0 2 28 977520 9 974152 36 0 974200 974100 974084 950488 950104 26463352 701361 701634
701640 536870944 0 2 28 977520 10 974152 36 0 974200 974100 974084 950488 950104 26463352 701361 701640
701634 1610612768 0 2 28 977520 10 974152 40 0 974200 974100 974084 950488 950104 26463352 701361 701634
701640 536870944 0 2 28 977520 11 974152 40 0 974200 974100 974084 950488 950104 26463352 701361 701640
701634 1610612768 0 2 28 977520 11 974152 44 0 974200 974100 974084 950488 950104 26463352 701361 701634
701640 536870944 0 2 28 977520 12 974152 44 0 974200 974100 974084 950488 950104 26463352 701361 701640
701634 1610612768 0 2 28 977520 12 974152 48 0 974200 974100 974084 950488 950104 26463352 701361 701634
701640 536870944 0 2 28 977520 13 974152 48 0 974200 974100 974084 950488 950104 26463352 701361 701640
701634 1610612768 0 2 28 977520 13 974152 52 0 974200 974100 974084 950488 950104 26463352 701361 701634
701640 536870944 0 2 28 977520 14 974152 52 0 974200 974100 974084 950488 950104 26463352 701361 701640
701634 1610612768 0 2 28 977520 14 974152 56 0 974200 974100 974084 950488 950104 26463352 701361 701634
701640 536870944 0 2 28 977520 15 974152 56 0 974200 974100 974084 950488 950104 26463352 701361 701640
701634 1610612768 0 2 28 977520 15 974152 60 0 974200 974100 974084 950488 950104 26463352 701361 701634
701640 536870944 0 2 28 977520 16 974152 60 0 974200 974100 974084 950488 950104 26463352 701361 701640
701634 1610612768 0 2 28 977520 16 974152 64 0 974200 974100 974084 950488 950104 26463352 701361 701634
701640 536870944 0 2 28 977520 17 974152 64 0 974200 974100 974084 950488 950104 26463352 701361 701640
701634 1610612768 0 2 28 977520 17 974152 68 0 974200 974100 974084 950488 950104 26463352 701361 701634
701640 536870944 0 2 28 977520 18 974152 68 0 974200 974100 974084 950488 950104 26463352 701361 701640
701634 1610612768 0 2 28 977520 18 974152 72 0 974200 974100 974084 950488 950104 26463352 701361 701634
701640 536870944 0 2 28 977520 19 974152 72 0 974200 974100 974084 950488 950104 26463352 701361 701640
701634 1610612768 0 2 28 977520 19 974152 76 0 974200 974100 974084 950488 950104 26463352 701361 701634
701640 536870944 0 2 28 977520 20 974152 76 0 974200 974100 974084 950488 950104 26463352 701361 701640
701634 1610612768 0 2 28 977520 20 974152 80 0 974200 974100 974084 950488 950104 26463352 701361 701634
701640 536870944 0 2 28 977520 21 974152 80 0 974200 974100 974084 950488 950104 26463352 701361 701640
701634 1610612768 0 2 28 977520 21 974152 84 0 974200 974100 974084 950488 950104 26463352 701361 701634
701640 536870944 0 2 28 977520 22 974152 84 0 974200 974100 974084 950488 950104 26463352 701361 701640
701634 1610612768 0 2 28 977520 22 974152 88 0 974200 974100 974084 950488 950104 26463352 701361 701634
701640 536870944 0 2 28 977520 23 974152 88 0 974200 974100 974084 950488 950104 26463352 701361 701640
701634 1610612768 0 2 28 977520 23 974152 92 0 974200 974100 974084 950488 950104 26463352 701361 701634
701640 536870944 0 2 28 977520 24 974152 92 0 974200 974100 974084 950488 950104 26463352 701361 701640
701634 1610612768 0 2 28 977520 24 974152 96 0 974200 974100 974084 950488 950104 26463352 701361 701634
701640 536870944 0 2 28 977520 25 974152 96 0 974200 974100 974084 950488 950104 26463352 701361 701640
701634 1610612768 0 2 28 977520 25 974152 100 0 974200 974100 974084 950488 950104 26463352 701361 701634
701640 536870944 0 2 28 977520 26 974152 100 0 974200 974100 974084 950488 950104 26463352 701361 701640
701634 1610612768 0 2 28 977520 26 974152 104 0 974200 974100 974084 950488 950104 26463352 701361 701634
701640 536870944 0 2 28 977520 27 974152 104 0 974200 974100 974084 950488 950104 26463352 701361 701640
701634 1610612768 0 2 28 977520 27 974152 108 0 974200 974100 974084 950488 950104 26463352 701361 701634
701694 1610612768 0 2 28 977520 28 974152 108 0 974200 974100 974084 950488 950104 26463352 701361 701694
701360 536870944 14 15 977652 15 974152 974152 974244 4294966956 975864 974100 974084 950488 950220 26463352 701361 701360
701550 2147483680 14 15 977652 27 974152 974152 14 4294966956 975864 974100 974084 950488 950220 26463352 701361 701550
701562 2147483680 14 1 977652 975868 974152 974152 14 4294966956 975864 974100 974084 950488 950220 26463352 701361 701562
701568 32 14 2 0 975868 974152 974152 14 4294966956 975864 974100 974084 950488 950220 26463352 701361 701568
701572 1610612768 14 2 0 975868 974152 974152 14 4294966956 975864 974100 974084 950488 950220 26463352 701361 701572
701614 1610612768 0 2 0 975868 975440 974152 14 4294966956 975864 974100 974084 950488 950220 26463352 701361 701614
701620 1610612768 0 2 28 975868 975440 974152 14 4294966956 975864 974100 974084 950488 950220 26463352 701361 701620
701622 1610612768 0 2 28 975868 975440 974152 14 4294966956 975864 974100 974084 950488 950220 26463352 701361 701622
701640 1610612768 0 2 28 975868 0 974152 14 0 975864 974100 974084 950488 950220 26463352 701361 701640
701634 1610612768 0 2 28 977520 0 974152 0 0 975864 974100 974084 950488 950220 26463352 701361 701634
701640 536870944 0 2 28 977520 1 974152 0 0 975864 974100 974084 950488 950220 26463352 701361 701640
701634 1610612768 0 2 28 977520 1 974152 4 0 975864 974100 974084 950488 950220 26463352 701361 701634
701640 536870944 0 2 28 977520 2 974152 4 0 975864 974100 974084 950488 950220 26463352 701361 701640
701634 1610612768 0 2 28 977520 2 974152 8 0 975864 974100 974084 950488 950220 26463352 701361 701634
701640 536870944 0 2 28 977520 3 974152 8 0 975864 974100 974084 950488 950220 26463352 701361 701640
701634 1610612768 0 2 28 977520 3 974152 12 0 975864 974100 974084 950488 950220 26463352 701361 701634
701640 536870944 0 2 28 977520 4 974152 12 0 975864 974100 974084 950488 950220 26463352 701361 701640
701634 1610612768 0 2 28 977520 4 974152 16 0 975864 974100 974084 950488 950220 26463352 701361 701634
701640 536870944 0 2 28 977520 5 974152 16 0 975864 974100 974084 950488 950220 26463352 701361 701640
701634 1610612768 0 2 28 977520 5 974152 20 0 975864 974100 974084 950488 950220 26463352 701361 701634
701640 536870944 0 2 28 977520 6 974152 20 0 975864 974100 974084 950488 950220 26463352 701361 701640
701634 1610612768 0 2 28 977520 6 974152 24 0 975864 974100 974084 950488 950220 26463352 701361 701634
701640 536870944 0 2 28 977520 7 974152 24 0 975864 974100 974084 950488 950220 26463352 701361 701640
701634 1610612768 0 2 28 977520 7 974152 28 0 975864 974100 974084 950488 950220 26463352 701361 701634
701640 536870944 0 2 28 977520 8 974152 28 0 975864 974100 974084 950488 950220 26463352 701361 701640
701634 1610612768 0 2 28 977520 8 974152 32 0 975864 974100 974084 950488 950220 26463352 701361 701634
701640 536870944 0 2 28 977520 9 974152 32 0 975864 974100 974084 950488 950220 26463352 701361 701640
701634 1610612768 0 2 28 977520 9 974152 36 0 975864 974100 974084 950488 950220 26463352 701361 701634
701640 536870944 0 2 28 977520 10 974152 36 0 975864 974100 974084 950488 950220 26463352 701361 701640
701634 1610612768 0 2 28 977520 10 974152 40 0 975864 974100 974084 950488 950220 26463352 701361 701634
701640 536870944 0 2 28 977520 11 974152 40 0 975864 974100 974084 950488 950220 26463352 701361 701640
701634 1610612768 0 2 28 977520 11 974152 44 0 975864 974100 974084 950488 950220 26463352 701361 701634
701640 536870944 0 2 28 977520 12 974152 44 0 975864 974100 974084 950488 950220 26463352 701361 701640
701634 1610612768 0 2 28 977520 12 974152 48 0 975864 974100 974084 950488 950220 26463352 701361 701634
701640 536870944 0 2 28 977520 13 974152 48 0 975864 974100 974084 950488 950220 26463352 701361 701640
701634 1610612768 0 2 28 977520 13 974152 52 0 975864 974100 974084 950488 950220 26463352 701361 701634
701640 536870944 0 2 28 977520 14 974152 52 0 975864 974100 974084 950488 950220 26463352 701361 701640
701634 1610612768 0 2 28 977520 14 974152 56 0 975864 974100 974084 950488 950220 26463352 701361 701634
701640 536870944 0 2 28 977520 15 974152 56 0 975864 974100 974084 950488 950220 26463352 701361 701640
701634 1610612768 0 2 28 977520 15 974152 60 0 975864 974100 974084 950488 950220 26463352 701361 701634
701640 536870944 0 2 28 977520 16 974152 60 0 975864 974100 974084 950488 950220 26463352 701361 701640
701634 1610612768 0 2 28 977520 16 974152 64 0 975864 974100 974084 950488 950220 26463352 701361 701634
701640 536870944 0 2 28 977520 17 974152 64 0 975864 974100 974084 950488 950220 26463352 701361 701640
701634 1610612768 0 2 28 977520 17 974152 68 0 975864 974100 974084 950488 950220 26463352 701361 701634
701640 536870944 0 2 28 977520 18 974152 68 0 975864 974100 974084 950488 950220 26463352 701361 701640
701634 1610612768 0 2 28 977520 18 974152 72 0 975864 974100 974084 950488 950220 26463352 701361 701634
701640 536870944 0 2 28 977520 19 974152 72 0 975864 974100 974084 950488 950220 26463352 701361 701640
701634 1610612768 0 2 28 977520 19 974152 76 0 975864 974100 974084 950488 950220 26463352 701361 701634
701640 536870944 0 2 28 977520 20 974152 76 0 975864 974100 974084 950488 950220 26463352 701361 701640
701634 1610612768 0 2 28 977520 20 974152 80 0 975864 974100 974084 950488 950220 26463352 701361 701634
701640 536870944 0 2 28 977520 21 974152 80 0 975864 974100 974084 950488 950220 26463352 701361 701640
701634 1610612768 0 2 28 977520 21 974152 84 0 975864 974100 974084 950488 950220 26463352 701361 701634
701640 536870944 0 2 28 977520 22 974152 84 0 975864 974100 974084 950488 950220 26463352 701361 701640
701634 1610612768 0 2 28 977520 22 974152 88 0 975864 974100 974084 950488 950220 26463352 701361 701634
701640 536870944 0 2 28 977520 23 974152 88 0 975864 974100 974084 950488 950220 26463352 701361 701640
701634 1610612768 0 2 28 977520 23 974152 92 0 975864 974100 974084 950488 950220 26463352 701361 701634
701640 536870944 0 2 28 977520 24 974152 92 0 975864 974100 974084 950488 950220 26463352 701361 701640
701634 1610612768 0 2 28 977520 24 974152 96 0 975864 974100 974084 950488 950220 26463352 701361 701634
701640 536870944 0 2 28 977520 25 974152 96 0 975864 974100 974084 950488 950220 26463352 701361 701640
701634 1610612768 0 2 28 977520 25 974152 100 0 975864 974100 974084 950488 950220 26463352 701361 701634
701640 536870944 0 2 28 977520 26 974152 100 0 975864 974100 974084 950488 950220 26463352 701361 701640
701634 1610612768 0 2 28 977520 26 974152 104 0 975864 974100 974084 950488 950220 26463352 701361 701634
701640 536870944 0 2 28 977520 27 974152 104 0 975864 974100 974084 950488 950220 26463352 701361 701640
701634 1610612768 0 2 28 977520 27 974152 108 0 975864 974100 974084 950488 950220 26463352 701361 701634
701694 1610612768 0 2 28 977520 28 974152 108 0 975864 974100 974084 950488 950220 26463352 701361 701694
701360 536870944 15 16 977652 16 974152 974152 974244 4294966956 977320 974100 974084 950488 950104 26463352 701361 701360
701550 2147483680 15 16 977652 27 974152 974152 15 4294966956 977320 974100 974084 950488 950104 26463352 701361 701550
701562 2147483680 15 1 977652 977324 974152 974152 15 4294966956 977320 974100 974084 950488 950104 26463352 701361 701562
701568 32 15 2 0 977324 974152 974152 15 4294966956 977320 974100 974084 950488 950104 26463352 701361 701568
701572 1610612768 15 2 0 977324 974152 974152 15 4294966956 977320 974100 974084 950488 950104 26463352 701361 701572
701614 1610612768 0 2 0 977324 975440 974152 15 4294966956 977320 974100 974084 950488 950104 26463352 701361 701614
701620 1610612768 0 2 28 977324 975440 974152 15 4294966956 977320 974100 974084 950488 950104 26463352 701361 701620
701622 1610612768 0 2 28 977324 975440 974152 15 4294966956 977320 974100 974084 950488 950104 26463352 701361 701622
701640 1610612768 0 2 28 977324 0 974152 15 0 977320 974100 974084 950488 950104 26463352 701361 701640
701634 1610612768 0 2 28 977520 0 974152 0 0 977320 974100 974084 950488 950104 26463352 701361 701634
701640 536870944 0 2 28 977520 1 974152 0 0 977320 974100 974084 950488 950104 26463352 701361 701640
701634 1610612768 0 2 28 977520 1 974152 4 0 977320 974100 974084 950488 950104 26463352 701361 701634
701640 536870944 0 2 28 977520 2 974152 4 0 977320 974100 974084 950488 950104 26463352 701361 701640
701634 1610612768 0 2 28 977520 2 974152 8 0 977320 974100 974084 950488 950104 26463352 701361 701634
701640 536870944 0 2 28 977520 3 974152 8 0 977320 974100 974084 950488 950104 26463352 701361 701640
701634 1610612768 0 2 28 977520 3 974152 12 0 977320 974100 974084 950488 950104 26463352 701361 701634
701640 536870944 0 2 28 977520 4 974152 12 0 977320 974100 974084 950488 950104 26463352 701361 701640
701634 1610612768 0 2 28 977520 4 974152 16 0 977320 974100 974084 950488 950104 26463352 701361 701634
701640 536870944 0 2 28 977520 5 974152 16 0 977320 974100 974084 950488 950104 26463352 701361 701640
701634 1610612768 0 2 28 977520 5 974152 20 0 977320 974100 974084 950488 950104 26463352 701361 701634
701640 536870944 0 2 28 977520 6 974152 20 0 977320 974100 974084 950488 950104 26463352 701361 701640
701634 1610612768 0 2 28 977520 6 974152 24 0 977320 974100 974084 950488 950104 26463352 701361 701634
701640 536870944 0 2 28 977520 7 974152 24 0 977320 974100 974084 950488 950104 26463352 701361 701640
701634 1610612768 0 2 28 977520 7 974152 28 0 977320 974100 974084 950488 950104 26463352 701361 701634
701640 536870944 0 2 28 977520 8 974152 28 0 977320 974100 974084 950488 950104 26463352 701361 701640
701634 1610612768 0 2 28 977520 8 974152 32 0 977320 974100 974084 950488 950104 26463352 701361 701634
701640 536870944 0 2 28 977520 9 974152 32 0 977320 974100 974084 950488 950104 26463352 701361 701640
701634 1610612768 0 2 28 977520 9 974152 36 0 977320 974100 974084 950488 950104 26463352 701361 701634
701640 536870944 0 2 28 977520 10 974152 36 0 977320 974100 974084 950488 950104 26463352 701361 701640
701634 1610612768 0 2 28 977520 10 974152 40 0 977320 974100 974084 950488 950104 26463352 701361 701634
701640 536870944 0 2 28 977520 11 974152 40 0 977320 974100 974084 950488 950104 26463352 701361 701640
701634 1610612768 0 2 28 977520 11 974152 44 0 977320 974100 974084 950488 950104 26463352 701361 701634
701640 536870944 0 2 28 977520 12 974152 44 0 977320 974100 974084 950488 950104 26463352 701361 701640
701634 1610612768 0 2 28 977520 12 974152 48 0 977320 974100 974084 950488 950104 26463352 701361 701634
701640 536870944 0 2 28 977520 13 974152 48 0 977320 974100 974084 950488 950104 26463352 701361 701640
701634 1610612768 0 2 28 977520 13 974152 52 0 977320 974100 974084 950488 950104 26463352 701361 701634
701640 536870944 0 2 28 977520 14 974152 52 0 977320 974100 974084 950488 950104 26463352 701361 701640
701634 1610612768 0 2 28 977520 14 974152 56 0 977320 974100 974084 950488 950104 26463352 701361 701634
701640 536870944 0 2 28 977520 15 974152 56 0 977320 974100 974084 950488 950104 26463352 701361 701640
701634 1610612768 0 2 28 977520 15 974152 60 0 977320 974100 974084 950488 950104 26463352 701361 701634
701640 536870944 0 2 28 977520 16 974152 60 0 977320 974100 974084 950488 950104 26463352 701361 701640
701634 1610612768 0 2 28 977520 16 974152 64 0 977320 974100 974084 950488 950104 26463352 701361 701634
701640 536870944 0 2 28 977520 17 974152 64 0 977320 974100 974084 950488 950104 26463352 701361 701640
701634 1610612768 0 2 28 977520 17 974152 68 0 977320 974100 974084 950488 950104 26463352 701361 701634
701640 536870944 0 2 28 977520 18 974152 68 0 977320 974100 974084 950488 950104 26463352 701361 701640
701634 1610612768 0 2 28 977520 18 974152 72 0 977320 974100 974084 950488 950104 26463352 701361 701634
701640 536870944 0 2 28 977520 19 974152 72 0 977320 974100 974084 950488 950104 26463352 701361 701640
701634 1610612768 0 2 28 977520 19 974152 76 0 977320 974100 974084 950488 950104 26463352 701361 701634
701640 536870944 0 2 28 977520 20 974152 76 0 977320 974100 974084 950488 950104 26463352 701361 701640
701634 1610612768 0 2 28 977520 20 974152 80 0 977320 974100 974084 950488 950104 26463352 701361 701634
701640 536870944 0 2 28 977520 21 974152 80 0 977320 974100 974084 950488 950104 26463352 701361 701640
701634 1610612768 0 2 28 977520 21 974152 84 0 977320 974100 974084 950488 950104 26463352 701361 701634
701640 536870944 0 2 28 977520 22 974152 84 0 977320 974100 974084 950488 950104 26463352 701361 701640
701634 1610612768 0 2 28 977520 22 974152 88 0 977320 974100 974084 950488 950104 26463352 701361 701634
701640 536870944 0 2 28 977520 23 974152 88 0 977320 974100 974084 950488 950104 26463352 701361 701640
701634 1610612768 0 2 28 977520 23 974152 92 0 977320 974100 974084 950488 950104 26463352 701361 701634
701640 536870944 0 2 28 977520 24 974152 92 0 977320 974100 974084 950488 950104 26463352 701361 701640
701634 1610612768 0 2 28 977520 24 974152 96 0 977320 974100 974084 950488 950104 26463352 701361 701634
701640 536870944 0 2 28 977520 25 974152 96 0 977320 974100 974084 950488 950104 26463352 701361 701640
701634 1610612768 0 2 28 977520 25 974152 100 0 977320 974100 974084 950488 950104 26463352 701361 701634
701640 536870944 0 2 28 977520 26 974152 100 0 977320 974100 974084 950488 950104 26463352 701361 701640
701634 1610612768 0 2 28 977520 26 974152 104 0 977320 974100 974084 950488 950104 26463352 701361 701634
701640 536870944 0 2 28 977520 27 974152 104 0 977320 974100 974084 950488 950104 26463352 701361 701640
701634 1610612768 0 2 28 977520 27 974152 108 0 977320 974100 974084 950488 950104 26463352 701361 701634
701694 1610612768 0 2 28 977520 28 974152 108 0 977320 974100 974084 950488 950104 26463352 701361 701694
701360 536870944 16 17 977652 17 974152 974152 1 0 974188 974100 974084 4294966976 950104 26463352 701361 701360
701550 2147483680 16 17 977652 27 974152 974152 16 0 974188 974100 974084 4294966976 950104 26463352 701361 701550
701562 2147483680 16 1 977652 974192 974152 974152 16 0 974188 974100 974084 4294966976 950104 26463352 701361 701562
701568 32 16 2 0 974192 974152 974152 16 0 974188 974100 974084 4294966976 950104 26463352 701361 701568
701572 1610612768 16 2 0 974192 974152 974152 16 0 974188 974100 974084 4294966976 950104 26463352 701361 701572
701614 1610612768 0 2 0 974192 975440 974152 16 0 974188 974100 974084 4294966976 950104 26463352 701361 701614
701620 1610612768 0 2 28 974192 975440 974152 16 0 974188 974100 974084 4294966976 950104 26463352 701361 701620
701622 1610612768 0 2 28 974192 975440 974152 16 0 974188 974100 974084 4294966976 950104 26463352 701361 701622
701640 1610612768 0 2 28 974192 0 974152 16 0 974188 974100 974084 4294966976 950104 26463352 701361 701640
701634 1610612768 0 2 28 977520 0 974152 0 0 974188 974100 974084 4294966976 950104 26463352 701361 701634
701640 536870944 0 2 28 977520 1 974152 0 0 974188 974100 974084 4294966976 950104 26463352 701361 701640
701634 1610612768 0 2 28 977520 1 974152 4 0 974188 974100 974084 4294966976 950104 26463352 701361 701634
701640 536870944 0 2 28 977520 2 974152 4 0 974188 974100 974084 4294966976 950104 26463352 701361 701640
701634 1610612768 0 2 28 977520 2 974152 8 0 974188 974100 974084 4294966976 950104 26463352 701361 701634
701640 536870944 0 2 28 977520 3 974152 8 0 974188 974100 974084 4294966976 950104 26463352 701361 701640
701634 1610612768 0 2 28 977520 3 974152 12 0 974188 974100 974084 4294966976 950104 26463352 701361 701634
701640 536870944 0 2 28 977520 4 974152 12 0 974188 974100 974084 4294966976 950104 26463352 701361 701640
701634 1610612768 0 2 28 977520 4 974152 16 0 974188 974100 974084 4294966976 950104 26463352 701361 701634
701640 536870944 0 2 28 977520 5 974152 16 0 974188 974100 974084 4294966976 950104 26463352 701361 701640
701634 1610612768 0 2 28 977520 5 974152 20 0 974188 974100 974084 4294966976 950104 26463352 701361 701634
701640 536870944 0 2 28 977520 6 974152 20 0 974188 974100 974084 4294966976 950104 26463352 701361 701640
701634 1610612768 0 2 28 977520 6 974152 24 0 974188 974100 974084 4294966976 950104 26463352 701361 701634
701640 536870944 0 2 28 977520 7 974152 24 0 974188 974100 974084 4294966976 950104 26463352 701361 701640
701634 1610612768 0 2 28 977520 7 974152 28 0 974188 974100 974084 4294966976 950104 26463352 701361 701634
701640 536870944 0 2 28 977520 8 974152 28 0 974188 974100 974084 4294966976 950104 26463352 701361 701640
701634 1610612768 0 2 28 977520 8 974152 32 0 974188 974100 974084 4294966976 950104 26463352 701361 701634
701640 536870944 0 2 28 977520 9 974152 32 0 974188 974100 974084 4294966976 950104 26463352 701361 701640
701634 1610612768 0 2 28 977520 9 974152 36 0 974188 974100 974084 4294966976 950104 26463352 701361 701634
701640 536870944 0 2 28 977520 10 974152 36 0 974188 974100 974084 4294966976 950104 26463352 701361 701640
701634 1610612768 0 2 28 977520 10 974152 40 0 974188 974100 974084 4294966976 950104 26463352 701361 701634
701640 536870944 0 2 28 977520 11 974152 40 0 974188 974100 974084 4294966976 950104 26463352 701361 701640
701634 1610612768 0 2 28 977520 11 974152 44 0 974188 974100 974084 4294966976 950104 26463352 701361 701634
701640 536870944 0 2 28 977520 12 974152 44 0 974188 974100 974084 4294966976 950104 26463352 701361 701640
701634 1610612768 0 2 28 977520 12 974152 48 0 974188 974100 974084 4294966976 950104 26463352 701361 701634
701640 536870944 0 2 28 977520 13 974152 48 0 974188 974100 974084 4294966976 950104 26463352 701361 701640
701634 1610612768 0 2 28 977520 13 974152 52 0 974188 974100 974084 4294966976 950104 26463352 701361 701634
701640 536870944 0 2 28 977520 14 974152 52 0 974188 974100 974084 4294966976 950104 26463352 701361 701640
701634 1610612768 0 2 28 977520 14 974152 56 0 974188 974100 974084 4294966976 950104 26463352 701361 701634
701640 536870944 0 2 28 977520 15 974152 56 0 974188 974100 974084 4294966976 950104 26463352 701361 701640
701634 1610612768 0 2 28 977520 15 974152 60 0 974188 974100 974084 4294966976 950104 26463352 701361 701634
701640 536870944 0 2 28 977520 16 974152 60 0 974188 974100 974084 4294966976 950104 26463352 701361 701640
701634 1610612768 0 2 28 977520 16 974152 64 0 974188 974100 974084 4294966976 950104 26463352 701361 701634
701640 536870944 0 2 28 977520 17 974152 64 0 974188 974100 974084 4294966976 950104 26463352 701361 701640
701634 1610612768 0 2 28 977520 17 974152 68 0 974188 974100 974084 4294966976 950104 26463352 701361 701634
701640 536870944 0 2 28 977520 18 974152 68 0 974188 974100 974084 4294966976 950104 26463352 701361 701640
701634 1610612768 0 2 28 977520 18 974152 72 0 974188 974100 974084 4294966976 950104 26463352 701361 701634
701640 536870944 0 2 28 977520 19 974152 72 0 974188 974100 974084 4294966976 950104 26463352 701361 701640
701634 1610612768 0 2 28 977520 19 974152 76 0 974188 974100 974084 4294966976 950104 26463352 701361 701634
701640 536870944 0 2 28 977520 20 974152 76 0 974188 974100 974084 4294966976 950104 26463352 701361 701640
701634 1610612768 0 2 28 977520 20 974152 80 0 974188 974100 974084 4294966976 950104 26463352 701361 701634
701640 536870944 0 2 28 977520 21 974152 80 0 974188 974100 974084 4294966976 950104 26463352 701361 701640
701634 1610612768 0 2 28 977520 21 974152 84 0 974188 974100 974084 4294966976 950104 26463352 701361 701634
701640 536870944 0 2 28 977520 22 974152 84 0 974188 974100 974084 4294966976 950104 26463352 701361 701640
701634 1610612768 0 2 28 977520 22 974152 88 0 974188 974100 974084 4294966976 950104 26463352 701361 701634
701640 536870944 0 2 28 977520 23 974152 88 0 974188 974100 974084 4294966976 950104 26463352 701361 701640
701634 1610612768 0 2 28 977520 23 974152 92 0 974188 974100 974084 4294966976 950104 26463352 701361 701634
701640 536870944 0 2 28 977520 24 974152 92 0 974188 974100 974084 4294966976 950104 26463352 701361 701640
701634 1610612768 0 2 28 977520 24 974152 96 0 974188 974100 974084 4294966976 950104 26463352 701361 701634
701640 536870944 0 2 28 977520 25 974152 96 0 974188 974100 974084 4294966976 950104 26463352 701361 701640
701634 1610612768 0 2 28 977520 25 974152 100 0 974188 974100 974084 4294966976 950104 26463352 701361 701634
701640 536870944 0 2 28 977520 26 974152 100 0 974188 974100 974084 4294966976 950104 26463352 701361 701640
701634 1610612768 0 2 28 977520 26 974152 104 0 974188 974100 974084 4294966976 950104 26463352 701361 701634
701640 536870944 0 2 28 977520 27 974152 104 0 974188 974100 974084 4294966976 950104 26463352 701361 701640
701634 1610612768 0 2 28 977520 27 974152 108 0 974188 974100 974084 4294966976 950104 26463352 701361 701634
701694 1610612768 0 2 28 977520 28 974152 108 0 974188 974100 974084 4294966976 950104 26463352 701361 701694
701360 536870944 17 18 977652 18 974152 974152 1 4294966988 975580 974100 974084 4294966976 950104 26463352 701361 701360
701550 2147483680 17 18 977652 27 974152 974152 17 4294966988 975580 974100 974084 4294966976 950104 26463352 701361 701550
701562 2147483680 17 1 977652 975584 974152 974152 17 4294966988 975580 974100 974084 4294966976 950104 26463352 701361 701562
701568 32 17 2 0 975584 974152 974152 17 4294966988 975580 974100 974084 4294966976 950104 26463352 701361 701568
701572 1610612768 17 2 0 975584 974152 974152 17 4294966988 975580 974100 974084 4294966976 950104 26463352 701361 701572
701614 1610612768 0 2 0 975584 975440 974152 17 4294966988 975580 974100 974084 4294966976 950104 26463352 701361 701614
701620 1610612768 0 2 28 975584 975440 974152 17 4294966988 975580 974100 974084 4294966976 950104 26463352 701361 701620
701622 1610612768 0 2 28 975584 975440 974152 17 4294966988 975580 974100 974084 4294966976 950104 26463352 701361 701622
701640 1610612768 0 2 28 975584 0 974152 17 0 975580 974100 974084 4294966976 950104 26463352 701361 701640
701634 1610612768 0 2 28 977520 0 974152 0 0 975580 974100 974084 4294966976 950104 26463352 701361 701634
701640 536870944 0 2 28 977520 1 974152 0 0 975580 974100 974084 4294966976 950104 26463352 701361 701640
701634 1610612768 0 2 28 977520 1 974152 4 0 975580 974100 974084 4294966976 950104 26463352 701361 701634
701640 536870944 0 2 28 977520 2 974152 4 0 975580 974100 974084 4294966976 950104 26463352 701361 701640
701634 1610612768 0 2 28 977520 2 974152 8 0 975580 974100 974084 4294966976 950104 26463352 701361 701634
701640 536870944 0 2 28 977520 3 974152 8 0 975580 974100 974084 4294966976 950104 26463352 701361 701640
701634 1610612768 0 2 28 977520 3 974152 12 0 975580 974100 974084 4294966976 950104 26463352 701361 701634
701640 536870944 0 2 28 977520 4 974152 12 0 975580 974100 974084 4294966976 950104 26463352 701361 701640
701634 1610612768 0 2 28 977520 4 974152 16 0 975580 974100 974084 4294966976 950104 26463352 701361 701634
701640 536870944 0 2 28 977520 5 974152 16 0 975580 974100 974084 4294966976 950104 26463352 701361 701640
701634 1610612768 0 2 28 977520 5 974152 20 0 975580 974100 974084 4294966976 950104 26463352 701361 701634
701640 536870944 0 2 28 977520 6 974152 20 0 975580 974100 974084 4294966976 950104 26463352 701361 701640
701634 1610612768 0 2 28 977520 6 974152 24 0 975580 974100 974084 4294966976 950104 26463352 701361 701634
701640 536870944 0 2 28 977520 7 974152 24 0 975580 974100 974084 4294966976 950104 26463352 701361 701640
701634 1610612768 0 2 28 977520 7 974152 28 0 975580 974100 974084 4294966976 950104 26463352 701361 701634
701640 536870944 0 2 28 977520 8 974152 28 0 975580 974100 974084 4294966976 950104 26463352 701361 701640
701634 1610612768 0 2 28 977520 8 974152 32 0 975580 974100 974084 4294966976 950104 26463352 701361 701634
701640 536870944 0 2 28 977520 9 974152 32 0 975580 974100 974084 4294966976 950104 26463352 701361 701640
701634 1610612768 0 2 28 977520 9 974152 36 0 975580 974100 974084 4294966976 950104 26463352 701361 701634
701640 536870944 0 2 28 977520 10 974152 36 0 975580 974100 974084 4294966976 950104 26463352 701361 701640
701634 1610612768 0 2 28 977520 10 974152 40 0 975580 974100 974084 4294966976 950104 26463352 701361 701634
701640 536870944 0 2 28 977520 11 974152 40 0 975580 974100 974084 4294966976 950104 26463352 701361 701640
701634 1610612768 0 2 28 977520 11 974152 44 0 975580 974100 974084 4294966976 950104 26463352 701361 701634
701640 536870944 0 2 28 977520 12 974152 44 0 975580 974100 974084 4294966976 950104 26463352 701361 701640
701634 1610612768 0 2 28 977520 12 974152 48 0 975580 974100 974084 4294966976 950104 26463352 701361 701634
701640 536870944 0 2 28 977520 13 974152 48 0 975580 974100 974084 4294966976 950104 26463352 701361 701640
701634 1610612768 0 2 28 977520 13 974152 52 0 975580 974100 974084 4294966976 950104 26463352 701361 701634
701640 536870944 0 2 28 977520 14 974152 52 0 975580 974100 974084 4294966976 950104 26463352 701361 701640
701634 1610612768 0 2 28 977520 14 974152 56 0 975580 974100 974084 4294966976 950104 26463352 701361 701634
701640 536870944 0 2 28 977520 15 974152 56 0 975580 974100 974084 4294966976 950104 26463352 701361 701640
701634 1610612768 0 2 28 977520 15 974152 60 0 975580 974100 974084 4294966976 950104 26463352 701361 701634
701640 536870944 0 2 28 977520 16 974152 60 0 975580 974100 974084 4294966976 950104 26463352 701361 701640
701634 1610612768 0 2 28 977520 16 974152 64 0 975580 974100 974084 4294966976 950104 26463352 701361 701634
701640 536870944 0 2 28 977520 17 974152 64 0 975580 974100 974084 4294966976 950104 26463352 701361 701640
701634 1610612768 0 2 28 977520 17 974152 68 0 975580 974100 974084 4294966976 950104 26463352 701361 701634
701640 536870944 0 2 28 977520 18 974152 68 0 975580 974100 974084 4294966976 950104 26463352 701361 701640
701634 1610612768 0 2 28 977520 18 974152 72 0 975580 974100 974084 4294966976 950104 26463352 701361 701634
701640 536870944 0 2 28 977520 19 974152 72 0 975580 974100 974084 4294966976 950104 26463352 701361 701640
701634 1610612768 0 2 28 977520 19 974152 76 0 975580 974100 974084 4294966976 950104 26463352 701361 701634
701640 536870944 0 2 28 977520 20 974152 76 0 975580 974100 974084 4294966976 950104 26463352 701361 701640
701634 1610612768 0 2 28 977520 20 974152 80 0 975580 974100 974084 4294966976 950104 26463352 701361 701634
701640 536870944 0 2 28 977520 21 974152 80 0 975580 974100 974084 4294966976 950104 26463352 701361 701640
701634 1610612768 0 2 28 977520 21 974152 84 0 975580 974100 974084 4294966976 950104 26463352 701361 701634
701640 536870944 0 2 28 977520 22 974152 84 0 975580 974100 974084 4294966976 950104 26463352 701361 701640
701634 1610612768 0 2 28 977520 22 974152 88 0 975580 974100 974084 4294966976 950104 26463352 701361 701634
701640 536870944 0 2 28 977520 23 974152 88 0 975580 974100 974084 4294966976 950104 26463352 701361 701640
701634 1610612768 0 2 28 977520 23 974152 92 0 975580 974100 974084 4294966976 950104 26463352 701361 701634
701640 536870944 0 2 28 977520 24 974152 92 0 975580 974100 974084 4294966976 950104 26463352 701361 701640
701634 1610612768 0 2 28 977520 24 974152 96 0 975580 974100 974084 4294966976 950104 26463352 701361 701634
701640 536870944 0 2 28 977520 25 974152 96 0 975580 974100 974084 4294966976 950104 26463352 701361 701640
701634 1610612768 0 2 28 977520 25 974152 100 0 975580 974100 974084 4294966976 950104 26463352 701361 701634
701640 536870944 0 2 28 977520 26 974152 100 0 975580 974100 974084 4294966976 950104 26463352 701361 701640
701634 1610612768 0 2 28 977520 26 974152 104 0 975580 974100 974084 4294966976 950104 26463352 701361 701634
701640 536870944 0 2 28 977520 27 974152 104 0 975580 974100 974084 4294966976 950104 26463352 701361 701640
701634 1610612768 0 2 28 977520 27 974152 108 0 975580 974100 974084 4294966976 950104 26463352 701361 701634
701694 1610612768 0 2 28 977520 28 974152 108 0 975580 974100 974084 4294966976 950104 26463352 701361 701694
701360 536870944 18 19 977652 19 974152 974152 1 4294966996 974236 974100 974084 4294966976 950104 26463352 701361 701360
701550 2147483680 18 19 977652 27 974152 974152 18 4294966996 974236 974100 974084 4294966976 950104 26463352 701361 701550
701562 2147483680 18 1 977652 974240 974152 974152 18 4294966996 974236 974100 974084 4294966976 950104 26463352 701361 701562
701568 32 18 2 0 974240 974152 974152 18 4294966996 974236 974100 974084 4294966976 950104 26463352 701361 701568
701572 1610612768 18 2 0 974240 974152 974152 18 4294966996 974236 974100 974084 4294966976 950104 26463352 701361 701572
701614 1610612768 0 2 0 974240 975440 974152 18 4294966996 974236 974100 974084 4294966976 950104 26463352 701361 701614
701620 1610612768 0 2 28 974240 975440 974152 18 4294966996 974236 974100 974084 4294966976 950104 26463352 701361 701620
701622 1610612768 0 2 28 974240 975440 974152 18 4294966996 974236 974100 974084 4294966976 950104 26463352 701361 701622
701640 1610612768 0 2 28 974240 0 974152 18 0 974236 974100 974084 4294966976 950104 26463352 701361 701640
701634 1610612768 0 2 28 977520 0 974152 0 0 974236 974100 974084 4294966976 950104 26463352 701361 701634
701640 536870944 0 2 28 977520 1 974152 0 0 974236 974100 974084 4294966976 950104 26463352 701361 701640
701634 1610612768 0 2 28 977520 1 974152 4 0 974236 974100 974084 4294966976 950104 26463352 701361 701634
701640 536870944 0 2 28 977520 2 974152 4 0 974236 974100 974084 4294966976 950104 26463352 701361 701640
701634 1610612768 0 2 28 977520 2 974152 8 0 974236 974100 974084 4294966976 950104 26463352 701361 701634
701640 536870944 0 2 28 977520 3 974152 8 0 974236 974100 974084 4294966976 950104 26463352 701361 701640
701634 1610612768 0 2 28 977520 3 974152 12 0 974236 974100 974084 4294966976 950104 26463352 701361 701634
701640 536870944 0 2 28 977520 4 974152 12 0 974236 974100 974084 4294966976 950104 26463352 701361 701640
701634 1610612768 0 2 28 977520 4 974152 16 0 974236 974100 974084 4294966976 950104 26463352 701361 701634
701640 536870944 0 2 28 977520 5 974152 16 0 974236 974100 974084 4294966976 950104 26463352 701361 701640
701634 1610612768 0 2 28 977520 5 974152 20 0 974236 974100 974084 4294966976 950104 26463352 701361 701634
701640 536870944 0 2 28 977520 6 974152 20 0 974236 974100 974084 4294966976 950104 26463352 701361 701640
701634 1610612768 0 2 28 977520 6 974152 24 0 974236 974100 974084 4294966976 950104 26463352 701361 701634
701640 536870944 0 2 28 977520 7 974152 24 0 974236 974100 974084 4294966976 950104 26463352 701361 701640
701634 1610612768 0 2 28 977520 7 974152 28 0 974236 974100 974084 4294966976 950104 26463352 701361 701634
701640 536870944 0 2 28 977520 8 974152 28 0 974236 974100 974084 4294966976 950104 26463352 701361 701640
701634 1610612768 0 2 28 977520 8 974152 32 0 974236 974100 974084 4294966976 950104 26463352 701361 701634
701640 536870944 0 2 28 977520 9 974152 32 0 974236 974100 974084 4294966976 950104 26463352 701361 701640
701634 1610612768 0 2 28 977520 9 974152 36 0 974236 974100 974084 4294966976 950104 26463352 701361 701634
701640 536870944 0 2 28 977520 10 974152 36 0 974236 974100 974084 4294966976 950104 26463352 701361 701640
701634 1610612768 0 2 28 977520 10 974152 40 0 974236 974100 974084 4294966976 950104 26463352 701361 701634
701640 536870944 0 2 28 977520 11 974152 40 0 974236 974100 974084 4294966976 950104 26463352 701361 701640
701634 1610612768 0 2 28 977520 11 974152 44 0 974236 974100 974084 4294966976 950104 26463352 701361 701634
701640 536870944 0 2 28 977520 12 974152 44 0 974236 974100 974084 4294966976 950104 26463352 701361 701640
701634 1610612768 0 2 28 977520 12 974152 48 0 974236 974100 974084 4294966976 950104 26463352 701361 701634
701640 536870944 0 2 28 977520 13 974152 48 0 974236 974100 974084 4294966976 950104 26463352 701361 701640
701634 1610612768 0 2 28 977520 13 974152 52 0 974236 974100 974084 4294966976 950104 26463352 701361 701634
701640 536870944 0 2 28 977520 14 974152 52 0 974236 974100 974084 4294966976 950104 26463352 701361 701640
701634 1610612768 0 2 28 977520 14 974152 56 0 974236 974100 974084 4294966976 950104 26463352 701361 701634
701640 536870944 0 2 28 977520 15 974152 56 0 974236 974100 974084 4294966976 950104 26463352 701361 701640
701634 1610612768 0 2 28 977520 15 974152 60 0 974236 974100 974084 4294966976 950104 26463352 701361 701634
701640 536870944 0 2 28 977520 16 974152 60 0 974236 974100 974084 4294966976 950104 26463352 701361 701640
701634 1610612768 0 2 28 977520 16 974152 64 0 974236 974100 974084 4294966976 950104 26463352 701361 701634
701640 536870944 0 2 28 977520 17 974152 64 0 974236 974100 974084 4294966976 950104 26463352 701361 701640
701634 1610612768 0 2 28 977520 17 974152 68 0 974236 974100 974084 4294966976 950104 26463352 701361 701634
701640 536870944 0 2 28 977520 18 974152 68 0 974236 974100 974084 4294966976 950104 26463352 701361 701640
701634 1610612768 0 2 28 977520 18 974152 72 0 974236 974100 974084 4294966976 950104 26463352 701361 701634
701640 536870944 0 2 28 977520 19 974152 72 0 974236 974100 974084 4294966976 950104 26463352 701361 701640
701634 1610612768 0 2 28 977520 19 974152 76 0 974236 974100 974084 4294966976 950104 26463352 701361 701634
701640 536870944 0 2 28 977520 20 974152 76 0 974236 974100 974084 4294966976 950104 26463352 701361 701640
701634 1610612768 0 2 28 977520 20 974152 80 0 974236 974100 974084 4294966976 950104 26463352 701361 701634
701640 536870944 0 2 28 977520 21 974152 80 0 974236 974100 974084 4294966976 950104 26463352 701361 701640
701634 1610612768 0 2 28 977520 21 974152 84 0 974236 974100 974084 4294966976 950104 26463352 701361 701634
701640 536870944 0 2 28 977520 22 974152 84 0 974236 974100 974084 4294966976 950104 26463352 701361 701640
701634 1610612768 0 2 28 977520 22 974152 88 0 974236 974100 974084 4294966976 950104 26463352 701361 701634
701640 536870944 0 2 28 977520 23 974152 88 0 974236 974100 974084 4294966976 950104 26463352 701361 701640
701634 1610612768 0 2 28 977520 23 974152 92 0 974236 974100 974084 4294966976 950104 26463352 701361 701634
701640 536870944 0 2 28 977520 24 974152 92 0 974236 974100 974084 4294966976 950104 26463352 701361 701640
701634 1610612768 0 2 28 977520 24 974152 96 0 974236 974100 974084 4294966976 950104 26463352 701361 701634
701640 536870944 0 2 28 977520 25 974152 96 0 974236 974100 974084 4294966976 950104 26463352 701361 701640
701634 1610612768 0 2 28 977520 25 974152 100 0 974236 974100 974084 4294966976 950104 26463352 701361 701634
701640 536870944 0 2 28 977520 26 974152 100 0 974236 974100 974084 4294966976 950104 26463352 701361 701640
701634 1610612768 0 2 28 977520 26 974152 104 0 974236 974100 974084 4294966976 950104 26463352 701361 701634
701640 536870944 0 2 28 977520 27 974152 104 0 974236 974100 974084 4294966976 950104 26463352 701361 701640
701634 1610612768 0 2 28 977520 27 974152 108 0 974236 974100 974084 4294966976 950104 26463352 701361 701634
701694 1610612768 0 2 28 977520 28 974152 108 0 974236 974100 974084 4294966976 950104 26463352 701361 701694
701360 536870944 19 20 977652 20 974152 974152 1 4294966996 975812 974100 974084 4294966976 950104 26463352 701361 701360
701550 2147483680 19 20 977652 27 974152 974152 19 4294966996 975812 974100 974084 4294966976 950104 26463352 701361 701550
701562 2147483680 19 1 977652 975816 974152 974152 19 4294966996 975812 974100 974084 4294966976 950104 26463352 701361 701562
701568 32 19 2 0 975816 974152 974152 19 4294966996 975812 974100 974084 4294966976 950104 26463352 701361 701568
701572 1610612768 19 2 0 975816 974152 974152 19 4294966996 975812 974100 974084 4294966976 950104 26463352 701361 701572
701614 1610612768 0 2 0 975816 975440 974152 19 4294966996 975812 974100 974084 4294966976 950104 26463352 701361 701614
701620 1610612768 0 2 28 975816 975440 974152 19 4294966996 975812 974100 974084 4294966976 950104 26463352 701361 701620
701622 1610612768 0 2 28 975816 975440 974152 19 4294966996 975812 974100 974084 4294966976 950104 26463352 701361 701622
701640 1610612768 0 2 28 975816 0 974152 19 0 975812 974100 974084 4294966976 950104 26463352 701361 701640
701634 1610612768 0 2 28 977520 0 974152 0 0 975812 974100 974084 4294966976 950104 26463352 701361 701634
701640 536870944 0 2 28 977520 1 974152 0 0 975812 974100 974084 4294966976 950104 26463352 701361 701640
701634 1610612768 0 2 28 977520 1 974152 4 0 975812 974100 974084 4294966976 950104 26463352 701361 701634
701640 536870944 0 2 28 977520 2 974152 4 0 975812 974100 974084 4294966976 950104 26463352 701361 701640
701634 1610612768 0 2 28 977520 2 974152 8 0 975812 974100 974084 4294966976 950104 26463352 701361 701634
701640 536870944 0 2 28 977520 3 974152 8 0 975812 974100 974084 4294966976 950104 26463352 701361 701640
701634 1610612768 0 2 28 977520 3 974152 12 0 975812 974100 974084 4294966976 950104 26463352 701361 701634
701640 536870944 0 2 28 977520 4 974152 12 0 975812 974100 974084 4294966976 950104 26463352 701361 701640
701634 1610612768 0 2 28 977520 4 974152 16 0 975812 974100 974084 4294966976 950104 26463352 701361 701634
701640 536870944 0 2 28 977520 5 974152 16 0 975812 974100 974084 4294966976 950104 26463352 701361 701640
701634 1610612768 0 2 28 977520 5 974152 20 0 975812 974100 974084 4294966976 950104 26463352 701361 701634
701640 536870944 0 2 28 977520 6 974152 20 0 975812 974100 974084 4294966976 950104 26463352 701361 701640
701634 1610612768 0 2 28 977520 6 974152 24 0 975812 974100 974084 4294966976 950104 26463352 701361 701634
701640 536870944 0 2 28 977520 7 974152 24 0 975812 974100 974084 4294966976 950104 26463352 701361 701640
701634 1610612768 0 2 28 977520 7 974152 28 0 975812 974100 974084 4294966976 950104 26463352 701361 701634
701640 536870944 0 2 28 977520 8 974152 28 0 975812 974100 974084 4294966976 950104 26463352 701361 701640
701634 1610612768 0 2 28 977520 8 974152 32 0 975812 974100 974084 4294966976 950104 26463352 701361 701634
701640 536870944 0 2 28 977520 9 974152 32 0 975812 974100 974084 4294966976 950104 26463352 701361 701640
701634 1610612768 0 2 28 977520 9 974152 36 0 975812 974100 974084 4294966976 950104 26463352 701361 701634
701640 536870944 0 2 28 977520 10 974152 36 0 975812 974100 974084 4294966976 950104 26463352 701361 701640
701634 1610612768 0 2 28 977520 10 974152 40 0 975812 974100 974084 4294966976 950104 26463352 701361 701634
701640 536870944 0 2 28 977520 11 974152 40 0 975812 974100 974084 4294966976 950104 26463352 701361 701640
701634 1610612768 0 2 28 977520 11 974152 44 0 975812 974100 974084 4294966976 950104 26463352 701361 701634
701640 536870944 0 2 28 977520 12 974152 44 0 975812 974100 974084 4294966976 950104 26463352 701361 701640
701634 1610612768 0 2 28 977520 12 974152 48 0 975812 974100 974084 4294966976 950104 26463352 701361 701634
701640 536870944 0 2 28 977520 13 974152 48 0 975812 974100 974084 4294966976 950104 26463352 701361 701640
701634 1610612768 0 2 28 977520 13 974152 52 0 975812 974100 974084 4294966976 950104 26463352 701361 701634
701640 536870944 0 2 28 977520 14 974152 52 0 975812 974100 974084 4294966976 950104 26463352 701361 701640
701634 1610612768 0 2 28 977520 14 974152 56 0 975812 974100 974084 4294966976 950104 26463352 701361 701634
701640 536870944 0 2 28 977520 15 974152 56 0 975812 974100 974084 4294966976 950104 26463352 701361 701640
701634 1610612768 0 2 28 977520 15 974152 60 0 975812 974100 974084 4294966976 950104 26463352 701361 701634
701640 536870944 0 2 28 977520 16 974152 60 0 975812 974100 974084 4294966976 950104 26463352 701361 701640
701634 1610612768 0 2 28 977520 16 974152 64 0 975812 974100 974084 4294966976 950104 26463352 701361 701634
701640 536870944 0 2 28 977520 17 974152 64 0 975812 974100 974084 4294966976 950104 26463352 701361 701640
701634 1610612768 0 2 28 977520 17 974152 68 0 975812 974100 974084 4294966976 950104 26463352 701361 701634
701640 536870944 0 2 28 977520 18 974152 68 0 975812 974100 974084 4294966976 950104 26463352 701361 701640
701634 1610612768 0 2 28 977520 18 974152 72 0 975812 974100 974084 4294966976 950104 26463352 701361 701634
701640 536870944 0 2 28 977520 19 974152 72 0 975812 974100 974084 4294966976 950104 26463352 701361 701640
701634 1610612768 0 2 28 977520 19 974152 76 0 975812 974100 974084 4294966976 950104 26463352 701361 701634
701640 536870944 0 2 28 977520 20 974152 76 0 975812 974100 974084 4294966976 950104 26463352 701361 701640
701634 1610612768 0 2 28 977520 20 974152 80 0 975812 974100 974084 4294966976 950104 26463352 701361 701634
701640 536870944 0 2 28 977520 21 974152 80 0 975812 974100 974084 4294966976 950104 26463352 701361 701640
701634 1610612768 0 2 28 977520 21 974152 84 0 975812 974100 974084 4294966976 950104 26463352 701361 701634
701640 536870944 0 2 28 977520 22 974152 84 0 975812 974100 974084 4294966976 950104 26463352 701361 701640
701634 1610612768 0 2 28 977520 22 974152 88 0 975812 974100 974084 4294966976 950104 26463352 701361 701634
701640 536870944 0 2 28 977520 23 974152 88 0 975812 974100 974084 4294966976 950104 26463352 701361 701640
701634 1610612768 0 2 28 977520 23 974152 92 0 975812 974100 974084 4294966976 950104 26463352 701361 701634
701640 536870944 0 2 28 977520 24 974152 92 0 975812 974100 974084 4294966976 950104 26463352 701361 701640
701634 1610612768 0 2 28 977520 24 974152 96 0 975812 974100 974084 4294966976 950104 26463352 701361 701634
701640 536870944 0 2 28 977520 25 974152 96 0 975812 974100 974084 4294966976 950104 26463352 701361 701640
701634 1610612768 0 2 28 977520 25 974152 100 0 975812 974100 974084 4294966976 950104 26463352 701361 701634
701640 536870944 0 2 28 977520 26 974152 100 0 975812 974100 974084 4294966976 950104 26463352 701361 701640
701634 1610612768 0 2 28 977520 26 974152 104 0 975812 974100 974084 4294966976 950104 26463352 701361 701634
701640 536870944 0 2 28 977520 27 974152 104 0 975812 974100 974084 4294966976 950104 26463352 701361 701640
701634 1610612768 0 2 28 977520 27 974152 108 0 975812 974100 974084 4294966976 950104 26463352 701361 701634
701694 1610612768 0 2 28 977520 28 974152 108 0 975812 974100 974084 4294966976 950104 26463352 701361 701694
701360 536870944 20 21 977652 21 974152 974152 1 974456 977308 974100 974084 4294966976 44 26463352 701361 701360
701550 2147483680 20 21 977652 27 974152 974152 20 974456 977308 974100 974084 4294966976 44 26463352 701361 701550
701562 2147483680 20 1 977652 977312 974152 974152 20 974456 977308 974100 974084 4294966976 44 26463352 701361 701562
701568 32 20 2 0 977312 974152 974152 20 974456 977308 974100 974084 4294966976 44 26463352 701361 701568
701572 1610612768 20 2 0 977312 974152 974152 20 974456 977308 974100 974084 4294966976 44 26463352 701361 701572
701614 1610612768 0 2 0 977312 975440 974152 20 974456 977308 974100 974084 4294966976 44 26463352 701361 701614
701620 1610612768 0 2 28 977312 975440 974152 20 974456 977308 974100 974084 4294966976 44 26463352 701361 701620
701622 1610612768 0 2 28 977312 975440 974152 20 974456 977308 974100 974084 4294966976 44 26463352 701361 701622
701640 1610612768 0 2 28 977312 0 974152 20 0 977308 974100 974084 4294966976 44 26463352 701361 701640
701634 1610612768 0 2 28 977520 0 974152 0 0 977308 974100 974084 4294966976 44 26463352 701361 701634
701640 536870944 0 2 28 977520 1 974152 0 0 977308 974100 974084 4294966976 44 26463352 701361 701640
701634 1610612768 0 2 28 977520 1 974152 4 0 977308 974100 974084 4294966976 44 26463352 701361 701634
701640 536870944 0 2 28 977520 2 974152 4 0 977308 974100 974084 4294966976 44 26463352 701361 701640
701634 1610612768 0 2 28 977520 2 974152 8 0 977308 974100 974084 4294966976 44 26463352 701361 701634
701640 536870944 0 2 28 977520 3 974152 8 0 977308 974100 974084 4294966976 44 26463352 701361 701640
701634 1610612768 0 2 28 977520 3 974152 12 0 977308 974100 974084 4294966976 44 26463352 701361 701634
701640 536870944 0 2 28 977520 4 974152 12 0 977308 974100 974084 4294966976 44 26463352 701361 701640
701634 1610612768 0 2 28 977520 4 974152 16 0 977308 974100 974084 4294966976 44 26463352 701361 701634
701640 536870944 0 2 28 977520 5 974152 16 0 977308 974100 974084 4294966976 44 26463352 701361 701640
701634 1610612768 0 2 28 977520 5 974152 20 0 977308 974100 974084 4294966976 44 26463352 701361 701634
701640 536870944 0 2 28 977520 6 974152 20 0 977308 974100 974084 4294966976 44 26463352 701361 701640
701634 1610612768 0 2 28 977520 6 974152 24 0 977308 974100 974084 4294966976 44 26463352 701361 701634
701640 536870944 0 2 28 977520 7 974152 24 0 977308 974100 974084 4294966976 44 26463352 701361 701640
701634 1610612768 0 2 28 977520 7 974152 28 0 977308 974100 974084 4294966976 44 26463352 701361 701634
701640 536870944 0 2 28 977520 8 974152 28 0 977308 974100 974084 4294966976 44 26463352 701361 701640
701634 1610612768 0 2 28 977520 8 974152 32 0 977308 974100 974084 4294966976 44 26463352 701361 701634
701640 536870944 0 2 28 977520 9 974152 32 0 977308 974100 974084 4294966976 44 26463352 701361 701640
701634 1610612768 0 2 28 977520 9 974152 36 0 977308 974100 974084 4294966976 44 26463352 701361 701634
701640 536870944 0 2 28 977520 10 974152 36 0 977308 974100 974084 4294966976 44 26463352 701361 701640
701634 1610612768 0 2 28 977520 10 974152 40 0 977308 974100 974084 4294966976 44 26463352 701361 701634
701640 536870944 0 2 28 977520 11 974152 40 0 977308 974100 974084 4294966976 44 26463352 701361 701640
701634 1610612768 0 2 28 977520 11 974152 44 0 977308 974100 974084 4294966976 44 26463352 701361 701634
701640 536870944 0 2 28 977520 12 974152 44 0 977308 974100 974084 4294966976 44 26463352 701361 701640
701634 1610612768 0 2 28 977520 12 974152 48 0 977308 974100 974084 4294966976 44 26463352 701361 701634
701640 536870944 0 2 28 977520 13 974152 48 0 977308 974100 974084 4294966976 44 26463352 701361 701640
701634 1610612768 0 2 28 977520 13 974152 52 0 977308 974100 974084 4294966976 44 26463352 701361 701634
701640 536870944 0 2 28 977520 14 974152 52 0 977308 974100 974084 4294966976 44 26463352 701361 701640
701634 1610612768 0 2 28 977520 14 974152 56 0 977308 974100 974084 4294966976 44 26463352 701361 701634
701640 536870944 0 2 28 977520 15 974152 56 0 977308 974100 974084 4294966976 44 26463352 701361 701640
701634 1610612768 0 2 28 977520 15 974152 60 0 977308 974100 974084 4294966976 44 26463352 701361 701634
701640 536870944 0 2 28 977520 16 974152 60 0 977308 974100 974084 4294966976 44 26463352 701361 701640
701634 1610612768 0 2 28 977520 16 974152 64 0 977308 974100 974084 4294966976 44 26463352 701361 701634
701640 536870944 0 2 28 977520 17 974152 64 0 977308 974100 974084 4294966976 44 26463352 701361 701640
701634 1610612768 0 2 28 977520 17 974152 68 0 977308 974100 974084 4294966976 44 26463352 701361 701634
701640 536870944 0 2 28 977520 18 974152 68 0 977308 974100 974084 4294966976 44 26463352 701361 701640
701634 1610612768 0 2 28 977520 18 974152 72 0 977308 974100 974084 4294966976 44 26463352 701361 701634
701640 536870944 0 2 28 977520 19 974152 72 0 977308 974100 974084 4294966976 44 26463352 701361 701640
701634 1610612768 0 2 28 977520 19 974152 76 0 977308 974100 974084 4294966976 44 26463352 701361 701634
701640 536870944 0 2 28 977520 20 974152 76 0 977308 974100 974084 4294966976 44 26463352 701361 701640
701634 1610612768 0 2 28 977520 20 974152 80 0 977308 974100 974084 4294966976 44 26463352 701361 701634
701640 536870944 0 2 28 977520 21 974152 80 0 977308 974100 974084 4294966976 44 26463352 701361 701640
701634 1610612768 0 2 28 977520 21 974152 84 0 977308 974100 974084 4294966976 44 26463352 701361 701634
701640 536870944 0 2 28 977520 22 974152 84 0 977308 974100 974084 4294966976 44 26463352 701361 701640
701634 1610612768 0 2 28 977520 22 974152 88 0 977308 974100 974084 4294966976 44 26463352 701361 701634
701640 536870944 0 2 28 977520 23 974152 88 0 977308 974100 974084 4294966976 44 26463352 701361 701640
701634 1610612768 0 2 28 977520 23 974152 92 0 977308 974100 974084 4294966976 44 26463352 701361 701634
701640 536870944 0 2 28 977520 24 974152 92 0 977308 974100 974084 4294966976 44 26463352 701361 701640
701634 1610612768 0 2 28 977520 24 974152 96 0 977308 974100 974084 4294966976 44 26463352 701361 701634
701640 536870944 0 2 28 977520 25 974152 96 0 977308 974100 974084 4294966976 44 26463352 701361 701640
701634 1610612768 0 2 28 977520 25 974152 100 0 977308 974100 974084 4294966976 44 26463352 701361 701634
701640 536870944 0 2 28 977520 26 974152 100 0 977308 974100 974084 4294966976 44 26463352 701361 701640
701634 1610612768 0 2 28 977520 26 974152 104 0 977308 974100 974084 4294966976 44 26463352 701361 701634
701640 536870944 0 2 28 977520 27 974152 104 0 977308 974100 974084 4294966976 44 26463352 701361 701640
701634 1610612768 0 2 28 977520 27 974152 108 0 977308 974100 974084 4294966976 44 26463352 701361 701634
701694 1610612768 0 2 28 977520 28 974152 108 0 977308 974100 974084 4294966976 44 26463352 701361 701694
701360 536870944 21 22 977652 22 974152 974152 1 944576 975844 974100 974084 977772 44 26463352 701361 701360
701550 2147483680 21 22 977652 27 974152 974152 21 944576 975844 974100 974084 977772 44 26463352 701361 701550
701562 2147483680 21 1 977652 975848 974152 974152 21 944576 975844 974100 974084 977772 44 26463352 701361 701562
701568 32 21 2 0 975848 974152 974152 21 944576 975844 974100 974084 977772 44 26463352 701361 701568
701572 1610612768 21 2 0 975848 974152 974152 21 944576 975844 974100 974084 977772 44 26463352 701361 701572
701614 1610612768 0 2 0 975848 975440 974152 21 944576 975844 974100 974084 977772 44 26463352 701361 701614
701620 1610612768 0 2 28 975848 975440 974152 21 944576 975844 974100 974084 977772 44 26463352 701361 701620
701622 1610612768 0 2 28 975848 975440 974152 21 944576 975844 974100 974084 977772 44 26463352 701361 701622
701640 1610612768 0 2 28 975848 0 974152 21 0 975844 974100 974084 977772 44 26463352 701361 701640
701634 1610612768 0 2 28 977520 0 974152 0 0 975844 974100 974084 977772 44 26463352 701361 701634
701640 536870944 0 2 28 977520 1 974152 0 0 975844 974100 974084 977772 44 26463352 701361 701640
701634 1610612768 0 2 28 977520 1 974152 4 0 975844 974100 974084 977772 44 26463352 701361 701634
701640 536870944 0 2 28 977520 2 974152 4 0 975844 974100 974084 977772 44 26463352 701361 701640
701634 1610612768 0 2 28 977520 2 974152 8 0 975844 974100 974084 977772 44 26463352 701361 701634
701640 536870944 0 2 28 977520 3 974152 8 0 975844 974100 974084 977772 44 26463352 701361 701640
701634 1610612768 0 2 28 977520 3 974152 12 0 975844 974100 974084 977772 44 26463352 701361 701634
701640 536870944 0 2 28 977520 4 974152 12 0 975844 974100 974084 977772 44 26463352 701361 701640
701634 1610612768 0 2 28 977520 4 974152 16 0 975844 974100 974084 977772 44 26463352 701361 701634
701640 536870944 0 2 28 977520 5 974152 16 0 975844 974100 974084 977772 44 26463352 701361 701640
701634 1610612768 0 2 28 977520 5 974152 20 0 975844 974100 974084 977772 44 26463352 701361 701634
701640 536870944 0 2 28 977520 6 974152 20 0 975844 974100 974084 977772 44 26463352 701361 701640
701634 1610612768 0 2 28 977520 6 974152 24 0 975844 974100 974084 977772 44 26463352 701361 701634
701640 536870944 0 2 28 977520 7 974152 24 0 975844 974100 974084 977772 44 26463352 701361 701640
701634 1610612768 0 2 28 977520 7 974152 28 0 975844 974100 974084 977772 44 26463352 701361 701634
701640 536870944 0 2 28 977520 8 974152 28 0 975844 974100 974084 977772 44 26463352 701361 701640
701634 1610612768 0 2 28 977520 8 974152 32 0 975844 974100 974084 977772 44 26463352 701361 701634
701640 536870944 0 2 28 977520 9 974152 32 0 975844 974100 974084 977772 44 26463352 701361 701640
701634 1610612768 0 2 28 977520 9 974152 36 0 975844 974100 974084 977772 44 26463352 701361 701634
701640 536870944 0 2 28 977520 10 974152 36 0 975844 974100 974084 977772 44 26463352 701361 701640
701634 1610612768 0 2 28 977520 10 974152 40 0 975844 974100 974084 977772 44 26463352 701361 701634
701640 536870944 0 2 28 977520 11 974152 40 0 975844 974100 974084 977772 44 26463352 701361 701640
701634 1610612768 0 2 28 977520 11 974152 44 0 975844 974100 974084 977772 44 26463352 701361 701634
701640 536870944 0 2 28 977520 12 974152 44 0 975844 974100 974084 977772 44 26463352 701361 701640
701634 1610612768 0 2 28 977520 12 974152 48 0 975844 974100 974084 977772 44 26463352 701361 701634
701640 536870944 0 2 28 977520 13 974152 48 0 975844 974100 974084 977772 44 26463352 701361 701640
701634 1610612768 0 2 28 977520 13 974152 52 0 975844 974100 974084 977772 44 26463352 701361 701634
701640 536870944 0 2 28 977520 14 974152 52 0 975844 974100 974084 977772 44 26463352 701361 701640
701634 1610612768 0 2 28 977520 14 974152 56 0 975844 974100 974084 977772 44 26463352 701361 701634
701640 536870944 0 2 28 977520 15 974152 56 0 975844 974100 974084 977772 44 26463352 701361 701640
701634 1610612768 0 2 28 977520 15 974152 60 0 975844 974100 974084 977772 44 26463352 701361 701634
701640 536870944 0 2 28 977520 16 974152 60 0 975844 974100 974084 977772 44 26463352 701361 701640
701634 1610612768 0 2 28 977520 16 974152 64 0 975844 974100 974084 977772 44 26463352 701361 701634
701640 536870944 0 2 28 977520 17 974152 64 0 975844 974100 974084 977772 44 26463352 701361 701640
701634 1610612768 0 2 28 977520 17 974152 68 0 975844 974100 974084 977772 44 26463352 701361 701634
701640 536870944 0 2 28 977520 18 974152 68 0 975844 974100 974084 977772 44 26463352 701361 701640
701634 1610612768 0 2 28 977520 18 974152 72 0 975844 974100 974084 977772 44 26463352 701361 701634
701640 536870944 0 2 28 977520 19 974152 72 0 975844 974100 974084 977772 44 26463352 701361 701640
701634 1610612768 0 2 28 977520 19 974152 76 0 975844 974100 974084 977772 44 26463352 701361 701634
701640 536870944 0 2 28 977520 20 974152 76 0 975844 974100 974084 977772 44 26463352 701361 701640
701634 1610612768 0 2 28 977520 20 974152 80 0 975844 974100 974084 977772 44 26463352 701361 701634
701640 536870944 0 2 28 977520 21 974152 80 0 975844 974100 974084 977772 44 26463352 701361 701640
701634 1610612768 0 2 28 977520 21 974152 84 0 975844 974100 974084 977772 44 26463352 701361 701634
701640 536870944 0 2 28 977520 22 974152 84 0 975844 974100 974084 977772 44 26463352 701361 701640
701634 1610612768 0 2 28 977520 22 974152 88 0 975844 974100 974084 977772 44 26463352 701361 701634
701640 536870944 0 2 28 977520 23 974152 88 0 975844 974100 974084 977772 44 26463352 701361 701640
701634 1610612768 0 2 28 977520 23 974152 92 0 975844 974100 974084 977772 44 26463352 701361 701634
701640 536870944 0 2 28 977520 24 974152 92 0 975844 974100 974084 977772 44 26463352 701361 701640
701634 1610612768 0 2 28 977520 24 974152 96 0 975844 974100 974084 977772 44 26463352 701361 701634
701640 536870944 0 2 28 977520 25 974152 96 0 975844 974100 974084 977772 44 26463352 701361 701640
701634 1610612768 0 2 28 977520 25 974152 100 0 975844 974100 974084 977772 44 26463352 701361 701634
701640 536870944 0 2 28 977520 26 974152 100 0 975844 974100 974084 977772 44 26463352 701361 701640
701634 1610612768 0 2 28 977520 26 974152 104 0 975844 974100 974084 977772 44 26463352 701361 701634
701640 536870944 0 2 28 977520 27 974152 104 0 975844 974100 974084 977772 44 26463352 701361 701640
701634 1610612768 0 2 28 977520 27 974152 108 0 975844 974100 974084 977772 44 26463352 701361 701634
701694 1610612768 0 2 28 977520 28 974152 108 0 975844 974100 974084 977772 44 26463352 701361 701694
701360 536870944 22 23 977652 23 974152 974152 1 4294967036 974144 974100 974084 977772 44 26463352 701361 701360
701550 2147483680 22 23 977652 27 974152 974152 22 4294967036 974144 974100 974084 977772 44 26463352 701361 701550
701562 2147483680 22 1 977652 974148 974152 974152 22 4294967036 974144 974100 974084 977772 44 26463352 701361 701562
701568 32 22 2 0 974148 974152 974152 22 4294967036 974144 974100 974084 977772 44 26463352 701361 701568
701572 1610612768 22 2 0 974148 974152 974152 22 4294967036 974144 974100 974084 977772 44 26463352 701361 701572
701614 1610612768 0 2 0 974148 975440 974152 22 4294967036 974144 974100 974084 977772 44 26463352 701361 701614
701620 1610612768 0 2 28 974148 975440 974152 22 4294967036 974144 974100 974084 977772 44 26463352 701361 701620
701622 1610612768 0 2 28 974148 975440 974152 22 4294967036 974144 974100 974084 977772 44 26463352 701361 701622
701640 1610612768 0 2 28 974148 0 974152 22 0 974144 974100 974084 977772 44 26463352 701361 701640
701634 1610612768 0 2 28 977520 0 974152 0 0 974144 974100 974084 977772 44 26463352 701361 701634
701640 536870944 0 2 28 977520 1 974152 0 0 974144 974100 974084 977772 44 26463352 701361 701640
701634 1610612768 0 2 28 977520 1 974152 4 0 974144 974100 974084 977772 44 26463352 701361 701634
701640 536870944 0 2 28 977520 2 974152 4 0 974144 974100 974084 977772 44 26463352 701361 701640
701634 1610612768 0 2 28 977520 2 974152 8 0 974144 974100 974084 977772 44 26463352 701361 701634
701640 536870944 0 2 28 977520 3 974152 8 0 974144 974100 974084 977772 44 26463352 701361 701640
701634 1610612768 0 2 28 977520 3 974152 12 0 974144 974100 974084 977772 44 26463352 701361 701634
701640 536870944 0 2 28 977520 4 974152 12 0 974144 974100 974084 977772 44 26463352 701361 701640
701634 1610612768 0 2 28 977520 4 974152 16 0 974144 974100 974084 977772 44 26463352 701361 701634
701640 536870944 0 2 28 977520 5 974152 16 0 974144 974100 974084 977772 44 26463352 701361 701640
701634 1610612768 0 2 28 977520 5 974152 20 0 974144 974100 974084 977772 44 26463352 701361 701634
701640 536870944 0 2 28 977520 6 974152 20 0 974144 974100 974084 977772 44 26463352 701361 701640
701634 1610612768 0 2 28 977520 6 974152 24 0 974144 974100 974084 977772 44 26463352 701361 701634
701640 536870944 0 2 28 977520 7 974152 24 0 974144 974100 974084 977772 44 26463352 701361 701640
701634 1610612768 0 2 28 977520 7 974152 28 0 974144 974100 974084 977772 44 26463352 701361 701634
701640 536870944 0 2 28 977520 8 974152 28 0 974144 974100 974084 977772 44 26463352 701361 701640
701634 1610612768 0 2 28 977520 8 974152 32 0 974144 974100 974084 977772 44 26463352 701361 701634
701640 536870944 0 2 28 977520 9 974152 32 0 974144 974100 974084 977772 44 26463352 701361 701640
701634 1610612768 0 2 28 977520 9 974152 36 0 974144 974100 974084 977772 44 26463352 701361 701634
701640 536870944 0 2 28 977520 10 974152 36 0 974144 974100 974084 977772 44 26463352 701361 701640
701634 1610612768 0 2 28 977520 10 974152 40 0 974144 974100 974084 977772 44 26463352 701361 701634
701640 536870944 0 2 28 977520 11 974152 40 0 974144 974100 974084 977772 44 26463352 701361 701640
701634 1610612768 0 2 28 977520 11 974152 44 0 974144 974100 974084 977772 44 26463352 701361 701634
701640 536870944 0 2 28 977520 12 974152 44 0 974144 974100 974084 977772 44 26463352 701361 701640
701634 1610612768 0 2 28 977520 12 974152 48 0 974144 974100 974084 977772 44 26463352 701361 701634
701640 536870944 0 2 28 977520 13 974152 48 0 974144 974100 974084 977772 44 26463352 701361 701640
701634 1610612768 0 2 28 977520 13 974152 52 0 974144 974100 974084 977772 44 26463352 701361 701634
701640 536870944 0 2 28 977520 14 974152 52 0 974144 974100 974084 977772 44 26463352 701361 701640
701634 1610612768 0 2 28 977520 14 974152 56 0 974144 974100 974084 977772 44 26463352 701361 701634
701640 536870944 0 2 28 977520 15 974152 56 0 974144 974100 974084 977772 44 26463352 701361 701640
701634 1610612768 0 2 28 977520 15 974152 60 0 974144 974100 974084 977772 44 26463352 701361 701634
701640 536870944 0 2 28 977520 16 974152 60 0 974144 974100 974084 977772 44 26463352 701361 701640
701634 1610612768 0 2 28 977520 16 974152 64 0 974144 974100 974084 977772 44 26463352 701361 701634
701640 536870944 0 2 28 977520 17 974152 64 0 974144 974100 974084 977772 44 26463352 701361 701640
701634 1610612768 0 2 28 977520 17 974152 68 0 974144 974100 974084 977772 44 26463352 701361 701634
701640 536870944 0 2 28 977520 18 974152 68 0 974144 974100 974084 977772 44 26463352 701361 701640
701634 1610612768 0 2 28 977520 18 974152 72 0 974144 974100 974084 977772 44 26463352 701361 701634
701640 536870944 0 2 28 977520 19 974152 72 0 974144 974100 974084 977772 44 26463352 701361 701640
701634 1610612768 0 2 28 977520 19 974152 76 0 974144 974100 974084 977772 44 26463352 701361 701634
701640 536870944 0 2 28 977520 20 974152 76 0 974144 974100 974084 977772 44 26463352 701361 701640
701634 1610612768 0 2 28 977520 20 974152 80 0 974144 974100 974084 977772 44 26463352 701361 701634
701640 536870944 0 2 28 977520 21 974152 80 0 974144 974100 974084 977772 44 26463352 701361 701640
701634 1610612768 0 2 28 977520 21 974152 84 0 974144 974100 974084 977772 44 26463352 701361 701634
701640 536870944 0 2 28 977520 22 974152 84 0 974144 974100 974084 977772 44 26463352 701361 701640
701634 1610612768 0 2 28 977520 22 974152 88 0 974144 974100 974084 977772 44 26463352 701361 701634
701640 536870944 0 2 28 977520 23 974152 88 0 974144 974100 974084 977772 44 26463352 701361 701640
701634 1610612768 0 2 28 977520 23 974152 92 0 974144 974100 974084 977772 44 26463352 701361 701634
701640 536870944 0 2 28 977520 24 974152 92 0 974144 974100 974084 977772 44 26463352 701361 701640
701634 1610612768 0 2 28 977520 24 974152 96 0 974144 974100 974084 977772 44 26463352 701361 701634
701640 536870944 0 2 28 977520 25 974152 96 0 974144 974100 974084 977772 44 26463352 701361 701640
701634 1610612768 0 2 28 977520 25 974152 100 0 974144 974100 974084 977772 44 26463352 701361 701634
701640 536870944 0 2 28 977520 26 974152 100 0 974144 974100 974084 977772 44 26463352 701361 701640
701634 1610612768 0 2 28 977520 26 974152 104 0 974144 974100 974084 977772 44 26463352 701361 701634
701640 536870944 0 2 28 977520 27 974152 104 0 974144 974100 974084 977772 44 26463352 701361 701640
701634 1610612768 0 2 28 977520 27 974152 108 0 974144 974100 974084 977772 44 26463352 701361 701634
701694 1610612768 0 2 28 977520 28 974152 108 0 974144 974100 974084 977772 44 26463352 701361 701694
701360 536870944 23 24 977652 24 974152 974152 1 4294967044 975836 974100 974084 977772 44 26463352 701361 701360
701550 2147483680 23 24 977652 27 974152 974152 23 4294967044 975836 974100 974084 977772 44 26463352 701361 701550
701562 2147483680 23 1 977652 975840 974152 974152 23 4294967044 975836 974100 974084 977772 44 26463352 701361 701562
701568 32 23 2 0 975840 974152 974152 23 4294967044 975836 974100 974084 977772 44 26463352 701361 701568
701572 1610612768 23 2 0 975840 974152 974152 23 4294967044 975836 974100 974084 977772 44 26463352 701361 701572
701614 1610612768 0 2 0 975840 975440 974152 23 4294967044 975836 974100 974084 977772 44 26463352 701361 701614
701620 1610612768 0 2 28 975840 975440 974152 23 4294967044 975836 974100 974084 977772 44 26463352 701361 701620
701622 1610612768 0 2 28 975840 975440 974152 23 4294967044 975836 974100 974084 977772 44 26463352 701361 701622
701640 1610612768 0 2 28 975840 0 974152 23 0 975836 974100 974084 977772 44 26463352 701361 701640
701634 1610612768 0 2 28 977520 0 974152 0 0 975836 974100 974084 977772 44 26463352 701361 701634
701640 536870944 0 2 28 977520 1 974152 0 0 975836 974100 974084 977772 44 26463352 701361 701640
701634 1610612768 0 2 28 977520 1 974152 4 0 975836 974100 974084 977772 44 26463352 701361 701634
701640 536870944 0 2 28 977520 2 974152 4 0 975836 974100 974084 977772 44 26463352 701361 701640
701634 1610612768 0 2 28 977520 2 974152 8 0 975836 974100 974084 977772 44 26463352 701361 701634
701640 536870944 0 2 28 977520 3 974152 8 0 975836 974100 974084 977772 44 26463352 701361 701640
701634 1610612768 0 2 28 977520 3 974152 12 0 975836 974100 974084 977772 44 26463352 701361 701634
701640 536870944 0 2 28 977520 4 974152 12 0 975836 974100 974084 977772 44 26463352 701361 701640
701634 1610612768 0 2 28 977520 4 974152 16 0 975836 974100 974084 977772 44 26463352 701361 701634
701640 536870944 0 2 28 977520 5 974152 16 0 975836 974100 974084 977772 44 26463352 701361 701640
701634 1610612768 0 2 28 977520 5 974152 20 0 975836 974100 974084 977772 44 26463352 701361 701634
701640 536870944 0 2 28 977520 6 974152 20 0 975836 974100 974084 977772 44 26463352 701361 701640
701634 1610612768 0 2 28 977520 6 974152 24 0 975836 974100 974084 977772 44 26463352 701361 701634
701640 536870944 0 2 28 977520 7 974152 24 0 975836 974100 974084 977772 44 26463352 701361 701640
701634 1610612768 0 2 28 977520 7 974152 28 0 975836 974100 974084 977772 44 26463352 701361 701634
701640 536870944 0 2 28 977520 8 974152 28 0 975836 974100 974084 977772 44 26463352 701361 701640
701634 1610612768 0 2 28 977520 8 974152 32 0 975836 974100 974084 977772 44 26463352 701361 701634
701640 536870944 0 2 28 977520 9 974152 32 0 975836 974100 974084 977772 44 26463352 701361 701640
701634 1610612768 0 2 28 977520 9 974152 36 0 975836 974100 974084 977772 44 26463352 701361 701634
701640 536870944 0 2 28 977520 10 974152 36 0 975836 974100 974084 977772 44 26463352 701361 701640
701634 1610612768 0 2 28 977520 10 974152 40 0 975836 974100 974084 977772 44 26463352 701361 701634
701640 536870944 0 2 28 977520 11 974152 40 0 975836 974100 974084 977772 44 26463352 701361 701640
701634 1610612768 0 2 28 977520 11 974152 44 0 975836 974100 974084 977772 44 26463352 701361 701634
701640 536870944 0 2 28 977520 12 974152 44 0 975836 974100 974084 977772 44 26463352 701361 701640
701634 1610612768 0 2 28 977520 12 974152 48 0 975836 974100 974084 977772 44 26463352 701361 701634
701640 536870944 0 2 28 977520 13 974152 48 0 975836 974100 974084 977772 44 26463352 701361 701640
701634 1610612768 0 2 28 977520 13 974152 52 0 975836 974100 974084 977772 44 26463352 701361 701634
701640 536870944 0 2 28 977520 14 974152 52 0 975836 974100 974084 977772 44 26463352 701361 701640
701634 1610612768 0 2 28 977520 14 974152 56 0 975836 974100 974084 977772 44 26463352 701361 701634
701640 536870944 0 2 28 977520 15 974152 56 0 975836 974100 974084 977772 44 26463352 701361 701640
701634 1610612768 0 2 28 977520 15 974152 60 0 975836 974100 974084 977772 44 26463352 701361 701634
701640 536870944 0 2 28 977520 16 974152 60 0 975836 974100 974084 977772 44 26463352 701361 701640
701634 1610612768 0 2 28 977520 16 974152 64 0 975836 974100 974084 977772 44 26463352 701361 701634
701640 536870944 0 2 28 977520 17 974152 64 0 975836 974100 974084 977772 44 26463352 701361 701640
701634 1610612768 0 2 28 977520 17 974152 68 0 975836 974100 974084 977772 44 26463352 701361 701634
701640 536870944 0 2 28 977520 18 974152 68 0 975836 974100 974084 977772 44 26463352 701361 701640
701634 1610612768 0 2 28 977520 18 974152 72 0 975836 974100 974084 977772 44 26463352 701361 701634
701640 536870944 0 2 28 977520 19 974152 72 0 975836 974100 974084 977772 44 26463352 701361 701640
701634 1610612768 0 2 28 977520 19 974152 76 0 975836 974100 974084 977772 44 26463352 701361 701634
701640 536870944 0 2 28 977520 20 974152 76 0 975836 974100 974084 977772 44 26463352 701361 701640
701634 1610612768 0 2 28 977520 20 974152 80 0 975836 974100 974084 977772 44 26463352 701361 701634
701640 536870944 0 2 28 977520 21 974152 80 0 975836 974100 974084 977772 44 26463352 701361 701640
701634 1610612768 0 2 28 977520 21 974152 84 0 975836 974100 974084 977772 44 26463352 701361 701634
701640 536870944 0 2 28 977520 22 974152 84 0 975836 974100 974084 977772 44 26463352 701361 701640
701634 1610612768 0 2 28 977520 22 974152 88 0 975836 974100 974084 977772 44 26463352 701361 701634
701640 536870944 0 2 28 977520 23 974152 88 0 975836 974100 974084 977772 44 26463352 701361 701640
701634 1610612768 0 2 28 977520 23 974152 92 0 975836 974100 974084 977772 44 26463352 701361 701634
701640 536870944 0 2 28 977520 24 974152 92 0 975836 974100 974084 977772 44 26463352 701361 701640
701634 1610612768 0 2 28 977520 24 974152 96 0 975836 974100 974084 977772 44 26463352 701361 701634
701640 536870944 0 2 28 977520 25 974152 96 0 975836 974100 974084 977772 44 26463352 701361 701640
701634 1610612768 0 2 28 977520 25 974152 100 0 975836 974100 974084 977772 44 26463352 701361 701634
701640 536870944 0 2 28 977520 26 974152 100 0 975836 974100 974084 977772 44 26463352 701361 701640
701634 1610612768 0 2 28 977520 26 974152 104 0 975836 974100 974084 977772 44 26463352 701361 701634
701640 536870944 0 2 28 977520 27 974152 104 0 975836 974100 974084 977772 44 26463352 701361 701640
701634 1610612768 0 2 28 977520 27 974152 108 0 975836 974100 974084 977772 44 26463352 701361 701634
701694 1610612768 0 2 28 977520 28 974152 108 0 975836 974100 974084 977772 44 26463352 701361 701694
701360 536870944 24 25 977652 25 974152 974152 0 977748 975552 974100 974084 977772 920732 26463352 701361 701360
701550 2147483680 24 25 977652 27 974152 974152 24 977748 975552 974100 974084 977772 920732 26463352 701361 701550
701562 2147483680 24 1 977652 975556 974152 974152 24 977748 975552 974100 974084 977772 920732 26463352 701361 701562
701568 32 24 2 0 975556 974152 974152 24 977748 975552 974100 974084 977772 920732 26463352 701361 701568
701572 1610612768 24 2 0 975556 974152 974152 24 977748 975552 974100 974084 977772 920732 26463352 701361 701572
701614 1610612768 0 2 0 975556 975440 974152 24 977748 975552 974100 974084 977772 920732 26463352 701361 701614
701620 1610612768 0 2 28 975556 975440 974152 24 977748 975552 974100 974084 977772 920732 26463352 701361 701620
701622 1610612768 0 2 28 975556 975440 974152 24 977748 975552 974100 974084 977772 920732 26463352 701361 701622
701640 1610612768 0 2 28 975556 0 974152 24 0 975552 974100 974084 977772 920732 26463352 701361 701640
701634 1610612768 0 2 28 977520 0 974152 0 0 975552 974100 974084 977772 920732 26463352 701361 701634
701640 536870944 0 2 28 977520 1 974152 0 0 975552 974100 974084 977772 920732 26463352 701361 701640
701634 1610612768 0 2 28 977520 1 974152 4 0 975552 974100 974084 977772 920732 26463352 701361 701634
701640 536870944 0 2 28 977520 2 974152 4 0 975552 974100 974084 977772 920732 26463352 701361 701640
701634 1610612768 0 2 28 977520 2 974152 8 0 975552 974100 974084 977772 920732 26463352 701361 701634
701640 536870944 0 2 28 977520 3 974152 8 0 975552 974100 974084 977772 920732 26463352 701361 701640
701634 1610612768 0 2 28 977520 3 974152 12 0 975552 974100 974084 977772 920732 26463352 701361 701634
701640 536870944 0 2 28 977520 4 974152 12 0 975552 974100 974084 977772 920732 26463352 701361 701640
701634 1610612768 0 2 28 977520 4 974152 16 0 975552 974100 974084 977772 920732 26463352 701361 701634
701640 536870944 0 2 28 977520 5 974152 16 0 975552 974100 974084 977772 920732 26463352 701361 701640
701634 1610612768 0 2 28 977520 5 974152 20 0 975552 974100 974084 977772 920732 26463352 701361 701634
701640 536870944 0 2 28 977520 6 974152 20 0 975552 974100 974084 977772 920732 26463352 701361 701640
701634 1610612768 0 2 28 977520 6 974152 24 0 975552 974100 974084 977772 920732 26463352 701361 701634
701640 536870944 0 2 28 977520 7 974152 24 0 975552 974100 974084 977772 920732 26463352 701361 701640
701634 1610612768 0 2 28 977520 7 974152 28 0 975552 974100 974084 977772 920732 26463352 701361 701634
701640 536870944 0 2 28 977520 8 974152 28 0 975552 974100 974084 977772 920732 26463352 701361 701640
701634 1610612768 0 2 28 977520 8 974152 32 0 975552 974100 974084 977772 920732 26463352 701361 701634
701640 536870944 0 2 28 977520 9 974152 32 0 975552 974100 974084 977772 920732 26463352 701361 701640
701634 1610612768 0 2 28 977520 9 974152 36 0 975552 974100 974084 977772 920732 26463352 701361 701634
701640 536870944 0 2 28 977520 10 974152 36 0 975552 974100 974084 977772 920732 26463352 701361 701640
701634 1610612768 0 2 28 977520 10 974152 40 0 975552 974100 974084 977772 920732 26463352 701361 701634
701640 536870944 0 2 28 977520 11 974152 40 0 975552 974100 974084 977772 920732 26463352 701361 701640
701634 1610612768 0 2 28 977520 11 974152 44 0 975552 974100 974084 977772 920732 26463352 701361 701634
701640 536870944 0 2 28 977520 12 974152 44 0 975552 974100 974084 977772 920732 26463352 701361 701640
701634 1610612768 0 2 28 977520 12 974152 48 0 975552 974100 974084 977772 920732 26463352 701361 701634
701640 536870944 0 2 28 977520 13 974152 48 0 975552 974100 974084 977772 920732 26463352 701361 701640
701634 1610612768 0 2 28 977520 13 974152 52 0 975552 974100 974084 977772 920732 26463352 701361 701634
701640 536870944 0 2 28 977520 14 974152 52 0 975552 974100 974084 977772 920732 26463352 701361 701640
701634 1610612768 0 2 28 977520 14 974152 56 0 975552 974100 974084 977772 920732 26463352 701361 701634
701640 536870944 0 2 28 977520 15 974152 56 0 975552 974100 974084 977772 920732 26463352 701361 701640
701634 1610612768 0 2 28 977520 15 974152 60 0 975552 974100 974084 977772 920732 26463352 701361 701634
701640 536870944 0 2 28 977520 16 974152 60 0 975552 974100 974084 977772 920732 26463352 701361 701640
701634 1610612768 0 2 28 977520 16 974152 64 0 975552 974100 974084 977772 920732 26463352 701361 701634
701640 536870944 0 2 28 977520 17 974152 64 0 975552 974100 974084 977772 920732 26463352 701361 701640
701634 1610612768 0 2 28 977520 17 974152 68 0 975552 974100 974084 977772 920732 26463352 701361 701634
701640 536870944 0 2 28 977520 18 974152 68 0 975552 974100 974084 977772 920732 26463352 701361 701640
701634 1610612768 0 2 28 977520 18 974152 72 0 975552 974100 974084 977772 920732 26463352 701361 701634
701640 536870944 0 2 28 977520 19 974152 72 0 975552 974100 974084 977772 920732 26463352 701361 701640
701634 1610612768 0 2 28 977520 19 974152 76 0 975552 974100 974084 977772 920732 26463352 701361 701634
701640 536870944 0 2 28 977520 20 974152 76 0 975552 974100 974084 977772 920732 26463352 701361 701640
701634 1610612768 0 2 28 977520 20 974152 80 0 975552 974100 974084 977772 920732 26463352 701361 701634
701640 536870944 0 2 28 977520 21 974152 80 0 975552 974100 974084 977772 920732 26463352 701361 701640
701634 1610612768 0 2 28 977520 21 974152 84 0 975552 974100 974084 977772 920732 26463352 701361 701634
701640 536870944 0 2 28 977520 22 974152 84 0 975552 974100 974084 977772 920732 26463352 701361 701640
701634 1610612768 0 2 28 977520 22 974152 88 0 975552 974100 974084 977772 920732 26463352 701361 701634
701640 536870944 0 2 28 977520 23 974152 88 0 975552 974100 974084 977772 920732 26463352 701361 701640
701634 1610612768 0 2 28 977520 23 974152 92 0 975552 974100 974084 977772 920732 26463352 701361 701634
701640 536870944 0 2 28 977520 24 974152 92 0 975552 974100 974084 977772 920732 26463352 701361 701640
701634 1610612768 0 2 28 977520 24 974152 96 0 975552 974100 974084 977772 920732 26463352 701361 701634
701640 536870944 0 2 28 977520 25 974152 96 0 975552 974100 974084 977772 920732 26463352 701361 701640
701634 1610612768 0 2 28 977520 25 974152 100 0 975552 974100 974084 977772 920732 26463352 701361 701634
701640 536870944 0 2 28 977520 26 974152 100 0 975552 974100 974084 977772 920732 26463352 701361 701640
701634 1610612768 0 2 28 977520 26 974152 104 0 975552 974100 974084 977772 920732 26463352 701361 701634
701640 536870944 0 2 28 977520 27 974152 104 0 975552 974100 974084 977772 920732 26463352 701361 701640
701634 1610612768 0 2 28 977520 27 974152 108 0 975552 974100 974084 977772 920732 26463352 701361 701634
701694 1610612768 0 2 28 977520 28 974152 108 0 975552 974100 974084 977772 920732 26463352 701361 701694
701360 536870944 25 26 977652 26 974152 974152 0 977748 974592 974100 974084 977772 920732 26463352 701361 701360
701550 2147483680 25 26 977652 27 974152 974152 25 977748 974592 974100 974084 977772 920732 26463352 701361 701550
701562 2147483680 25 1 977652 974596 974152 974152 25 977748 974592 974100 974084 977772 920732 26463352 701361 701562
701568 32 25 2 0 974596 974152 974152 25 977748 974592 974100 974084 977772 920732 26463352 701361 701568
701572 1610612768 25 2 0 974596 974152 974152 25 977748 974592 974100 974084 977772 920732 26463352 701361 701572
701614 1610612768 0 2 0 974596 975440 974152 25 977748 974592 974100 974084 977772 920732 26463352 701361 701614
701620 1610612768 0 2 28 974596 975440 974152 25 977748 974592 974100 974084 977772 920732 26463352 701361 701620
701622 1610612768 0 2 28 974596 975440 974152 25 977748 974592 974100 974084 977772 920732 26463352 701361 701622
701640 1610612768 0 2 28 974596 0 974152 25 0 974592 974100 974084 977772 920732 26463352 701361 701640
701634 1610612768 0 2 28 977520 0 974152 0 0 974592 974100 974084 977772 920732 26463352 701361 701634
701640 536870944 0 2 28 977520 1 974152 0 0 974592 974100 974084 977772 920732 26463352 701361 701640
701634 1610612768 0 2 28 977520 1 974152 4 0 974592 974100 974084 977772 920732 26463352 701361 701634
701640 536870944 0 2 28 977520 2 974152 4 0 974592 974100 974084 977772 920732 26463352 701361 701640
701634 1610612768 0 2 28 977520 2 974152 8 0 974592 974100 974084 977772 920732 26463352 701361 701634
701640 536870944 0 2 28 977520 3 974152 8 0 974592 974100 974084 977772 920732 26463352 701361 701640
701634 1610612768 0 2 28 977520 3 974152 12 0 974592 974100 974084 977772 920732 26463352 701361 701634
701640 536870944 0 2 28 977520 4 974152 12 0 974592 974100 974084 977772 920732 26463352 701361 701640
701634 1610612768 0 2 28 977520 4 974152 16 0 974592 974100 974084 977772 920732 26463352 701361 701634
701640 536870944 0 2 28 977520 5 974152 16 0 974592 974100 974084 977772 920732 26463352 701361 701640
701634 1610612768 0 2 28 977520 5 974152 20 0 974592 974100 974084 977772 920732 26463352 701361 701634
701640 536870944 0 2 28 977520 6 974152 20 0 974592 974100 974084 977772 920732 26463352 701361 701640
701634 1610612768 0 2 28 977520 6 974152 24 0 974592 974100 974084 977772 920732 26463352 701361 701634
701640 536870944 0 2 28 977520 7 974152 24 0 974592 974100 974084 977772 920732 26463352 701361 701640
701634 1610612768 0 2 28 977520 7 974152 28 0 974592 974100 974084 977772 920732 26463352 701361 701634
701640 536870944 0 2 28 977520 8 974152 28 0 974592 974100 974084 977772 920732 26463352 701361 701640
701634 1610612768 0 2 28 977520 8 974152 32 0 974592 974100 974084 977772 920732 26463352 701361 701634
701640 536870944 0 2 28 977520 9 974152 32 0 974592 974100 974084 977772 920732 26463352 701361 701640
701634 1610612768 0 2 28 977520 9 974152 36 0 974592 974100 974084 977772 920732 26463352 701361 701634
701640 536870944 0 2 28 977520 10 974152 36 0 974592 974100 974084 977772 920732 26463352 701361 701640
701634 1610612768 0 2 28 977520 10 974152 40 0 974592 974100 974084 977772 920732 26463352 701361 701634
701640 536870944 0 2 28 977520 11 974152 40 0 974592 974100 974084 977772 920732 26463352 701361 701640
701634 1610612768 0 2 28 977520 11 974152 44 0 974592 974100 974084 977772 920732 26463352 701361 701634
701640 536870944 0 2 28 977520 12 974152 44 0 974592 974100 974084 977772 920732 26463352 701361 701640
701634 1610612768 0 2 28 977520 12 974152 48 0 974592 974100 974084 977772 920732 26463352 701361 701634
701640 536870944 0 2 28 977520 13 974152 48 0 974592 974100 974084 977772 920732 26463352 701361 701640
701634 1610612768 0 2 28 977520 13 974152 52 0 974592 974100 974084 977772 920732 26463352 701361 701634
701640 536870944 0 2 28 977520 14 974152 52 0 974592 974100 974084 977772 920732 26463352 701361 701640
701634 1610612768 0 2 28 977520 14 974152 56 0 974592 974100 974084 977772 920732 26463352 701361 701634
701640 536870944 0 2 28 977520 15 974152 56 0 974592 974100 974084 977772 920732 26463352 701361 701640
701634 1610612768 0 2 28 977520 15 974152 60 0 974592 974100 974084 977772 920732 26463352 701361 701634
701640 536870944 0 2 28 977520 16 974152 60 0 974592 974100 974084 977772 920732 26463352 701361 701640
701634 1610612768 0 2 28 977520 16 974152 64 0 974592 974100 974084 977772 920732 26463352 701361 701634
701640 536870944 0 2 28 977520 17 974152 64 0 974592 974100 974084 977772 920732 26463352 701361 701640
701634 1610612768 0 2 28 977520 17 974152 68 0 974592 974100 974084 977772 920732 26463352 701361 701634
701640 536870944 0 2 28 977520 18 974152 68 0 974592 974100 974084 977772 920732 26463352 701361 701640
701634 1610612768 0 2 28 977520 18 974152 72 0 974592 974100 974084 977772 920732 26463352 701361 701634
701640 536870944 0 2 28 977520 19 974152 72 0 974592 974100 974084 977772 920732 26463352 701361 701640
701634 1610612768 0 2 28 977520 19 974152 76 0 974592 974100 974084 977772 920732 26463352 701361 701634
701640 536870944 0 2 28 977520 20 974152 76 0 974592 974100 974084 977772 920732 26463352 701361 701640
701634 1610612768 0 2 28 977520 20 974152 80 0 974592 974100 974084 977772 920732 26463352 701361 701634
701640 536870944 0 2 28 977520 21 974152 80 0 974592 974100 974084 977772 920732 26463352 701361 701640
701634 1610612768 0 2 28 977520 21 974152 84 0 974592 974100 974084 977772 920732 26463352 701361 701634
701640 536870944 0 2 28 977520 22 974152 84 0 974592 974100 974084 977772 920732 26463352 701361 701640
701634 1610612768 0 2 28 977520 22 974152 88 0 974592 974100 974084 977772 920732 26463352 701361 701634
701640 536870944 0 2 28 977520 23 974152 88 0 974592 974100 974084 977772 920732 26463352 701361 701640
701634 1610612768 0 2 28 977520 23 974152 92 0 974592 974100 974084 977772 920732 26463352 701361 701634
701640 536870944 0 2 28 977520 24 974152 92 0 974592 974100 974084 977772 920732 26463352 701361 701640
701634 1610612768 0 2 28 977520 24 974152 96 0 974592 974100 974084 977772 920732 26463352 701361 701634
701640 536870944 0 2 28 977520 25 974152 96 0 974592 974100 974084 977772 920732 26463352 701361 701640
701634 1610612768 0 2 28 977520 25 974152 100 0 974592 974100 974084 977772 920732 26463352 701361 701634
701640 536870944 0 2 28 977520 26 974152 100 0 974592 974100 974084 977772 920732 26463352 701361 701640
701634 1610612768 0 2 28 977520 26 974152 104 0 974592 974100 974084 977772 920732 26463352 701361 701634
701640 536870944 0 2 28 977520 27 974152 104 0 974592 974100 974084 977772 920732 26463352 701361 701640
701634 1610612768 0 2 28 977520 27 974152 108 0 974592 974100 974084 977772 920732 26463352 701361 701634
701694 1610612768 0 2 28 977520 28 974152 108 0 974592 974100 974084 977772 920732 26463352 701361 701694
701360 536870944 26 27 977652 27 974152 974152 0 977748 977512 974100 974084 977772 920732 26463352 701361 701360
701550 2147483680 26 27 977652 27 974152 974152 26 977748 977512 974100 974084 977772 920732 26463352 701361 701550
701562 2147483680 26 1 977652 977516 974152 974152 26 977748 977512 974100 974084 977772 920732 26463352 701361 701562
701568 32 26 2 0 977516 974152 974152 26 977748 977512 974100 974084 977772 920732 26463352 701361 701568
701572 1610612768 26 2 0 977516 974152 974152 26 977748 977512 974100 974084 977772 920732 26463352 701361 701572
701614 1610612768 0 2 0 977516 975440 974152 26 977748 977512 974100 974084 977772 920732 26463352 701361 701614
701620 1610612768 0 2 28 977516 975440 974152 26 977748 977512 974100 974084 977772 920732 26463352 701361 701620
701622 1610612768 0 2 28 977516 975440 974152 26 977748 977512 974100 974084 977772 920732 26463352 701361 701622
701640 1610612768 0 2 28 977516 0 974152 26 0 977512 974100 974084 977772 920732 26463352 701361 701640
701634 1610612768 0 2 28 977520 0 974152 0 0 977512 974100 974084 977772 920732 26463352 701361 701634
701640 536870944 0 2 28 977520 1 974152 0 0 977512 974100 974084 977772 920732 26463352 701361 701640
701634 1610612768 0 2 28 977520 1 974152 4 0 977512 974100 974084 977772 920732 26463352 701361 701634
701640 536870944 0 2 28 977520 2 974152 4 0 977512 974100 974084 977772 920732 26463352 701361 701640
701634 1610612768 0 2 28 977520 2 974152 8 0 977512 974100 974084 977772 920732 26463352 701361 701634
701640 536870944 0 2 28 977520 3 974152 8 0 977512 974100 974084 977772 920732 26463352 701361 701640
701634 1610612768 0 2 28 977520 3 974152 12 0 977512 974100 974084 977772 920732 26463352 701361 701634
701640 536870944 0 2 28 977520 4 974152 12 0 977512 974100 974084 977772 920732 26463352 701361 701640
701634 1610612768 0 2 28 977520 4 974152 16 0 977512 974100 974084 977772 920732 26463352 701361 701634
701640 536870944 0 2 28 977520 5 974152 16 0 977512 974100 974084 977772 920732 26463352 701361 701640
701634 1610612768 0 2 28 977520 5 974152 20 0 977512 974100 974084 977772 920732 26463352 701361 701634
701640 536870944 0 2 28 977520 6 974152 20 0 977512 974100 974084 977772 920732 26463352 701361 701640
701634 1610612768 0 2 28 977520 6 974152 24 0 977512 974100 974084 977772 920732 26463352 701361 701634
701640 536870944 0 2 28 977520 7 974152 24 0 977512 974100 974084 977772 920732 26463352 701361 701640
701634 1610612768 0 2 28 977520 7 974152 28 0 977512 974100 974084 977772 920732 26463352 701361 701634
701640 536870944 0 2 28 977520 8 974152 28 0 977512 974100 974084 977772 920732 26463352 701361 701640
701634 1610612768 0 2 28 977520 8 974152 32 0 977512 974100 974084 977772 920732 26463352 701361 701634
701640 536870944 0 2 28 977520 9 974152 32 0 977512 974100 974084 977772 920732 26463352 701361 701640
701634 1610612768 0 2 28 977520 9 974152 36 0 977512 974100 974084 977772 920732 26463352 701361 701634
701640 536870944 0 2 28 977520 10 974152 36 0 977512 974100 974084 977772 920732 26463352 701361 701640
701634 1610612768 0 2 28 977520 10 974152 40 0 977512 974100 974084 977772 920732 26463352 701361 701634
701640 536870944 0 2 28 977520 11 974152 40 0 977512 974100 974084 977772 920732 26463352 701361 701640
701634 1610612768 0 2 28 977520 11 974152 44 0 977512 974100 974084 977772 920732 26463352 701361 701634
701640 536870944 0 2 28 977520 12 974152 44 0 977512 974100 974084 977772 920732 26463352 701361 701640
701634 1610612768 0 2 28 977520 12 974152 48 0 977512 974100 974084 977772 920732 26463352 701361 701634
701640 536870944 0 2 28 977520 13 974152 48 0 977512 974100 974084 977772 920732 26463352 701361 701640
701634 1610612768 0 2 28 977520 13 974152 52 0 977512 974100 974084 977772 920732 26463352 701361 701634
701640 536870944 0 2 28 977520 14 974152 52 0 977512 974100 974084 977772 920732 26463352 701361 701640
701634 1610612768 0 2 28 977520 14 974152 56 0 977512 974100 974084 977772 920732 26463352 701361 701634
701640 536870944 0 2 28 977520 15 974152 56 0 977512 974100 974084 977772 920732 26463352 701361 701640
701634 1610612768 0 2 28 977520 15 974152 60 0 977512 974100 974084 977772 920732 26463352 701361 701634
701640 536870944 0 2 28 977520 16 974152 60 0 977512 974100 974084 977772 920732 26463352 701361 701640
701634 1610612768 0 2 28 977520 16 974152 64 0 977512 974100 974084 977772 920732 26463352 701361 701634
701640 536870944 0 2 28 977520 17 974152 64 0 977512 974100 974084 977772 920732 26463352 701361 701640
701634 1610612768 0 2 28 977520 17 974152 68 0 977512 974100 974084 977772 920732 26463352 701361 701634
701640 536870944 0 2 28 977520 18 974152 68 0 977512 974100 974084 977772 920732 26463352 701361 701640
701634 1610612768 0 2 28 977520 18 974152 72 0 977512 974100 974084 977772 920732 26463352 701361 701634
701640 536870944 0 2 28 977520 19 974152 72 0 977512 974100 974084 977772 920732 26463352 701361 701640
701634 1610612768 0 2 28 977520 19 974152 76 0 977512 974100 974084 977772 920732 26463352 701361 701634
701640 536870944 0 2 28 977520 20 974152 76 0 977512 974100 974084 977772 920732 26463352 701361 701640
701634 1610612768 0 2 28 977520 20 974152 80 0 977512 974100 974084 977772 920732 26463352 701361 701634
701640 536870944 0 2 28 977520 21 974152 80 0 977512 974100 974084 977772 920732 26463352 701361 701640
701634 1610612768 0 2 28 977520 21 974152 84 0 977512 974100 974084 977772 920732 26463352 701361 701634
701640 536870944 0 2 28 977520 22 974152 84 0 977512 974100 974084 977772 920732 26463352 701361 701640
701634 1610612768 0 2 28 977520 22 974152 88 0 977512 974100 974084 977772 920732 26463352 701361 701634
701640 536870944 0 2 28 977520 23 974152 88 0 977512 974100 974084 977772 920732 26463352 701361 701640
701634 1610612768 0 2 28 977520 23 974152 92 0 977512 974100 974084 977772 920732 26463352 701361 701634
701640 536870944 0 2 28 977520 24 974152 92 0 977512 974100 974084 977772 920732 26463352 701361 701640
701634 1610612768 0 2 28 977520 24 974152 96 0 977512 974100 974084 977772 920732 26463352 701361 701634
701640 536870944 0 2 28 977520 25 974152 96 0 977512 974100 974084 977772 920732 26463352 701361 701640
701634 1610612768 0 2 28 977520 25 974152 100 0 977512 974100 974084 977772 920732 26463352 701361 701634
701640 536870944 0 2 28 977520 26 974152 100 0 977512 974100 974084 977772 920732 26463352 701361 701640
701634 1610612768 0 2 28 977520 26 974152 104 0 977512 974100 974084 977772 920732 26463352 701361 701634
701640 536870944 0 2 28 977520 27 974152 104 0 977512 974100 974084 977772 920732 26463352 701361 701640
701634 1610612768 0 2 28 977520 27 974152 108 0 977512 974100 974084 977772 920732 26463352 701361 701634
701694 1610612768 0 2 28 977520 28 974152 108 0 977512 974100 974084 977772 920732 26463352 701361 701694
701360 536870944 27 28 977652 28 974152 974152 0 977748 977112 974100 974084 977772 950104 26463352 701361 701360
701550 1610612768 27 28 977652 27 974152 974152 27 977748 977112 974100 974084 977772 950104 26463352 701361 701550
701562 1610612768 27 1 977652 977116 974152 974152 27 977748 977112 974100 974084 977772 950104 26463352 701361 701562
701568 32 27 2 0 977116 974152 974152 27 977748 977112 974100 974084 977772 950104 26463352 701361 701568
701572 1610612768 27 2 0 977116 974152 974152 27 977748 977112 974100 974084 977772 950104 26463352 701361 701572
701614 1610612768 0 2 0 977116 975440 974152 27 977748 977112 974100 974084 977772 950104 26463352 701361 701614
701620 1610612768 0 2 28 977116 975440 974152 27 977748 977112 974100 974084 977772 950104 26463352 701361 701620
701622 1610612768 0 2 28 977116 975440 974152 27 977748 977112 974100 974084 977772 950104 26463352 701361 701622
701640 1610612768 0 2 28 977116 0 974152 27 0 977112 974100 974084 977772 950104 26463352 701361 701640
701634 1610612768 0 2 28 977520 0 974152 0 0 977112 974100 974084 977772 950104 26463352 701361 701634
701640 536870944 0 2 28 977520 1 974152 0 0 977112 974100 974084 977772 950104 26463352 701361 701640
701634 1610612768 0 2 28 977520 1 974152 4 0 977112 974100 974084 977772 950104 26463352 701361 701634
701640 536870944 0 2 28 977520 2 974152 4 0 977112 974100 974084 977772 950104 26463352 701361 701640
701634 1610612768 0 2 28 977520 2 974152 8 0 977112 974100 974084 977772 950104 26463352 701361 701634
701640 536870944 0 2 28 977520 3 974152 8 0 977112 974100 974084 977772 950104 26463352 701361 701640
701634 1610612768 0 2 28 977520 3 974152 12 0 977112 974100 974084 977772 950104 26463352 701361 701634
701640 536870944 0 2 28 977520 4 974152 12 0 977112 974100 974084 977772 950104 26463352 701361 701640
701634 1610612768 0 2 28 977520 4 974152 16 0 977112 974100 974084 977772 950104 26463352 701361 701634
701640 536870944 0 2 28 977520 5 974152 16 0 977112 974100 974084 977772 950104 26463352 701361 701640
701634 1610612768 0 2 28 977520 5 974152 20 0 977112 974100 974084 977772 950104 26463352 701361 701634
701640 536870944 0 2 28 977520 6 974152 20 0 977112 974100 974084 977772 950104 26463352 701361 701640
701634 1610612768 0 2 28 977520 6 974152 24 0 977112 974100 974084 977772 950104 26463352 701361 701634
701640 536870944 0 2 28 977520 7 974152 24 0 977112 974100 974084 977772 950104 26463352 701361 701640
701634 1610612768 0 2 28 977520 7 974152 28 0 977112 974100 974084 977772 950104 26463352 701361 701634
701640 536870944 0 2 28 977520 8 974152 28 0 977112 974100 974084 977772 950104 26463352 701361 701640
701634 1610612768 0 2 28 977520 8 974152 32 0 977112 974100 974084 977772 950104 26463352 701361 701634
701640 536870944 0 2 28 977520 9 974152 32 0 977112 974100 974084 977772 950104 26463352 701361 701640
701634 1610612768 0 2 28 977520 9 974152 36 0 977112 974100 974084 977772 950104 26463352 701361 701634
701640 536870944 0 2 28 977520 10 974152 36 0 977112 974100 974084 977772 950104 26463352 701361 701640
701634 1610612768 0 2 28 977520 10 974152 40 0 977112 974100 974084 977772 950104 26463352 701361 701634
701640 536870944 0 2 28 977520 11 974152 40 0 977112 974100 974084 977772 950104 26463352 701361 701640
701634 1610612768 0 2 28 977520 11 974152 44 0 977112 974100 974084 977772 950104 26463352 701361 701634
701640 536870944 0 2 28 977520 12 974152 44 0 977112 974100 974084 977772 950104 26463352 701361 701640
701634 1610612768 0 2 28 977520 12 974152 48 0 977112 974100 974084 977772 950104 26463352 701361 701634
701640 536870944 0 2 28 977520 13 974152 48 0 977112 974100 974084 977772 950104 26463352 701361 701640
701634 1610612768 0 2 28 977520 13 974152 52 0 977112 974100 974084 977772 950104 26463352 701361 701634
701640 536870944 0 2 28 977520 14 974152 52 0 977112 974100 974084 977772 950104 26463352 701361 701640
701634 1610612768 0 2 28 977520 14 974152 56 0 977112 974100 974084 977772 950104 26463352 701361 701634
701640 536870944 0 2 28 977520 15 974152 56 0 977112 974100 974084 977772 950104 26463352 701361 701640
701634 1610612768 0 2 28 977520 15 974152 60 0 977112 974100 974084 977772 950104 26463352 701361 701634
701640 536870944 0 2 28 977520 16 974152 60 0 977112 974100 974084 977772 950104 26463352 701361 701640
701634 1610612768 0 2 28 977520 16 974152 64 0 977112 974100 974084 977772 950104 26463352 701361 701634
701640 536870944 0 2 28 977520 17 974152 64 0 977112 974100 974084 977772 950104 26463352 701361 701640
701634 1610612768 0 2 28 977520 17 974152 68 0 977112 974100 974084 977772 950104 26463352 701361 701634
701640 536870944 0 2 28 977520 18 974152 68 0 977112 974100 974084 977772 950104 26463352 701361 701640
701634 1610612768 0 2 28 977520 18 974152 72 0 977112 974100 974084 977772 950104 26463352 701361 701634
701640 536870944 0 2 28 977520 19 974152 72 0 977112 974100 974084 977772 950104 26463352 701361 701640
701634 1610612768 0 2 28 977520 19 974152 76 0 977112 974100 974084 977772 950104 26463352 701361 701634
701640 536870944 0 2 28 977520 20 974152 76 0 977112 974100 974084 977772 950104 26463352 701361 701640
701634 1610612768 0 2 28 977520 20 974152 80 0 977112 974100 974084 977772 950104 26463352 701361 701634
701640 536870944 0 2 28 977520 21 974152 80 0 977112 974100 974084 977772 950104 26463352 701361 701640
701634 1610612768 0 2 28 977520 21 974152 84 0 977112 974100 974084 977772 950104 26463352 701361 701634
701640 536870944 0 2 28 977520 22 974152 84 0 977112 974100 974084 977772 950104 26463352 701361 701640
701634 1610612768 0 2 28 977520 22 974152 88 0 977112 974100 974084 977772 950104 26463352 701361 701634
701640 536870944 0 2 28 977520 23 974152 88 0 977112 974100 974084 977772 950104 26463352 701361 701640
701634 1610612768 0 2 28 977520 23 974152 92 0 977112 974100 974084 977772 950104 26463352 701361 701634
701640 536870944 0 2 28 977520 24 974152 92 0 977112 974100 974084 977772 950104 26463352 701361 701640
701634 1610612768 0 2 28 977520 24 974152 96 0 977112 974100 974084 977772 950104 26463352 701361 701634
701640 536870944 0 2 28 977520 25 974152 96 0 977112 974100 974084 977772 950104 26463352 701361 701640
701634 1610612768 0 2 28 977520 25 974152 100 0 977112 974100 974084 977772 950104 26463352 701361 701634
701640 536870944 0 2 28 977520 26 974152 100 0 977112 974100 974084 977772 950104 26463352 701361 701640
701634 1610612768 0 2 28 977520 26 974152 104 0 977112 974100 974084 977772 950104 26463352 701361 701634
701640 536870944 0 2 28 977520 27 974152 104 0 977112 974100 974084 977772 950104 26463352 701361 701640
701634 1610612768 0 2 28 977520 27 974152 108 0 977112 974100 974084 977772 950104 26463352 701361 701634
701694 1610612768 0 2 28 977520 28 974152 108 0 977112 974100 974084 977772 950104 26463352 701361 701694
