292816 32 0 0 0 0 0 0 0 0 0 0 0 0 0 26479832 25227264 292816
292820 32 0 0 0 0 0 0 0 0 0 0 0 0 0 26479808 25227264 292820
292830 32 0 0 0 0 950488 950492 950272 0 0 0 0 0 0 26479808 25227264 292830
602956 32 950488 0 0 0 950488 950492 950272 0 0 0 0 0 0 26479808 292837 602956
602962 32 950488 0 0 0 950488 950492 950272 0 0 0 0 0 0 26479752 292837 602962
602986 32 950488 0 0 974000 949572 950492 950272 0 0 0 0 950488 0 26479752 292837 602986
603016 1610612768 1 0 0 974000 949572 950492 950272 0 0 0 0 950488 0 26479752 292837 603016
603044 536870944 1 4294966692 4294965576 940088 949572 950492 950272 4294967295 0 973960 0 950488 0 26479752 292837 603044
603076 32 973988 4294966692 4294965576 940096 949572 950492 950272 4294967295 0 973960 0 950488 0 26479752 292837 603076
691896 32 973988 4294966692 4294965576 940096 949572 950492 950272 4294967295 0 973960 0 950488 0 26479752 603081 691896
691902 1073741856 973988 4294966692 4294965576 0 949572 950492 950272 4294967295 0 973960 0 950488 0 26479736 603081 691902
691824 1073741856 973988 4294966692 4294965576 0 973988 950492 950272 4294967295 0 973960 0 950488 0 26479736 691909 691824
691832 1073741856 949356 4294967237 4294965576 0 973988 950492 950272 4294967295 0 973960 0 950488 0 26479720 691909 691832
691838 1073741856 977668 691781 4294965576 0 257502 950492 950272 4294967295 0 973960 0 950488 0 26479720 691909 691838
290972 1073741824 977668 691781 4294965576 0 257502 950492 950272 4294967295 0 973960 0 950488 0 26479720 691843 290972
691780 32 0 0 0 0 257502 950492 950272 4294967295 0 973960 0 950488 950104 26463448 25227264 691780
691788 32 0 2 0 0 974152 950492 950272 4294967295 0 973960 0 950488 950104 26463440 25227264 691788
689040 32 974152 2 0 0 974152 950492 950272 4294967295 0 973960 0 950488 950104 26463440 691795 689040
689060 1073741856 974152 2 0 0 974152 0 975440 288454 0 973960 0 950488 950104 26463404 691795 689060
689066 1073741856 974152 2 0 0 974152 0 975440 977520 0 973960 0 950488 950104 26463404 691795 689066
689078 1073741856 974152 2 0 0 974152 260482 975440 977520 0 973960 0 950488 950104 26463384 28 689078
689092 1073741856 975440 977520 0 0 974152 949572 975440 977520 0 973960 0 950488 950104 26463384 28 689092
689094 2147483680 975440 977520 0 4 974152 949572 975440 977520 0 973960 0 950488 950104 26463384 28 689094
689094 2147483680 975440 977520 0 8 974152 949572 975440 977520 0 973960 0 950488 950104 26463384 28 689094
689094 2147483680 975440 977520 0 12 974152 949572 975440 977520 0 973960 0 950488 950104 26463384 28 689094
689094 2147483680 975440 977520 0 16 974152 949572 975440 977520 0 973960 0 950488 950104 26463384 28 689094
689094 2147483680 975440 977520 0 20 974152 949572 975440 977520 0 973960 0 950488 950104 26463384 28 689094
689094 2147483680 975440 977520 0 24 974152 949572 975440 977520 0 973960 0 950488 950104 26463384 28 689094
689094 2147483680 975440 977520 0 28 974152 949572 975440 977520 0 973960 0 950488 950104 26463384 28 689094
689094 2147483680 975440 977520 0 32 974152 949572 975440 977520 0 973960 0 950488 950104 26463384 28 689094
689094 2147483680 975440 977520 0 36 974152 949572 975440 977520 0 973960 0 950488 950104 26463384 28 689094
689094 2147483680 975440 977520 0 40 974152 949572 975440 977520 0 973960 0 950488 950104 26463384 28 689094
689094 2147483680 975440 977520 0 44 974152 949572 975440 977520 0 973960 0 950488 950104 26463384 28 689094
689094 2147483680 975440 977520 0 48 974152 949572 975440 977520 0 973960 0 950488 950104 26463384 28 689094
689094 2147483680 975440 977520 0 52 974152 949572 975440 977520 0 973960 0 950488 950104 26463384 28 689094
689094 2147483680 975440 977520 0 56 974152 949572 975440 977520 0 973960 0 950488 950104 26463384 28 689094
689094 2147483680 975440 977520 0 60 974152 949572 975440 977520 0 973960 0 950488 950104 26463384 28 689094
689094 2147483680 975440 977520 0 64 974152 949572 975440 977520 0 973960 0 950488 950104 26463384 28 689094
689094 2147483680 975440 977520 0 68 974152 949572 975440 977520 0 973960 0 950488 950104 26463384 28 689094
689094 2147483680 975440 977520 0 72 974152 949572 975440 977520 0 973960 0 950488 950104 26463384 28 689094
689094 2147483680 975440 977520 0 76 974152 949572 975440 977520 0 973960 0 950488 950104 26463384 28 689094
689094 2147483680 975440 977520 0 80 974152 949572 975440 977520 0 973960 0 950488 950104 26463384 28 689094
689094 2147483680 975440 977520 0 84 974152 949572 975440 977520 0 973960 0 950488 950104 26463384 28 689094
689094 2147483680 975440 977520 0 88 974152 949572 975440 977520 0 973960 0 950488 950104 26463384 28 689094
689094 2147483680 975440 977520 0 92 974152 949572 975440 977520 0 973960 0 950488 950104 26463384 28 689094
689094 2147483680 975440 977520 0 96 974152 949572 975440 977520 0 973960 0 950488 950104 26463384 28 689094
689094 2147483680 975440 977520 0 100 974152 949572 975440 977520 0 973960 0 950488 950104 26463384 28 689094
689094 2147483680 975440 977520 0 104 974152 949572 975440 977520 0 973960 0 950488 950104 26463384 28 689094
689094 2147483680 975440 977520 0 108 974152 949572 975440 977520 0 973960 0 950488 950104 26463384 28 689094
689108 1610612768 975440 977520 0 112 974152 949572 975440 977520 0 973960 0 950488 950104 26463384 28 689108
689124 1610612768 975440 977520 0 112 974152 949572 974568 974172 0 973960 0 950488 950104 26463384 28 689124
700396 1610612768 975440 977520 0 112 974152 949572 974568 974172 0 973960 0 950488 950104 26463384 689129 700396
700400 1610612768 921392 977520 0 112 974152 949572 974568 974172 0 973960 0 950488 950104 26463384 689129 700400
689128 1610612768 921392 977520 0 112 974152 949572 974568 974172 0 973960 0 950488 950104 26463384 689129 689128
689146 2147483680 67 0 974568 8 974152 949572 974568 974172 0 973960 0 950488 950104 26463384 689129 689146
689146 2147483680 67 0 974568 12 974152 949572 974568 974172 0 973960 0 950488 950104 26463384 689129 689146
689146 2147483680 67 0 974568 16 974152 949572 974568 974172 0 973960 0 950488 950104 26463384 689129 689146
689146 2147483680 67 0 974568 20 974152 949572 974568 974172 0 973960 0 950488 950104 26463384 689129 689146
689156 1610612768 67 0 974568 24 974152 949572 974568 974172 0 973960 0 950488 950104 26463384 689129 689156
689168 536870944 974896 0 0 1 974152 949572 974568 974172 0 973960 0 950488 950104 26463384 689129 689168
703588 536870944 974896 0 0 1 974152 949572 974568 974172 0 973960 0 950488 950104 26463384 689173 703588
703592 32 974896 0 0 1 974152 949572 974568 974172 0 973960 0 950488 950104 26463368 689173 703592
289460 1073741824 974925 0 256 16810248 974896 0 974568 974172 0 973960 0 950488 950104 26463368 703653 289460
289460 1073741824 975181 0 256 16810248 974896 0 974568 974172 0 973960 0 950488 949600 26463368 703669 289460
689172 1073741856 974896 0 256 1 974152 949572 974568 974172 0 973960 0 950488 949600 26463384 703669 689172
689186 1073741856 974152 977644 974896 4294966808 974152 949572 974568 974172 0 973960 0 950488 949600 26463384 703669 689186
701340 1073741856 974152 977644 974896 4294966808 974152 949572 974568 974172 0 973960 0 950488 949600 26463384 689191 701340
701354 536870944 974152 977644 974896 4294966808 974152 974152 974568 974172 974896 973960 0 950488 949600 26463352 689191 701354
701280 536870944 977644 977644 974896 4294966808 974152 974152 974568 974172 974896 973960 0 950488 949600 26463352 701361 701280
701296 536870944 977644 977644 974896 0 974152 974152 974568 974172 974896 973960 0 950488 949600 26463348 701361 701296
701330 32 977644 1 977652 1 974152 974152 974568 974172 974896 973960 0 950488 949600 26463352 701361 701330
701334 1610612768 0 1 977652 1 974152 974152 974568 974172 974896 973960 0 950488 949600 26463352 701361 701334
701360 1610612768 0 1 977652 1 974152 974152 974568 974172 974896 973960 0 950488 949600 26463352 701361 701360
701366 2147483680 0 1 977652 27 974152 974152 974568 974172 974896 973960 0 950488 949600 26463352 701361 701366
701550 2147483680 0 1 977652 27 974152 974152 0 974172 974896 973960 0 950488 949600 26463352 701361 701550
701576 1610612768 0 2 0 974900 974152 974152 0 974172 974896 973960 0 950488 949600 26463352 701361 701576
701582 1610612768 0 2 0 974900 975440 974152 0 974172 974896 973960 0 950488 949600 26463352 701361 701582
701614 1610612768 0 2 0 974900 975440 974152 0 974172 974896 973960 0 950488 949600 26463352 701361 701614
701620 1610612768 0 2 28 974900 975440 974152 0 974172 974896 973960 0 950488 949600 26463352 701361 701620
701622 1610612768 0 2 28 974900 975440 974152 0 974172 974896 973960 0 950488 949600 26463352 701361 701622
701640 1610612768 0 2 28 974900 0 974152 0 0 974896 973960 0 950488 949600 26463352 701361 701640
701640 536870944 0 2 28 977520 1 974152 0 0 974896 973960 0 950488 949600 26463352 701361 701640
701640 536870944 0 2 28 977520 2 974152 4 0 974896 973960 0 950488 949600 26463352 701361 701640
701640 536870944 0 2 28 977520 3 974152 8 0 974896 973960 0 950488 949600 26463352 701361 701640
701640 536870944 0 2 28 977520 4 974152 12 0 974896 973960 0 950488 949600 26463352 701361 701640
701640 536870944 0 2 28 977520 5 974152 16 0 974896 973960 0 950488 949600 26463352 701361 701640
701640 536870944 0 2 28 977520 6 974152 20 0 974896 973960 0 950488 949600 26463352 701361 701640
701640 536870944 0 2 28 977520 7 974152 24 0 974896 973960 0 950488 949600 26463352 701361 701640
701640 536870944 0 2 28 977520 8 974152 28 0 974896 973960 0 950488 949600 26463352 701361 701640
701640 536870944 0 2 28 977520 9 974152 32 0 974896 973960 0 950488 949600 26463352 701361 701640
701640 536870944 0 2 28 977520 10 974152 36 0 974896 973960 0 950488 949600 26463352 701361 701640
701640 536870944 0 2 28 977520 11 974152 40 0 974896 973960 0 950488 949600 26463352 701361 701640
701640 536870944 0 2 28 977520 12 974152 44 0 974896 973960 0 950488 949600 26463352 701361 701640
701640 536870944 0 2 28 977520 13 974152 48 0 974896 973960 0 950488 949600 26463352 701361 701640
701640 536870944 0 2 28 977520 14 974152 52 0 974896 973960 0 950488 949600 26463352 701361 701640
701640 536870944 0 2 28 977520 15 974152 56 0 974896 973960 0 950488 949600 26463352 701361 701640
701640 536870944 0 2 28 977520 16 974152 60 0 974896 973960 0 950488 949600 26463352 701361 701640
701640 536870944 0 2 28 977520 17 974152 64 0 974896 973960 0 950488 949600 26463352 701361 701640
701640 536870944 0 2 28 977520 18 974152 68 0 974896 973960 0 950488 949600 26463352 701361 701640
701640 536870944 0 2 28 977520 19 974152 72 0 974896 973960 0 950488 949600 26463352 701361 701640
701640 536870944 0 2 28 977520 20 974152 76 0 974896 973960 0 950488 949600 26463352 701361 701640
701640 536870944 0 2 28 977520 21 974152 80 0 974896 973960 0 950488 949600 26463352 701361 701640
701640 536870944 0 2 28 977520 22 974152 84 0 974896 973960 0 950488 949600 26463352 701361 701640
701640 536870944 0 2 28 977520 23 974152 88 0 974896 973960 0 950488 949600 26463352 701361 701640
701640 536870944 0 2 28 977520 24 974152 92 0 974896 973960 0 950488 949600 26463352 701361 701640
701640 536870944 0 2 28 977520 25 974152 96 0 974896 973960 0 950488 949600 26463352 701361 701640
701640 536870944 0 2 28 977520 26 974152 100 0 974896 973960 0 950488 949600 26463352 701361 701640
701640 536870944 0 2 28 977520 27 974152 104 0 974896 973960 0 950488 949600 26463352 701361 701640
701694 1610612768 0 2 28 977520 28 974152 108 0 974896 973960 0 950488 949600 26463352 701361 701694
689190 1610612768 0 2 28 977520 974152 949572 974568 974172 0 973960 0 950488 949600 26463384 701361 689190
689198 536870944 974444 1 28 977520 974152 949572 974568 974172 0 973960 0 950488 949600 26463384 701361 689198
655248 536870944 974444 1 28 977520 974152 949572 974568 974172 0 973960 0 950488 949600 26463384 689203 655248
655252 32 974444 1 28 977520 974152 949572 974568 974172 0 973960 0 950488 949600 26463368 689203 655252
700360 32 974444 1 28 941848 974444 940880 974568 974172 0 973960 0 950488 949600 26463368 655279 700360
700370 32 977680 699485 28 941848 974444 940880 974568 974172 0 973960 0 950488 949600 26463360 655279 700370
290972 0 977680 699485 28 941848 974444 940880 974568 974172 0 973960 0 950488 949600 26463360 700375 290972
699484 32 0 0 0 0 974444 940880 974568 974172 0 973960 0 950488 950104 26447064 25227264 699484
699494 1073741856 977660 921392 0 0 974444 940880 974568 974172 0 973960 0 950488 950104 26447064 25227264 699494
686880 1073741856 977660 921392 0 0 974444 940880 974568 974172 0 973960 0 950488 950104 26447064 25227264 686880
686894 1073741856 921392 905536 0 977660 974444 940880 974568 974172 0 973960 0 950488 950104 26447056 25227264 686894
289592 1073741824 921392 905536 0 977660 974444 940880 974568 974172 0 973960 0 950488 950104 26447056 686899 289592
686898 1073741856 0 0 0 977660 974444 940880 974568 974172 0 973960 0 950488 949644 26447056 686899 686898
686900 1073741856 0 0 0 977660 974444 940880 974568 974172 0 973960 0 950488 949644 26447056 686899 686900
700374 32 0 0 28 941848 974444 940880 974568 974172 0 973960 0 950488 950104 26463360 700375 700374
700378 32 0 0 28 977660 974444 940880 974568 974172 0 973960 0 950488 950104 26463360 700375 700378
689202 32 974444 0 28 977520 974152 949572 974568 974172 0 973960 0 950488 950104 26463384 700375 689202
689216 32 974152 974104 974444 4294966820 974152 949572 974568 974172 0 973960 0 950488 950104 26463384 700375 689216
701340 32 974152 974104 974444 4294966820 974152 949572 974568 974172 0 973960 0 950488 950104 26463384 689221 701340
701354 536870944 974152 974104 974444 4294966820 974152 974152 974568 974172 974444 973960 0 950488 950104 26463352 689221 701354
701280 536870944 974104 974104 974444 4294966820 974152 974152 974568 974172 974444 973960 0 950488 950104 26463352 701361 701280
701296 536870944 974104 974104 974444 0 974152 974152 974568 974172 974444 973960 0 950488 950104 26463348 701361 701296
701330 32 974104 2 977652 2 974152 974152 974568 974172 974444 973960 0 950488 950104 26463352 701361 701330
701334 536870944 1 2 977652 2 974152 974152 974568 974172 974444 973960 0 950488 950104 26463352 701361 701334
701360 536870944 1 2 977652 2 974152 974152 974568 974172 974444 973960 0 950488 950104 26463352 701361 701360
701366 2147483680 1 2 977652 27 974152 974152 974568 974172 974444 973960 0 950488 950104 26463352 701361 701366
701550 2147483680 1 2 977652 27 974152 974152 1 974172 974444 973960 0 950488 950104 26463352 701361 701550
701576 1610612768 1 2 0 974448 974152 974152 1 974172 974444 973960 0 950488 950104 26463352 701361 701576
701582 1610612768 0 2 0 974448 975440 974152 1 974172 974444 973960 0 950488 950104 26463352 701361 701582
701614 1610612768 0 2 0 974448 975440 974152 1 974172 974444 973960 0 950488 950104 26463352 701361 701614
701620 1610612768 0 2 28 974448 975440 974152 1 974172 974444 973960 0 950488 950104 26463352 701361 701620
701622 1610612768 0 2 28 974448 975440 974152 1 974172 974444 973960 0 950488 950104 26463352 701361 701622
701640 1610612768 0 2 28 974448 0 974152 1 0 974444 973960 0 950488 950104 26463352 701361 701640
701640 536870944 0 2 28 977520 1 974152 0 0 974444 973960 0 950488 950104 26463352 701361 701640
701640 536870944 0 2 28 977520 2 974152 4 0 974444 973960 0 950488 950104 26463352 701361 701640
701640 536870944 0 2 28 977520 3 974152 8 0 974444 973960 0 950488 950104 26463352 701361 701640
701640 536870944 0 2 28 977520 4 974152 12 0 974444 973960 0 950488 950104 26463352 701361 701640
701640 536870944 0 2 28 977520 5 974152 16 0 974444 973960 0 950488 950104 26463352 701361 701640
701640 536870944 0 2 28 977520 6 974152 20 0 974444 973960 0 950488 950104 26463352 701361 701640
701640 536870944 0 2 28 977520 7 974152 24 0 974444 973960 0 950488 950104 26463352 701361 701640
701640 536870944 0 2 28 977520 8 974152 28 0 974444 973960 0 950488 950104 26463352 701361 701640
701640 536870944 0 2 28 977520 9 974152 32 0 974444 973960 0 950488 950104 26463352 701361 701640
701640 536870944 0 2 28 977520 10 974152 36 0 974444 973960 0 950488 950104 26463352 701361 701640
701640 536870944 0 2 28 977520 11 974152 40 0 974444 973960 0 950488 950104 26463352 701361 701640
701640 536870944 0 2 28 977520 12 974152 44 0 974444 973960 0 950488 950104 26463352 701361 701640
701640 536870944 0 2 28 977520 13 974152 48 0 974444 973960 0 950488 950104 26463352 701361 701640
701640 536870944 0 2 28 977520 14 974152 52 0 974444 973960 0 950488 950104 26463352 701361 701640
701640 536870944 0 2 28 977520 15 974152 56 0 974444 973960 0 950488 950104 26463352 701361 701640
701640 536870944 0 2 28 977520 16 974152 60 0 974444 973960 0 950488 950104 26463352 701361 701640
701640 536870944 0 2 28 977520 17 974152 64 0 974444 973960 0 950488 950104 26463352 701361 701640
701640 536870944 0 2 28 977520 18 974152 68 0 974444 973960 0 950488 950104 26463352 701361 701640
701640 536870944 0 2 28 977520 19 974152 72 0 974444 973960 0 950488 950104 26463352 701361 701640
701640 536870944 0 2 28 977520 20 974152 76 0 974444 973960 0 950488 950104 26463352 701361 701640
701640 536870944 0 2 28 977520 21 974152 80 0 974444 973960 0 950488 950104 26463352 701361 701640
701640 536870944 0 2 28 977520 22 974152 84 0 974444 973960 0 950488 950104 26463352 701361 701640
701640 536870944 0 2 28 977520 23 974152 88 0 974444 973960 0 950488 950104 26463352 701361 701640
701640 536870944 0 2 28 977520 24 974152 92 0 974444 973960 0 950488 950104 26463352 701361 701640
701640 536870944 0 2 28 977520 25 974152 96 0 974444 973960 0 950488 950104 26463352 701361 701640
701640 536870944 0 2 28 977520 26 974152 100 0 974444 973960 0 950488 950104 26463352 701361 701640
701640 536870944 0 2 28 977520 27 974152 104 0 974444 973960 0 950488 950104 26463352 701361 701640
701694 1610612768 0 2 28 977520 28 974152 108 0 974444 973960 0 950488 950104 26463352 701361 701694
689220 1610612768 0 2 28 977520 974152 949572 974568 974172 0 973960 0 950488 950104 26463384 701361 689220
689234 1610612768 4294966864 2 0 977408 974152 949572 974568 1 0 973960 0 950488 950104 26463384 701361 689234
689256 1610612768 941328 0 0 977408 974152 949572 974216 1 0 973960 0 950488 4294966868 26463384 701361 689256
689262 1610612768 974216 0 0 977408 974152 949572 974216 941328 0 973960 0 950488 4294966868 26463384 701361 689262
689302 32 974216 0 940520 977408 974152 949572 974216 941328 0 973960 0 950488 4294966868 26463384 941336 689302
794996 32 974216 0 940520 977408 974152 949572 974216 941328 0 973960 0 950488 4294966868 26463384 689307 794996
795006 536870944 974216 0 940520 977408 974216 977408 974216 941328 0 973960 0 950488 4294966868 26463360 689307 795006
795014 536870944 974216 154082 940520 46 974216 977408 974216 941328 0 973960 0 950488 4294966868 26463360 689307 795014
795020 1610612768 974216 949104 0 46 974216 977408 977408 941328 0 973960 0 950488 4294966868 26463360 689307 795020
795042 536870944 906916 44 0 0 974216 977408 977408 893216 0 973960 0 950488 4294966868 26463360 689307 795042
795042 2147483680 906916 45 977408 1 974216 977408 977408 893216 0 973960 0 950488 4294966868 26463360 689307 795042
795042 2147483680 906916 43 977409 2 974216 977408 977408 893216 0 973960 0 950488 4294966868 26463360 689307 795042
795042 2147483680 906916 120 977410 3 974216 977408 977408 893216 0 973960 0 950488 4294966868 26463360 689307 795042
795042 2147483680 906916 88 977411 4 974216 977408 977408 893216 0 973960 0 950488 4294966868 26463360 689307 795042
795042 2147483680 906916 48 977412 5 974216 977408 977408 893216 0 973960 0 950488 4294966868 26463360 689307 795042
795042 2147483680 906916 49 977413 6 974216 977408 977408 893216 0 973960 0 950488 4294966868 26463360 689307 795042
795042 2147483680 906916 50 977414 7 974216 977408 977408 893216 0 973960 0 950488 4294966868 26463360 689307 795042
795042 2147483680 906916 51 977415 8 974216 977408 977408 893216 0 973960 0 950488 4294966868 26463360 689307 795042
795042 2147483680 906916 52 977416 9 974216 977408 977408 893216 0 973960 0 950488 4294966868 26463360 689307 795042
795042 2147483680 906916 53 977417 10 974216 977408 977408 893216 0 973960 0 950488 4294966868 26463360 689307 795042
795042 2147483680 906916 54 977418 11 974216 977408 977408 893216 0 973960 0 950488 4294966868 26463360 689307 795042
795042 2147483680 906916 55 977419 12 974216 977408 977408 893216 0 973960 0 950488 4294966868 26463360 689307 795042
795042 2147483680 906916 56 977420 13 974216 977408 977408 893216 0 973960 0 950488 4294966868 26463360 689307 795042
795042 2147483680 906916 57 977421 14 974216 977408 977408 893216 0 973960 0 950488 4294966868 26463360 689307 795042
795042 2147483680 906916 97 977422 15 974216 977408 977408 893216 0 973960 0 950488 4294966868 26463360 689307 795042
795042 2147483680 906916 98 977423 16 974216 977408 977408 893216 0 973960 0 950488 4294966868 26463360 689307 795042
795042 2147483680 906916 99 977424 17 974216 977408 977408 893216 0 973960 0 950488 4294966868 26463360 689307 795042
795042 2147483680 906916 100 977425 18 974216 977408 977408 893216 0 973960 0 950488 4294966868 26463360 689307 795042
795042 2147483680 906916 101 977426 19 974216 977408 977408 893216 0 973960 0 950488 4294966868 26463360 689307 795042
795042 2147483680 906916 102 977427 20 974216 977408 977408 893216 0 973960 0 950488 4294966868 26463360 689307 795042
795042 2147483680 906916 48 977428 21 974216 977408 977408 893216 0 973960 0 950488 4294966868 26463360 689307 795042
795042 2147483680 906916 49 977429 22 974216 977408 977408 893216 0 973960 0 950488 4294966868 26463360 689307 795042
795042 2147483680 906916 50 977430 23 974216 977408 977408 893216 0 973960 0 950488 4294966868 26463360 689307 795042
795042 2147483680 906916 51 977431 24 974216 977408 977408 893216 0 973960 0 950488 4294966868 26463360 689307 795042
795042 2147483680 906916 52 977432 25 974216 977408 977408 893216 0 973960 0 950488 4294966868 26463360 689307 795042
795042 2147483680 906916 53 977433 26 974216 977408 977408 893216 0 973960 0 950488 4294966868 26463360 689307 795042
795042 2147483680 906916 54 977434 27 974216 977408 977408 893216 0 973960 0 950488 4294966868 26463360 689307 795042
795042 2147483680 906916 55 977435 28 974216 977408 977408 893216 0 973960 0 950488 4294966868 26463360 689307 795042
795042 2147483680 906916 56 977436 29 974216 977408 977408 893216 0 973960 0 950488 4294966868 26463360 689307 795042
795042 2147483680 906916 57 977437 30 974216 977408 977408 893216 0 973960 0 950488 4294966868 26463360 689307 795042
795042 2147483680 906916 65 977438 31 974216 977408 977408 893216 0 973960 0 950488 4294966868 26463360 689307 795042
795042 2147483680 906916 66 977439 32 974216 977408 977408 893216 0 973960 0 950488 4294966868 26463360 689307 795042
795042 2147483680 906916 67 977440 33 974216 977408 977408 893216 0 973960 0 950488 4294966868 26463360 689307 795042
795042 2147483680 906916 68 977441 34 974216 977408 977408 893216 0 973960 0 950488 4294966868 26463360 689307 795042
795042 2147483680 906916 69 977442 35 974216 977408 977408 893216 0 973960 0 950488 4294966868 26463360 689307 795042
795058 1610612768 906916 70 977443 36 974216 977408 977408 893216 0 973960 0 950488 4294966868 26463360 689307 795058
795064 1610612768 906916 70 949108 0 974216 977408 977408 893216 0 973960 0 950488 4294966868 26463360 689307 795064
795068 1610612768 906956 70 950364 0 974216 977408 977408 893216 0 973960 0 950488 4294966868 26463360 689307 795068
795068 2147483680 906956 45 977408 1 974216 977408 977408 893216 0 973960 0 950488 4294966868 26463360 689307 795068
795068 2147483680 906956 43 977409 2 974216 977408 977408 893216 0 973960 0 950488 4294966868 26463360 689307 795068
795068 2147483680 906956 120 977410 3 974216 977408 977408 893216 0 973960 0 950488 4294966868 26463360 689307 795068
795068 2147483680 906956 88 977411 4 974216 977408 977408 893216 0 973960 0 950488 4294966868 26463360 689307 795068
795068 2147483680 906956 48 977412 5 974216 977408 977408 893216 0 973960 0 950488 4294966868 26463360 689307 795068
795068 2147483680 906956 49 977413 6 974216 977408 977408 893216 0 973960 0 950488 4294966868 26463360 689307 795068
795068 2147483680 906956 50 977414 7 974216 977408 977408 893216 0 973960 0 950488 4294966868 26463360 689307 795068
795068 2147483680 906956 51 977415 8 974216 977408 977408 893216 0 973960 0 950488 4294966868 26463360 689307 795068
795068 2147483680 906956 52 977416 9 974216 977408 977408 893216 0 973960 0 950488 4294966868 26463360 689307 795068
795068 2147483680 906956 53 977417 10 974216 977408 977408 893216 0 973960 0 950488 4294966868 26463360 689307 795068
795068 2147483680 906956 54 977418 11 974216 977408 977408 893216 0 973960 0 950488 4294966868 26463360 689307 795068
795068 2147483680 906956 55 977419 12 974216 977408 977408 893216 0 973960 0 950488 4294966868 26463360 689307 795068
795068 2147483680 906956 56 977420 13 974216 977408 977408 893216 0 973960 0 950488 4294966868 26463360 689307 795068
795068 2147483680 906956 57 977421 14 974216 977408 977408 893216 0 973960 0 950488 4294966868 26463360 689307 795068
795068 2147483680 906956 97 977422 15 974216 977408 977408 893216 0 973960 0 950488 4294966868 26463360 689307 795068
795068 2147483680 906956 98 977423 16 974216 977408 977408 893216 0 973960 0 950488 4294966868 26463360 689307 795068
795068 2147483680 906956 99 977424 17 974216 977408 977408 893216 0 973960 0 950488 4294966868 26463360 689307 795068
795068 2147483680 906956 100 977425 18 974216 977408 977408 893216 0 973960 0 950488 4294966868 26463360 689307 795068
795068 2147483680 906956 101 977426 19 974216 977408 977408 893216 0 973960 0 950488 4294966868 26463360 689307 795068
795068 2147483680 906956 102 977427 20 974216 977408 977408 893216 0 973960 0 950488 4294966868 26463360 689307 795068
795068 2147483680 906956 65 977428 21 974216 977408 977408 893216 0 973960 0 950488 4294966868 26463360 689307 795068
795068 2147483680 906956 66 977429 22 974216 977408 977408 893216 0 973960 0 950488 4294966868 26463360 689307 795068
795068 2147483680 906956 67 977430 23 974216 977408 977408 893216 0 973960 0 950488 4294966868 26463360 689307 795068
795068 2147483680 906956 68 977431 24 974216 977408 977408 893216 0 973960 0 950488 4294966868 26463360 689307 795068
795068 2147483680 906956 69 977432 25 974216 977408 977408 893216 0 973960 0 950488 4294966868 26463360 689307 795068
795084 1610612768 906956 70 977433 26 974216 977408 977408 893216 0 973960 0 950488 4294966868 26463360 689307 795084
795106 536870944 898060 898068 5 977408 4 977408 977408 893216 0 973960 0 950488 4294966868 26463360 689307 795106
689306 536870944 898060 898068 5 977408 974152 949572 974216 941328 0 973960 0 950488 4294966868 26463384 689307 689306
689322 536870944 974152 898068 974216 4294966872 974152 949572 974216 941328 0 973960 974084 950488 4294966868 26463384 689307 689322
701340 536870944 974152 974084 974216 4294966872 974152 949572 974216 941328 0 973960 974084 950488 4294966868 26463384 689329 701340
701354 536870944 974152 974084 974216 4294966872 974152 974152 974216 941328 974216 973960 974084 950488 4294966868 26463352 689329 701354
701280 536870944 974084 974084 974216 4294966872 974152 974152 974216 941328 974216 973960 974084 950488 4294966868 26463352 701361 701280
701296 536870944 974084 974084 974216 0 974152 974152 974216 941328 974216 973960 974084 950488 4294966868 26463348 701361 701296
701330 32 974084 3 977652 3 974152 974152 974216 941328 974216 973960 974084 950488 4294966868 26463352 701361 701330
701334 536870944 2 3 977652 3 974152 974152 974216 941328 974216 973960 974084 950488 4294966868 26463352 701361 701334
701360 536870944 2 3 977652 3 974152 974152 974216 941328 974216 973960 974084 950488 4294966868 26463352 701361 701360
701366 2147483680 2 3 977652 27 974152 974152 974216 941328 974216 973960 974084 950488 4294966868 26463352 701361 701366
701550 2147483680 2 3 977652 27 974152 974152 2 941328 974216 973960 974084 950488 4294966868 26463352 701361 701550
701576 1610612768 2 2 0 974220 974152 974152 2 941328 974216 973960 974084 950488 4294966868 26463352 701361 701576
701582 1610612768 0 2 0 974220 975440 974152 2 941328 974216 973960 974084 950488 4294966868 26463352 701361 701582
701614 1610612768 0 2 0 974220 975440 974152 2 941328 974216 973960 974084 950488 4294966868 26463352 701361 701614
701620 1610612768 0 2 28 974220 975440 974152 2 941328 974216 973960 974084 950488 4294966868 26463352 701361 701620
701622 1610612768 0 2 28 974220 975440 974152 2 941328 974216 973960 974084 950488 4294966868 26463352 701361 701622
701640 1610612768 0 2 28 974220 0 974152 2 0 974216 973960 974084 950488 4294966868 26463352 701361 701640
701640 536870944 0 2 28 977520 1 974152 0 0 974216 973960 974084 950488 4294966868 26463352 701361 701640
701640 536870944 0 2 28 977520 2 974152 4 0 974216 973960 974084 950488 4294966868 26463352 701361 701640
701640 536870944 0 2 28 977520 3 974152 8 0 974216 973960 974084 950488 4294966868 26463352 701361 701640
701640 536870944 0 2 28 977520 4 974152 12 0 974216 973960 974084 950488 4294966868 26463352 701361 701640
701640 536870944 0 2 28 977520 5 974152 16 0 974216 973960 974084 950488 4294966868 26463352 701361 701640
701640 536870944 0 2 28 977520 6 974152 20 0 974216 973960 974084 950488 4294966868 26463352 701361 701640
701640 536870944 0 2 28 977520 7 974152 24 0 974216 973960 974084 950488 4294966868 26463352 701361 701640
701640 536870944 0 2 28 977520 8 974152 28 0 974216 973960 974084 950488 4294966868 26463352 701361 701640
701640 536870944 0 2 28 977520 9 974152 32 0 974216 973960 974084 950488 4294966868 26463352 701361 701640
701640 536870944 0 2 28 977520 10 974152 36 0 974216 973960 974084 950488 4294966868 26463352 701361 701640
701640 536870944 0 2 28 977520 11 974152 40 0 974216 973960 974084 950488 4294966868 26463352 701361 701640
701640 536870944 0 2 28 977520 12 974152 44 0 974216 973960 974084 950488 4294966868 26463352 701361 701640
701640 536870944 0 2 28 977520 13 974152 48 0 974216 973960 974084 950488 4294966868 26463352 701361 701640
701640 536870944 0 2 28 977520 14 974152 52 0 974216 973960 974084 950488 4294966868 26463352 701361 701640
701640 536870944 0 2 28 977520 15 974152 56 0 974216 973960 974084 950488 4294966868 26463352 701361 701640
701640 536870944 0 2 28 977520 16 974152 60 0 974216 973960 974084 950488 4294966868 26463352 701361 701640
701640 536870944 0 2 28 977520 17 974152 64 0 974216 973960 974084 950488 4294966868 26463352 701361 701640
701640 536870944 0 2 28 977520 18 974152 68 0 974216 973960 974084 950488 4294966868 26463352 701361 701640
701640 536870944 0 2 28 977520 19 974152 72 0 974216 973960 974084 950488 4294966868 26463352 701361 701640
701640 536870944 0 2 28 977520 20 974152 76 0 974216 973960 974084 950488 4294966868 26463352 701361 701640
701640 536870944 0 2 28 977520 21 974152 80 0 974216 973960 974084 950488 4294966868 26463352 701361 701640
701640 536870944 0 2 28 977520 22 974152 84 0 974216 973960 974084 950488 4294966868 26463352 701361 701640
701640 536870944 0 2 28 977520 23 974152 88 0 974216 973960 974084 950488 4294966868 26463352 701361 701640
701640 536870944 0 2 28 977520 24 974152 92 0 974216 973960 974084 950488 4294966868 26463352 701361 701640
701640 536870944 0 2 28 977520 25 974152 96 0 974216 973960 974084 950488 4294966868 26463352 701361 701640
701640 536870944 0 2 28 977520 26 974152 100 0 974216 973960 974084 950488 4294966868 26463352 701361 701640
701640 536870944 0 2 28 977520 27 974152 104 0 974216 973960 974084 950488 4294966868 26463352 701361 701640
701694 1610612768 0 2 28 977520 28 974152 108 0 974216 973960 974084 950488 4294966868 26463352 701361 701694
689328 1610612768 0 2 28 977520 974152 949572 974216 941328 0 973960 974084 950488 4294966868 26463384 701361 689328
689342 536870944 974152 4294966876 1 977636 974152 949572 974216 941328 0 973960 974084 950488 4294966868 26463384 701361 689342
689348 536870944 974152 4294966876 1 977636 974152 949572 4294966880 941328 0 973960 974084 950488 4294966868 26463384 701361 689348
689358 32 974152 974080 977636 977636 974152 949572 4294966880 941328 0 973960 974084 950488 4294966868 26463384 701361 689358
701340 32 974152 974080 977636 977636 974152 949572 4294966880 941328 0 973960 974084 950488 4294966868 26463384 689363 701340
701354 536870944 974152 974080 977636 977636 974152 974152 4294966880 941328 977636 973960 974084 950488 4294966868 26463352 689363 701354
701280 536870944 974080 974080 977636 977636 974152 974152 4294966880 941328 977636 973960 974084 950488 4294966868 26463352 701361 701280
701296 536870944 974080 974080 977636 0 974152 974152 4294966880 941328 977636 973960 974084 950488 4294966868 26463348 701361 701296
701330 32 974080 4 977652 4 974152 974152 4294966880 941328 977636 973960 974084 950488 4294966868 26463352 701361 701330
701334 536870944 3 4 977652 4 974152 974152 4294966880 941328 977636 973960 974084 950488 4294966868 26463352 701361 701334
701360 536870944 3 4 977652 4 974152 974152 4294966880 941328 977636 973960 974084 950488 4294966868 26463352 701361 701360
701366 2147483680 3 4 977652 27 974152 974152 4294966880 941328 977636 973960 974084 950488 4294966868 26463352 701361 701366
701550 2147483680 3 4 977652 27 974152 974152 3 941328 977636 973960 974084 950488 4294966868 26463352 701361 701550
701576 1610612768 3 2 0 977640 974152 974152 3 941328 977636 973960 974084 950488 4294966868 26463352 701361 701576
701582 1610612768 0 2 0 977640 975440 974152 3 941328 977636 973960 974084 950488 4294966868 26463352 701361 701582
701614 1610612768 0 2 0 977640 975440 974152 3 941328 977636 973960 974084 950488 4294966868 26463352 701361 701614
701620 1610612768 0 2 28 977640 975440 974152 3 941328 977636 973960 974084 950488 4294966868 26463352 701361 701620
701622 1610612768 0 2 28 977640 975440 974152 3 941328 977636 973960 974084 950488 4294966868 26463352 701361 701622
701640 1610612768 0 2 28 977640 0 974152 3 0 977636 973960 974084 950488 4294966868 26463352 701361 701640
701640 536870944 0 2 28 977520 1 974152 0 0 977636 973960 974084 950488 4294966868 26463352 701361 701640
701640 536870944 0 2 28 977520 2 974152 4 0 977636 973960 974084 950488 4294966868 26463352 701361 701640
701640 536870944 0 2 28 977520 3 974152 8 0 977636 973960 974084 950488 4294966868 26463352 701361 701640
701640 536870944 0 2 28 977520 4 974152 12 0 977636 973960 974084 950488 4294966868 26463352 701361 701640
701640 536870944 0 2 28 977520 5 974152 16 0 977636 973960 974084 950488 4294966868 26463352 701361 701640
701640 536870944 0 2 28 977520 6 974152 20 0 977636 973960 974084 950488 4294966868 26463352 701361 701640
701640 536870944 0 2 28 977520 7 974152 24 0 977636 973960 974084 950488 4294966868 26463352 701361 701640
701640 536870944 0 2 28 977520 8 974152 28 0 977636 973960 974084 950488 4294966868 26463352 701361 701640
701640 536870944 0 2 28 977520 9 974152 32 0 977636 973960 974084 950488 4294966868 26463352 701361 701640
701640 536870944 0 2 28 977520 10 974152 36 0 977636 973960 974084 950488 4294966868 26463352 701361 701640
701640 536870944 0 2 28 977520 11 974152 40 0 977636 973960 974084 950488 4294966868 26463352 701361 701640
701640 536870944 0 2 28 977520 12 974152 44 0 977636 973960 974084 950488 4294966868 26463352 701361 701640
701640 536870944 0 2 28 977520 13 974152 48 0 977636 973960 974084 950488 4294966868 26463352 701361 701640
701640 536870944 0 2 28 977520 14 974152 52 0 977636 973960 974084 950488 4294966868 26463352 701361 701640
701640 536870944 0 2 28 977520 15 974152 56 0 977636 973960 974084 950488 4294966868 26463352 701361 701640
701640 536870944 0 2 28 977520 16 974152 60 0 977636 973960 974084 950488 4294966868 26463352 701361 701640
701640 536870944 0 2 28 977520 17 974152 64 0 977636 973960 974084 950488 4294966868 26463352 701361 701640
701640 536870944 0 2 28 977520 18 974152 68 0 977636 973960 974084 950488 4294966868 26463352 701361 701640
701640 536870944 0 2 28 977520 19 974152 72 0 977636 973960 974084 950488 4294966868 26463352 701361 701640
701640 536870944 0 2 28 977520 20 974152 76 0 977636 973960 974084 950488 4294966868 26463352 701361 701640
701640 536870944 0 2 28 977520 21 974152 80 0 977636 973960 974084 950488 4294966868 26463352 701361 701640
701640 536870944 0 2 28 977520 22 974152 84 0 977636 973960 974084 950488 4294966868 26463352 701361 701640
701640 536870944 0 2 28 977520 23 974152 88 0 977636 973960 974084 950488 4294966868 26463352 701361 701640
701640 536870944 0 2 28 977520 24 974152 92 0 977636 973960 974084 950488 4294966868 26463352 701361 701640
701640 536870944 0 2 28 977520 25 974152 96 0 977636 973960 974084 950488 4294966868 26463352 701361 701640
701640 536870944 0 2 28 977520 26 974152 100 0 977636 973960 974084 950488 4294966868 26463352 701361 701640
701640 536870944 0 2 28 977520 27 974152 104 0 977636 973960 974084 950488 4294966868 26463352 701361 701640
701694 1610612768 0 2 28 977520 28 974152 108 0 977636 973960 974084 950488 4294966868 26463352 701361 701694
689362 1610612768 0 2 28 977520 974152 949572 4294966880 941328 0 973960 974084 950488 4294966868 26463384 701361 689362
689376 536870944 974152 4294966884 1 975856 974152 949572 4294966880 941328 0 973960 974084 950488 4294966868 26463384 701361 689376
689382 536870944 974152 4294966884 1 975856 974152 949572 4294966888 941328 0 973960 974084 950488 4294966868 26463384 701361 689382
689392 32 974152 974076 975856 975856 974152 949572 4294966888 941328 0 973960 974084 950488 4294966868 26463384 701361 689392
701340 32 974152 974076 975856 975856 974152 949572 4294966888 941328 0 973960 974084 950488 4294966868 26463384 689397 701340
701354 536870944 974152 974076 975856 975856 974152 974152 4294966888 941328 975856 973960 974084 950488 4294966868 26463352 689397 701354
701280 536870944 974076 974076 975856 975856 974152 974152 4294966888 941328 975856 973960 974084 950488 4294966868 26463352 701361 701280
701296 536870944 974076 974076 975856 0 974152 974152 4294966888 941328 975856 973960 974084 950488 4294966868 26463348 701361 701296
701330 32 974076 5 977652 5 974152 974152 4294966888 941328 975856 973960 974084 950488 4294966868 26463352 701361 701330
701334 536870944 4 5 977652 5 974152 974152 4294966888 941328 975856 973960 974084 950488 4294966868 26463352 701361 701334
701360 536870944 4 5 977652 5 974152 974152 4294966888 941328 975856 973960 974084 950488 4294966868 26463352 701361 701360
701366 2147483680 4 5 977652 27 974152 974152 4294966888 941328 975856 973960 974084 950488 4294966868 26463352 701361 701366
701550 2147483680 4 5 977652 27 974152 974152 4 941328 975856 973960 974084 950488 4294966868 26463352 701361 701550
701576 1610612768 4 2 0 975860 974152 974152 4 941328 975856 973960 974084 950488 4294966868 26463352 701361 701576
701582 1610612768 0 2 0 975860 975440 974152 4 941328 975856 973960 974084 950488 4294966868 26463352 701361 701582
701614 1610612768 0 2 0 975860 975440 974152 4 941328 975856 973960 974084 950488 4294966868 26463352 701361 701614
701620 1610612768 0 2 28 975860 975440 974152 4 941328 975856 973960 974084 950488 4294966868 26463352 701361 701620
701622 1610612768 0 2 28 975860 975440 974152 4 941328 975856 973960 974084 950488 4294966868 26463352 701361 701622
701640 1610612768 0 2 28 975860 0 974152 4 0 975856 973960 974084 950488 4294966868 26463352 701361 701640
701640 536870944 0 2 28 977520 1 974152 0 0 975856 973960 974084 950488 4294966868 26463352 701361 701640
701640 536870944 0 2 28 977520 2 974152 4 0 975856 973960 974084 950488 4294966868 26463352 701361 701640
701640 536870944 0 2 28 977520 3 974152 8 0 975856 973960 974084 950488 4294966868 26463352 701361 701640
701640 536870944 0 2 28 977520 4 974152 12 0 975856 973960 974084 950488 4294966868 26463352 701361 701640
701640 536870944 0 2 28 977520 5 974152 16 0 975856 973960 974084 950488 4294966868 26463352 701361 701640
701640 536870944 0 2 28 977520 6 974152 20 0 975856 973960 974084 950488 4294966868 26463352 701361 701640
701640 536870944 0 2 28 977520 7 974152 24 0 975856 973960 974084 950488 4294966868 26463352 701361 701640
701640 536870944 0 2 28 977520 8 974152 28 0 975856 973960 974084 950488 4294966868 26463352 701361 701640
701640 536870944 0 2 28 977520 9 974152 32 0 975856 973960 974084 950488 4294966868 26463352 701361 701640
701640 536870944 0 2 28 977520 10 974152 36 0 975856 973960 974084 950488 4294966868 26463352 701361 701640
701640 536870944 0 2 28 977520 11 974152 40 0 975856 973960 974084 950488 4294966868 26463352 701361 701640
701640 536870944 0 2 28 977520 12 974152 44 0 975856 973960 974084 950488 4294966868 26463352 701361 701640
701640 536870944 0 2 28 977520 13 974152 48 0 975856 973960 974084 950488 4294966868 26463352 701361 701640
701640 536870944 0 2 28 977520 14 974152 52 0 975856 973960 974084 950488 4294966868 26463352 701361 701640
701640 536870944 0 2 28 977520 15 974152 56 0 975856 973960 974084 950488 4294966868 26463352 701361 701640
701640 536870944 0 2 28 977520 16 974152 60 0 975856 973960 974084 950488 4294966868 26463352 701361 701640
701640 536870944 0 2 28 977520 17 974152 64 0 975856 973960 974084 950488 4294966868 26463352 701361 701640
701640 536870944 0 2 28 977520 18 974152 68 0 975856 973960 974084 950488 4294966868 26463352 701361 701640
701640 536870944 0 2 28 977520 19 974152 72 0 975856 973960 974084 950488 4294966868 26463352 701361 701640
701640 536870944 0 2 28 977520 20 974152 76 0 975856 973960 974084 950488 4294966868 26463352 701361 701640
701640 536870944 0 2 28 977520 21 974152 80 0 975856 973960 974084 950488 4294966868 26463352 701361 701640
701640 536870944 0 2 28 977520 22 974152 84 0 975856 973960 974084 950488 4294966868 26463352 701361 701640
701640 536870944 0 2 28 977520 23 974152 88 0 975856 973960 974084 950488 4294966868 26463352 701361 701640
701640 536870944 0 2 28 977520 24 974152 92 0 975856 973960 974084 950488 4294966868 26463352 701361 701640
701640 536870944 0 2 28 977520 25 974152 96 0 975856 973960 974084 950488 4294966868 26463352 701361 701640
701640 536870944 0 2 28 977520 26 974152 100 0 975856 973960 974084 950488 4294966868 26463352 701361 701640
701640 536870944 0 2 28 977520 27 974152 104 0 975856 973960 974084 950488 4294966868 26463352 701361 701640
701694 1610612768 0 2 28 977520 28 974152 108 0 975856 973960 974084 950488 4294966868 26463352 701361 701694
689396 1610612768 0 2 28 977520 974152 949572 4294966888 941328 0 973960 974084 950488 4294966868 26463384 701361 689396
689416 32 0 1 940456 974132 974152 949572 4294966888 941328 0 973960 974084 950488 4294966868 26463384 701361 689416
700360 32 0 1 940456 974132 974152 949572 4294966888 941328 0 973960 974084 950488 4294966868 26463384 689421 700360
700370 32 977680 699485 940456 974132 974152 949572 4294966888 941328 0 973960 974084 950488 4294966868 26463376 689421 700370
290972 0 977680 699485 940456 974132 974152 949572 4294966888 941328 0 973960 974084 950488 4294966868 26463376 700375 290972
700374 32 0 0 940456 974132 974152 949572 4294966888 941328 0 973960 974084 950488 950104 26463376 700375 700374
700378 32 0 0 940456 977660 974152 949572 4294966888 941328 0 973960 974084 950488 950104 26463376 700375 700378
689420 32 0 0 940456 974132 974152 949572 4294966888 941328 0 973960 974084 950488 950104 26463384 700375 689420
689432 32 0 0 974132 4294966896 974152 949572 4294966888 941328 0 973960 974084 950488 950104 26463384 700375 689432
689436 32 974152 974056 974132 4294966896 974152 949572 4294966888 941328 0 973960 974084 950488 950104 26463384 700375 689436
701340 32 974152 974056 974132 4294966896 974152 949572 4294966888 941328 0 973960 974084 950488 950104 26463384 689441 701340
701354 536870944 974152 974056 974132 4294966896 974152 974152 4294966888 941328 974132 973960 974084 950488 950104 26463352 689441 701354
701280 536870944 974056 974056 974132 4294966896 974152 974152 4294966888 941328 974132 973960 974084 950488 950104 26463352 701361 701280
701296 536870944 974056 974056 974132 0 974152 974152 4294966888 941328 974132 973960 974084 950488 950104 26463348 701361 701296
701330 32 974056 6 977652 6 974152 974152 4294966888 941328 974132 973960 974084 950488 950104 26463352 701361 701330
701334 536870944 5 6 977652 6 974152 974152 4294966888 941328 974132 973960 974084 950488 950104 26463352 701361 701334
701360 536870944 5 6 977652 6 974152 974152 4294966888 941328 974132 973960 974084 950488 950104 26463352 701361 701360
701366 2147483680 5 6 977652 27 974152 974152 4294966888 941328 974132 973960 974084 950488 950104 26463352 701361 701366
701550 2147483680 5 6 977652 27 974152 974152 5 941328 974132 973960 974084 950488 950104 26463352 701361 701550
701576 1610612768 5 2 0 974136 974152 974152 5 941328 974132 973960 974084 950488 950104 26463352 701361 701576
701582 1610612768 0 2 0 974136 975440 974152 5 941328 974132 973960 974084 950488 950104 26463352 701361 701582
701614 1610612768 0 2 0 974136 975440 974152 5 941328 974132 973960 974084 950488 950104 26463352 701361 701614
701620 1610612768 0 2 28 974136 975440 974152 5 941328 974132 973960 974084 950488 950104 26463352 701361 701620
701622 1610612768 0 2 28 974136 975440 974152 5 941328 974132 973960 974084 950488 950104 26463352 701361 701622
701640 1610612768 0 2 28 974136 0 974152 5 0 974132 973960 974084 950488 950104 26463352 701361 701640
701640 536870944 0 2 28 977520 1 974152 0 0 974132 973960 974084 950488 950104 26463352 701361 701640
701640 536870944 0 2 28 977520 2 974152 4 0 974132 973960 974084 950488 950104 26463352 701361 701640
701640 536870944 0 2 28 977520 3 974152 8 0 974132 973960 974084 950488 950104 26463352 701361 701640
701640 536870944 0 2 28 977520 4 974152 12 0 974132 973960 974084 950488 950104 26463352 701361 701640
701640 536870944 0 2 28 977520 5 974152 16 0 974132 973960 974084 950488 950104 26463352 701361 701640
701640 536870944 0 2 28 977520 6 974152 20 0 974132 973960 974084 950488 950104 26463352 701361 701640
701640 536870944 0 2 28 977520 7 974152 24 0 974132 973960 974084 950488 950104 26463352 701361 701640
701640 536870944 0 2 28 977520 8 974152 28 0 974132 973960 974084 950488 950104 26463352 701361 701640
701640 536870944 0 2 28 977520 9 974152 32 0 974132 973960 974084 950488 950104 26463352 701361 701640
701640 536870944 0 2 28 977520 10 974152 36 0 974132 973960 974084 950488 950104 26463352 701361 701640
701640 536870944 0 2 28 977520 11 974152 40 0 974132 973960 974084 950488 950104 26463352 701361 701640
701640 536870944 0 2 28 977520 12 974152 44 0 974132 973960 974084 950488 950104 26463352 701361 701640
701640 536870944 0 2 28 977520 13 974152 48 0 974132 973960 974084 950488 950104 26463352 701361 701640
701640 536870944 0 2 28 977520 14 974152 52 0 974132 973960 974084 950488 950104 26463352 701361 701640
701640 536870944 0 2 28 977520 15 974152 56 0 974132 973960 974084 950488 950104 26463352 701361 701640
701640 536870944 0 2 28 977520 16 974152 60 0 974132 973960 974084 950488 950104 26463352 701361 701640
701640 536870944 0 2 28 977520 17 974152 64 0 974132 973960 974084 950488 950104 26463352 701361 701640
701640 536870944 0 2 28 977520 18 974152 68 0 974132 973960 974084 950488 950104 26463352 701361 701640
701640 536870944 0 2 28 977520 19 974152 72 0 974132 973960 974084 950488 950104 26463352 701361 701640
701640 536870944 0 2 28 977520 20 974152 76 0 974132 973960 974084 950488 950104 26463352 701361 701640
701640 536870944 0 2 28 977520 21 974152 80 0 974132 973960 974084 950488 950104 26463352 701361 701640
701640 536870944 0 2 28 977520 22 974152 84 0 974132 973960 974084 950488 950104 26463352 701361 701640
701640 536870944 0 2 28 977520 23 974152 88 0 974132 973960 974084 950488 950104 26463352 701361 701640
701640 536870944 0 2 28 977520 24 974152 92 0 974132 973960 974084 950488 950104 26463352 701361 701640
701640 536870944 0 2 28 977520 25 974152 96 0 974132 973960 974084 950488 950104 26463352 701361 701640
701640 536870944 0 2 28 977520 26 974152 100 0 974132 973960 974084 950488 950104 26463352 701361 701640
701640 536870944 0 2 28 977520 27 974152 104 0 974132 973960 974084 950488 950104 26463352 701361 701640
701694 1610612768 0 2 28 977520 28 974152 108 0 974132 973960 974084 950488 950104 26463352 701361 701694
689440 1610612768 0 2 28 977520 974152 949572 4294966888 941328 0 973960 974084 950488 950104 26463384 701361 689440
689454 1610612768 4294966900 2 28 977128 974152 949572 1 0 0 973960 974084 950488 950104 26463384 701361 689454
689470 1610612768 941296 0 28 977128 974152 949572 1 0 4294966904 973960 974084 950488 950104 26463384 975824 689470
689480 1610612768 941296 0 0 977128 974152 949572 1 0 4294966904 973960 974084 950488 950104 26463384 975824 689480
689486 1610612768 975824 0 0 977128 974152 949572 941296 0 4294966904 973960 974084 950488 950104 26463384 975824 689486
689564 32 975824 0 0 977128 974152 949572 940800 0 4294966904 973960 974084 950488 941304 26463384 975824 689564
795908 32 975824 0 0 977128 974152 949572 940800 0 4294966904 973960 974084 950488 941304 26463384 689569 795908
795916 32 975824 0 0 977128 975824 977128 940800 0 4294966904 973960 974084 950488 941304 26463360 689569 795916
795922 32 975824 0 46 153606 975824 977128 940800 0 4294966904 973960 974084 950488 941304 26463360 689569 795922
795928 32 975824 0 977128 949536 975824 977128 44 0 4294966904 973960 974084 950488 941304 26463360 689569 795928
795942 1073741856 67109634 0 977128 0 975824 949112 44 0 4294966904 973960 974084 950488 941304 26463360 689569 795942
795952 1073741856 67109634 0 977128 0 975824 906984 97258 0 4294966904 973960 974084 950488 941304 26463360 689569 795952
795976 1073741856 67109634 0 977128 0 975824 906984 893216 977128 4294966904 973960 974084 950488 941304 26463360 689569 795976
795976 2147483680 67109634 45 977128 1 975824 906984 893216 977128 4294966904 973960 974084 950488 941304 26463360 689569 795976
795976 2147483680 67109634 48 977129 2 975824 906984 893216 977128 4294966904 973960 974084 950488 941304 26463360 689569 795976
795976 2147483680 67109634 49 977130 3 975824 906984 893216 977128 4294966904 973960 974084 950488 941304 26463360 689569 795976
795976 2147483680 67109634 50 977131 4 975824 906984 893216 977128 4294966904 973960 974084 950488 941304 26463360 689569 795976
795976 2147483680 67109634 51 977132 5 975824 906984 893216 977128 4294966904 973960 974084 950488 941304 26463360 689569 795976
795976 2147483680 67109634 52 977133 6 975824 906984 893216 977128 4294966904 973960 974084 950488 941304 26463360 689569 795976
795976 2147483680 67109634 53 977134 7 975824 906984 893216 977128 4294966904 973960 974084 950488 941304 26463360 689569 795976
795976 2147483680 67109634 54 977135 8 975824 906984 893216 977128 4294966904 973960 974084 950488 941304 26463360 689569 795976
795976 2147483680 67109634 55 977136 9 975824 906984 893216 977128 4294966904 973960 974084 950488 941304 26463360 689569 795976
795976 2147483680 67109634 56 977137 10 975824 906984 893216 977128 4294966904 973960 974084 950488 941304 26463360 689569 795976
795992 1610612768 67109634 57 977138 11 975824 906984 893216 977128 4294966904 973960 974084 950488 941304 26463360 689569 795992
689568 1610612768 67109634 57 977138 977128 974152 949572 940800 0 4294966904 973960 974084 950488 941304 26463384 689569 689568
689584 1610612768 974152 57 975824 4294966908 974152 949572 940800 0 4294966904 974100 974084 950488 941304 26463384 689569 689584
701340 1610612768 974152 974100 975824 4294966908 974152 949572 940800 0 4294966904 974100 974084 950488 941304 26463384 689591 701340
701354 536870944 974152 974100 975824 4294966908 974152 974152 940800 0 975824 974100 974084 950488 941304 26463352 689591 701354
701280 536870944 974100 974100 975824 4294966908 974152 974152 940800 0 975824 974100 974084 950488 941304 26463352 701361 701280
701296 536870944 974100 974100 975824 0 974152 974152 940800 0 975824 974100 974084 950488 941304 26463348 701361 701296
701330 32 974100 7 977652 7 974152 974152 940800 0 975824 974100 974084 950488 941304 26463352 701361 701330
701334 536870944 6 7 977652 7 974152 974152 940800 0 975824 974100 974084 950488 941304 26463352 701361 701334
701360 536870944 6 7 977652 7 974152 974152 940800 0 975824 974100 974084 950488 941304 26463352 701361 701360
701366 2147483680 6 7 977652 27 974152 974152 940800 0 975824 974100 974084 950488 941304 26463352 701361 701366
701550 2147483680 6 7 977652 27 974152 974152 6 0 975824 974100 974084 950488 941304 26463352 701361 701550
701576 1610612768 6 2 0 975828 974152 974152 6 0 975824 974100 974084 950488 941304 26463352 701361 701576
701582 1610612768 0 2 0 975828 975440 974152 6 0 975824 974100 974084 950488 941304 26463352 701361 701582
701614 1610612768 0 2 0 975828 975440 974152 6 0 975824 974100 974084 950488 941304 26463352 701361 701614
701620 1610612768 0 2 28 975828 975440 974152 6 0 975824 974100 974084 950488 941304 26463352 701361 701620
701622 1610612768 0 2 28 975828 975440 974152 6 0 975824 974100 974084 950488 941304 26463352 701361 701622
701640 1610612768 0 2 28 975828 0 974152 6 0 975824 974100 974084 950488 941304 26463352 701361 701640
701640 536870944 0 2 28 977520 1 974152 0 0 975824 974100 974084 950488 941304 26463352 701361 701640
701640 536870944 0 2 28 977520 2 974152 4 0 975824 974100 974084 950488 941304 26463352 701361 701640
701640 536870944 0 2 28 977520 3 974152 8 0 975824 974100 974084 950488 941304 26463352 701361 701640
701640 536870944 0 2 28 977520 4 974152 12 0 975824 974100 974084 950488 941304 26463352 701361 701640
701640 536870944 0 2 28 977520 5 974152 16 0 975824 974100 974084 950488 941304 26463352 701361 701640
701640 536870944 0 2 28 977520 6 974152 20 0 975824 974100 974084 950488 941304 26463352 701361 701640
701640 536870944 0 2 28 977520 7 974152 24 0 975824 974100 974084 950488 941304 26463352 701361 701640
701640 536870944 0 2 28 977520 8 974152 28 0 975824 974100 974084 950488 941304 26463352 701361 701640
701640 536870944 0 2 28 977520 9 974152 32 0 975824 974100 974084 950488 941304 26463352 701361 701640
701640 536870944 0 2 28 977520 10 974152 36 0 975824 974100 974084 950488 941304 26463352 701361 701640
701640 536870944 0 2 28 977520 11 974152 40 0 975824 974100 974084 950488 941304 26463352 701361 701640
701640 536870944 0 2 28 977520 12 974152 44 0 975824 974100 974084 950488 941304 26463352 701361 701640
701640 536870944 0 2 28 977520 13 974152 48 0 975824 974100 974084 950488 941304 26463352 701361 701640
701640 536870944 0 2 28 977520 14 974152 52 0 975824 974100 974084 950488 941304 26463352 701361 701640
701640 536870944 0 2 28 977520 15 974152 56 0 975824 974100 974084 950488 941304 26463352 701361 701640
701640 536870944 0 2 28 977520 16 974152 60 0 975824 974100 974084 950488 941304 26463352 701361 701640
701640 536870944 0 2 28 977520 17 974152 64 0 975824 974100 974084 950488 941304 26463352 701361 701640
701640 536870944 0 2 28 977520 18 974152 68 0 975824 974100 974084 950488 941304 26463352 701361 701640
701640 536870944 0 2 28 977520 19 974152 72 0 975824 974100 974084 950488 941304 26463352 701361 701640
701640 536870944 0 2 28 977520 20 974152 76 0 975824 974100 974084 950488 941304 26463352 701361 701640
701640 536870944 0 2 28 977520 21 974152 80 0 975824 974100 974084 950488 941304 26463352 701361 701640
701640 536870944 0 2 28 977520 22 974152 84 0 975824 974100 974084 950488 941304 26463352 701361 701640
701640 536870944 0 2 28 977520 23 974152 88 0 975824 974100 974084 950488 941304 26463352 701361 701640
701640 536870944 0 2 28 977520 24 974152 92 0 975824 974100 974084 950488 941304 26463352 701361 701640
701640 536870944 0 2 28 977520 25 974152 96 0 975824 974100 974084 950488 941304 26463352 701361 701640
701640 536870944 0 2 28 977520 26 974152 100 0 975824 974100 974084 950488 941304 26463352 701361 701640
701640 536870944 0 2 28 977520 27 974152 104 0 975824 974100 974084 950488 941304 26463352 701361 701640
701694 1610612768 0 2 28 977520 28 974152 108 0 975824 974100 974084 950488 941304 26463352 701361 701694
689590 1610612768 0 2 28 977520 974152 949572 940800 0 4294966904 974100 974084 950488 941304 26463384 701361 689590
689606 1610612768 0 2 28 4294966912 974152 949572 977332 0 4294966904 974100 974084 950488 1 26463384 701361 689606
689624 1610612768 0 0 28 941312 974152 949572 977332 0 4294966916 974100 974084 950488 1 26463384 975800 689624
689630 1610612768 0 0 0 941312 974152 949572 977332 0 4294966916 974100 974084 950488 1 26463384 975800 689630
689710 32 975800 0 0 940744 974152 949572 977332 0 4294966916 974100 974084 950488 1 26463384 975800 689710
795720 32 975800 0 0 940744 974152 949572 977332 0 4294966916 974100 974084 950488 1 26463384 689715 795720
795728 32 975800 0 0 940744 975800 977332 977332 0 4294966916 974100 974084 950488 1 26463360 689715 795728
795734 32 975800 0 46 153794 975800 977332 977332 0 4294966916 974100 974084 950488 1 26463360 689715 795734
795740 32 975800 0 977332 949536 975800 977332 44 0 4294966916 974100 974084 950488 1 26463360 689715 795740
795754 1073741856 67109634 0 977332 0 975800 949112 44 0 4294966916 974100 974084 950488 1 26463360 689715 795754
795764 1073741856 67109634 0 977332 0 975800 906984 97446 0 4294966916 974100 974084 950488 1 26463360 689715 795764
795788 1073741856 67109634 0 977332 0 975800 906984 893216 977332 4294966916 974100 974084 950488 1 26463360 689715 795788
795788 2147483680 67109634 45 977332 1 975800 906984 893216 977332 4294966916 974100 974084 950488 1 26463360 689715 795788
795788 2147483680 67109634 48 977333 2 975800 906984 893216 977332 4294966916 974100 974084 950488 1 26463360 689715 795788
795788 2147483680 67109634 49 977334 3 975800 906984 893216 977332 4294966916 974100 974084 950488 1 26463360 689715 795788
795788 2147483680 67109634 50 977335 4 975800 906984 893216 977332 4294966916 974100 974084 950488 1 26463360 689715 795788
795788 2147483680 67109634 51 977336 5 975800 906984 893216 977332 4294966916 974100 974084 950488 1 26463360 689715 795788
795788 2147483680 67109634 52 977337 6 975800 906984 893216 977332 4294966916 974100 974084 950488 1 26463360 689715 795788
795788 2147483680 67109634 53 977338 7 975800 906984 893216 977332 4294966916 974100 974084 950488 1 26463360 689715 795788
795788 2147483680 67109634 54 977339 8 975800 906984 893216 977332 4294966916 974100 974084 950488 1 26463360 689715 795788
795788 2147483680 67109634 55 977340 9 975800 906984 893216 977332 4294966916 974100 974084 950488 1 26463360 689715 795788
795788 2147483680 67109634 56 977341 10 975800 906984 893216 977332 4294966916 974100 974084 950488 1 26463360 689715 795788
795804 1610612768 67109634 57 977342 11 975800 906984 893216 977332 4294966916 974100 974084 950488 1 26463360 689715 795804
689714 1610612768 67109634 57 977342 940744 974152 949572 977332 0 4294966916 974100 974084 950488 1 26463384 689715 689714
689730 1610612768 974152 57 975800 4294966920 974152 949572 977332 0 974096 974100 974084 950488 1 26463384 689715 689730
701340 1610612768 974152 974096 975800 4294966920 974152 949572 977332 0 974096 974100 974084 950488 1 26463384 689737 701340
701354 536870944 974152 974096 975800 4294966920 974152 974152 977332 0 975800 974100 974084 950488 1 26463352 689737 701354
701280 536870944 974096 974096 975800 4294966920 974152 974152 977332 0 975800 974100 974084 950488 1 26463352 701361 701280
701296 536870944 974096 974096 975800 0 974152 974152 977332 0 975800 974100 974084 950488 1 26463348 701361 701296
701330 32 974096 8 977652 8 974152 974152 977332 0 975800 974100 974084 950488 1 26463352 701361 701330
701334 536870944 7 8 977652 8 974152 974152 977332 0 975800 974100 974084 950488 1 26463352 701361 701334
701360 536870944 7 8 977652 8 974152 974152 977332 0 975800 974100 974084 950488 1 26463352 701361 701360
701366 2147483680 7 8 977652 27 974152 974152 977332 0 975800 974100 974084 950488 1 26463352 701361 701366
701550 2147483680 7 8 977652 27 974152 974152 7 0 975800 974100 974084 950488 1 26463352 701361 701550
701576 1610612768 7 2 0 975804 974152 974152 7 0 975800 974100 974084 950488 1 26463352 701361 701576
701582 1610612768 0 2 0 975804 975440 974152 7 0 975800 974100 974084 950488 1 26463352 701361 701582
701614 1610612768 0 2 0 975804 975440 974152 7 0 975800 974100 974084 950488 1 26463352 701361 701614
701620 1610612768 0 2 28 975804 975440 974152 7 0 975800 974100 974084 950488 1 26463352 701361 701620
701622 1610612768 0 2 28 975804 975440 974152 7 0 975800 974100 974084 950488 1 26463352 701361 701622
701640 1610612768 0 2 28 975804 0 974152 7 0 975800 974100 974084 950488 1 26463352 701361 701640
701640 536870944 0 2 28 977520 1 974152 0 0 975800 974100 974084 950488 1 26463352 701361 701640
701640 536870944 0 2 28 977520 2 974152 4 0 975800 974100 974084 950488 1 26463352 701361 701640
701640 536870944 0 2 28 977520 3 974152 8 0 975800 974100 974084 950488 1 26463352 701361 701640
701640 536870944 0 2 28 977520 4 974152 12 0 975800 974100 974084 950488 1 26463352 701361 701640
701640 536870944 0 2 28 977520 5 974152 16 0 975800 974100 974084 950488 1 26463352 701361 701640
701640 536870944 0 2 28 977520 6 974152 20 0 975800 974100 974084 950488 1 26463352 701361 701640
701640 536870944 0 2 28 977520 7 974152 24 0 975800 974100 974084 950488 1 26463352 701361 701640
701640 536870944 0 2 28 977520 8 974152 28 0 975800 974100 974084 950488 1 26463352 701361 701640
701640 536870944 0 2 28 977520 9 974152 32 0 975800 974100 974084 950488 1 26463352 701361 701640
701640 536870944 0 2 28 977520 10 974152 36 0 975800 974100 974084 950488 1 26463352 701361 701640
701640 536870944 0 2 28 977520 11 974152 40 0 975800 974100 974084 950488 1 26463352 701361 701640
701640 536870944 0 2 28 977520 12 974152 44 0 975800 974100 974084 950488 1 26463352 701361 701640
701640 536870944 0 2 28 977520 13 974152 48 0 975800 974100 974084 950488 1 26463352 701361 701640
701640 536870944 0 2 28 977520 14 974152 52 0 975800 974100 974084 950488 1 26463352 701361 701640
701640 536870944 0 2 28 977520 15 974152 56 0 975800 974100 974084 950488 1 26463352 701361 701640
701640 536870944 0 2 28 977520 16 974152 60 0 975800 974100 974084 950488 1 26463352 701361 701640
701640 536870944 0 2 28 977520 17 974152 64 0 975800 974100 974084 950488 1 26463352 701361 701640
701640 536870944 0 2 28 977520 18 974152 68 0 975800 974100 974084 950488 1 26463352 701361 701640
701640 536870944 0 2 28 977520 19 974152 72 0 975800 974100 974084 950488 1 26463352 701361 701640
701640 536870944 0 2 28 977520 20 974152 76 0 975800 974100 974084 950488 1 26463352 701361 701640
701640 536870944 0 2 28 977520 21 974152 80 0 975800 974100 974084 950488 1 26463352 701361 701640
701640 536870944 0 2 28 977520 22 974152 84 0 975800 974100 974084 950488 1 26463352 701361 701640
701640 536870944 0 2 28 977520 23 974152 88 0 975800 974100 974084 950488 1 26463352 701361 701640
701640 536870944 0 2 28 977520 24 974152 92 0 975800 974100 974084 950488 1 26463352 701361 701640
701640 536870944 0 2 28 977520 25 974152 96 0 975800 974100 974084 950488 1 26463352 701361 701640
701640 536870944 0 2 28 977520 26 974152 100 0 975800 974100 974084 950488 1 26463352 701361 701640
701640 536870944 0 2 28 977520 27 974152 104 0 975800 974100 974084 950488 1 26463352 701361 701640
701694 1610612768 0 2 28 977520 28 974152 108 0 975800 974100 974084 950488 1 26463352 701361 701694
689736 1610612768 0 2 28 977520 974152 949572 977332 0 974096 974100 974084 950488 1 26463384 701361 689736
689750 536870944 974152 4294966924 1 975572 974152 949572 977332 0 974096 974100 974084 950488 1 26463384 701361 689750
689756 536870944 974152 4294966924 1 975572 974152 949572 4294966928 0 974096 974100 974084 950488 1 26463384 701361 689756
689766 32 974152 974092 975572 975572 974152 949572 4294966928 0 974096 974100 974084 950488 1 26463384 701361 689766
701340 32 974152 974092 975572 975572 974152 949572 4294966928 0 974096 974100 974084 950488 1 26463384 689771 701340
701354 536870944 974152 974092 975572 975572 974152 974152 4294966928 0 975572 974100 974084 950488 1 26463352 689771 701354
701280 536870944 974092 974092 975572 975572 974152 974152 4294966928 0 975572 974100 974084 950488 1 26463352 701361 701280
701296 536870944 974092 974092 975572 0 974152 974152 4294966928 0 975572 974100 974084 950488 1 26463348 701361 701296
701330 32 974092 9 977652 9 974152 974152 4294966928 0 975572 974100 974084 950488 1 26463352 701361 701330
701334 536870944 8 9 977652 9 974152 974152 4294966928 0 975572 974100 974084 950488 1 26463352 701361 701334
701360 536870944 8 9 977652 9 974152 974152 4294966928 0 975572 974100 974084 950488 1 26463352 701361 701360
701366 2147483680 8 9 977652 27 974152 974152 4294966928 0 975572 974100 974084 950488 1 26463352 701361 701366
701550 2147483680 8 9 977652 27 974152 974152 8 0 975572 974100 974084 950488 1 26463352 701361 701550
701576 1610612768 8 2 0 975576 974152 974152 8 0 975572 974100 974084 950488 1 26463352 701361 701576
701582 1610612768 0 2 0 975576 975440 974152 8 0 975572 974100 974084 950488 1 26463352 701361 701582
701614 1610612768 0 2 0 975576 975440 974152 8 0 975572 974100 974084 950488 1 26463352 701361 701614
701620 1610612768 0 2 28 975576 975440 974152 8 0 975572 974100 974084 950488 1 26463352 701361 701620
701622 1610612768 0 2 28 975576 975440 974152 8 0 975572 974100 974084 950488 1 26463352 701361 701622
701640 1610612768 0 2 28 975576 0 974152 8 0 975572 974100 974084 950488 1 26463352 701361 701640
701640 536870944 0 2 28 977520 1 974152 0 0 975572 974100 974084 950488 1 26463352 701361 701640
701640 536870944 0 2 28 977520 2 974152 4 0 975572 974100 974084 950488 1 26463352 701361 701640
701640 536870944 0 2 28 977520 3 974152 8 0 975572 974100 974084 950488 1 26463352 701361 701640
701640 536870944 0 2 28 977520 4 974152 12 0 975572 974100 974084 950488 1 26463352 701361 701640
701640 536870944 0 2 28 977520 5 974152 16 0 975572 974100 974084 950488 1 26463352 701361 701640
701640 536870944 0 2 28 977520 6 974152 20 0 975572 974100 974084 950488 1 26463352 701361 701640
701640 536870944 0 2 28 977520 7 974152 24 0 975572 974100 974084 950488 1 26463352 701361 701640
701640 536870944 0 2 28 977520 8 974152 28 0 975572 974100 974084 950488 1 26463352 701361 701640
701640 536870944 0 2 28 977520 9 974152 32 0 975572 974100 974084 950488 1 26463352 701361 701640
701640 536870944 0 2 28 977520 10 974152 36 0 975572 974100 974084 950488 1 26463352 701361 701640
701640 536870944 0 2 28 977520 11 974152 40 0 975572 974100 974084 950488 1 26463352 701361 701640
701640 536870944 0 2 28 977520 12 974152 44 0 975572 974100 974084 950488 1 26463352 701361 701640
701640 536870944 0 2 28 977520 13 974152 48 0 975572 974100 974084 950488 1 26463352 701361 701640
701640 536870944 0 2 28 977520 14 974152 52 0 975572 974100 974084 950488 1 26463352 701361 701640
701640 536870944 0 2 28 977520 15 974152 56 0 975572 974100 974084 950488 1 26463352 701361 701640
701640 536870944 0 2 28 977520 16 974152 60 0 975572 974100 974084 950488 1 26463352 701361 701640
701640 536870944 0 2 28 977520 17 974152 64 0 975572 974100 974084 950488 1 26463352 701361 701640
701640 536870944 0 2 28 977520 18 974152 68 0 975572 974100 974084 950488 1 26463352 701361 701640
701640 536870944 0 2 28 977520 19 974152 72 0 975572 974100 974084 950488 1 26463352 701361 701640
701640 536870944 0 2 28 977520 20 974152 76 0 975572 974100 974084 950488 1 26463352 701361 701640
701640 536870944 0 2 28 977520 21 974152 80 0 975572 974100 974084 950488 1 26463352 701361 701640
701640 536870944 0 2 28 977520 22 974152 84 0 975572 974100 974084 950488 1 26463352 701361 701640
701640 536870944 0 2 28 977520 23 974152 88 0 975572 974100 974084 950488 1 26463352 701361 701640
701640 536870944 0 2 28 977520 24 974152 92 0 975572 974100 974084 950488 1 26463352 701361 701640
701640 536870944 0 2 28 977520 25 974152 96 0 975572 974100 974084 950488 1 26463352 701361 701640
701640 536870944 0 2 28 977520 26 974152 100 0 975572 974100 974084 950488 1 26463352 701361 701640
701640 536870944 0 2 28 977520 27 974152 104 0 975572 974100 974084 950488 1 26463352 701361 701640
701694 1610612768 0 2 28 977520 28 974152 108 0 975572 974100 974084 950488 1 26463352 701361 701694
689770 1610612768 0 2 28 977520 974152 949572 4294966928 0 974096 974100 974084 950488 1 26463384 701361 689770
689784 536870944 974152 4294966932 1 974228 974152 949572 4294966928 0 974096 974100 974084 950488 1 26463384 701361 689784
689790 536870944 974152 4294966932 1 974228 974152 949572 4294966936 0 974096 974100 974084 950488 1 26463384 701361 689790
689800 32 974152 974088 974228 974228 974152 949572 4294966936 0 974096 974100 974084 950488 1 26463384 701361 689800
701340 32 974152 974088 974228 974228 974152 949572 4294966936 0 974096 974100 974084 950488 1 26463384 689805 701340
701354 536870944 974152 974088 974228 974228 974152 974152 4294966936 0 974228 974100 974084 950488 1 26463352 689805 701354
701280 536870944 974088 974088 974228 974228 974152 974152 4294966936 0 974228 974100 974084 950488 1 26463352 701361 701280
701296 536870944 974088 974088 974228 0 974152 974152 4294966936 0 974228 974100 974084 950488 1 26463348 701361 701296
701330 32 974088 10 977652 10 974152 974152 4294966936 0 974228 974100 974084 950488 1 26463352 701361 701330
701334 536870944 9 10 977652 10 974152 974152 4294966936 0 974228 974100 974084 950488 1 26463352 701361 701334
701360 536870944 9 10 977652 10 974152 974152 4294966936 0 974228 974100 974084 950488 1 26463352 701361 701360
701366 2147483680 9 10 977652 27 974152 974152 4294966936 0 974228 974100 974084 950488 1 26463352 701361 701366
701550 2147483680 9 10 977652 27 974152 974152 9 0 974228 974100 974084 950488 1 26463352 701361 701550
701576 1610612768 9 2 0 974232 974152 974152 9 0 974228 974100 974084 950488 1 26463352 701361 701576
701582 1610612768 0 2 0 974232 975440 974152 9 0 974228 974100 974084 950488 1 26463352 701361 701582
701614 1610612768 0 2 0 974232 975440 974152 9 0 974228 974100 974084 950488 1 26463352 701361 701614
701620 1610612768 0 2 28 974232 975440 974152 9 0 974228 974100 974084 950488 1 26463352 701361 701620
701622 1610612768 0 2 28 974232 975440 974152 9 0 974228 974100 974084 950488 1 26463352 701361 701622
701640 1610612768 0 2 28 974232 0 974152 9 0 974228 974100 974084 950488 1 26463352 701361 701640
701640 536870944 0 2 28 977520 1 974152 0 0 974228 974100 974084 950488 1 26463352 701361 701640
701640 536870944 0 2 28 977520 2 974152 4 0 974228 974100 974084 950488 1 26463352 701361 701640
701640 536870944 0 2 28 977520 3 974152 8 0 974228 974100 974084 950488 1 26463352 701361 701640
701640 536870944 0 2 28 977520 4 974152 12 0 974228 974100 974084 950488 1 26463352 701361 701640
701640 536870944 0 2 28 977520 5 974152 16 0 974228 974100 974084 950488 1 26463352 701361 701640
701640 536870944 0 2 28 977520 6 974152 20 0 974228 974100 974084 950488 1 26463352 701361 701640
701640 536870944 0 2 28 977520 7 974152 24 0 974228 974100 974084 950488 1 26463352 701361 701640
701640 536870944 0 2 28 977520 8 974152 28 0 974228 974100 974084 950488 1 26463352 701361 701640
701640 536870944 0 2 28 977520 9 974152 32 0 974228 974100 974084 950488 1 26463352 701361 701640
701640 536870944 0 2 28 977520 10 974152 36 0 974228 974100 974084 950488 1 26463352 701361 701640
701640 536870944 0 2 28 977520 11 974152 40 0 974228 974100 974084 950488 1 26463352 701361 701640
701640 536870944 0 2 28 977520 12 974152 44 0 974228 974100 974084 950488 1 26463352 701361 701640
701640 536870944 0 2 28 977520 13 974152 48 0 974228 974100 974084 950488 1 26463352 701361 701640
701640 536870944 0 2 28 977520 14 974152 52 0 974228 974100 974084 950488 1 26463352 701361 701640
701640 536870944 0 2 28 977520 15 974152 56 0 974228 974100 974084 950488 1 26463352 701361 701640
701640 536870944 0 2 28 977520 16 974152 60 0 974228 974100 974084 950488 1 26463352 701361 701640
701640 536870944 0 2 28 977520 17 974152 64 0 974228 974100 974084 950488 1 26463352 701361 701640
701640 536870944 0 2 28 977520 18 974152 68 0 974228 974100 974084 950488 1 26463352 701361 701640
701640 536870944 0 2 28 977520 19 974152 72 0 974228 974100 974084 950488 1 26463352 701361 701640
701640 536870944 0 2 28 977520 20 974152 76 0 974228 974100 974084 950488 1 26463352 701361 701640
701640 536870944 0 2 28 977520 21 974152 80 0 974228 974100 974084 950488 1 26463352 701361 701640
701640 536870944 0 2 28 977520 22 974152 84 0 974228 974100 974084 950488 1 26463352 701361 701640
701640 536870944 0 2 28 977520 23 974152 88 0 974228 974100 974084 950488 1 26463352 701361 701640
701640 536870944 0 2 28 977520 24 974152 92 0 974228 974100 974084 950488 1 26463352 701361 701640
701640 536870944 0 2 28 977520 25 974152 96 0 974228 974100 974084 950488 1 26463352 701361 701640
701640 536870944 0 2 28 977520 26 974152 100 0 974228 974100 974084 950488 1 26463352 701361 701640
701640 536870944 0 2 28 977520 27 974152 104 0 974228 974100 974084 950488 1 26463352 701361 701640
701694 1610612768 0 2 28 977520 28 974152 108 0 974228 974100 974084 950488 1 26463352 701361 701694
689804 1610612768 0 2 28 977520 974152 949572 4294966936 0 974096 974100 974084 950488 1 26463384 701361 689804
689818 536870944 0 2 1 1 974152 949572 974244 0 974096 974100 974084 950488 1 26463384 4294966856 689818
689832 1610612768 974112 2 1 940704 974152 949572 974244 0 974096 974100 974084 950488 1 26463384 4294966856 689832
689970 32 974112 974244 1 940712 974152 949572 974244 0 974096 974100 974084 950488 1 26463384 4294966856 689970
618676 32 974112 974244 1 940712 974152 949572 974244 0 974096 974100 974084 950488 1 26463384 689975 618676
618680 32 974112 974244 1 322034 974152 949572 974244 0 974096 974100 974084 950488 1 26463384 689975 618680
700396 32 974112 974244 1 940728 974112 949572 974244 0 974096 974100 974084 950488 1 26463376 618703 700396
700400 32 921392 974244 1 940728 974112 949572 974244 0 974096 974100 974084 950488 1 26463376 618703 700400
687052 1073741856 974112 0 1 940728 974112 949572 974244 0 974096 974100 974084 950488 1 26463376 618713 687052
687066 536870944 974112 0 1 940728 974244 974112 974244 0 974096 974100 974084 950488 1 26463336 618713 687066
687076 536870944 974112 0 1 940728 974244 974112 974244 0 974096 974100 218508 905576 1 26463336 618713 687076
687092 536870944 974112 0 1 940728 974244 974112 974244 0 974096 893216 905596 905576 1 26463336 618713 687092
687138 536870944 974112 0 1 905796 974244 974112 974244 0 905732 893216 905596 905812 1 26463336 618713 687138
687148 536870944 974112 0 1 905796 974244 974112 218590 218586 905732 893216 905596 905812 905736 26463336 618713 687148
687152 536870944 974112 0 1 905796 974244 218594 218590 905740 905732 893216 905596 905812 905736 26463336 618713 687152
687156 536870944 218598 0 1 905796 974244 218594 905748 905740 905732 893216 905596 905812 905736 26463336 618713 687156
687160 536870944 218598 218604 1 905796 974244 905756 905748 905740 905732 893216 905596 905812 905736 26463336 618713 687160
687164 536870944 905764 218604 218610 905796 974244 905756 905748 905740 905732 893216 905596 905812 905736 26463336 618713 687164
687170 536870944 905764 905776 218610 905796 974244 905756 905748 905740 905732 893216 218636 905812 905736 26463336 618713 687170
687176 536870944 905764 905776 905788 905796 974244 905756 905748 905740 905732 218636 218636 905812 905736 26463336 618713 687176
687182 536870944 905764 905776 905788 905796 974244 905756 905748 905740 218634 218636 905820 905812 905736 26463336 618713 687182
687186 536870944 905764 905776 905788 218608 974244 905756 905748 905740 218634 905824 905820 905812 905736 26463336 618713 687186
687230 536870944 905764 905776 905788 905808 974244 905756 905748 905740 905828 905824 905820 905816 905736 26463336 618713 687230
687240 536870944 905764 905776 905788 905808 974244 905756 218594 218590 905828 905824 905820 905816 905832 26463336 618713 687240
687244 536870944 905764 905776 905788 905808 974244 218602 218594 905836 905828 905824 905820 905816 905832 26463336 618713 687244
687248 536870944 218606 905776 905788 905808 974244 218602 905844 905836 905828 905824 905820 905816 905832 26463336 618713 687248
687252 536870944 218606 218610 905788 905808 974244 905856 905844 905836 905828 905824 905820 905816 905832 26463336 618713 687252
687256 536870944 905864 218610 218608 905808 974244 905856 905844 905836 905828 905824 905820 905816 905832 26463336 618713 687256
687260 536870944 905864 905872 218608 218610 974244 905856 905844 905836 905828 905824 905820 905816 905832 26463336 618713 687260
687266 536870944 905864 905872 905876 218610 974244 905856 905844 905836 905828 905824 905820 218620 905832 26463336 618713 687266
687272 536870944 905864 905872 905876 905884 974244 905856 905844 905836 905828 905824 218626 218620 905832 26463336 618713 687272
687278 536870944 905864 905872 905876 905884 974244 905856 905844 905836 905828 218632 218626 905900 905832 26463336 618713 687278
687318 536870944 905864 905872 905876 905884 974244 905856 905844 905836 905892 905920 905912 905900 905832 26463336 618713 687318
687326 536870944 905864 905872 905876 905884 974244 905856 905844 905836 905892 905920 905912 905900 218612 26463336 618713 687326
687330 536870944 905864 905872 905876 905884 974244 905856 905844 218610 905892 905920 905912 905900 905944 26463336 618713 687330
687336 536870944 905864 905872 905876 905884 974244 218610 218610 905948 905892 905920 905912 905900 905944 26463336 618713 687336
687340 536870944 218610 905872 905876 905884 974244 218610 905952 905948 905892 905920 905912 905900 905944 26463336 618713 687340
687344 536870944 218610 905872 218608 905884 974244 905956 905952 905948 905892 905920 905912 905900 905944 26463336 618713 687344
687348 536870944 905960 905872 218608 218606 974244 905956 905952 905948 905892 905920 905912 905900 905944 26463336 618713 687348
687354 536870944 905960 905872 905964 218606 974244 905956 905952 905948 218604 905920 905912 905900 905944 26463336 618713 687354
687360 536870944 905960 905872 905964 905968 974244 905956 905952 905948 218604 905920 905912 218602 905944 26463336 618713 687360
687366 536870944 905960 905872 905964 905968 974244 905956 905952 905948 905972 905920 218600 218602 905944 26463336 618713 687366
687378 536870944 905960 905872 905964 905968 974244 905956 905952 905948 905972 218600 905980 905976 905944 26463336 618713 687378
687432 536870944 905960 905932 905964 905968 974244 905956 905952 905948 905972 905984 905980 905976 905944 26463336 618713 687432
689974 536870944 974112 905932 905964 940728 974152 949572 974244 0 974096 974100 974084 950488 905944 26463384 618713 689974
689988 536870944 974152 905932 974112 974072 974152 949572 974244 0 974096 974100 974084 950488 905944 26463384 618713 689988
689992 536870944 974152 974072 974112 974072 974152 949572 974244 0 974096 974100 974084 950488 905944 26463384 618713 689992
701340 536870944 974152 974072 974112 974072 974152 949572 974244 0 974096 974100 974084 950488 905944 26463384 689997 701340
701354 536870944 974152 974072 974112 974072 974152 974152 974244 0 974112 974100 974084 950488 905944 26463352 689997 701354
701280 536870944 974072 974072 974112 974072 974152 974152 974244 0 974112 974100 974084 950488 905944 26463352 701361 701280
701296 536870944 974072 974072 974112 0 974152 974152 974244 0 974112 974100 974084 950488 905944 26463348 701361 701296
701330 32 974072 11 977652 11 974152 974152 974244 0 974112 974100 974084 950488 905944 26463352 701361 701330
701334 536870944 10 11 977652 11 974152 974152 974244 0 974112 974100 974084 950488 905944 26463352 701361 701334
701360 536870944 10 11 977652 11 974152 974152 974244 0 974112 974100 974084 950488 905944 26463352 701361 701360
701366 2147483680 10 11 977652 27 974152 974152 974244 0 974112 974100 974084 950488 905944 26463352 701361 701366
701550 2147483680 10 11 977652 27 974152 974152 10 0 974112 974100 974084 950488 905944 26463352 701361 701550
701576 1610612768 10 2 0 974116 974152 974152 10 0 974112 974100 974084 950488 905944 26463352 701361 701576
701582 1610612768 0 2 0 974116 975440 974152 10 0 974112 974100 974084 950488 905944 26463352 701361 701582
701614 1610612768 0 2 0 974116 975440 974152 10 0 974112 974100 974084 950488 905944 26463352 701361 701614
701620 1610612768 0 2 28 974116 975440 974152 10 0 974112 974100 974084 950488 905944 26463352 701361 701620
701622 1610612768 0 2 28 974116 975440 974152 10 0 974112 974100 974084 950488 905944 26463352 701361 701622
701640 1610612768 0 2 28 974116 0 974152 10 0 974112 974100 974084 950488 905944 26463352 701361 701640
701640 536870944 0 2 28 977520 1 974152 0 0 974112 974100 974084 950488 905944 26463352 701361 701640
701640 536870944 0 2 28 977520 2 974152 4 0 974112 974100 974084 950488 905944 26463352 701361 701640
701640 536870944 0 2 28 977520 3 974152 8 0 974112 974100 974084 950488 905944 26463352 701361 701640
701640 536870944 0 2 28 977520 4 974152 12 0 974112 974100 974084 950488 905944 26463352 701361 701640
701640 536870944 0 2 28 977520 5 974152 16 0 974112 974100 974084 950488 905944 26463352 701361 701640
701640 536870944 0 2 28 977520 6 974152 20 0 974112 974100 974084 950488 905944 26463352 701361 701640
701640 536870944 0 2 28 977520 7 974152 24 0 974112 974100 974084 950488 905944 26463352 701361 701640
701640 536870944 0 2 28 977520 8 974152 28 0 974112 974100 974084 950488 905944 26463352 701361 701640
701640 536870944 0 2 28 977520 9 974152 32 0 974112 974100 974084 950488 905944 26463352 701361 701640
701640 536870944 0 2 28 977520 10 974152 36 0 974112 974100 974084 950488 905944 26463352 701361 701640
701640 536870944 0 2 28 977520 11 974152 40 0 974112 974100 974084 950488 905944 26463352 701361 701640
701640 536870944 0 2 28 977520 12 974152 44 0 974112 974100 974084 950488 905944 26463352 701361 701640
701640 536870944 0 2 28 977520 13 974152 48 0 974112 974100 974084 950488 905944 26463352 701361 701640
701640 536870944 0 2 28 977520 14 974152 52 0 974112 974100 974084 950488 905944 26463352 701361 701640
701640 536870944 0 2 28 977520 15 974152 56 0 974112 974100 974084 950488 905944 26463352 701361 701640
701640 536870944 0 2 28 977520 16 974152 60 0 974112 974100 974084 950488 905944 26463352 701361 701640
701640 536870944 0 2 28 977520 17 974152 64 0 974112 974100 974084 950488 905944 26463352 701361 701640
701640 536870944 0 2 28 977520 18 974152 68 0 974112 974100 974084 950488 905944 26463352 701361 701640
701640 536870944 0 2 28 977520 19 974152 72 0 974112 974100 974084 950488 905944 26463352 701361 701640
701640 536870944 0 2 28 977520 20 974152 76 0 974112 974100 974084 950488 905944 26463352 701361 701640
701640 536870944 0 2 28 977520 21 974152 80 0 974112 974100 974084 950488 905944 26463352 701361 701640
701640 536870944 0 2 28 977520 22 974152 84 0 974112 974100 974084 950488 905944 26463352 701361 701640
701640 536870944 0 2 28 977520 23 974152 88 0 974112 974100 974084 950488 905944 26463352 701361 701640
701640 536870944 0 2 28 977520 24 974152 92 0 974112 974100 974084 950488 905944 26463352 701361 701640
701640 536870944 0 2 28 977520 25 974152 96 0 974112 974100 974084 950488 905944 26463352 701361 701640
701640 536870944 0 2 28 977520 26 974152 100 0 974112 974100 974084 950488 905944 26463352 701361 701640
701640 536870944 0 2 28 977520 27 974152 104 0 974112 974100 974084 950488 905944 26463352 701361 701640
701694 1610612768 0 2 28 977520 28 974152 108 0 974112 974100 974084 950488 905944 26463352 701361 701694
689996 1610612768 0 2 28 977520 974152 949572 974244 0 974096 974100 974084 950488 905944 26463384 701361 689996
690010 536870944 974152 4294966944 1 977400 974152 949572 974244 0 974096 974100 974084 950488 905944 26463384 701361 690010
690016 536870944 974152 4294966944 1 977400 974152 949572 974244 4294966948 974096 974100 974084 950488 905944 26463384 701361 690016
690026 32 974152 974064 977400 977400 974152 949572 974244 4294966948 974096 974100 974084 950488 905944 26463384 701361 690026
701340 32 974152 974064 977400 977400 974152 949572 974244 4294966948 974096 974100 974084 950488 905944 26463384 690031 701340
701354 536870944 974152 974064 977400 977400 974152 974152 974244 4294966948 977400 974100 974084 950488 905944 26463352 690031 701354
701280 536870944 974064 974064 977400 977400 974152 974152 974244 4294966948 977400 974100 974084 950488 905944 26463352 701361 701280
701296 536870944 974064 974064 977400 0 974152 974152 974244 4294966948 977400 974100 974084 950488 905944 26463348 701361 701296
701330 32 974064 12 977652 12 974152 974152 974244 4294966948 977400 974100 974084 950488 905944 26463352 701361 701330
701334 536870944 11 12 977652 12 974152 974152 974244 4294966948 977400 974100 974084 950488 905944 26463352 701361 701334
701360 536870944 11 12 977652 12 974152 974152 974244 4294966948 977400 974100 974084 950488 905944 26463352 701361 701360
701366 2147483680 11 12 977652 27 974152 974152 974244 4294966948 977400 974100 974084 950488 905944 26463352 701361 701366
701550 2147483680 11 12 977652 27 974152 974152 11 4294966948 977400 974100 974084 950488 905944 26463352 701361 701550
701576 1610612768 11 2 0 977404 974152 974152 11 4294966948 977400 974100 974084 950488 905944 26463352 701361 701576
701582 1610612768 0 2 0 977404 975440 974152 11 4294966948 977400 974100 974084 950488 905944 26463352 701361 701582
701614 1610612768 0 2 0 977404 975440 974152 11 4294966948 977400 974100 974084 950488 905944 26463352 701361 701614
701620 1610612768 0 2 28 977404 975440 974152 11 4294966948 977400 974100 974084 950488 905944 26463352 701361 701620
701622 1610612768 0 2 28 977404 975440 974152 11 4294966948 977400 974100 974084 950488 905944 26463352 701361 701622
701640 1610612768 0 2 28 977404 0 974152 11 0 977400 974100 974084 950488 905944 26463352 701361 701640
701640 536870944 0 2 28 977520 1 974152 0 0 977400 974100 974084 950488 905944 26463352 701361 701640
701640 536870944 0 2 28 977520 2 974152 4 0 977400 974100 974084 950488 905944 26463352 701361 701640
701640 536870944 0 2 28 977520 3 974152 8 0 977400 974100 974084 950488 905944 26463352 701361 701640
701640 536870944 0 2 28 977520 4 974152 12 0 977400 974100 974084 950488 905944 26463352 701361 701640
701640 536870944 0 2 28 977520 5 974152 16 0 977400 974100 974084 950488 905944 26463352 701361 701640
701640 536870944 0 2 28 977520 6 974152 20 0 977400 974100 974084 950488 905944 26463352 701361 701640
701640 536870944 0 2 28 977520 7 974152 24 0 977400 974100 974084 950488 905944 26463352 701361 701640
701640 536870944 0 2 28 977520 8 974152 28 0 977400 974100 974084 950488 905944 26463352 701361 701640
701640 536870944 0 2 28 977520 9 974152 32 0 977400 974100 974084 950488 905944 26463352 701361 701640
701640 536870944 0 2 28 977520 10 974152 36 0 977400 974100 974084 950488 905944 26463352 701361 701640
701640 536870944 0 2 28 977520 11 974152 40 0 977400 974100 974084 950488 905944 26463352 701361 701640
701640 536870944 0 2 28 977520 12 974152 44 0 977400 974100 974084 950488 905944 26463352 701361 701640
701640 536870944 0 2 28 977520 13 974152 48 0 977400 974100 974084 950488 905944 26463352 701361 701640
701640 536870944 0 2 28 977520 14 974152 52 0 977400 974100 974084 950488 905944 26463352 701361 701640
701640 536870944 0 2 28 977520 15 974152 56 0 977400 974100 974084 950488 905944 26463352 701361 701640
701640 536870944 0 2 28 977520 16 974152 60 0 977400 974100 974084 950488 905944 26463352 701361 701640
701640 536870944 0 2 28 977520 17 974152 64 0 977400 974100 974084 950488 905944 26463352 701361 701640
701640 536870944 0 2 28 977520 18 974152 68 0 977400 974100 974084 950488 905944 26463352 701361 701640
701640 536870944 0 2 28 977520 19 974152 72 0 977400 974100 974084 950488 905944 26463352 701361 701640
701640 536870944 0 2 28 977520 20 974152 76 0 977400 974100 974084 950488 905944 26463352 701361 701640
701640 536870944 0 2 28 977520 21 974152 80 0 977400 974100 974084 950488 905944 26463352 701361 701640
701640 536870944 0 2 28 977520 22 974152 84 0 977400 974100 974084 950488 905944 26463352 701361 701640
701640 536870944 0 2 28 977520 23 974152 88 0 977400 974100 974084 950488 905944 26463352 701361 701640
701640 536870944 0 2 28 977520 24 974152 92 0 977400 974100 974084 950488 905944 26463352 701361 701640
701640 536870944 0 2 28 977520 25 974152 96 0 977400 974100 974084 950488 905944 26463352 701361 701640
701640 536870944 0 2 28 977520 26 974152 100 0 977400 974100 974084 950488 905944 26463352 701361 701640
701640 536870944 0 2 28 977520 27 974152 104 0 977400 974100 974084 950488 905944 26463352 701361 701640
701694 1610612768 0 2 28 977520 28 974152 108 0 977400 974100 974084 950488 905944 26463352 701361 701694
690030 1610612768 0 2 28 977520 974152 949572 974244 4294966948 974096 974100 974084 950488 905944 26463384 701361 690030
690044 536870944 974152 4294966952 1 975792 974152 949572 974244 4294966948 974096 974100 974084 950488 905944 26463384 701361 690044
690050 536870944 974152 4294966952 1 975792 974152 949572 974244 4294966956 974096 974100 974084 950488 905944 26463384 701361 690050
690060 32 974152 974068 975792 975792 974152 949572 974244 4294966956 974096 974100 974084 950488 905944 26463384 701361 690060
701340 32 974152 974068 975792 975792 974152 949572 974244 4294966956 974096 974100 974084 950488 905944 26463384 690065 701340
701354 536870944 974152 974068 975792 975792 974152 974152 974244 4294966956 975792 974100 974084 950488 905944 26463352 690065 701354
701280 536870944 974068 974068 975792 975792 974152 974152 974244 4294966956 975792 974100 974084 950488 905944 26463352 701361 701280
701296 536870944 974068 974068 975792 0 974152 974152 974244 4294966956 975792 974100 974084 950488 905944 26463348 701361 701296
701330 32 974068 13 977652 13 974152 974152 974244 4294966956 975792 974100 974084 950488 905944 26463352 701361 701330
701334 536870944 12 13 977652 13 974152 974152 974244 4294966956 975792 974100 974084 950488 905944 26463352 701361 701334
701360 536870944 12 13 977652 13 974152 974152 974244 4294966956 975792 974100 974084 950488 905944 26463352 701361 701360
701366 2147483680 12 13 977652 27 974152 974152 974244 4294966956 975792 974100 974084 950488 905944 26463352 701361 701366
701550 2147483680 12 13 977652 27 974152 974152 12 4294966956 975792 974100 974084 950488 905944 26463352 701361 701550
701576 1610612768 12 2 0 975796 974152 974152 12 4294966956 975792 974100 974084 950488 905944 26463352 701361 701576
701582 1610612768 0 2 0 975796 975440 974152 12 4294966956 975792 974100 974084 950488 905944 26463352 701361 701582
701614 1610612768 0 2 0 975796 975440 974152 12 4294966956 975792 974100 974084 950488 905944 26463352 701361 701614
701620 1610612768 0 2 28 975796 975440 974152 12 4294966956 975792 974100 974084 950488 905944 26463352 701361 701620
701622 1610612768 0 2 28 975796 975440 974152 12 4294966956 975792 974100 974084 950488 905944 26463352 701361 701622
701640 1610612768 0 2 28 975796 0 974152 12 0 975792 974100 974084 950488 905944 26463352 701361 701640
701640 536870944 0 2 28 977520 1 974152 0 0 975792 974100 974084 950488 905944 26463352 701361 701640
701640 536870944 0 2 28 977520 2 974152 4 0 975792 974100 974084 950488 905944 26463352 701361 701640
701640 536870944 0 2 28 977520 3 974152 8 0 975792 974100 974084 950488 905944 26463352 701361 701640
701640 536870944 0 2 28 977520 4 974152 12 0 975792 974100 974084 950488 905944 26463352 701361 701640
701640 536870944 0 2 28 977520 5 974152 16 0 975792 974100 974084 950488 905944 26463352 701361 701640
701640 536870944 0 2 28 977520 6 974152 20 0 975792 974100 974084 950488 905944 26463352 701361 701640
701640 536870944 0 2 28 977520 7 974152 24 0 975792 974100 974084 950488 905944 26463352 701361 701640
701640 536870944 0 2 28 977520 8 974152 28 0 975792 974100 974084 950488 905944 26463352 701361 701640
701640 536870944 0 2 28 977520 9 974152 32 0 975792 974100 974084 950488 905944 26463352 701361 701640
701640 536870944 0 2 28 977520 10 974152 36 0 975792 974100 974084 950488 905944 26463352 701361 701640
701640 536870944 0 2 28 977520 11 974152 40 0 975792 974100 974084 950488 905944 26463352 701361 701640
701640 536870944 0 2 28 977520 12 974152 44 0 975792 974100 974084 950488 905944 26463352 701361 701640
701640 536870944 0 2 28 977520 13 974152 48 0 975792 974100 974084 950488 905944 26463352 701361 701640
701640 536870944 0 2 28 977520 14 974152 52 0 975792 974100 974084 950488 905944 26463352 701361 701640
701640 536870944 0 2 28 977520 15 974152 56 0 975792 974100 974084 950488 905944 26463352 701361 701640
701640 536870944 0 2 28 977520 16 974152 60 0 975792 974100 974084 950488 905944 26463352 701361 701640
701640 536870944 0 2 28 977520 17 974152 64 0 975792 974100 974084 950488 905944 26463352 701361 701640
701640 536870944 0 2 28 977520 18 974152 68 0 975792 974100 974084 950488 905944 26463352 701361 701640
701640 536870944 0 2 28 977520 19 974152 72 0 975792 974100 974084 950488 905944 26463352 701361 701640
701640 536870944 0 2 28 977520 20 974152 76 0 975792 974100 974084 950488 905944 26463352 701361 701640
701640 536870944 0 2 28 977520 21 974152 80 0 975792 974100 974084 950488 905944 26463352 701361 701640
701640 536870944 0 2 28 977520 22 974152 84 0 975792 974100 974084 950488 905944 26463352 701361 701640
701640 536870944 0 2 28 977520 23 974152 88 0 975792 974100 974084 950488 905944 26463352 701361 701640
701640 536870944 0 2 28 977520 24 974152 92 0 975792 974100 974084 950488 905944 26463352 701361 701640
701640 536870944 0 2 28 977520 25 974152 96 0 975792 974100 974084 950488 905944 26463352 701361 701640
701640 536870944 0 2 28 977520 26 974152 100 0 975792 974100 974084 950488 905944 26463352 701361 701640
701640 536870944 0 2 28 977520 27 974152 104 0 975792 974100 974084 950488 905944 26463352 701361 701640
701694 1610612768 0 2 28 977520 28 974152 108 0 975792 974100 974084 950488 905944 26463352 701361 701694
690064 1610612768 0 2 28 977520 974152 949572 974244 4294966956 974096 974100 974084 950488 905944 26463384 701361 690064
690072 536870944 974200 1 28 977520 974152 949572 974244 4294966956 974096 974100 974084 950488 905944 26463384 701361 690072
619832 536870944 974200 1 28 977520 974152 949572 974244 4294966956 974096 974100 974084 950488 905944 26463384 690077 619832
619836 32 974200 1 28 321006 974152 949572 974244 4294966956 974096 974100 974084 950488 905944 26463384 690077 619836
700360 32 974200 1 28 940856 974200 949572 974244 4294966956 974096 974100 974084 950488 905944 26463376 619857 700360
700370 32 977680 699485 28 940856 974200 949572 974244 4294966956 974096 974100 974084 950488 905944 26463368 619857 700370
290972 0 977680 699485 28 940856 974200 949572 974244 4294966956 974096 974100 974084 950488 905944 26463368 700375 290972
700374 32 0 0 28 940856 974200 949572 974244 4294966956 974096 974100 974084 950488 950104 26463368 700375 700374
700378 32 0 0 28 977660 974200 949572 974244 4294966956 974096 974100 974084 950488 950104 26463368 700375 700378
690076 32 974200 0 28 940856 974152 949572 974244 4294966956 974096 974100 974084 950488 950104 26463384 700375 690076
690090 32 974152 974060 974200 4294966960 974152 949572 974244 4294966956 974096 974100 974084 950488 950104 26463384 700375 690090
701340 32 974152 974060 974200 4294966960 974152 949572 974244 4294966956 974096 974100 974084 950488 950104 26463384 690095 701340
701354 536870944 974152 974060 974200 4294966960 974152 974152 974244 4294966956 974200 974100 974084 950488 950104 26463352 690095 701354
701280 536870944 974060 974060 974200 4294966960 974152 974152 974244 4294966956 974200 974100 974084 950488 950104 26463352 701361 701280
701296 536870944 974060 974060 974200 0 974152 974152 974244 4294966956 974200 974100 974084 950488 950104 26463348 701361 701296
701330 32 974060 14 977652 14 974152 974152 974244 4294966956 974200 974100 974084 950488 950104 26463352 701361 701330
701334 536870944 13 14 977652 14 974152 974152 974244 4294966956 974200 974100 974084 950488 950104 26463352 701361 701334
701360 536870944 13 14 977652 14 974152 974152 974244 4294966956 974200 974100 974084 950488 950104 26463352 701361 701360
701366 2147483680 13 14 977652 27 974152 974152 974244 4294966956 974200 974100 974084 950488 950104 26463352 701361 701366
701550 2147483680 13 14 977652 27 974152 974152 13 4294966956 974200 974100 974084 950488 950104 26463352 701361 701550
701576 1610612768 13 2 0 974204 974152 974152 13 4294966956 974200 974100 974084 950488 950104 26463352 701361 701576
701582 1610612768 0 2 0 974204 975440 974152 13 4294966956 974200 974100 974084 950488 950104 26463352 701361 701582
701614 1610612768 0 2 0 974204 975440 974152 13 4294966956 974200 974100 974084 950488 950104 26463352 701361 701614
701620 1610612768 0 2 28 974204 975440 974152 13 4294966956 974200 974100 974084 950488 950104 26463352 701361 701620
701622 1610612768 0 2 28 974204 975440 974152 13 4294966956 974200 974100 974084 950488 950104 26463352 701361 701622
701640 1610612768 0 2 28 974204 0 974152 13 0 974200 974100 974084 950488 950104 26463352 701361 701640
701640 536870944 0 2 28 977520 1 974152 0 0 974200 974100 974084 950488 950104 26463352 701361 701640
701640 536870944 0 2 28 977520 2 974152 4 0 974200 974100 974084 950488 950104 26463352 701361 701640
701640 536870944 0 2 28 977520 3 974152 8 0 974200 974100 974084 950488 950104 26463352 701361 701640
701640 536870944 0 2 28 977520 4 974152 12 0 974200 974100 974084 950488 950104 26463352 701361 701640
701640 536870944 0 2 28 977520 5 974152 16 0 974200 974100 974084 950488 950104 26463352 701361 701640
701640 536870944 0 2 28 977520 6 974152 20 0 974200 974100 974084 950488 950104 26463352 701361 701640
701640 536870944 0 2 28 977520 7 974152 24 0 974200 974100 974084 950488 950104 26463352 701361 701640
701640 536870944 0 2 28 977520 8 974152 28 0 974200 974100 974084 950488 950104 26463352 701361 701640
701640 536870944 0 2 28 977520 9 974152 32 0 974200 974100 974084 950488 950104 26463352 701361 701640
701640 536870944 0 2 28 977520 10 974152 36 0 974200 974100 974084 950488 950104 26463352 701361 701640
701640 536870944 0 2 28 977520 11 974152 40 0 974200 974100 974084 950488 950104 26463352 701361 701640
701640 536870944 0 2 28 977520 12 974152 44 0 974200 974100 974084 950488 950104 26463352 701361 701640
701640 536870944 0 2 28 977520 13 974152 48 0 974200 974100 974084 950488 950104 26463352 701361 701640
701640 536870944 0 2 28 977520 14 974152 52 0 974200 974100 974084 950488 950104 26463352 701361 701640
701640 536870944 0 2 28 977520 15 974152 56 0 974200 974100 974084 950488 950104 26463352 701361 701640
701640 536870944 0 2 28 977520 16 974152 60 0 974200 974100 974084 950488 950104 26463352 701361 701640
701640 536870944 0 2 28 977520 17 974152 64 0 974200 974100 974084 950488 950104 26463352 701361 701640
701640 536870944 0 2 28 977520 18 974152 68 0 974200 974100 974084 950488 950104 26463352 701361 701640
701640 536870944 0 2 28 977520 19 974152 72 0 974200 974100 974084 950488 950104 26463352 701361 701640
701640 536870944 0 2 28 977520 20 974152 76 0 974200 974100 974084 950488 950104 26463352 701361 701640
701640 536870944 0 2 28 977520 21 974152 80 0 974200 974100 974084 950488 950104 26463352 701361 701640
701640 536870944 0 2 28 977520 22 974152 84 0 974200 974100 974084 950488 950104 26463352 701361 701640
701640 536870944 0 2 28 977520 23 974152 88 0 974200 974100 974084 950488 950104 26463352 701361 701640
701640 536870944 0 2 28 977520 24 974152 92 0 974200 974100 974084 950488 950104 26463352 701361 701640
701640 536870944 0 2 28 977520 25 974152 96 0 974200 974100 974084 950488 950104 26463352 701361 701640
701640 536870944 0 2 28 977520 26 974152 100 0 974200 974100 974084 950488 950104 26463352 701361 701640
701640 536870944 0 2 28 977520 27 974152 104 0 974200 974100 974084 950488 950104 26463352 701361 701640
701694 1610612768 0 2 28 977520 28 974152 108 0 974200 974100 974084 950488 950104 26463352 701361 701694
690094 1610612768 0 2 28 977520 974152 949572 974244 4294966956 974096 974100 974084 950488 950104 26463384 701361 690094
690102 536870944 975864 1 28 977520 974152 949572 974244 4294966956 974096 974100 974084 950488 950104 26463384 701361 690102
697636 536870944 975864 1 28 977520 974152 949572 974244 4294966956 974096 974100 974084 950488 950104 26463384 690107 697636
697640 32 975864 1 28 977520 974152 949572 974244 4294966956 974096 974100 974084 950488 950104 26463368 690107 697640
700360 32 975864 1 28 943568 975864 944280 974244 4294966956 974096 974100 974084 950488 950104 26463368 697667 700360
700370 32 977680 699485 28 943568 975864 944280 974244 4294966956 974096 974100 974084 950488 950104 26463360 697667 700370
290972 0 977680 699485 28 943568 975864 944280 974244 4294966956 974096 974100 974084 950488 950104 26463360 700375 290972
700374 32 0 0 28 943568 975864 944280 974244 4294966956 974096 974100 974084 950488 950104 26463360 700375 700374
700378 32 0 0 28 977660 975864 944280 974244 4294966956 974096 974100 974084 950488 950104 26463360 700375 700378
797664 1073741856 975864 0 28 0 975864 944280 974244 4294966956 974096 974100 974084 950488 950104 26463368 697679 797664
797678 1073741856 975864 0 28 0 0 944280 975864 4294966956 974096 974100 974084 950488 950104 26463344 697679 797678
291368 1073741824 0 0 28 0 0 944280 975864 4294966956 974096 974100 974084 950488 950104 26463344 797685 291368
797678 2147483680 0 0 1 975864 1 944280 975864 4294966956 974096 974100 974084 950488 950236 26463344 797685 797678
291368 2147483648 1 0 1 975864 1 944280 975864 4294966956 974096 974100 974084 950488 950236 26463344 797685 291368
797678 2147483680 1 0 2 975865 2 944280 975864 4294966956 974096 974100 974084 950488 950236 26463344 797685 797678
291368 2147483648 2 0 2 975865 2 944280 975864 4294966956 974096 974100 974084 950488 950236 26463344 797685 291368
797678 2147483680 2 0 3 975866 3 944280 975864 4294966956 974096 974100 974084 950488 950236 26463344 797685 797678
291368 2147483648 3 0 3 975866 3 944280 975864 4294966956 974096 974100 974084 950488 950236 26463344 797685 291368
797678 2147483680 3 0 4 975867 4 944280 975864 4294966956 974096 974100 974084 950488 950236 26463344 797685 797678
291368 2147483648 4 0 4 975867 4 944280 975864 4294966956 974096 974100 974084 950488 950236 26463344 797685 291368
797678 2147483680 4 0 5 975868 5 944280 975864 4294966956 974096 974100 974084 950488 950236 26463344 797685 797678
291368 2147483648 5 0 5 975868 5 944280 975864 4294966956 974096 974100 974084 950488 950236 26463344 797685 291368
797678 2147483680 5 0 6 975869 6 944280 975864 4294966956 974096 974100 974084 950488 950236 26463344 797685 797678
291368 2147483648 6 0 6 975869 6 944280 975864 4294966956 974096 974100 974084 950488 950236 26463344 797685 291368
797678 2147483680 6 0 7 975870 7 944280 975864 4294966956 974096 974100 974084 950488 950236 26463344 797685 797678
291368 2147483648 7 0 7 975870 7 944280 975864 4294966956 974096 974100 974084 950488 950236 26463344 797685 291368
797678 2147483680 7 0 8 975871 8 944280 975864 4294966956 974096 974100 974084 950488 950236 26463344 797685 797678
291368 2147483648 8 0 8 975871 8 944280 975864 4294966956 974096 974100 974084 950488 950236 26463344 797685 291368
797678 2147483680 8 0 9 975872 9 944280 975864 4294966956 974096 974100 974084 950488 950236 26463344 797685 797678
291368 2147483648 9 0 9 975872 9 944280 975864 4294966956 974096 974100 974084 950488 950236 26463344 797685 291368
797678 2147483680 9 0 10 975873 10 944280 975864 4294966956 974096 974100 974084 950488 950236 26463344 797685 797678
291368 2147483648 10 0 10 975873 10 944280 975864 4294966956 974096 974100 974084 950488 950236 26463344 797685 291368
797678 2147483680 10 0 11 975874 11 944280 975864 4294966956 974096 974100 974084 950488 950236 26463344 797685 797678
291368 2147483648 11 0 11 975874 11 944280 975864 4294966956 974096 974100 974084 950488 950236 26463344 797685 291368
797678 2147483680 11 0 12 975875 12 944280 975864 4294966956 974096 974100 974084 950488 950236 26463344 797685 797678
291368 2147483648 12 0 12 975875 12 944280 975864 4294966956 974096 974100 974084 950488 950236 26463344 797685 291368
797678 2147483680 12 0 13 975876 13 944280 975864 4294966956 974096 974100 974084 950488 950236 26463344 797685 797678
291368 2147483648 13 0 13 975876 13 944280 975864 4294966956 974096 974100 974084 950488 950236 26463344 797685 291368
797678 2147483680 13 0 14 975877 14 944280 975864 4294966956 974096 974100 974084 950488 950236 26463344 797685 797678
291368 2147483648 14 0 14 975877 14 944280 975864 4294966956 974096 974100 974084 950488 950236 26463344 797685 291368
797678 2147483680 14 0 15 975878 15 944280 975864 4294966956 974096 974100 974084 950488 950236 26463344 797685 797678
291368 2147483648 15 0 15 975878 15 944280 975864 4294966956 974096 974100 974084 950488 950236 26463344 797685 291368
797678 2147483680 15 0 16 975879 16 944280 975864 4294966956 974096 974100 974084 950488 950236 26463344 797685 797678
291368 2147483648 16 0 16 975879 16 944280 975864 4294966956 974096 974100 974084 950488 950236 26463344 797685 291368
797678 2147483680 16 0 17 975880 17 944280 975864 4294966956 974096 974100 974084 950488 950236 26463344 797685 797678
291368 2147483648 17 0 17 975880 17 944280 975864 4294966956 974096 974100 974084 950488 950236 26463344 797685 291368
797678 2147483680 17 0 18 975881 18 944280 975864 4294966956 974096 974100 974084 950488 950236 26463344 797685 797678
291368 2147483648 18 0 18 975881 18 944280 975864 4294966956 974096 974100 974084 950488 950236 26463344 797685 291368
797678 2147483680 18 0 19 975882 19 944280 975864 4294966956 974096 974100 974084 950488 950236 26463344 797685 797678
291368 2147483648 19 0 19 975882 19 944280 975864 4294966956 974096 974100 974084 950488 950236 26463344 797685 291368
797678 2147483680 19 0 20 975883 20 944280 975864 4294966956 974096 974100 974084 950488 950236 26463344 797685 797678
291368 2147483648 20 0 20 975883 20 944280 975864 4294966956 974096 974100 974084 950488 950236 26463344 797685 291368
797678 2147483680 20 0 21 975884 21 944280 975864 4294966956 974096 974100 974084 950488 950236 26463344 797685 797678
291368 2147483648 21 0 21 975884 21 944280 975864 4294966956 974096 974100 974084 950488 950236 26463344 797685 291368
797678 2147483680 21 0 22 975885 22 944280 975864 4294966956 974096 974100 974084 950488 950236 26463344 797685 797678
291368 2147483648 22 0 22 975885 22 944280 975864 4294966956 974096 974100 974084 950488 950236 26463344 797685 291368
797678 2147483680 22 0 23 975886 23 944280 975864 4294966956 974096 974100 974084 950488 950236 26463344 797685 797678
291368 2147483648 23 0 23 975886 23 944280 975864 4294966956 974096 974100 974084 950488 950236 26463344 797685 291368
797678 2147483680 23 0 24 975887 24 944280 975864 4294966956 974096 974100 974084 950488 950236 26463344 797685 797678
291368 2147483648 24 0 24 975887 24 944280 975864 4294966956 974096 974100 974084 950488 950236 26463344 797685 291368
797678 2147483680 24 0 25 975888 25 944280 975864 4294966956 974096 974100 974084 950488 950236 26463344 797685 797678
291368 2147483648 25 0 25 975888 25 944280 975864 4294966956 974096 974100 974084 950488 950236 26463344 797685 291368
797678 2147483680 25 0 26 975889 26 944280 975864 4294966956 974096 974100 974084 950488 950236 26463344 797685 797678
291368 2147483648 26 0 26 975889 26 944280 975864 4294966956 974096 974100 974084 950488 950236 26463344 797685 291368
797678 2147483680 26 0 27 975890 27 944280 975864 4294966956 974096 974100 974084 950488 950236 26463344 797685 797678
291368 2147483648 27 0 27 975890 27 944280 975864 4294966956 974096 974100 974084 950488 950236 26463344 797685 291368
797678 2147483680 27 0 28 975891 28 944280 975864 4294966956 974096 974100 974084 950488 950236 26463344 797685 797678
291368 2147483648 28 0 28 975891 28 944280 975864 4294966956 974096 974100 974084 950488 950236 26463344 797685 291368
797678 2147483680 28 0 29 975892 29 944280 975864 4294966956 974096 974100 974084 950488 950236 26463344 797685 797678
291368 2147483648 29 0 29 975892 29 944280 975864 4294966956 974096 974100 974084 950488 950236 26463344 797685 291368
797678 2147483680 29 0 30 975893 30 944280 975864 4294966956 974096 974100 974084 950488 950236 26463344 797685 797678
291368 2147483648 30 0 30 975893 30 944280 975864 4294966956 974096 974100 974084 950488 950236 26463344 797685 291368
797678 2147483680 30 0 31 975894 31 944280 975864 4294966956 974096 974100 974084 950488 950236 26463344 797685 797678
291368 2147483648 31 0 31 975894 31 944280 975864 4294966956 974096 974100 974084 950488 950236 26463344 797685 291368
797678 2147483680 31 0 32 975895 32 944280 975864 4294966956 974096 974100 974084 950488 950236 26463344 797685 797678
291368 2147483648 32 0 32 975895 32 944280 975864 4294966956 974096 974100 974084 950488 950236 26463344 797685 291368
797678 2147483680 32 0 33 975896 33 944280 975864 4294966956 974096 974100 974084 950488 950236 26463344 797685 797678
291368 2147483648 33 0 33 975896 33 944280 975864 4294966956 974096 974100 974084 950488 950236 26463344 797685 291368
797678 2147483680 33 0 34 975897 34 944280 975864 4294966956 974096 974100 974084 950488 950236 26463344 797685 797678
291368 2147483648 34 0 34 975897 34 944280 975864 4294966956 974096 974100 974084 950488 950236 26463344 797685 291368
797678 2147483680 34 0 35 975898 35 944280 975864 4294966956 974096 974100 974084 950488 950236 26463344 797685 797678
291368 2147483648 35 0 35 975898 35 944280 975864 4294966956 974096 974100 974084 950488 950236 26463344 797685 291368
797678 2147483680 35 0 36 975899 36 944280 975864 4294966956 974096 974100 974084 950488 950236 26463344 797685 797678
291368 2147483648 36 0 36 975899 36 944280 975864 4294966956 974096 974100 974084 950488 950236 26463344 797685 291368
797678 2147483680 36 0 37 975900 37 944280 975864 4294966956 974096 974100 974084 950488 950236 26463344 797685 797678
291368 2147483648 37 0 37 975900 37 944280 975864 4294966956 974096 974100 974084 950488 950236 26463344 797685 291368
797678 2147483680 37 0 38 975901 38 944280 975864 4294966956 974096 974100 974084 950488 950236 26463344 797685 797678
291368 2147483648 38 0 38 975901 38 944280 975864 4294966956 974096 974100 974084 950488 950236 26463344 797685 291368
797678 2147483680 38 0 39 975902 39 944280 975864 4294966956 974096 974100 974084 950488 950236 26463344 797685 797678
291368 2147483648 39 0 39 975902 39 944280 975864 4294966956 974096 974100 974084 950488 950236 26463344 797685 291368
797678 2147483680 39 0 40 975903 40 944280 975864 4294966956 974096 974100 974084 950488 950236 26463344 797685 797678
291368 2147483648 40 0 40 975903 40 944280 975864 4294966956 974096 974100 974084 950488 950236 26463344 797685 291368
797678 2147483680 40 0 41 975904 41 944280 975864 4294966956 974096 974100 974084 950488 950236 26463344 797685 797678
291368 2147483648 41 0 41 975904 41 944280 975864 4294966956 974096 974100 974084 950488 950236 26463344 797685 291368
797678 2147483680 41 0 42 975905 42 944280 975864 4294966956 974096 974100 974084 950488 950236 26463344 797685 797678
291368 2147483648 42 0 42 975905 42 944280 975864 4294966956 974096 974100 974084 950488 950236 26463344 797685 291368
797678 2147483680 42 0 43 975906 43 944280 975864 4294966956 974096 974100 974084 950488 950236 26463344 797685 797678
291368 2147483648 43 0 43 975906 43 944280 975864 4294966956 974096 974100 974084 950488 950236 26463344 797685 291368
797678 2147483680 43 0 44 975907 44 944280 975864 4294966956 974096 974100 974084 950488 950236 26463344 797685 797678
291368 2147483648 44 0 44 975907 44 944280 975864 4294966956 974096 974100 974084 950488 950236 26463344 797685 291368
797678 2147483680 44 0 45 975908 45 944280 975864 4294966956 974096 974100 974084 950488 950236 26463344 797685 797678
291368 2147483648 45 0 45 975908 45 944280 975864 4294966956 974096 974100 974084 950488 950236 26463344 797685 291368
797678 2147483680 45 0 46 975909 46 944280 975864 4294966956 974096 974100 974084 950488 950236 26463344 797685 797678
291368 2147483648 46 0 46 975909 46 944280 975864 4294966956 974096 974100 974084 950488 950236 26463344 797685 291368
797678 2147483680 46 0 47 975910 47 944280 975864 4294966956 974096 974100 974084 950488 950236 26463344 797685 797678
291368 2147483648 47 0 47 975910 47 944280 975864 4294966956 974096 974100 974084 950488 950236 26463344 797685 291368
797678 2147483680 47 0 48 975911 48 944280 975864 4294966956 974096 974100 974084 950488 950236 26463344 797685 797678
291368 2147483648 48 0 48 975911 48 944280 975864 4294966956 974096 974100 974084 950488 950236 26463344 797685 291368
797678 2147483680 48 0 49 975912 49 944280 975864 4294966956 974096 974100 974084 950488 950236 26463344 797685 797678
291368 2147483648 49 0 49 975912 49 944280 975864 4294966956 974096 974100 974084 950488 950236 26463344 797685 291368
797678 2147483680 49 0 50 975913 50 944280 975864 4294966956 974096 974100 974084 950488 950236 26463344 797685 797678
291368 2147483648 50 0 50 975913 50 944280 975864 4294966956 974096 974100 974084 950488 950236 26463344 797685 291368
797678 2147483680 50 0 51 975914 51 944280 975864 4294966956 974096 974100 974084 950488 950236 26463344 797685 797678
291368 2147483648 51 0 51 975914 51 944280 975864 4294966956 974096 974100 974084 950488 950236 26463344 797685 291368
797678 2147483680 51 0 52 975915 52 944280 975864 4294966956 974096 974100 974084 950488 950236 26463344 797685 797678
291368 2147483648 52 0 52 975915 52 944280 975864 4294966956 974096 974100 974084 950488 950236 26463344 797685 291368
797678 2147483680 52 0 53 975916 53 944280 975864 4294966956 974096 974100 974084 950488 950236 26463344 797685 797678
291368 2147483648 53 0 53 975916 53 944280 975864 4294966956 974096 974100 974084 950488 950236 26463344 797685 291368
797678 2147483680 53 0 54 975917 54 944280 975864 4294966956 974096 974100 974084 950488 950236 26463344 797685 797678
291368 2147483648 54 0 54 975917 54 944280 975864 4294966956 974096 974100 974084 950488 950236 26463344 797685 291368
797678 2147483680 54 0 55 975918 55 944280 975864 4294966956 974096 974100 974084 950488 950236 26463344 797685 797678
291368 2147483648 55 0 55 975918 55 944280 975864 4294966956 974096 974100 974084 950488 950236 26463344 797685 291368
797678 2147483680 55 0 56 975919 56 944280 975864 4294966956 974096 974100 974084 950488 950236 26463344 797685 797678
291368 2147483648 56 0 56 975919 56 944280 975864 4294966956 974096 974100 974084 950488 950236 26463344 797685 291368
797678 2147483680 56 0 57 975920 57 944280 975864 4294966956 974096 974100 974084 950488 950236 26463344 797685 797678
291368 2147483648 57 0 57 975920 57 944280 975864 4294966956 974096 974100 974084 950488 950236 26463344 797685 291368
797678 2147483680 57 0 58 975921 58 944280 975864 4294966956 974096 974100 974084 950488 950236 26463344 797685 797678
291368 2147483648 58 0 58 975921 58 944280 975864 4294966956 974096 974100 974084 950488 950236 26463344 797685 291368
797678 2147483680 58 0 59 975922 59 944280 975864 4294966956 974096 974100 974084 950488 950236 26463344 797685 797678
291368 2147483648 59 0 59 975922 59 944280 975864 4294966956 974096 974100 974084 950488 950236 26463344 797685 291368
797678 2147483680 59 0 60 975923 60 944280 975864 4294966956 974096 974100 974084 950488 950236 26463344 797685 797678
291368 2147483648 60 0 60 975923 60 944280 975864 4294966956 974096 974100 974084 950488 950236 26463344 797685 291368
797678 2147483680 60 0 61 975924 61 944280 975864 4294966956 974096 974100 974084 950488 950236 26463344 797685 797678
291368 2147483648 61 0 61 975924 61 944280 975864 4294966956 974096 974100 974084 950488 950236 26463344 797685 291368
797678 2147483680 61 0 62 975925 62 944280 975864 4294966956 974096 974100 974084 950488 950236 26463344 797685 797678
291368 2147483648 62 0 62 975925 62 944280 975864 4294966956 974096 974100 974084 950488 950236 26463344 797685 291368
797678 2147483680 62 0 63 975926 63 944280 975864 4294966956 974096 974100 974084 950488 950236 26463344 797685 797678
291368 2147483648 63 0 63 975926 63 944280 975864 4294966956 974096 974100 974084 950488 950236 26463344 797685 291368
797678 2147483680 63 0 64 975927 64 944280 975864 4294966956 974096 974100 974084 950488 950236 26463344 797685 797678
291368 2147483648 64 0 64 975927 64 944280 975864 4294966956 974096 974100 974084 950488 950236 26463344 797685 291368
797678 2147483680 64 0 65 975928 65 944280 975864 4294966956 974096 974100 974084 950488 950236 26463344 797685 797678
291368 2147483648 65 0 65 975928 65 944280 975864 4294966956 974096 974100 974084 950488 950236 26463344 797685 291368
797678 2147483680 65 0 66 975929 66 944280 975864 4294966956 974096 974100 974084 950488 950236 26463344 797685 797678
291368 2147483648 66 0 66 975929 66 944280 975864 4294966956 974096 974100 974084 950488 950236 26463344 797685 291368
797678 2147483680 66 0 67 975930 67 944280 975864 4294966956 974096 974100 974084 950488 950236 26463344 797685 797678
291368 2147483648 67 0 67 975930 67 944280 975864 4294966956 974096 974100 974084 950488 950236 26463344 797685 291368
797678 2147483680 67 0 68 975931 68 944280 975864 4294966956 974096 974100 974084 950488 950236 26463344 797685 797678
291368 2147483648 68 0 68 975931 68 944280 975864 4294966956 974096 974100 974084 950488 950236 26463344 797685 291368
797678 2147483680 68 0 69 975932 69 944280 975864 4294966956 974096 974100 974084 950488 950236 26463344 797685 797678
291368 2147483648 69 0 69 975932 69 944280 975864 4294966956 974096 974100 974084 950488 950236 26463344 797685 291368
797678 2147483680 69 0 70 975933 70 944280 975864 4294966956 974096 974100 974084 950488 950236 26463344 797685 797678
291368 2147483648 70 0 70 975933 70 944280 975864 4294966956 974096 974100 974084 950488 950236 26463344 797685 291368
797678 2147483680 70 0 71 975934 71 944280 975864 4294966956 974096 974100 974084 950488 950236 26463344 797685 797678
291368 2147483648 71 0 71 975934 71 944280 975864 4294966956 974096 974100 974084 950488 950236 26463344 797685 291368
797678 2147483680 71 0 72 975935 72 944280 975864 4294966956 974096 974100 974084 950488 950236 26463344 797685 797678
291368 2147483648 72 0 72 975935 72 944280 975864 4294966956 974096 974100 974084 950488 950236 26463344 797685 291368
797678 2147483680 72 0 73 975936 73 944280 975864 4294966956 974096 974100 974084 950488 950236 26463344 797685 797678
291368 2147483648 73 0 73 975936 73 944280 975864 4294966956 974096 974100 974084 950488 950236 26463344 797685 291368
797678 2147483680 73 0 74 975937 74 944280 975864 4294966956 974096 974100 974084 950488 950236 26463344 797685 797678
291368 2147483648 74 0 74 975937 74 944280 975864 4294966956 974096 974100 974084 950488 950236 26463344 797685 291368
797678 2147483680 74 0 75 975938 75 944280 975864 4294966956 974096 974100 974084 950488 950236 26463344 797685 797678
291368 2147483648 75 0 75 975938 75 944280 975864 4294966956 974096 974100 974084 950488 950236 26463344 797685 291368
797678 2147483680 75 0 76 975939 76 944280 975864 4294966956 974096 974100 974084 950488 950236 26463344 797685 797678
291368 2147483648 76 0 76 975939 76 944280 975864 4294966956 974096 974100 974084 950488 950236 26463344 797685 291368
797678 2147483680 76 0 77 975940 77 944280 975864 4294966956 974096 974100 974084 950488 950236 26463344 797685 797678
291368 2147483648 77 0 77 975940 77 944280 975864 4294966956 974096 974100 974084 950488 950236 26463344 797685 291368
797678 2147483680 77 0 78 975941 78 944280 975864 4294966956 974096 974100 974084 950488 950236 26463344 797685 797678
291368 2147483648 78 0 78 975941 78 944280 975864 4294966956 974096 974100 974084 950488 950236 26463344 797685 291368
797678 2147483680 78 0 79 975942 79 944280 975864 4294966956 974096 974100 974084 950488 950236 26463344 797685 797678
291368 2147483648 79 0 79 975942 79 944280 975864 4294966956 974096 974100 974084 950488 950236 26463344 797685 291368
797678 2147483680 79 0 80 975943 80 944280 975864 4294966956 974096 974100 974084 950488 950236 26463344 797685 797678
291368 2147483648 80 0 80 975943 80 944280 975864 4294966956 974096 974100 974084 950488 950236 26463344 797685 291368
797678 2147483680 80 0 81 975944 81 944280 975864 4294966956 974096 974100 974084 950488 950236 26463344 797685 797678
291368 2147483648 81 0 81 975944 81 944280 975864 4294966956 974096 974100 974084 950488 950236 26463344 797685 291368
797678 2147483680 81 0 82 975945 82 944280 975864 4294966956 974096 974100 974084 950488 950236 26463344 797685 797678
291368 2147483648 82 0 82 975945 82 944280 975864 4294966956 974096 974100 974084 950488 950236 26463344 797685 291368
797678 2147483680 82 0 83 975946 83 944280 975864 4294966956 974096 974100 974084 950488 950236 26463344 797685 797678
291368 2147483648 83 0 83 975946 83 944280 975864 4294966956 974096 974100 974084 950488 950236 26463344 797685 291368
797678 2147483680 83 0 84 975947 84 944280 975864 4294966956 974096 974100 974084 950488 950236 26463344 797685 797678
291368 2147483648 84 0 84 975947 84 944280 975864 4294966956 974096 974100 974084 950488 950236 26463344 797685 291368
797678 2147483680 84 0 85 975948 85 944280 975864 4294966956 974096 974100 974084 950488 950236 26463344 797685 797678
291368 2147483648 85 0 85 975948 85 944280 975864 4294966956 974096 974100 974084 950488 950236 26463344 797685 291368
797678 2147483680 85 0 86 975949 86 944280 975864 4294966956 974096 974100 974084 950488 950236 26463344 797685 797678
291368 2147483648 86 0 86 975949 86 944280 975864 4294966956 974096 974100 974084 950488 950236 26463344 797685 291368
797678 2147483680 86 0 87 975950 87 944280 975864 4294966956 974096 974100 974084 950488 950236 26463344 797685 797678
291368 2147483648 87 0 87 975950 87 944280 975864 4294966956 974096 974100 974084 950488 950236 26463344 797685 291368
797678 2147483680 87 0 88 975951 88 944280 975864 4294966956 974096 974100 974084 950488 950236 26463344 797685 797678
291368 2147483648 88 0 88 975951 88 944280 975864 4294966956 974096 974100 974084 950488 950236 26463344 797685 291368
797678 2147483680 88 0 89 975952 89 944280 975864 4294966956 974096 974100 974084 950488 950236 26463344 797685 797678
291368 2147483648 89 0 89 975952 89 944280 975864 4294966956 974096 974100 974084 950488 950236 26463344 797685 291368
797678 2147483680 89 0 90 975953 90 944280 975864 4294966956 974096 974100 974084 950488 950236 26463344 797685 797678
291368 2147483648 90 0 90 975953 90 944280 975864 4294966956 974096 974100 974084 950488 950236 26463344 797685 291368
797678 2147483680 90 0 91 975954 91 944280 975864 4294966956 974096 974100 974084 950488 950236 26463344 797685 797678
291368 2147483648 91 0 91 975954 91 944280 975864 4294966956 974096 974100 974084 950488 950236 26463344 797685 291368
797678 2147483680 91 0 92 975955 92 944280 975864 4294966956 974096 974100 974084 950488 950236 26463344 797685 797678
291368 2147483648 92 0 92 975955 92 944280 975864 4294966956 974096 974100 974084 950488 950236 26463344 797685 291368
797678 2147483680 92 0 93 975956 93 944280 975864 4294966956 974096 974100 974084 950488 950236 26463344 797685 797678
291368 2147483648 93 0 93 975956 93 944280 975864 4294966956 974096 974100 974084 950488 950236 26463344 797685 291368
797678 2147483680 93 0 94 975957 94 944280 975864 4294966956 974096 974100 974084 950488 950236 26463344 797685 797678
291368 2147483648 94 0 94 975957 94 944280 975864 4294966956 974096 974100 974084 950488 950236 26463344 797685 291368
797678 2147483680 94 0 95 975958 95 944280 975864 4294966956 974096 974100 974084 950488 950236 26463344 797685 797678
291368 2147483648 95 0 95 975958 95 944280 975864 4294966956 974096 974100 974084 950488 950236 26463344 797685 291368
797678 2147483680 95 0 96 975959 96 944280 975864 4294966956 974096 974100 974084 950488 950236 26463344 797685 797678
291368 2147483648 96 0 96 975959 96 944280 975864 4294966956 974096 974100 974084 950488 950236 26463344 797685 291368
797678 2147483680 96 0 97 975960 97 944280 975864 4294966956 974096 974100 974084 950488 950236 26463344 797685 797678
291368 2147483648 97 0 97 975960 97 944280 975864 4294966956 974096 974100 974084 950488 950236 26463344 797685 291368
797678 2147483680 97 0 98 975961 98 944280 975864 4294966956 974096 974100 974084 950488 950236 26463344 797685 797678
291368 2147483648 98 0 98 975961 98 944280 975864 4294966956 974096 974100 974084 950488 950236 26463344 797685 291368
797678 2147483680 98 0 99 975962 99 944280 975864 4294966956 974096 974100 974084 950488 950236 26463344 797685 797678
291368 2147483648 99 0 99 975962 99 944280 975864 4294966956 974096 974100 974084 950488 950236 26463344 797685 291368
797678 2147483680 99 0 100 975963 100 944280 975864 4294966956 974096 974100 974084 950488 950236 26463344 797685 797678
291368 2147483648 100 0 100 975963 100 944280 975864 4294966956 974096 974100 974084 950488 950236 26463344 797685 291368
797678 2147483680 100 0 101 975964 101 944280 975864 4294966956 974096 974100 974084 950488 950236 26463344 797685 797678
291368 2147483648 101 0 101 975964 101 944280 975864 4294966956 974096 974100 974084 950488 950236 26463344 797685 291368
797678 2147483680 101 0 102 975965 102 944280 975864 4294966956 974096 974100 974084 950488 950236 26463344 797685 797678
291368 2147483648 102 0 102 975965 102 944280 975864 4294966956 974096 974100 974084 950488 950236 26463344 797685 291368
797678 2147483680 102 0 103 975966 103 944280 975864 4294966956 974096 974100 974084 950488 950236 26463344 797685 797678
291368 2147483648 103 0 103 975966 103 944280 975864 4294966956 974096 974100 974084 950488 950236 26463344 797685 291368
797678 2147483680 103 0 104 975967 104 944280 975864 4294966956 974096 974100 974084 950488 950236 26463344 797685 797678
291368 2147483648 104 0 104 975967 104 944280 975864 4294966956 974096 974100 974084 950488 950236 26463344 797685 291368
797678 2147483680 104 0 105 975968 105 944280 975864 4294966956 974096 974100 974084 950488 950236 26463344 797685 797678
291368 2147483648 105 0 105 975968 105 944280 975864 4294966956 974096 974100 974084 950488 950236 26463344 797685 291368
797678 2147483680 105 0 106 975969 106 944280 975864 4294966956 974096 974100 974084 950488 950236 26463344 797685 797678
291368 2147483648 106 0 106 975969 106 944280 975864 4294966956 974096 974100 974084 950488 950236 26463344 797685 291368
797678 2147483680 106 0 107 975970 107 944280 975864 4294966956 974096 974100 974084 950488 950236 26463344 797685 797678
291368 2147483648 107 0 107 975970 107 944280 975864 4294966956 974096 974100 974084 950488 950236 26463344 797685 291368
797678 2147483680 107 0 108 975971 108 944280 975864 4294966956 974096 974100 974084 950488 950236 26463344 797685 797678
291368 2147483648 108 0 108 975971 108 944280 975864 4294966956 974096 974100 974084 950488 950236 26463344 797685 291368
797678 2147483680 108 0 109 975972 109 944280 975864 4294966956 974096 974100 974084 950488 950236 26463344 797685 797678
291368 2147483648 109 0 109 975972 109 944280 975864 4294966956 974096 974100 974084 950488 950236 26463344 797685 291368
797678 2147483680 109 0 110 975973 110 944280 975864 4294966956 974096 974100 974084 950488 950236 26463344 797685 797678
291368 2147483648 110 0 110 975973 110 944280 975864 4294966956 974096 974100 974084 950488 950236 26463344 797685 291368
797678 2147483680 110 0 111 975974 111 944280 975864 4294966956 974096 974100 974084 950488 950236 26463344 797685 797678
291368 2147483648 111 0 111 975974 111 944280 975864 4294966956 974096 974100 974084 950488 950236 26463344 797685 291368
797678 2147483680 111 0 112 975975 112 944280 975864 4294966956 974096 974100 974084 950488 950236 26463344 797685 797678
291368 2147483648 112 0 112 975975 112 944280 975864 4294966956 974096 974100 974084 950488 950236 26463344 797685 291368
797678 2147483680 112 0 113 975976 113 944280 975864 4294966956 974096 974100 974084 950488 950236 26463344 797685 797678
291368 2147483648 113 0 113 975976 113 944280 975864 4294966956 974096 974100 974084 950488 950236 26463344 797685 291368
797678 2147483680 113 0 114 975977 114 944280 975864 4294966956 974096 974100 974084 950488 950236 26463344 797685 797678
291368 2147483648 114 0 114 975977 114 944280 975864 4294966956 974096 974100 974084 950488 950236 26463344 797685 291368
797678 2147483680 114 0 115 975978 115 944280 975864 4294966956 974096 974100 974084 950488 950236 26463344 797685 797678
291368 2147483648 115 0 115 975978 115 944280 975864 4294966956 974096 974100 974084 950488 950236 26463344 797685 291368
797678 2147483680 115 0 116 975979 116 944280 975864 4294966956 974096 974100 974084 950488 950236 26463344 797685 797678
291368 2147483648 116 0 116 975979 116 944280 975864 4294966956 974096 974100 974084 950488 950236 26463344 797685 291368
797678 2147483680 116 0 117 975980 117 944280 975864 4294966956 974096 974100 974084 950488 950236 26463344 797685 797678
291368 2147483648 117 0 117 975980 117 944280 975864 4294966956 974096 974100 974084 950488 950236 26463344 797685 291368
797678 2147483680 117 0 118 975981 118 944280 975864 4294966956 974096 974100 974084 950488 950236 26463344 797685 797678
291368 2147483648 118 0 118 975981 118 944280 975864 4294966956 974096 974100 974084 950488 950236 26463344 797685 291368
797678 2147483680 118 0 119 975982 119 944280 975864 4294966956 974096 974100 974084 950488 950236 26463344 797685 797678
291368 2147483648 119 0 119 975982 119 944280 975864 4294966956 974096 974100 974084 950488 950236 26463344 797685 291368
797678 2147483680 119 0 120 975983 120 944280 975864 4294966956 974096 974100 974084 950488 950236 26463344 797685 797678
291368 2147483648 120 0 120 975983 120 944280 975864 4294966956 974096 974100 974084 950488 950236 26463344 797685 291368
797678 2147483680 120 0 121 975984 121 944280 975864 4294966956 974096 974100 974084 950488 950236 26463344 797685 797678
291368 2147483648 121 0 121 975984 121 944280 975864 4294966956 974096 974100 974084 950488 950236 26463344 797685 291368
797678 2147483680 121 0 122 975985 122 944280 975864 4294966956 974096 974100 974084 950488 950236 26463344 797685 797678
291368 2147483648 122 0 122 975985 122 944280 975864 4294966956 974096 974100 974084 950488 950236 26463344 797685 291368
797678 2147483680 122 0 123 975986 123 944280 975864 4294966956 974096 974100 974084 950488 950236 26463344 797685 797678
291368 2147483648 123 0 123 975986 123 944280 975864 4294966956 974096 974100 974084 950488 950236 26463344 797685 291368
797678 2147483680 123 0 124 975987 124 944280 975864 4294966956 974096 974100 974084 950488 950236 26463344 797685 797678
291368 2147483648 124 0 124 975987 124 944280 975864 4294966956 974096 974100 974084 950488 950236 26463344 797685 291368
797678 2147483680 124 0 125 975988 125 944280 975864 4294966956 974096 974100 974084 950488 950236 26463344 797685 797678
291368 2147483648 125 0 125 975988 125 944280 975864 4294966956 974096 974100 974084 950488 950236 26463344 797685 291368
797678 2147483680 125 0 126 975989 126 944280 975864 4294966956 974096 974100 974084 950488 950236 26463344 797685 797678
291368 2147483648 126 0 126 975989 126 944280 975864 4294966956 974096 974100 974084 950488 950236 26463344 797685 291368
797678 2147483680 126 0 127 975990 127 944280 975864 4294966956 974096 974100 974084 950488 950236 26463344 797685 797678
291368 2147483648 127 0 127 975990 127 944280 975864 4294966956 974096 974100 974084 950488 950236 26463344 797685 291368
797760 1610612768 127 0 128 975991 128 944280 975864 4294966956 974096 974100 974084 950488 950236 26463344 797685 797760
797764 536870944 127 0 128 1 128 944280 975864 4294966956 974096 974100 974084 950488 950236 26463344 797685 797764
797696 536870944 127 0 128 1 128 944280 975864 4294966956 974096 974100 974084 950488 950236 26463344 797685 797696
797702 1610612768 127 0 128 1 0 976004 975864 4294966956 974096 974100 974084 950488 950236 26463344 797685 797702
797706 32 0 0 128 1 1 976004 975864 4294966956 974096 974100 974084 950488 950236 26463344 797685 797706
291380 0 0 0 128 1 1 976004 975864 4294966956 974096 974100 974084 950488 950236 26463344 797711 291380
797702 2147483680 0 0 128 1 1 976008 975864 4294966956 974096 974100 974084 950488 950240 26463344 797711 797702
797706 32 1 0 128 1 2 976008 975864 4294966956 974096 974100 974084 950488 950240 26463344 797711 797706
291380 0 1 0 128 1 2 976008 975864 4294966956 974096 974100 974084 950488 950240 26463344 797711 291380
797702 2147483680 1 0 128 1 2 976012 975864 4294966956 974096 974100 974084 950488 950240 26463344 797711 797702
797706 32 2 0 128 1 3 976012 975864 4294966956 974096 974100 974084 950488 950240 26463344 797711 797706
291380 0 2 0 128 1 3 976012 975864 4294966956 974096 974100 974084 950488 950240 26463344 797711 291380
797702 2147483680 2 0 128 1 3 976016 975864 4294966956 974096 974100 974084 950488 950240 26463344 797711 797702
797706 32 3 0 128 1 4 976016 975864 4294966956 974096 974100 974084 950488 950240 26463344 797711 797706
291380 0 3 0 128 1 4 976016 975864 4294966956 974096 974100 974084 950488 950240 26463344 797711 291380
797702 2147483680 3 0 128 1 4 976020 975864 4294966956 974096 974100 974084 950488 950240 26463344 797711 797702
797706 32 4 0 128 1 5 976020 975864 4294966956 974096 974100 974084 950488 950240 26463344 797711 797706
291380 0 4 0 128 1 5 976020 975864 4294966956 974096 974100 974084 950488 950240 26463344 797711 291380
797702 2147483680 4 0 128 1 5 976024 975864 4294966956 974096 974100 974084 950488 950240 26463344 797711 797702
797706 32 5 0 128 1 6 976024 975864 4294966956 974096 974100 974084 950488 950240 26463344 797711 797706
291380 0 5 0 128 1 6 976024 975864 4294966956 974096 974100 974084 950488 950240 26463344 797711 291380
797702 2147483680 5 0 128 1 6 976028 975864 4294966956 974096 974100 974084 950488 950240 26463344 797711 797702
797706 32 6 0 128 1 7 976028 975864 4294966956 974096 974100 974084 950488 950240 26463344 797711 797706
291380 0 6 0 128 1 7 976028 975864 4294966956 974096 974100 974084 950488 950240 26463344 797711 291380
797702 2147483680 6 0 128 1 7 976032 975864 4294966956 974096 974100 974084 950488 950240 26463344 797711 797702
797706 32 7 0 128 1 8 976032 975864 4294966956 974096 974100 974084 950488 950240 26463344 797711 797706
291380 0 7 0 128 1 8 976032 975864 4294966956 974096 974100 974084 950488 950240 26463344 797711 291380
797702 2147483680 7 0 128 1 8 976036 975864 4294966956 974096 974100 974084 950488 950240 26463344 797711 797702
797706 32 8 0 128 1 9 976036 975864 4294966956 974096 974100 974084 950488 950240 26463344 797711 797706
291380 0 8 0 128 1 9 976036 975864 4294966956 974096 974100 974084 950488 950240 26463344 797711 291380
797702 2147483680 8 0 128 1 9 976040 975864 4294966956 974096 974100 974084 950488 950240 26463344 797711 797702
797706 32 9 0 128 1 10 976040 975864 4294966956 974096 974100 974084 950488 950240 26463344 797711 797706
291380 0 9 0 128 1 10 976040 975864 4294966956 974096 974100 974084 950488 950240 26463344 797711 291380
797702 2147483680 9 0 128 1 10 976044 975864 4294966956 974096 974100 974084 950488 950240 26463344 797711 797702
797706 32 10 0 128 1 11 976044 975864 4294966956 974096 974100 974084 950488 950240 26463344 797711 797706
291380 0 10 0 128 1 11 976044 975864 4294966956 974096 974100 974084 950488 950240 26463344 797711 291380
797702 2147483680 10 0 128 1 11 976048 975864 4294966956 974096 974100 974084 950488 950240 26463344 797711 797702
797706 32 11 0 128 1 12 976048 975864 4294966956 974096 974100 974084 950488 950240 26463344 797711 797706
291380 0 11 0 128 1 12 976048 975864 4294966956 974096 974100 974084 950488 950240 26463344 797711 291380
797702 2147483680 11 0 128 1 12 976052 975864 4294966956 974096 974100 974084 950488 950240 26463344 797711 797702
797706 32 12 0 128 1 13 976052 975864 4294966956 974096 974100 974084 950488 950240 26463344 797711 797706
291380 0 12 0 128 1 13 976052 975864 4294966956 974096 974100 974084 950488 950240 26463344 797711 291380
797702 2147483680 12 0 128 1 13 976056 975864 4294966956 974096 974100 974084 950488 950240 26463344 797711 797702
797706 32 13 0 128 1 14 976056 975864 4294966956 974096 974100 974084 950488 950240 26463344 797711 797706
291380 0 13 0 128 1 14 976056 975864 4294966956 974096 974100 974084 950488 950240 26463344 797711 291380
797702 2147483680 13 0 128 1 14 976060 975864 4294966956 974096 974100 974084 950488 950240 26463344 797711 797702
797706 32 14 0 128 1 15 976060 975864 4294966956 974096 974100 974084 950488 950240 26463344 797711 797706
291380 0 14 0 128 1 15 976060 975864 4294966956 974096 974100 974084 950488 950240 26463344 797711 291380
797702 2147483680 14 0 128 1 15 976064 975864 4294966956 974096 974100 974084 950488 950240 26463344 797711 797702
797706 32 15 0 128 1 16 976064 975864 4294966956 974096 974100 974084 950488 950240 26463344 797711 797706
291380 0 15 0 128 1 16 976064 975864 4294966956 974096 974100 974084 950488 950240 26463344 797711 291380
797702 2147483680 15 0 128 1 16 976068 975864 4294966956 974096 974100 974084 950488 950240 26463344 797711 797702
797706 32 16 0 128 1 17 976068 975864 4294966956 974096 974100 974084 950488 950240 26463344 797711 797706
291380 0 16 0 128 1 17 976068 975864 4294966956 974096 974100 974084 950488 950240 26463344 797711 291380
797702 2147483680 16 0 128 1 17 976072 975864 4294966956 974096 974100 974084 950488 950240 26463344 797711 797702
797706 32 17 0 128 1 18 976072 975864 4294966956 974096 974100 974084 950488 950240 26463344 797711 797706
291380 0 17 0 128 1 18 976072 975864 4294966956 974096 974100 974084 950488 950240 26463344 797711 291380
797702 2147483680 17 0 128 1 18 976076 975864 4294966956 974096 974100 974084 950488 950240 26463344 797711 797702
797706 32 18 0 128 1 19 976076 975864 4294966956 974096 974100 974084 950488 950240 26463344 797711 797706
291380 0 18 0 128 1 19 976076 975864 4294966956 974096 974100 974084 950488 950240 26463344 797711 291380
797702 2147483680 18 0 128 1 19 976080 975864 4294966956 974096 974100 974084 950488 950240 26463344 797711 797702
797706 32 19 0 128 1 20 976080 975864 4294966956 974096 974100 974084 950488 950240 26463344 797711 797706
291380 0 19 0 128 1 20 976080 975864 4294966956 974096 974100 974084 950488 950240 26463344 797711 291380
797702 2147483680 19 0 128 1 20 976084 975864 4294966956 974096 974100 974084 950488 950240 26463344 797711 797702
797706 32 20 0 128 1 21 976084 975864 4294966956 974096 974100 974084 950488 950240 26463344 797711 797706
291380 0 20 0 128 1 21 976084 975864 4294966956 974096 974100 974084 950488 950240 26463344 797711 291380
797702 2147483680 20 0 128 1 21 976088 975864 4294966956 974096 974100 974084 950488 950240 26463344 797711 797702
797706 32 21 0 128 1 22 976088 975864 4294966956 974096 974100 974084 950488 950240 26463344 797711 797706
291380 0 21 0 128 1 22 976088 975864 4294966956 974096 974100 974084 950488 950240 26463344 797711 291380
797702 2147483680 21 0 128 1 22 976092 975864 4294966956 974096 974100 974084 950488 950240 26463344 797711 797702
797706 32 22 0 128 1 23 976092 975864 4294966956 974096 974100 974084 950488 950240 26463344 797711 797706
291380 0 22 0 128 1 23 976092 975864 4294966956 974096 974100 974084 950488 950240 26463344 797711 291380
797702 2147483680 22 0 128 1 23 976096 975864 4294966956 974096 974100 974084 950488 950240 26463344 797711 797702
797706 32 23 0 128 1 24 976096 975864 4294966956 974096 974100 974084 950488 950240 26463344 797711 797706
291380 0 23 0 128 1 24 976096 975864 4294966956 974096 974100 974084 950488 950240 26463344 797711 291380
797702 2147483680 23 0 128 1 24 976100 975864 4294966956 974096 974100 974084 950488 950240 26463344 797711 797702
797706 32 24 0 128 1 25 976100 975864 4294966956 974096 974100 974084 950488 950240 26463344 797711 797706
291380 0 24 0 128 1 25 976100 975864 4294966956 974096 974100 974084 950488 950240 26463344 797711 291380
797702 2147483680 24 0 128 1 25 976104 975864 4294966956 974096 974100 974084 950488 950240 26463344 797711 797702
797706 32 25 0 128 1 26 976104 975864 4294966956 974096 974100 974084 950488 950240 26463344 797711 797706
291380 0 25 0 128 1 26 976104 975864 4294966956 974096 974100 974084 950488 950240 26463344 797711 291380
797702 2147483680 25 0 128 1 26 976108 975864 4294966956 974096 974100 974084 950488 950240 26463344 797711 797702
797706 32 26 0 128 1 27 976108 975864 4294966956 974096 974100 974084 950488 950240 26463344 797711 797706
291380 0 26 0 128 1 27 976108 975864 4294966956 974096 974100 974084 950488 950240 26463344 797711 291380
797702 2147483680 26 0 128 1 27 976112 975864 4294966956 974096 974100 974084 950488 950240 26463344 797711 797702
797706 32 27 0 128 1 28 976112 975864 4294966956 974096 974100 974084 950488 950240 26463344 797711 797706
291380 0 27 0 128 1 28 976112 975864 4294966956 974096 974100 974084 950488 950240 26463344 797711 291380
797702 2147483680 27 0 128 1 28 976116 975864 4294966956 974096 974100 974084 950488 950240 26463344 797711 797702
797706 32 28 0 128 1 29 976116 975864 4294966956 974096 974100 974084 950488 950240 26463344 797711 797706
291380 0 28 0 128 1 29 976116 975864 4294966956 974096 974100 974084 950488 950240 26463344 797711 291380
797702 2147483680 28 0 128 1 29 976120 975864 4294966956 974096 974100 974084 950488 950240 26463344 797711 797702
797706 32 29 0 128 1 30 976120 975864 4294966956 974096 974100 974084 950488 950240 26463344 797711 797706
291380 0 29 0 128 1 30 976120 975864 4294966956 974096 974100 974084 950488 950240 26463344 797711 291380
797702 2147483680 29 0 128 1 30 976124 975864 4294966956 974096 974100 974084 950488 950240 26463344 797711 797702
797706 32 30 0 128 1 31 976124 975864 4294966956 974096 974100 974084 950488 950240 26463344 797711 797706
291380 0 30 0 128 1 31 976124 975864 4294966956 974096 974100 974084 950488 950240 26463344 797711 291380
797702 2147483680 30 0 128 1 31 976128 975864 4294966956 974096 974100 974084 950488 950240 26463344 797711 797702
797706 32 31 0 128 1 32 976128 975864 4294966956 974096 974100 974084 950488 950240 26463344 797711 797706
291380 0 31 0 128 1 32 976128 975864 4294966956 974096 974100 974084 950488 950240 26463344 797711 291380
797702 2147483680 31 0 128 1 32 976132 975864 4294966956 974096 974100 974084 950488 950240 26463344 797711 797702
797706 32 32 0 128 1 33 976132 975864 4294966956 974096 974100 974084 950488 950240 26463344 797711 797706
291380 0 32 0 128 1 33 976132 975864 4294966956 974096 974100 974084 950488 950240 26463344 797711 291380
797702 2147483680 32 0 128 1 33 976136 975864 4294966956 974096 974100 974084 950488 950240 26463344 797711 797702
797706 32 33 0 128 1 34 976136 975864 4294966956 974096 974100 974084 950488 950240 26463344 797711 797706
291380 0 33 0 128 1 34 976136 975864 4294966956 974096 974100 974084 950488 950240 26463344 797711 291380
797702 2147483680 33 0 128 1 34 976140 975864 4294966956 974096 974100 974084 950488 950240 26463344 797711 797702
797706 32 34 0 128 1 35 976140 975864 4294966956 974096 974100 974084 950488 950240 26463344 797711 797706
291380 0 34 0 128 1 35 976140 975864 4294966956 974096 974100 974084 950488 950240 26463344 797711 291380
797702 2147483680 34 0 128 1 35 976144 975864 4294966956 974096 974100 974084 950488 950240 26463344 797711 797702
797706 32 35 0 128 1 36 976144 975864 4294966956 974096 974100 974084 950488 950240 26463344 797711 797706
291380 0 35 0 128 1 36 976144 975864 4294966956 974096 974100 974084 950488 950240 26463344 797711 291380
797702 2147483680 35 0 128 1 36 976148 975864 4294966956 974096 974100 974084 950488 950240 26463344 797711 797702
797706 32 36 0 128 1 37 976148 975864 4294966956 974096 974100 974084 950488 950240 26463344 797711 797706
291380 0 36 0 128 1 37 976148 975864 4294966956 974096 974100 974084 950488 950240 26463344 797711 291380
797702 2147483680 36 0 128 1 37 976152 975864 4294966956 974096 974100 974084 950488 950240 26463344 797711 797702
797706 32 37 0 128 1 38 976152 975864 4294966956 974096 974100 974084 950488 950240 26463344 797711 797706
291380 0 37 0 128 1 38 976152 975864 4294966956 974096 974100 974084 950488 950240 26463344 797711 291380
797702 2147483680 37 0 128 1 38 976156 975864 4294966956 974096 974100 974084 950488 950240 26463344 797711 797702
797706 32 38 0 128 1 39 976156 975864 4294966956 974096 974100 974084 950488 950240 26463344 797711 797706
291380 0 38 0 128 1 39 976156 975864 4294966956 974096 974100 974084 950488 950240 26463344 797711 291380
797702 2147483680 38 0 128 1 39 976160 975864 4294966956 974096 974100 974084 950488 950240 26463344 797711 797702
797706 32 39 0 128 1 40 976160 975864 4294966956 974096 974100 974084 950488 950240 26463344 797711 797706
291380 0 39 0 128 1 40 976160 975864 4294966956 974096 974100 974084 950488 950240 26463344 797711 291380
797702 2147483680 39 0 128 1 40 976164 975864 4294966956 974096 974100 974084 950488 950240 26463344 797711 797702
797706 32 40 0 128 1 41 976164 975864 4294966956 974096 974100 974084 950488 950240 26463344 797711 797706
291380 0 40 0 128 1 41 976164 975864 4294966956 974096 974100 974084 950488 950240 26463344 797711 291380
797702 2147483680 40 0 128 1 41 976168 975864 4294966956 974096 974100 974084 950488 950240 26463344 797711 797702
797706 32 41 0 128 1 42 976168 975864 4294966956 974096 974100 974084 950488 950240 26463344 797711 797706
291380 0 41 0 128 1 42 976168 975864 4294966956 974096 974100 974084 950488 950240 26463344 797711 291380
797702 2147483680 41 0 128 1 42 976172 975864 4294966956 974096 974100 974084 950488 950240 26463344 797711 797702
797706 32 42 0 128 1 43 976172 975864 4294966956 974096 974100 974084 950488 950240 26463344 797711 797706
291380 0 42 0 128 1 43 976172 975864 4294966956 974096 974100 974084 950488 950240 26463344 797711 291380
797702 2147483680 42 0 128 1 43 976176 975864 4294966956 974096 974100 974084 950488 950240 26463344 797711 797702
797706 32 43 0 128 1 44 976176 975864 4294966956 974096 974100 974084 950488 950240 26463344 797711 797706
291380 0 43 0 128 1 44 976176 975864 4294966956 974096 974100 974084 950488 950240 26463344 797711 291380
797702 2147483680 43 0 128 1 44 976180 975864 4294966956 974096 974100 974084 950488 950240 26463344 797711 797702
797706 32 44 0 128 1 45 976180 975864 4294966956 974096 974100 974084 950488 950240 26463344 797711 797706
291380 0 44 0 128 1 45 976180 975864 4294966956 974096 974100 974084 950488 950240 26463344 797711 291380
797702 2147483680 44 0 128 1 45 976184 975864 4294966956 974096 974100 974084 950488 950240 26463344 797711 797702
797706 32 45 0 128 1 46 976184 975864 4294966956 974096 974100 974084 950488 950240 26463344 797711 797706
291380 0 45 0 128 1 46 976184 975864 4294966956 974096 974100 974084 950488 950240 26463344 797711 291380
797702 2147483680 45 0 128 1 46 976188 975864 4294966956 974096 974100 974084 950488 950240 26463344 797711 797702
797706 32 46 0 128 1 47 976188 975864 4294966956 974096 974100 974084 950488 950240 26463344 797711 797706
291380 0 46 0 128 1 47 976188 975864 4294966956 974096 974100 974084 950488 950240 26463344 797711 291380
797702 2147483680 46 0 128 1 47 976192 975864 4294966956 974096 974100 974084 950488 950240 26463344 797711 797702
797706 32 47 0 128 1 48 976192 975864 4294966956 974096 974100 974084 950488 950240 26463344 797711 797706
291380 0 47 0 128 1 48 976192 975864 4294966956 974096 974100 974084 950488 950240 26463344 797711 291380
797702 2147483680 47 0 128 1 48 976196 975864 4294966956 974096 974100 974084 950488 950240 26463344 797711 797702
797706 32 48 0 128 1 49 976196 975864 4294966956 974096 974100 974084 950488 950240 26463344 797711 797706
291380 0 48 0 128 1 49 976196 975864 4294966956 974096 974100 974084 950488 950240 26463344 797711 291380
797702 2147483680 48 0 128 1 49 976200 975864 4294966956 974096 974100 974084 950488 950240 26463344 797711 797702
797706 32 49 0 128 1 50 976200 975864 4294966956 974096 974100 974084 950488 950240 26463344 797711 797706
291380 0 49 0 128 1 50 976200 975864 4294966956 974096 974100 974084 950488 950240 26463344 797711 291380
797702 2147483680 49 0 128 1 50 976204 975864 4294966956 974096 974100 974084 950488 950240 26463344 797711 797702
797706 32 50 0 128 1 51 976204 975864 4294966956 974096 974100 974084 950488 950240 26463344 797711 797706
291380 0 50 0 128 1 51 976204 975864 4294966956 974096 974100 974084 950488 950240 26463344 797711 291380
797702 2147483680 50 0 128 1 51 976208 975864 4294966956 974096 974100 974084 950488 950240 26463344 797711 797702
797706 32 51 0 128 1 52 976208 975864 4294966956 974096 974100 974084 950488 950240 26463344 797711 797706
291380 0 51 0 128 1 52 976208 975864 4294966956 974096 974100 974084 950488 950240 26463344 797711 291380
797702 2147483680 51 0 128 1 52 976212 975864 4294966956 974096 974100 974084 950488 950240 26463344 797711 797702
797706 32 52 0 128 1 53 976212 975864 4294966956 974096 974100 974084 950488 950240 26463344 797711 797706
291380 0 52 0 128 1 53 976212 975864 4294966956 974096 974100 974084 950488 950240 26463344 797711 291380
797702 2147483680 52 0 128 1 53 976216 975864 4294966956 974096 974100 974084 950488 950240 26463344 797711 797702
797706 32 53 0 128 1 54 976216 975864 4294966956 974096 974100 974084 950488 950240 26463344 797711 797706
291380 0 53 0 128 1 54 976216 975864 4294966956 974096 974100 974084 950488 950240 26463344 797711 291380
797702 2147483680 53 0 128 1 54 976220 975864 4294966956 974096 974100 974084 950488 950240 26463344 797711 797702
797706 32 54 0 128 1 55 976220 975864 4294966956 974096 974100 974084 950488 950240 26463344 797711 797706
291380 0 54 0 128 1 55 976220 975864 4294966956 974096 974100 974084 950488 950240 26463344 797711 291380
797702 2147483680 54 0 128 1 55 976224 975864 4294966956 974096 974100 974084 950488 950240 26463344 797711 797702
797706 32 55 0 128 1 56 976224 975864 4294966956 974096 974100 974084 950488 950240 26463344 797711 797706
291380 0 55 0 128 1 56 976224 975864 4294966956 974096 974100 974084 950488 950240 26463344 797711 291380
797702 2147483680 55 0 128 1 56 976228 975864 4294966956 974096 974100 974084 950488 950240 26463344 797711 797702
797706 32 56 0 128 1 57 976228 975864 4294966956 974096 974100 974084 950488 950240 26463344 797711 797706
291380 0 56 0 128 1 57 976228 975864 4294966956 974096 974100 974084 950488 950240 26463344 797711 291380
797702 2147483680 56 0 128 1 57 976232 975864 4294966956 974096 974100 974084 950488 950240 26463344 797711 797702
797706 32 57 0 128 1 58 976232 975864 4294966956 974096 974100 974084 950488 950240 26463344 797711 797706
291380 0 57 0 128 1 58 976232 975864 4294966956 974096 974100 974084 950488 950240 26463344 797711 291380
797702 2147483680 57 0 128 1 58 976236 975864 4294966956 974096 974100 974084 950488 950240 26463344 797711 797702
797706 32 58 0 128 1 59 976236 975864 4294966956 974096 974100 974084 950488 950240 26463344 797711 797706
291380 0 58 0 128 1 59 976236 975864 4294966956 974096 974100 974084 950488 950240 26463344 797711 291380
797702 2147483680 58 0 128 1 59 976240 975864 4294966956 974096 974100 974084 950488 950240 26463344 797711 797702
797706 32 59 0 128 1 60 976240 975864 4294966956 974096 974100 974084 950488 950240 26463344 797711 797706
291380 0 59 0 128 1 60 976240 975864 4294966956 974096 974100 974084 950488 950240 26463344 797711 291380
797702 2147483680 59 0 128 1 60 976244 975864 4294966956 974096 974100 974084 950488 950240 26463344 797711 797702
797706 32 60 0 128 1 61 976244 975864 4294966956 974096 974100 974084 950488 950240 26463344 797711 797706
291380 0 60 0 128 1 61 976244 975864 4294966956 974096 974100 974084 950488 950240 26463344 797711 291380
797702 2147483680 60 0 128 1 61 976248 975864 4294966956 974096 974100 974084 950488 950240 26463344 797711 797702
797706 32 61 0 128 1 62 976248 975864 4294966956 974096 974100 974084 950488 950240 26463344 797711 797706
291380 0 61 0 128 1 62 976248 975864 4294966956 974096 974100 974084 950488 950240 26463344 797711 291380
797702 2147483680 61 0 128 1 62 976252 975864 4294966956 974096 974100 974084 950488 950240 26463344 797711 797702
797706 32 62 0 128 1 63 976252 975864 4294966956 974096 974100 974084 950488 950240 26463344 797711 797706
291380 0 62 0 128 1 63 976252 975864 4294966956 974096 974100 974084 950488 950240 26463344 797711 291380
797702 2147483680 62 0 128 1 63 976256 975864 4294966956 974096 974100 974084 950488 950240 26463344 797711 797702
797706 32 63 0 128 1 64 976256 975864 4294966956 974096 974100 974084 950488 950240 26463344 797711 797706
291380 0 63 0 128 1 64 976256 975864 4294966956 974096 974100 974084 950488 950240 26463344 797711 291380
797702 2147483680 63 0 128 1 64 976260 975864 4294966956 974096 974100 974084 950488 950240 26463344 797711 797702
797706 32 64 0 128 1 65 976260 975864 4294966956 974096 974100 974084 950488 950240 26463344 797711 797706
291380 0 64 0 128 1 65 976260 975864 4294966956 974096 974100 974084 950488 950240 26463344 797711 291380
797702 2147483680 64 0 128 1 65 976264 975864 4294966956 974096 974100 974084 950488 950240 26463344 797711 797702
797706 32 65 0 128 1 66 976264 975864 4294966956 974096 974100 974084 950488 950240 26463344 797711 797706
291380 0 65 0 128 1 66 976264 975864 4294966956 974096 974100 974084 950488 950240 26463344 797711 291380
797702 2147483680 65 0 128 1 66 976268 975864 4294966956 974096 974100 974084 950488 950240 26463344 797711 797702
797706 32 66 0 128 1 67 976268 975864 4294966956 974096 974100 974084 950488 950240 26463344 797711 797706
291380 0 66 0 128 1 67 976268 975864 4294966956 974096 974100 974084 950488 950240 26463344 797711 291380
797702 2147483680 66 0 128 1 67 976272 975864 4294966956 974096 974100 974084 950488 950240 26463344 797711 797702
797706 32 67 0 128 1 68 976272 975864 4294966956 974096 974100 974084 950488 950240 26463344 797711 797706
291380 0 67 0 128 1 68 976272 975864 4294966956 974096 974100 974084 950488 950240 26463344 797711 291380
797702 2147483680 67 0 128 1 68 976276 975864 4294966956 974096 974100 974084 950488 950240 26463344 797711 797702
797706 32 68 0 128 1 69 976276 975864 4294966956 974096 974100 974084 950488 950240 26463344 797711 797706
291380 0 68 0 128 1 69 976276 975864 4294966956 974096 974100 974084 950488 950240 26463344 797711 291380
797702 2147483680 68 0 128 1 69 976280 975864 4294966956 974096 974100 974084 950488 950240 26463344 797711 797702
797706 32 69 0 128 1 70 976280 975864 4294966956 974096 974100 974084 950488 950240 26463344 797711 797706
291380 0 69 0 128 1 70 976280 975864 4294966956 974096 974100 974084 950488 950240 26463344 797711 291380
797702 2147483680 69 0 128 1 70 976284 975864 4294966956 974096 974100 974084 950488 950240 26463344 797711 797702
797706 32 70 0 128 1 71 976284 975864 4294966956 974096 974100 974084 950488 950240 26463344 797711 797706
291380 0 70 0 128 1 71 976284 975864 4294966956 974096 974100 974084 950488 950240 26463344 797711 291380
797702 2147483680 70 0 128 1 71 976288 975864 4294966956 974096 974100 974084 950488 950240 26463344 797711 797702
797706 32 71 0 128 1 72 976288 975864 4294966956 974096 974100 974084 950488 950240 26463344 797711 797706
291380 0 71 0 128 1 72 976288 975864 4294966956 974096 974100 974084 950488 950240 26463344 797711 291380
797702 2147483680 71 0 128 1 72 976292 975864 4294966956 974096 974100 974084 950488 950240 26463344 797711 797702
797706 32 72 0 128 1 73 976292 975864 4294966956 974096 974100 974084 950488 950240 26463344 797711 797706
291380 0 72 0 128 1 73 976292 975864 4294966956 974096 974100 974084 950488 950240 26463344 797711 291380
797702 2147483680 72 0 128 1 73 976296 975864 4294966956 974096 974100 974084 950488 950240 26463344 797711 797702
797706 32 73 0 128 1 74 976296 975864 4294966956 974096 974100 974084 950488 950240 26463344 797711 797706
291380 0 73 0 128 1 74 976296 975864 4294966956 974096 974100 974084 950488 950240 26463344 797711 291380
797702 2147483680 73 0 128 1 74 976300 975864 4294966956 974096 974100 974084 950488 950240 26463344 797711 797702
797706 32 74 0 128 1 75 976300 975864 4294966956 974096 974100 974084 950488 950240 26463344 797711 797706
291380 0 74 0 128 1 75 976300 975864 4294966956 974096 974100 974084 950488 950240 26463344 797711 291380
797702 2147483680 74 0 128 1 75 976304 975864 4294966956 974096 974100 974084 950488 950240 26463344 797711 797702
797706 32 75 0 128 1 76 976304 975864 4294966956 974096 974100 974084 950488 950240 26463344 797711 797706
291380 0 75 0 128 1 76 976304 975864 4294966956 974096 974100 974084 950488 950240 26463344 797711 291380
797702 2147483680 75 0 128 1 76 976308 975864 4294966956 974096 974100 974084 950488 950240 26463344 797711 797702
797706 32 76 0 128 1 77 976308 975864 4294966956 974096 974100 974084 950488 950240 26463344 797711 797706
291380 0 76 0 128 1 77 976308 975864 4294966956 974096 974100 974084 950488 950240 26463344 797711 291380
797702 2147483680 76 0 128 1 77 976312 975864 4294966956 974096 974100 974084 950488 950240 26463344 797711 797702
797706 32 77 0 128 1 78 976312 975864 4294966956 974096 974100 974084 950488 950240 26463344 797711 797706
291380 0 77 0 128 1 78 976312 975864 4294966956 974096 974100 974084 950488 950240 26463344 797711 291380
797702 2147483680 77 0 128 1 78 976316 975864 4294966956 974096 974100 974084 950488 950240 26463344 797711 797702
797706 32 78 0 128 1 79 976316 975864 4294966956 974096 974100 974084 950488 950240 26463344 797711 797706
291380 0 78 0 128 1 79 976316 975864 4294966956 974096 974100 974084 950488 950240 26463344 797711 291380
797702 2147483680 78 0 128 1 79 976320 975864 4294966956 974096 974100 974084 950488 950240 26463344 797711 797702
797706 32 79 0 128 1 80 976320 975864 4294966956 974096 974100 974084 950488 950240 26463344 797711 797706
291380 0 79 0 128 1 80 976320 975864 4294966956 974096 974100 974084 950488 950240 26463344 797711 291380
797702 2147483680 79 0 128 1 80 976324 975864 4294966956 974096 974100 974084 950488 950240 26463344 797711 797702
797706 32 80 0 128 1 81 976324 975864 4294966956 974096 974100 974084 950488 950240 26463344 797711 797706
291380 0 80 0 128 1 81 976324 975864 4294966956 974096 974100 974084 950488 950240 26463344 797711 291380
797702 2147483680 80 0 128 1 81 976328 975864 4294966956 974096 974100 974084 950488 950240 26463344 797711 797702
797706 32 81 0 128 1 82 976328 975864 4294966956 974096 974100 974084 950488 950240 26463344 797711 797706
291380 0 81 0 128 1 82 976328 975864 4294966956 974096 974100 974084 950488 950240 26463344 797711 291380
797702 2147483680 81 0 128 1 82 976332 975864 4294966956 974096 974100 974084 950488 950240 26463344 797711 797702
797706 32 82 0 128 1 83 976332 975864 4294966956 974096 974100 974084 950488 950240 26463344 797711 797706
291380 0 82 0 128 1 83 976332 975864 4294966956 974096 974100 974084 950488 950240 26463344 797711 291380
797702 2147483680 82 0 128 1 83 976336 975864 4294966956 974096 974100 974084 950488 950240 26463344 797711 797702
797706 32 83 0 128 1 84 976336 975864 4294966956 974096 974100 974084 950488 950240 26463344 797711 797706
291380 0 83 0 128 1 84 976336 975864 4294966956 974096 974100 974084 950488 950240 26463344 797711 291380
797702 2147483680 83 0 128 1 84 976340 975864 4294966956 974096 974100 974084 950488 950240 26463344 797711 797702
797706 32 84 0 128 1 85 976340 975864 4294966956 974096 974100 974084 950488 950240 26463344 797711 797706
291380 0 84 0 128 1 85 976340 975864 4294966956 974096 974100 974084 950488 950240 26463344 797711 291380
797702 2147483680 84 0 128 1 85 976344 975864 4294966956 974096 974100 974084 950488 950240 26463344 797711 797702
797706 32 85 0 128 1 86 976344 975864 4294966956 974096 974100 974084 950488 950240 26463344 797711 797706
291380 0 85 0 128 1 86 976344 975864 4294966956 974096 974100 974084 950488 950240 26463344 797711 291380
797702 2147483680 85 0 128 1 86 976348 975864 4294966956 974096 974100 974084 950488 950240 26463344 797711 797702
797706 32 86 0 128 1 87 976348 975864 4294966956 974096 974100 974084 950488 950240 26463344 797711 797706
291380 0 86 0 128 1 87 976348 975864 4294966956 974096 974100 974084 950488 950240 26463344 797711 291380
797702 2147483680 86 0 128 1 87 976352 975864 4294966956 974096 974100 974084 950488 950240 26463344 797711 797702
797706 32 87 0 128 1 88 976352 975864 4294966956 974096 974100 974084 950488 950240 26463344 797711 797706
291380 0 87 0 128 1 88 976352 975864 4294966956 974096 974100 974084 950488 950240 26463344 797711 291380
797702 2147483680 87 0 128 1 88 976356 975864 4294966956 974096 974100 974084 950488 950240 26463344 797711 797702
797706 32 88 0 128 1 89 976356 975864 4294966956 974096 974100 974084 950488 950240 26463344 797711 797706
291380 0 88 0 128 1 89 976356 975864 4294966956 974096 974100 974084 950488 950240 26463344 797711 291380
797702 2147483680 88 0 128 1 89 976360 975864 4294966956 974096 974100 974084 950488 950240 26463344 797711 797702
797706 32 89 0 128 1 90 976360 975864 4294966956 974096 974100 974084 950488 950240 26463344 797711 797706
291380 0 89 0 128 1 90 976360 975864 4294966956 974096 974100 974084 950488 950240 26463344 797711 291380
797702 2147483680 89 0 128 1 90 976364 975864 4294966956 974096 974100 974084 950488 950240 26463344 797711 797702
797706 32 90 0 128 1 91 976364 975864 4294966956 974096 974100 974084 950488 950240 26463344 797711 797706
291380 0 90 0 128 1 91 976364 975864 4294966956 974096 974100 974084 950488 950240 26463344 797711 291380
797702 2147483680 90 0 128 1 91 976368 975864 4294966956 974096 974100 974084 950488 950240 26463344 797711 797702
797706 32 91 0 128 1 92 976368 975864 4294966956 974096 974100 974084 950488 950240 26463344 797711 797706
291380 0 91 0 128 1 92 976368 975864 4294966956 974096 974100 974084 950488 950240 26463344 797711 291380
797702 2147483680 91 0 128 1 92 976372 975864 4294966956 974096 974100 974084 950488 950240 26463344 797711 797702
797706 32 92 0 128 1 93 976372 975864 4294966956 974096 974100 974084 950488 950240 26463344 797711 797706
291380 0 92 0 128 1 93 976372 975864 4294966956 974096 974100 974084 950488 950240 26463344 797711 291380
797702 2147483680 92 0 128 1 93 976376 975864 4294966956 974096 974100 974084 950488 950240 26463344 797711 797702
797706 32 93 0 128 1 94 976376 975864 4294966956 974096 974100 974084 950488 950240 26463344 797711 797706
291380 0 93 0 128 1 94 976376 975864 4294966956 974096 974100 974084 950488 950240 26463344 797711 291380
797702 2147483680 93 0 128 1 94 976380 975864 4294966956 974096 974100 974084 950488 950240 26463344 797711 797702
797706 32 94 0 128 1 95 976380 975864 4294966956 974096 974100 974084 950488 950240 26463344 797711 797706
291380 0 94 0 128 1 95 976380 975864 4294966956 974096 974100 974084 950488 950240 26463344 797711 291380
797702 2147483680 94 0 128 1 95 976384 975864 4294966956 974096 974100 974084 950488 950240 26463344 797711 797702
797706 32 95 0 128 1 96 976384 975864 4294966956 974096 974100 974084 950488 950240 26463344 797711 797706
291380 0 95 0 128 1 96 976384 975864 4294966956 974096 974100 974084 950488 950240 26463344 797711 291380
797702 2147483680 95 0 128 1 96 976388 975864 4294966956 974096 974100 974084 950488 950240 26463344 797711 797702
797706 32 96 0 128 1 97 976388 975864 4294966956 974096 974100 974084 950488 950240 26463344 797711 797706
291380 0 96 0 128 1 97 976388 975864 4294966956 974096 974100 974084 950488 950240 26463344 797711 291380
797702 2147483680 96 0 128 1 97 976392 975864 4294966956 974096 974100 974084 950488 950240 26463344 797711 797702
797706 32 97 0 128 1 98 976392 975864 4294966956 974096 974100 974084 950488 950240 26463344 797711 797706
291380 0 97 0 128 1 98 976392 975864 4294966956 974096 974100 974084 950488 950240 26463344 797711 291380
797702 2147483680 97 0 128 1 98 976396 975864 4294966956 974096 974100 974084 950488 950240 26463344 797711 797702
797706 32 98 0 128 1 99 976396 975864 4294966956 974096 974100 974084 950488 950240 26463344 797711 797706
291380 0 98 0 128 1 99 976396 975864 4294966956 974096 974100 974084 950488 950240 26463344 797711 291380
797702 2147483680 98 0 128 1 99 976400 975864 4294966956 974096 974100 974084 950488 950240 26463344 797711 797702
797706 32 99 0 128 1 100 976400 975864 4294966956 974096 974100 974084 950488 950240 26463344 797711 797706
291380 0 99 0 128 1 100 976400 975864 4294966956 974096 974100 974084 950488 950240 26463344 797711 291380
797702 2147483680 99 0 128 1 100 976404 975864 4294966956 974096 974100 974084 950488 950240 26463344 797711 797702
797706 32 100 0 128 1 101 976404 975864 4294966956 974096 974100 974084 950488 950240 26463344 797711 797706
291380 0 100 0 128 1 101 976404 975864 4294966956 974096 974100 974084 950488 950240 26463344 797711 291380
797702 2147483680 100 0 128 1 101 976408 975864 4294966956 974096 974100 974084 950488 950240 26463344 797711 797702
797706 32 101 0 128 1 102 976408 975864 4294966956 974096 974100 974084 950488 950240 26463344 797711 797706
291380 0 101 0 128 1 102 976408 975864 4294966956 974096 974100 974084 950488 950240 26463344 797711 291380
797702 2147483680 101 0 128 1 102 976412 975864 4294966956 974096 974100 974084 950488 950240 26463344 797711 797702
797706 32 102 0 128 1 103 976412 975864 4294966956 974096 974100 974084 950488 950240 26463344 797711 797706
291380 0 102 0 128 1 103 976412 975864 4294966956 974096 974100 974084 950488 950240 26463344 797711 291380
797702 2147483680 102 0 128 1 103 976416 975864 4294966956 974096 974100 974084 950488 950240 26463344 797711 797702
797706 32 103 0 128 1 104 976416 975864 4294966956 974096 974100 974084 950488 950240 26463344 797711 797706
291380 0 103 0 128 1 104 976416 975864 4294966956 974096 974100 974084 950488 950240 26463344 797711 291380
797702 2147483680 103 0 128 1 104 976420 975864 4294966956 974096 974100 974084 950488 950240 26463344 797711 797702
797706 32 104 0 128 1 105 976420 975864 4294966956 974096 974100 974084 950488 950240 26463344 797711 797706
291380 0 104 0 128 1 105 976420 975864 4294966956 974096 974100 974084 950488 950240 26463344 797711 291380
797702 2147483680 104 0 128 1 105 976424 975864 4294966956 974096 974100 974084 950488 950240 26463344 797711 797702
797706 32 105 0 128 1 106 976424 975864 4294966956 974096 974100 974084 950488 950240 26463344 797711 797706
291380 0 105 0 128 1 106 976424 975864 4294966956 974096 974100 974084 950488 950240 26463344 797711 291380
797702 2147483680 105 0 128 1 106 976428 975864 4294966956 974096 974100 974084 950488 950240 26463344 797711 797702
797706 32 106 0 128 1 107 976428 975864 4294966956 974096 974100 974084 950488 950240 26463344 797711 797706
291380 0 106 0 128 1 107 976428 975864 4294966956 974096 974100 974084 950488 950240 26463344 797711 291380
797702 2147483680 106 0 128 1 107 976432 975864 4294966956 974096 974100 974084 950488 950240 26463344 797711 797702
797706 32 107 0 128 1 108 976432 975864 4294966956 974096 974100 974084 950488 950240 26463344 797711 797706
291380 0 107 0 128 1 108 976432 975864 4294966956 974096 974100 974084 950488 950240 26463344 797711 291380
797702 2147483680 107 0 128 1 108 976436 975864 4294966956 974096 974100 974084 950488 950240 26463344 797711 797702
797706 32 108 0 128 1 109 976436 975864 4294966956 974096 974100 974084 950488 950240 26463344 797711 797706
291380 0 108 0 128 1 109 976436 975864 4294966956 974096 974100 974084 950488 950240 26463344 797711 291380
797702 2147483680 108 0 128 1 109 976440 975864 4294966956 974096 974100 974084 950488 950240 26463344 797711 797702
797706 32 109 0 128 1 110 976440 975864 4294966956 974096 974100 974084 950488 950240 26463344 797711 797706
291380 0 109 0 128 1 110 976440 975864 4294966956 974096 974100 974084 950488 950240 26463344 797711 291380
797702 2147483680 109 0 128 1 110 976444 975864 4294966956 974096 974100 974084 950488 950240 26463344 797711 797702
797706 32 110 0 128 1 111 976444 975864 4294966956 974096 974100 974084 950488 950240 26463344 797711 797706
291380 0 110 0 128 1 111 976444 975864 4294966956 974096 974100 974084 950488 950240 26463344 797711 291380
797702 2147483680 110 0 128 1 111 976448 975864 4294966956 974096 974100 974084 950488 950240 26463344 797711 797702
797706 32 111 0 128 1 112 976448 975864 4294966956 974096 974100 974084 950488 950240 26463344 797711 797706
291380 0 111 0 128 1 112 976448 975864 4294966956 974096 974100 974084 950488 950240 26463344 797711 291380
797702 2147483680 111 0 128 1 112 976452 975864 4294966956 974096 974100 974084 950488 950240 26463344 797711 797702
797706 32 112 0 128 1 113 976452 975864 4294966956 974096 974100 974084 950488 950240 26463344 797711 797706
291380 0 112 0 128 1 113 976452 975864 4294966956 974096 974100 974084 950488 950240 26463344 797711 291380
797702 2147483680 112 0 128 1 113 976456 975864 4294966956 974096 974100 974084 950488 950240 26463344 797711 797702
797706 32 113 0 128 1 114 976456 975864 4294966956 974096 974100 974084 950488 950240 26463344 797711 797706
291380 0 113 0 128 1 114 976456 975864 4294966956 974096 974100 974084 950488 950240 26463344 797711 291380
797702 2147483680 113 0 128 1 114 976460 975864 4294966956 974096 974100 974084 950488 950240 26463344 797711 797702
797706 32 114 0 128 1 115 976460 975864 4294966956 974096 974100 974084 950488 950240 26463344 797711 797706
291380 0 114 0 128 1 115 976460 975864 4294966956 974096 974100 974084 950488 950240 26463344 797711 291380
797702 2147483680 114 0 128 1 115 976464 975864 4294966956 974096 974100 974084 950488 950240 26463344 797711 797702
797706 32 115 0 128 1 116 976464 975864 4294966956 974096 974100 974084 950488 950240 26463344 797711 797706
291380 0 115 0 128 1 116 976464 975864 4294966956 974096 974100 974084 950488 950240 26463344 797711 291380
797702 2147483680 115 0 128 1 116 976468 975864 4294966956 974096 974100 974084 950488 950240 26463344 797711 797702
797706 32 116 0 128 1 117 976468 975864 4294966956 974096 974100 974084 950488 950240 26463344 797711 797706
291380 0 116 0 128 1 117 976468 975864 4294966956 974096 974100 974084 950488 950240 26463344 797711 291380
797702 2147483680 116 0 128 1 117 976472 975864 4294966956 974096 974100 974084 950488 950240 26463344 797711 797702
797706 32 117 0 128 1 118 976472 975864 4294966956 974096 974100 974084 950488 950240 26463344 797711 797706
291380 0 117 0 128 1 118 976472 975864 4294966956 974096 974100 974084 950488 950240 26463344 797711 291380
797702 2147483680 117 0 128 1 118 976476 975864 4294966956 974096 974100 974084 950488 950240 26463344 797711 797702
797706 32 118 0 128 1 119 976476 975864 4294966956 974096 974100 974084 950488 950240 26463344 797711 797706
291380 0 118 0 128 1 119 976476 975864 4294966956 974096 974100 974084 950488 950240 26463344 797711 291380
797702 2147483680 118 0 128 1 119 976480 975864 4294966956 974096 974100 974084 950488 950240 26463344 797711 797702
797706 32 119 0 128 1 120 976480 975864 4294966956 974096 974100 974084 950488 950240 26463344 797711 797706
291380 0 119 0 128 1 120 976480 975864 4294966956 974096 974100 974084 950488 950240 26463344 797711 291380
797702 2147483680 119 0 128 1 120 976484 975864 4294966956 974096 974100 974084 950488 950240 26463344 797711 797702
797706 32 120 0 128 1 121 976484 975864 4294966956 974096 974100 974084 950488 950240 26463344 797711 797706
291380 0 120 0 128 1 121 976484 975864 4294966956 974096 974100 974084 950488 950240 26463344 797711 291380
797702 2147483680 120 0 128 1 121 976488 975864 4294966956 974096 974100 974084 950488 950240 26463344 797711 797702
797706 32 121 0 128 1 122 976488 975864 4294966956 974096 974100 974084 950488 950240 26463344 797711 797706
291380 0 121 0 128 1 122 976488 975864 4294966956 974096 974100 974084 950488 950240 26463344 797711 291380
797702 2147483680 121 0 128 1 122 976492 975864 4294966956 974096 974100 974084 950488 950240 26463344 797711 797702
797706 32 122 0 128 1 123 976492 975864 4294966956 974096 974100 974084 950488 950240 26463344 797711 797706
291380 0 122 0 128 1 123 976492 975864 4294966956 974096 974100 974084 950488 950240 26463344 797711 291380
797702 2147483680 122 0 128 1 123 976496 975864 4294966956 974096 974100 974084 950488 950240 26463344 797711 797702
797706 32 123 0 128 1 124 976496 975864 4294966956 974096 974100 974084 950488 950240 26463344 797711 797706
291380 0 123 0 128 1 124 976496 975864 4294966956 974096 974100 974084 950488 950240 26463344 797711 291380
797702 2147483680 123 0 128 1 124 976500 975864 4294966956 974096 974100 974084 950488 950240 26463344 797711 797702
797706 32 124 0 128 1 125 976500 975864 4294966956 974096 974100 974084 950488 950240 26463344 797711 797706
291380 0 124 0 128 1 125 976500 975864 4294966956 974096 974100 974084 950488 950240 26463344 797711 291380
797702 2147483680 124 0 128 1 125 976504 975864 4294966956 974096 974100 974084 950488 950240 26463344 797711 797702
797706 32 125 0 128 1 126 976504 975864 4294966956 974096 974100 974084 950488 950240 26463344 797711 797706
291380 0 125 0 128 1 126 976504 975864 4294966956 974096 974100 974084 950488 950240 26463344 797711 291380
797702 2147483680 125 0 128 1 126 976508 975864 4294966956 974096 974100 974084 950488 950240 26463344 797711 797702
797706 32 126 0 128 1 127 976508 975864 4294966956 974096 974100 974084 950488 950240 26463344 797711 797706
291380 0 126 0 128 1 127 976508 975864 4294966956 974096 974100 974084 950488 950240 26463344 797711 291380
797702 2147483680 126 0 128 1 127 976512 975864 4294966956 974096 974100 974084 950488 950240 26463344 797711 797702
797706 32 127 0 128 1 128 976512 975864 4294966956 974096 974100 974084 950488 950240 26463344 797711 797706
291380 0 127 0 128 1 128 976512 975864 4294966956 974096 974100 974084 950488 950240 26463344 797711 291380
797702 2147483680 127 0 128 1 128 976516 975864 4294966956 974096 974100 974084 950488 950240 26463344 797711 797702
797706 32 128 0 128 1 129 976516 975864 4294966956 974096 974100 974084 950488 950240 26463344 797711 797706
291380 0 128 0 128 1 129 976516 975864 4294966956 974096 974100 974084 950488 950240 26463344 797711 291380
797702 2147483680 4294967295 0 128 1 129 976520 975864 4294966956 974096 974100 974084 950488 950240 26463344 797711 797702
797706 32 129 0 128 1 130 976520 975864 4294966956 974096 974100 974084 950488 950240 26463344 797711 797706
291380 0 129 0 128 1 130 976520 975864 4294966956 974096 974100 974084 950488 950240 26463344 797711 291380
797702 2147483680 4294967295 0 128 1 130 976524 975864 4294966956 974096 974100 974084 950488 950240 26463344 797711 797702
797706 32 130 0 128 1 131 976524 975864 4294966956 974096 974100 974084 950488 950240 26463344 797711 797706
291380 0 130 0 128 1 131 976524 975864 4294966956 974096 974100 974084 950488 950240 26463344 797711 291380
797702 2147483680 4294967295 0 128 1 131 976528 975864 4294966956 974096 974100 974084 950488 950240 26463344 797711 797702
797706 32 131 0 128 1 132 976528 975864 4294966956 974096 974100 974084 950488 950240 26463344 797711 797706
291380 0 131 0 128 1 132 976528 975864 4294966956 974096 974100 974084 950488 950240 26463344 797711 291380
797702 2147483680 4294967295 0 128 1 132 976532 975864 4294966956 974096 974100 974084 950488 950240 26463344 797711 797702
797706 32 132 0 128 1 133 976532 975864 4294966956 974096 974100 974084 950488 950240 26463344 797711 797706
291380 0 132 0 128 1 133 976532 975864 4294966956 974096 974100 974084 950488 950240 26463344 797711 291380
797702 2147483680 4294967295 0 128 1 133 976536 975864 4294966956 974096 974100 974084 950488 950240 26463344 797711 797702
797706 32 133 0 128 1 134 976536 975864 4294966956 974096 974100 974084 950488 950240 26463344 797711 797706
291380 0 133 0 128 1 134 976536 975864 4294966956 974096 974100 974084 950488 950240 26463344 797711 291380
797702 2147483680 4294967295 0 128 1 134 976540 975864 4294966956 974096 974100 974084 950488 950240 26463344 797711 797702
797706 32 134 0 128 1 135 976540 975864 4294966956 974096 974100 974084 950488 950240 26463344 797711 797706
291380 0 134 0 128 1 135 976540 975864 4294966956 974096 974100 974084 950488 950240 26463344 797711 291380
797702 2147483680 4294967295 0 128 1 135 976544 975864 4294966956 974096 974100 974084 950488 950240 26463344 797711 797702
797706 32 135 0 128 1 136 976544 975864 4294966956 974096 974100 974084 950488 950240 26463344 797711 797706
291380 0 135 0 128 1 136 976544 975864 4294966956 974096 974100 974084 950488 950240 26463344 797711 291380
797702 2147483680 4294967295 0 128 1 136 976548 975864 4294966956 974096 974100 974084 950488 950240 26463344 797711 797702
797706 32 136 0 128 1 137 976548 975864 4294966956 974096 974100 974084 950488 950240 26463344 797711 797706
291380 0 136 0 128 1 137 976548 975864 4294966956 974096 974100 974084 950488 950240 26463344 797711 291380
797702 2147483680 4294967295 0 128 1 137 976552 975864 4294966956 974096 974100 974084 950488 950240 26463344 797711 797702
797706 32 137 0 128 1 138 976552 975864 4294966956 974096 974100 974084 950488 950240 26463344 797711 797706
291380 0 137 0 128 1 138 976552 975864 4294966956 974096 974100 974084 950488 950240 26463344 797711 291380
797702 2147483680 4294967295 0 128 1 138 976556 975864 4294966956 974096 974100 974084 950488 950240 26463344 797711 797702
797706 32 138 0 128 1 139 976556 975864 4294966956 974096 974100 974084 950488 950240 26463344 797711 797706
291380 0 138 0 128 1 139 976556 975864 4294966956 974096 974100 974084 950488 950240 26463344 797711 291380
797702 2147483680 4294967295 0 128 1 139 976560 975864 4294966956 974096 974100 974084 950488 950240 26463344 797711 797702
797706 32 139 0 128 1 140 976560 975864 4294966956 974096 974100 974084 950488 950240 26463344 797711 797706
291380 0 139 0 128 1 140 976560 975864 4294966956 974096 974100 974084 950488 950240 26463344 797711 291380
797702 2147483680 4294967295 0 128 1 140 976564 975864 4294966956 974096 974100 974084 950488 950240 26463344 797711 797702
797706 32 140 0 128 1 141 976564 975864 4294966956 974096 974100 974084 950488 950240 26463344 797711 797706
291380 0 140 0 128 1 141 976564 975864 4294966956 974096 974100 974084 950488 950240 26463344 797711 291380
797702 2147483680 4294967295 0 128 1 141 976568 975864 4294966956 974096 974100 974084 950488 950240 26463344 797711 797702
797706 32 141 0 128 1 142 976568 975864 4294966956 974096 974100 974084 950488 950240 26463344 797711 797706
291380 0 141 0 128 1 142 976568 975864 4294966956 974096 974100 974084 950488 950240 26463344 797711 291380
797702 2147483680 4294967295 0 128 1 142 976572 975864 4294966956 974096 974100 974084 950488 950240 26463344 797711 797702
797706 32 142 0 128 1 143 976572 975864 4294966956 974096 974100 974084 950488 950240 26463344 797711 797706
291380 0 142 0 128 1 143 976572 975864 4294966956 974096 974100 974084 950488 950240 26463344 797711 291380
797702 2147483680 4294967295 0 128 1 143 976576 975864 4294966956 974096 974100 974084 950488 950240 26463344 797711 797702
797706 32 143 0 128 1 144 976576 975864 4294966956 974096 974100 974084 950488 950240 26463344 797711 797706
291380 0 143 0 128 1 144 976576 975864 4294966956 974096 974100 974084 950488 950240 26463344 797711 291380
797702 2147483680 4294967295 0 128 1 144 976580 975864 4294966956 974096 974100 974084 950488 950240 26463344 797711 797702
797706 32 144 0 128 1 145 976580 975864 4294966956 974096 974100 974084 950488 950240 26463344 797711 797706
291380 0 144 0 128 1 145 976580 975864 4294966956 974096 974100 974084 950488 950240 26463344 797711 291380
797702 2147483680 4294967295 0 128 1 145 976584 975864 4294966956 974096 974100 974084 950488 950240 26463344 797711 797702
797706 32 145 0 128 1 146 976584 975864 4294966956 974096 974100 974084 950488 950240 26463344 797711 797706
291380 0 145 0 128 1 146 976584 975864 4294966956 974096 974100 974084 950488 950240 26463344 797711 291380
797702 2147483680 4294967295 0 128 1 146 976588 975864 4294966956 974096 974100 974084 950488 950240 26463344 797711 797702
797706 32 146 0 128 1 147 976588 975864 4294966956 974096 974100 974084 950488 950240 26463344 797711 797706
291380 0 146 0 128 1 147 976588 975864 4294966956 974096 974100 974084 950488 950240 26463344 797711 291380
797702 2147483680 4294967295 0 128 1 147 976592 975864 4294966956 974096 974100 974084 950488 950240 26463344 797711 797702
797706 32 147 0 128 1 148 976592 975864 4294966956 974096 974100 974084 950488 950240 26463344 797711 797706
291380 0 147 0 128 1 148 976592 975864 4294966956 974096 974100 974084 950488 950240 26463344 797711 291380
797702 2147483680 4294967295 0 128 1 148 976596 975864 4294966956 974096 974100 974084 950488 950240 26463344 797711 797702
797706 32 148 0 128 1 149 976596 975864 4294966956 974096 974100 974084 950488 950240 26463344 797711 797706
291380 0 148 0 128 1 149 976596 975864 4294966956 974096 974100 974084 950488 950240 26463344 797711 291380
797702 2147483680 4294967295 0 128 1 149 976600 975864 4294966956 974096 974100 974084 950488 950240 26463344 797711 797702
797706 32 149 0 128 1 150 976600 975864 4294966956 974096 974100 974084 950488 950240 26463344 797711 797706
291380 0 149 0 128 1 150 976600 975864 4294966956 974096 974100 974084 950488 950240 26463344 797711 291380
797702 2147483680 4294967295 0 128 1 150 976604 975864 4294966956 974096 974100 974084 950488 950240 26463344 797711 797702
797706 32 150 0 128 1 151 976604 975864 4294966956 974096 974100 974084 950488 950240 26463344 797711 797706
291380 0 150 0 128 1 151 976604 975864 4294966956 974096 974100 974084 950488 950240 26463344 797711 291380
797702 2147483680 4294967295 0 128 1 151 976608 975864 4294966956 974096 974100 974084 950488 950240 26463344 797711 797702
797706 32 151 0 128 1 152 976608 975864 4294966956 974096 974100 974084 950488 950240 26463344 797711 797706
291380 0 151 0 128 1 152 976608 975864 4294966956 974096 974100 974084 950488 950240 26463344 797711 291380
797702 2147483680 4294967295 0 128 1 152 976612 975864 4294966956 974096 974100 974084 950488 950240 26463344 797711 797702
797706 32 152 0 128 1 153 976612 975864 4294966956 974096 974100 974084 950488 950240 26463344 797711 797706
291380 0 152 0 128 1 153 976612 975864 4294966956 974096 974100 974084 950488 950240 26463344 797711 291380
797702 2147483680 4294967295 0 128 1 153 976616 975864 4294966956 974096 974100 974084 950488 950240 26463344 797711 797702
797706 32 153 0 128 1 154 976616 975864 4294966956 974096 974100 974084 950488 950240 26463344 797711 797706
291380 0 153 0 128 1 154 976616 975864 4294966956 974096 974100 974084 950488 950240 26463344 797711 291380
797702 2147483680 4294967295 0 128 1 154 976620 975864 4294966956 974096 974100 974084 950488 950240 26463344 797711 797702
797706 32 154 0 128 1 155 976620 975864 4294966956 974096 974100 974084 950488 950240 26463344 797711 797706
291380 0 154 0 128 1 155 976620 975864 4294966956 974096 974100 974084 950488 950240 26463344 797711 291380
797702 2147483680 4294967295 0 128 1 155 976624 975864 4294966956 974096 974100 974084 950488 950240 26463344 797711 797702
797706 32 155 0 128 1 156 976624 975864 4294966956 974096 974100 974084 950488 950240 26463344 797711 797706
291380 0 155 0 128 1 156 976624 975864 4294966956 974096 974100 974084 950488 950240 26463344 797711 291380
797702 2147483680 4294967295 0 128 1 156 976628 975864 4294966956 974096 974100 974084 950488 950240 26463344 797711 797702
797706 32 156 0 128 1 157 976628 975864 4294966956 974096 974100 974084 950488 950240 26463344 797711 797706
291380 0 156 0 128 1 157 976628 975864 4294966956 974096 974100 974084 950488 950240 26463344 797711 291380
797702 2147483680 4294967295 0 128 1 157 976632 975864 4294966956 974096 974100 974084 950488 950240 26463344 797711 797702
797706 32 157 0 128 1 158 976632 975864 4294966956 974096 974100 974084 950488 950240 26463344 797711 797706
291380 0 157 0 128 1 158 976632 975864 4294966956 974096 974100 974084 950488 950240 26463344 797711 291380
797702 2147483680 4294967295 0 128 1 158 976636 975864 4294966956 974096 974100 974084 950488 950240 26463344 797711 797702
797706 32 158 0 128 1 159 976636 975864 4294966956 974096 974100 974084 950488 950240 26463344 797711 797706
291380 0 158 0 128 1 159 976636 975864 4294966956 974096 974100 974084 950488 950240 26463344 797711 291380
797702 2147483680 4294967295 0 128 1 159 976640 975864 4294966956 974096 974100 974084 950488 950240 26463344 797711 797702
797706 32 159 0 128 1 160 976640 975864 4294966956 974096 974100 974084 950488 950240 26463344 797711 797706
291380 0 159 0 128 1 160 976640 975864 4294966956 974096 974100 974084 950488 950240 26463344 797711 291380
797702 2147483680 4294967295 0 128 1 160 976644 975864 4294966956 974096 974100 974084 950488 950240 26463344 797711 797702
797706 32 160 0 128 1 161 976644 975864 4294966956 974096 974100 974084 950488 950240 26463344 797711 797706
291380 0 160 0 128 1 161 976644 975864 4294966956 974096 974100 974084 950488 950240 26463344 797711 291380
797702 2147483680 4294967295 0 128 1 161 976648 975864 4294966956 974096 974100 974084 950488 950240 26463344 797711 797702
797706 32 161 0 128 1 162 976648 975864 4294966956 974096 974100 974084 950488 950240 26463344 797711 797706
291380 0 161 0 128 1 162 976648 975864 4294966956 974096 974100 974084 950488 950240 26463344 797711 291380
797702 2147483680 4294967295 0 128 1 162 976652 975864 4294966956 974096 974100 974084 950488 950240 26463344 797711 797702
797706 32 162 0 128 1 163 976652 975864 4294966956 974096 974100 974084 950488 950240 26463344 797711 797706
291380 0 162 0 128 1 163 976652 975864 4294966956 974096 974100 974084 950488 950240 26463344 797711 291380
797702 2147483680 4294967295 0 128 1 163 976656 975864 4294966956 974096 974100 974084 950488 950240 26463344 797711 797702
797706 32 163 0 128 1 164 976656 975864 4294966956 974096 974100 974084 950488 950240 26463344 797711 797706
291380 0 163 0 128 1 164 976656 975864 4294966956 974096 974100 974084 950488 950240 26463344 797711 291380
797702 2147483680 4294967295 0 128 1 164 976660 975864 4294966956 974096 974100 974084 950488 950240 26463344 797711 797702
797706 32 164 0 128 1 165 976660 975864 4294966956 974096 974100 974084 950488 950240 26463344 797711 797706
291380 0 164 0 128 1 165 976660 975864 4294966956 974096 974100 974084 950488 950240 26463344 797711 291380
797702 2147483680 4294967295 0 128 1 165 976664 975864 4294966956 974096 974100 974084 950488 950240 26463344 797711 797702
797706 32 165 0 128 1 166 976664 975864 4294966956 974096 974100 974084 950488 950240 26463344 797711 797706
291380 0 165 0 128 1 166 976664 975864 4294966956 974096 974100 974084 950488 950240 26463344 797711 291380
797702 2147483680 4294967295 0 128 1 166 976668 975864 4294966956 974096 974100 974084 950488 950240 26463344 797711 797702
797706 32 166 0 128 1 167 976668 975864 4294966956 974096 974100 974084 950488 950240 26463344 797711 797706
291380 0 166 0 128 1 167 976668 975864 4294966956 974096 974100 974084 950488 950240 26463344 797711 291380
797702 2147483680 4294967295 0 128 1 167 976672 975864 4294966956 974096 974100 974084 950488 950240 26463344 797711 797702
797706 32 167 0 128 1 168 976672 975864 4294966956 974096 974100 974084 950488 950240 26463344 797711 797706
291380 0 167 0 128 1 168 976672 975864 4294966956 974096 974100 974084 950488 950240 26463344 797711 291380
797702 2147483680 4294967295 0 128 1 168 976676 975864 4294966956 974096 974100 974084 950488 950240 26463344 797711 797702
797706 32 168 0 128 1 169 976676 975864 4294966956 974096 974100 974084 950488 950240 26463344 797711 797706
291380 0 168 0 128 1 169 976676 975864 4294966956 974096 974100 974084 950488 950240 26463344 797711 291380
797702 2147483680 4294967295 0 128 1 169 976680 975864 4294966956 974096 974100 974084 950488 950240 26463344 797711 797702
797706 32 169 0 128 1 170 976680 975864 4294966956 974096 974100 974084 950488 950240 26463344 797711 797706
291380 0 169 0 128 1 170 976680 975864 4294966956 974096 974100 974084 950488 950240 26463344 797711 291380
797702 2147483680 4294967295 0 128 1 170 976684 975864 4294966956 974096 974100 974084 950488 950240 26463344 797711 797702
797706 32 170 0 128 1 171 976684 975864 4294966956 974096 974100 974084 950488 950240 26463344 797711 797706
291380 0 170 0 128 1 171 976684 975864 4294966956 974096 974100 974084 950488 950240 26463344 797711 291380
797702 2147483680 4294967295 0 128 1 171 976688 975864 4294966956 974096 974100 974084 950488 950240 26463344 797711 797702
797706 32 171 0 128 1 172 976688 975864 4294966956 974096 974100 974084 950488 950240 26463344 797711 797706
291380 0 171 0 128 1 172 976688 975864 4294966956 974096 974100 974084 950488 950240 26463344 797711 291380
797702 2147483680 4294967295 0 128 1 172 976692 975864 4294966956 974096 974100 974084 950488 950240 26463344 797711 797702
797706 32 172 0 128 1 173 976692 975864 4294966956 974096 974100 974084 950488 950240 26463344 797711 797706
291380 0 172 0 128 1 173 976692 975864 4294966956 974096 974100 974084 950488 950240 26463344 797711 291380
797702 2147483680 4294967295 0 128 1 173 976696 975864 4294966956 974096 974100 974084 950488 950240 26463344 797711 797702
797706 32 173 0 128 1 174 976696 975864 4294966956 974096 974100 974084 950488 950240 26463344 797711 797706
291380 0 173 0 128 1 174 976696 975864 4294966956 974096 974100 974084 950488 950240 26463344 797711 291380
797702 2147483680 4294967295 0 128 1 174 976700 975864 4294966956 974096 974100 974084 950488 950240 26463344 797711 797702
797706 32 174 0 128 1 175 976700 975864 4294966956 974096 974100 974084 950488 950240 26463344 797711 797706
291380 0 174 0 128 1 175 976700 975864 4294966956 974096 974100 974084 950488 950240 26463344 797711 291380
797702 2147483680 4294967295 0 128 1 175 976704 975864 4294966956 974096 974100 974084 950488 950240 26463344 797711 797702
797706 32 175 0 128 1 176 976704 975864 4294966956 974096 974100 974084 950488 950240 26463344 797711 797706
291380 0 175 0 128 1 176 976704 975864 4294966956 974096 974100 974084 950488 950240 26463344 797711 291380
797702 2147483680 4294967295 0 128 1 176 976708 975864 4294966956 974096 974100 974084 950488 950240 26463344 797711 797702
797706 32 176 0 128 1 177 976708 975864 4294966956 974096 974100 974084 950488 950240 26463344 797711 797706
291380 0 176 0 128 1 177 976708 975864 4294966956 974096 974100 974084 950488 950240 26463344 797711 291380
797702 2147483680 4294967295 0 128 1 177 976712 975864 4294966956 974096 974100 974084 950488 950240 26463344 797711 797702
797706 32 177 0 128 1 178 976712 975864 4294966956 974096 974100 974084 950488 950240 26463344 797711 797706
291380 0 177 0 128 1 178 976712 975864 4294966956 974096 974100 974084 950488 950240 26463344 797711 291380
797702 2147483680 4294967295 0 128 1 178 976716 975864 4294966956 974096 974100 974084 950488 950240 26463344 797711 797702
797706 32 178 0 128 1 179 976716 975864 4294966956 974096 974100 974084 950488 950240 26463344 797711 797706
291380 0 178 0 128 1 179 976716 975864 4294966956 974096 974100 974084 950488 950240 26463344 797711 291380
797702 2147483680 4294967295 0 128 1 179 976720 975864 4294966956 974096 974100 974084 950488 950240 26463344 797711 797702
797706 32 179 0 128 1 180 976720 975864 4294966956 974096 974100 974084 950488 950240 26463344 797711 797706
291380 0 179 0 128 1 180 976720 975864 4294966956 974096 974100 974084 950488 950240 26463344 797711 291380
797702 2147483680 4294967295 0 128 1 180 976724 975864 4294966956 974096 974100 974084 950488 950240 26463344 797711 797702
797706 32 180 0 128 1 181 976724 975864 4294966956 974096 974100 974084 950488 950240 26463344 797711 797706
291380 0 180 0 128 1 181 976724 975864 4294966956 974096 974100 974084 950488 950240 26463344 797711 291380
797702 2147483680 4294967295 0 128 1 181 976728 975864 4294966956 974096 974100 974084 950488 950240 26463344 797711 797702
797706 32 181 0 128 1 182 976728 975864 4294966956 974096 974100 974084 950488 950240 26463344 797711 797706
291380 0 181 0 128 1 182 976728 975864 4294966956 974096 974100 974084 950488 950240 26463344 797711 291380
797702 2147483680 4294967295 0 128 1 182 976732 975864 4294966956 974096 974100 974084 950488 950240 26463344 797711 797702
797706 32 182 0 128 1 183 976732 975864 4294966956 974096 974100 974084 950488 950240 26463344 797711 797706
291380 0 182 0 128 1 183 976732 975864 4294966956 974096 974100 974084 950488 950240 26463344 797711 291380
797702 2147483680 4294967295 0 128 1 183 976736 975864 4294966956 974096 974100 974084 950488 950240 26463344 797711 797702
797706 32 183 0 128 1 184 976736 975864 4294966956 974096 974100 974084 950488 950240 26463344 797711 797706
291380 0 183 0 128 1 184 976736 975864 4294966956 974096 974100 974084 950488 950240 26463344 797711 291380
797702 2147483680 4294967295 0 128 1 184 976740 975864 4294966956 974096 974100 974084 950488 950240 26463344 797711 797702
797706 32 184 0 128 1 185 976740 975864 4294966956 974096 974100 974084 950488 950240 26463344 797711 797706
291380 0 184 0 128 1 185 976740 975864 4294966956 974096 974100 974084 950488 950240 26463344 797711 291380
797702 2147483680 4294967295 0 128 1 185 976744 975864 4294966956 974096 974100 974084 950488 950240 26463344 797711 797702
797706 32 185 0 128 1 186 976744 975864 4294966956 974096 974100 974084 950488 950240 26463344 797711 797706
291380 0 185 0 128 1 186 976744 975864 4294966956 974096 974100 974084 950488 950240 26463344 797711 291380
797702 2147483680 4294967295 0 128 1 186 976748 975864 4294966956 974096 974100 974084 950488 950240 26463344 797711 797702
797706 32 186 0 128 1 187 976748 975864 4294966956 974096 974100 974084 950488 950240 26463344 797711 797706
291380 0 186 0 128 1 187 976748 975864 4294966956 974096 974100 974084 950488 950240 26463344 797711 291380
797702 2147483680 4294967295 0 128 1 187 976752 975864 4294966956 974096 974100 974084 950488 950240 26463344 797711 797702
797706 32 187 0 128 1 188 976752 975864 4294966956 974096 974100 974084 950488 950240 26463344 797711 797706
291380 0 187 0 128 1 188 976752 975864 4294966956 974096 974100 974084 950488 950240 26463344 797711 291380
797702 2147483680 4294967295 0 128 1 188 976756 975864 4294966956 974096 974100 974084 950488 950240 26463344 797711 797702
797706 32 188 0 128 1 189 976756 975864 4294966956 974096 974100 974084 950488 950240 26463344 797711 797706
291380 0 188 0 128 1 189 976756 975864 4294966956 974096 974100 974084 950488 950240 26463344 797711 291380
797702 2147483680 4294967295 0 128 1 189 976760 975864 4294966956 974096 974100 974084 950488 950240 26463344 797711 797702
797706 32 189 0 128 1 190 976760 975864 4294966956 974096 974100 974084 950488 950240 26463344 797711 797706
291380 0 189 0 128 1 190 976760 975864 4294966956 974096 974100 974084 950488 950240 26463344 797711 291380
797702 2147483680 4294967295 0 128 1 190 976764 975864 4294966956 974096 974100 974084 950488 950240 26463344 797711 797702
797706 32 190 0 128 1 191 976764 975864 4294966956 974096 974100 974084 950488 950240 26463344 797711 797706
291380 0 190 0 128 1 191 976764 975864 4294966956 974096 974100 974084 950488 950240 26463344 797711 291380
797702 2147483680 4294967295 0 128 1 191 976768 975864 4294966956 974096 974100 974084 950488 950240 26463344 797711 797702
797706 32 191 0 128 1 192 976768 975864 4294966956 974096 974100 974084 950488 950240 26463344 797711 797706
291380 0 191 0 128 1 192 976768 975864 4294966956 974096 974100 974084 950488 950240 26463344 797711 291380
797702 2147483680 4294967295 0 128 1 192 976772 975864 4294966956 974096 974100 974084 950488 950240 26463344 797711 797702
797706 32 192 0 128 1 193 976772 975864 4294966956 974096 974100 974084 950488 950240 26463344 797711 797706
291380 0 192 0 128 1 193 976772 975864 4294966956 974096 974100 974084 950488 950240 26463344 797711 291380
797702 2147483680 4294967295 0 128 1 193 976776 975864 4294966956 974096 974100 974084 950488 950240 26463344 797711 797702
797706 32 193 0 128 1 194 976776 975864 4294966956 974096 974100 974084 950488 950240 26463344 797711 797706
291380 0 193 0 128 1 194 976776 975864 4294966956 974096 974100 974084 950488 950240 26463344 797711 291380
797702 2147483680 4294967295 0 128 1 194 976780 975864 4294966956 974096 974100 974084 950488 950240 26463344 797711 797702
797706 32 194 0 128 1 195 976780 975864 4294966956 974096 974100 974084 950488 950240 26463344 797711 797706
291380 0 194 0 128 1 195 976780 975864 4294966956 974096 974100 974084 950488 950240 26463344 797711 291380
797702 2147483680 4294967295 0 128 1 195 976784 975864 4294966956 974096 974100 974084 950488 950240 26463344 797711 797702
797706 32 195 0 128 1 196 976784 975864 4294966956 974096 974100 974084 950488 950240 26463344 797711 797706
291380 0 195 0 128 1 196 976784 975864 4294966956 974096 974100 974084 950488 950240 26463344 797711 291380
797702 2147483680 4294967295 0 128 1 196 976788 975864 4294966956 974096 974100 974084 950488 950240 26463344 797711 797702
797706 32 196 0 128 1 197 976788 975864 4294966956 974096 974100 974084 950488 950240 26463344 797711 797706
291380 0 196 0 128 1 197 976788 975864 4294966956 974096 974100 974084 950488 950240 26463344 797711 291380
797702 2147483680 4294967295 0 128 1 197 976792 975864 4294966956 974096 974100 974084 950488 950240 26463344 797711 797702
797706 32 197 0 128 1 198 976792 975864 4294966956 974096 974100 974084 950488 950240 26463344 797711 797706
291380 0 197 0 128 1 198 976792 975864 4294966956 974096 974100 974084 950488 950240 26463344 797711 291380
797702 2147483680 4294967295 0 128 1 198 976796 975864 4294966956 974096 974100 974084 950488 950240 26463344 797711 797702
797706 32 198 0 128 1 199 976796 975864 4294966956 974096 974100 974084 950488 950240 26463344 797711 797706
291380 0 198 0 128 1 199 976796 975864 4294966956 974096 974100 974084 950488 950240 26463344 797711 291380
797702 2147483680 4294967295 0 128 1 199 976800 975864 4294966956 974096 974100 974084 950488 950240 26463344 797711 797702
797706 32 199 0 128 1 200 976800 975864 4294966956 974096 974100 974084 950488 950240 26463344 797711 797706
291380 0 199 0 128 1 200 976800 975864 4294966956 974096 974100 974084 950488 950240 26463344 797711 291380
797702 2147483680 4294967295 0 128 1 200 976804 975864 4294966956 974096 974100 974084 950488 950240 26463344 797711 797702
797706 32 200 0 128 1 201 976804 975864 4294966956 974096 974100 974084 950488 950240 26463344 797711 797706
291380 0 200 0 128 1 201 976804 975864 4294966956 974096 974100 974084 950488 950240 26463344 797711 291380
797702 2147483680 4294967295 0 128 1 201 976808 975864 4294966956 974096 974100 974084 950488 950240 26463344 797711 797702
797706 32 201 0 128 1 202 976808 975864 4294966956 974096 974100 974084 950488 950240 26463344 797711 797706
291380 0 201 0 128 1 202 976808 975864 4294966956 974096 974100 974084 950488 950240 26463344 797711 291380
797702 2147483680 4294967295 0 128 1 202 976812 975864 4294966956 974096 974100 974084 950488 950240 26463344 797711 797702
797706 32 202 0 128 1 203 976812 975864 4294966956 974096 974100 974084 950488 950240 26463344 797711 797706
291380 0 202 0 128 1 203 976812 975864 4294966956 974096 974100 974084 950488 950240 26463344 797711 291380
797702 2147483680 4294967295 0 128 1 203 976816 975864 4294966956 974096 974100 974084 950488 950240 26463344 797711 797702
797706 32 203 0 128 1 204 976816 975864 4294966956 974096 974100 974084 950488 950240 26463344 797711 797706
291380 0 203 0 128 1 204 976816 975864 4294966956 974096 974100 974084 950488 950240 26463344 797711 291380
797702 2147483680 4294967295 0 128 1 204 976820 975864 4294966956 974096 974100 974084 950488 950240 26463344 797711 797702
797706 32 204 0 128 1 205 976820 975864 4294966956 974096 974100 974084 950488 950240 26463344 797711 797706
291380 0 204 0 128 1 205 976820 975864 4294966956 974096 974100 974084 950488 950240 26463344 797711 291380
797702 2147483680 4294967295 0 128 1 205 976824 975864 4294966956 974096 974100 974084 950488 950240 26463344 797711 797702
797706 32 205 0 128 1 206 976824 975864 4294966956 974096 974100 974084 950488 950240 26463344 797711 797706
291380 0 205 0 128 1 206 976824 975864 4294966956 974096 974100 974084 950488 950240 26463344 797711 291380
797702 2147483680 4294967295 0 128 1 206 976828 975864 4294966956 974096 974100 974084 950488 950240 26463344 797711 797702
797706 32 206 0 128 1 207 976828 975864 4294966956 974096 974100 974084 950488 950240 26463344 797711 797706
291380 0 206 0 128 1 207 976828 975864 4294966956 974096 974100 974084 950488 950240 26463344 797711 291380
797702 2147483680 4294967295 0 128 1 207 976832 975864 4294966956 974096 974100 974084 950488 950240 26463344 797711 797702
797706 32 207 0 128 1 208 976832 975864 4294966956 974096 974100 974084 950488 950240 26463344 797711 797706
291380 0 207 0 128 1 208 976832 975864 4294966956 974096 974100 974084 950488 950240 26463344 797711 291380
797702 2147483680 4294967295 0 128 1 208 976836 975864 4294966956 974096 974100 974084 950488 950240 26463344 797711 797702
797706 32 208 0 128 1 209 976836 975864 4294966956 974096 974100 974084 950488 950240 26463344 797711 797706
291380 0 208 0 128 1 209 976836 975864 4294966956 974096 974100 974084 950488 950240 26463344 797711 291380
797702 2147483680 4294967295 0 128 1 209 976840 975864 4294966956 974096 974100 974084 950488 950240 26463344 797711 797702
797706 32 209 0 128 1 210 976840 975864 4294966956 974096 974100 974084 950488 950240 26463344 797711 797706
291380 0 209 0 128 1 210 976840 975864 4294966956 974096 974100 974084 950488 950240 26463344 797711 291380
797702 2147483680 4294967295 0 128 1 210 976844 975864 4294966956 974096 974100 974084 950488 950240 26463344 797711 797702
797706 32 210 0 128 1 211 976844 975864 4294966956 974096 974100 974084 950488 950240 26463344 797711 797706
291380 0 210 0 128 1 211 976844 975864 4294966956 974096 974100 974084 950488 950240 26463344 797711 291380
797702 2147483680 4294967295 0 128 1 211 976848 975864 4294966956 974096 974100 974084 950488 950240 26463344 797711 797702
797706 32 211 0 128 1 212 976848 975864 4294966956 974096 974100 974084 950488 950240 26463344 797711 797706
291380 0 211 0 128 1 212 976848 975864 4294966956 974096 974100 974084 950488 950240 26463344 797711 291380
797702 2147483680 4294967295 0 128 1 212 976852 975864 4294966956 974096 974100 974084 950488 950240 26463344 797711 797702
797706 32 212 0 128 1 213 976852 975864 4294966956 974096 974100 974084 950488 950240 26463344 797711 797706
291380 0 212 0 128 1 213 976852 975864 4294966956 974096 974100 974084 950488 950240 26463344 797711 291380
797702 2147483680 4294967295 0 128 1 213 976856 975864 4294966956 974096 974100 974084 950488 950240 26463344 797711 797702
797706 32 213 0 128 1 214 976856 975864 4294966956 974096 974100 974084 950488 950240 26463344 797711 797706
291380 0 213 0 128 1 214 976856 975864 4294966956 974096 974100 974084 950488 950240 26463344 797711 291380
797702 2147483680 4294967295 0 128 1 214 976860 975864 4294966956 974096 974100 974084 950488 950240 26463344 797711 797702
797706 32 214 0 128 1 215 976860 975864 4294966956 974096 974100 974084 950488 950240 26463344 797711 797706
291380 0 214 0 128 1 215 976860 975864 4294966956 974096 974100 974084 950488 950240 26463344 797711 291380
797702 2147483680 4294967295 0 128 1 215 976864 975864 4294966956 974096 974100 974084 950488 950240 26463344 797711 797702
797706 32 215 0 128 1 216 976864 975864 4294966956 974096 974100 974084 950488 950240 26463344 797711 797706
291380 0 215 0 128 1 216 976864 975864 4294966956 974096 974100 974084 950488 950240 26463344 797711 291380
797702 2147483680 4294967295 0 128 1 216 976868 975864 4294966956 974096 974100 974084 950488 950240 26463344 797711 797702
797706 32 216 0 128 1 217 976868 975864 4294966956 974096 974100 974084 950488 950240 26463344 797711 797706
291380 0 216 0 128 1 217 976868 975864 4294966956 974096 974100 974084 950488 950240 26463344 797711 291380
797702 2147483680 4294967295 0 128 1 217 976872 975864 4294966956 974096 974100 974084 950488 950240 26463344 797711 797702
797706 32 217 0 128 1 218 976872 975864 4294966956 974096 974100 974084 950488 950240 26463344 797711 797706
291380 0 217 0 128 1 218 976872 975864 4294966956 974096 974100 974084 950488 950240 26463344 797711 291380
797702 2147483680 4294967295 0 128 1 218 976876 975864 4294966956 974096 974100 974084 950488 950240 26463344 797711 797702
797706 32 218 0 128 1 219 976876 975864 4294966956 974096 974100 974084 950488 950240 26463344 797711 797706
291380 0 218 0 128 1 219 976876 975864 4294966956 974096 974100 974084 950488 950240 26463344 797711 291380
797702 2147483680 4294967295 0 128 1 219 976880 975864 4294966956 974096 974100 974084 950488 950240 26463344 797711 797702
797706 32 219 0 128 1 220 976880 975864 4294966956 974096 974100 974084 950488 950240 26463344 797711 797706
291380 0 219 0 128 1 220 976880 975864 4294966956 974096 974100 974084 950488 950240 26463344 797711 291380
797702 2147483680 4294967295 0 128 1 220 976884 975864 4294966956 974096 974100 974084 950488 950240 26463344 797711 797702
797706 32 220 0 128 1 221 976884 975864 4294966956 974096 974100 974084 950488 950240 26463344 797711 797706
291380 0 220 0 128 1 221 976884 975864 4294966956 974096 974100 974084 950488 950240 26463344 797711 291380
797702 2147483680 4294967295 0 128 1 221 976888 975864 4294966956 974096 974100 974084 950488 950240 26463344 797711 797702
797706 32 221 0 128 1 222 976888 975864 4294966956 974096 974100 974084 950488 950240 26463344 797711 797706
291380 0 221 0 128 1 222 976888 975864 4294966956 974096 974100 974084 950488 950240 26463344 797711 291380
797702 2147483680 4294967295 0 128 1 222 976892 975864 4294966956 974096 974100 974084 950488 950240 26463344 797711 797702
797706 32 222 0 128 1 223 976892 975864 4294966956 974096 974100 974084 950488 950240 26463344 797711 797706
291380 0 222 0 128 1 223 976892 975864 4294966956 974096 974100 974084 950488 950240 26463344 797711 291380
797702 2147483680 4294967295 0 128 1 223 976896 975864 4294966956 974096 974100 974084 950488 950240 26463344 797711 797702
797706 32 223 0 128 1 224 976896 975864 4294966956 974096 974100 974084 950488 950240 26463344 797711 797706
291380 0 223 0 128 1 224 976896 975864 4294966956 974096 974100 974084 950488 950240 26463344 797711 291380
797702 2147483680 4294967295 0 128 1 224 976900 975864 4294966956 974096 974100 974084 950488 950240 26463344 797711 797702
797706 32 224 0 128 1 225 976900 975864 4294966956 974096 974100 974084 950488 950240 26463344 797711 797706
291380 0 224 0 128 1 225 976900 975864 4294966956 974096 974100 974084 950488 950240 26463344 797711 291380
797702 2147483680 4294967295 0 128 1 225 976904 975864 4294966956 974096 974100 974084 950488 950240 26463344 797711 797702
797706 32 225 0 128 1 226 976904 975864 4294966956 974096 974100 974084 950488 950240 26463344 797711 797706
291380 0 225 0 128 1 226 976904 975864 4294966956 974096 974100 974084 950488 950240 26463344 797711 291380
797702 2147483680 4294967295 0 128 1 226 976908 975864 4294966956 974096 974100 974084 950488 950240 26463344 797711 797702
797706 32 226 0 128 1 227 976908 975864 4294966956 974096 974100 974084 950488 950240 26463344 797711 797706
291380 0 226 0 128 1 227 976908 975864 4294966956 974096 974100 974084 950488 950240 26463344 797711 291380
797702 2147483680 4294967295 0 128 1 227 976912 975864 4294966956 974096 974100 974084 950488 950240 26463344 797711 797702
797706 32 227 0 128 1 228 976912 975864 4294966956 974096 974100 974084 950488 950240 26463344 797711 797706
291380 0 227 0 128 1 228 976912 975864 4294966956 974096 974100 974084 950488 950240 26463344 797711 291380
797702 2147483680 4294967295 0 128 1 228 976916 975864 4294966956 974096 974100 974084 950488 950240 26463344 797711 797702
797706 32 228 0 128 1 229 976916 975864 4294966956 974096 974100 974084 950488 950240 26463344 797711 797706
291380 0 228 0 128 1 229 976916 975864 4294966956 974096 974100 974084 950488 950240 26463344 797711 291380
797702 2147483680 4294967295 0 128 1 229 976920 975864 4294966956 974096 974100 974084 950488 950240 26463344 797711 797702
797706 32 229 0 128 1 230 976920 975864 4294966956 974096 974100 974084 950488 950240 26463344 797711 797706
291380 0 229 0 128 1 230 976920 975864 4294966956 974096 974100 974084 950488 950240 26463344 797711 291380
797702 2147483680 4294967295 0 128 1 230 976924 975864 4294966956 974096 974100 974084 950488 950240 26463344 797711 797702
797706 32 230 0 128 1 231 976924 975864 4294966956 974096 974100 974084 950488 950240 26463344 797711 797706
291380 0 230 0 128 1 231 976924 975864 4294966956 974096 974100 974084 950488 950240 26463344 797711 291380
797702 2147483680 4294967295 0 128 1 231 976928 975864 4294966956 974096 974100 974084 950488 950240 26463344 797711 797702
797706 32 231 0 128 1 232 976928 975864 4294966956 974096 974100 974084 950488 950240 26463344 797711 797706
291380 0 231 0 128 1 232 976928 975864 4294966956 974096 974100 974084 950488 950240 26463344 797711 291380
797702 2147483680 4294967295 0 128 1 232 976932 975864 4294966956 974096 974100 974084 950488 950240 26463344 797711 797702
797706 32 232 0 128 1 233 976932 975864 4294966956 974096 974100 974084 950488 950240 26463344 797711 797706
291380 0 232 0 128 1 233 976932 975864 4294966956 974096 974100 974084 950488 950240 26463344 797711 291380
797702 2147483680 4294967295 0 128 1 233 976936 975864 4294966956 974096 974100 974084 950488 950240 26463344 797711 797702
797706 32 233 0 128 1 234 976936 975864 4294966956 974096 974100 974084 950488 950240 26463344 797711 797706
291380 0 233 0 128 1 234 976936 975864 4294966956 974096 974100 974084 950488 950240 26463344 797711 291380
797702 2147483680 4294967295 0 128 1 234 976940 975864 4294966956 974096 974100 974084 950488 950240 26463344 797711 797702
797706 32 234 0 128 1 235 976940 975864 4294966956 974096 974100 974084 950488 950240 26463344 797711 797706
291380 0 234 0 128 1 235 976940 975864 4294966956 974096 974100 974084 950488 950240 26463344 797711 291380
797702 2147483680 4294967295 0 128 1 235 976944 975864 4294966956 974096 974100 974084 950488 950240 26463344 797711 797702
797706 32 235 0 128 1 236 976944 975864 4294966956 974096 974100 974084 950488 950240 26463344 797711 797706
291380 0 235 0 128 1 236 976944 975864 4294966956 974096 974100 974084 950488 950240 26463344 797711 291380
797702 2147483680 4294967295 0 128 1 236 976948 975864 4294966956 974096 974100 974084 950488 950240 26463344 797711 797702
797706 32 236 0 128 1 237 976948 975864 4294966956 974096 974100 974084 950488 950240 26463344 797711 797706
291380 0 236 0 128 1 237 976948 975864 4294966956 974096 974100 974084 950488 950240 26463344 797711 291380
797702 2147483680 4294967295 0 128 1 237 976952 975864 4294966956 974096 974100 974084 950488 950240 26463344 797711 797702
797706 32 237 0 128 1 238 976952 975864 4294966956 974096 974100 974084 950488 950240 26463344 797711 797706
291380 0 237 0 128 1 238 976952 975864 4294966956 974096 974100 974084 950488 950240 26463344 797711 291380
797702 2147483680 4294967295 0 128 1 238 976956 975864 4294966956 974096 974100 974084 950488 950240 26463344 797711 797702
797706 32 238 0 128 1 239 976956 975864 4294966956 974096 974100 974084 950488 950240 26463344 797711 797706
291380 0 238 0 128 1 239 976956 975864 4294966956 974096 974100 974084 950488 950240 26463344 797711 291380
797702 2147483680 4294967295 0 128 1 239 976960 975864 4294966956 974096 974100 974084 950488 950240 26463344 797711 797702
797706 32 239 0 128 1 240 976960 975864 4294966956 974096 974100 974084 950488 950240 26463344 797711 797706
291380 0 239 0 128 1 240 976960 975864 4294966956 974096 974100 974084 950488 950240 26463344 797711 291380
797702 2147483680 4294967295 0 128 1 240 976964 975864 4294966956 974096 974100 974084 950488 950240 26463344 797711 797702
797706 32 240 0 128 1 241 976964 975864 4294966956 974096 974100 974084 950488 950240 26463344 797711 797706
291380 0 240 0 128 1 241 976964 975864 4294966956 974096 974100 974084 950488 950240 26463344 797711 291380
797702 2147483680 4294967295 0 128 1 241 976968 975864 4294966956 974096 974100 974084 950488 950240 26463344 797711 797702
797706 32 241 0 128 1 242 976968 975864 4294966956 974096 974100 974084 950488 950240 26463344 797711 797706
291380 0 241 0 128 1 242 976968 975864 4294966956 974096 974100 974084 950488 950240 26463344 797711 291380
797702 2147483680 4294967295 0 128 1 242 976972 975864 4294966956 974096 974100 974084 950488 950240 26463344 797711 797702
797706 32 242 0 128 1 243 976972 975864 4294966956 974096 974100 974084 950488 950240 26463344 797711 797706
291380 0 242 0 128 1 243 976972 975864 4294966956 974096 974100 974084 950488 950240 26463344 797711 291380
797702 2147483680 4294967295 0 128 1 243 976976 975864 4294966956 974096 974100 974084 950488 950240 26463344 797711 797702
797706 32 243 0 128 1 244 976976 975864 4294966956 974096 974100 974084 950488 950240 26463344 797711 797706
291380 0 243 0 128 1 244 976976 975864 4294966956 974096 974100 974084 950488 950240 26463344 797711 291380
797702 2147483680 4294967295 0 128 1 244 976980 975864 4294966956 974096 974100 974084 950488 950240 26463344 797711 797702
797706 32 244 0 128 1 245 976980 975864 4294966956 974096 974100 974084 950488 950240 26463344 797711 797706
291380 0 244 0 128 1 245 976980 975864 4294966956 974096 974100 974084 950488 950240 26463344 797711 291380
797702 2147483680 4294967295 0 128 1 245 976984 975864 4294966956 974096 974100 974084 950488 950240 26463344 797711 797702
797706 32 245 0 128 1 246 976984 975864 4294966956 974096 974100 974084 950488 950240 26463344 797711 797706
291380 0 245 0 128 1 246 976984 975864 4294966956 974096 974100 974084 950488 950240 26463344 797711 291380
797702 2147483680 4294967295 0 128 1 246 976988 975864 4294966956 974096 974100 974084 950488 950240 26463344 797711 797702
797706 32 246 0 128 1 247 976988 975864 4294966956 974096 974100 974084 950488 950240 26463344 797711 797706
291380 0 246 0 128 1 247 976988 975864 4294966956 974096 974100 974084 950488 950240 26463344 797711 291380
797702 2147483680 4294967295 0 128 1 247 976992 975864 4294966956 974096 974100 974084 950488 950240 26463344 797711 797702
797706 32 247 0 128 1 248 976992 975864 4294966956 974096 974100 974084 950488 950240 26463344 797711 797706
291380 0 247 0 128 1 248 976992 975864 4294966956 974096 974100 974084 950488 950240 26463344 797711 291380
797702 2147483680 4294967295 0 128 1 248 976996 975864 4294966956 974096 974100 974084 950488 950240 26463344 797711 797702
797706 32 248 0 128 1 249 976996 975864 4294966956 974096 974100 974084 950488 950240 26463344 797711 797706
291380 0 248 0 128 1 249 976996 975864 4294966956 974096 974100 974084 950488 950240 26463344 797711 291380
797702 2147483680 4294967295 0 128 1 249 977000 975864 4294966956 974096 974100 974084 950488 950240 26463344 797711 797702
797706 32 249 0 128 1 250 977000 975864 4294966956 974096 974100 974084 950488 950240 26463344 797711 797706
291380 0 249 0 128 1 250 977000 975864 4294966956 974096 974100 974084 950488 950240 26463344 797711 291380
797702 2147483680 4294967295 0 128 1 250 977004 975864 4294966956 974096 974100 974084 950488 950240 26463344 797711 797702
797706 32 250 0 128 1 251 977004 975864 4294966956 974096 974100 974084 950488 950240 26463344 797711 797706
291380 0 250 0 128 1 251 977004 975864 4294966956 974096 974100 974084 950488 950240 26463344 797711 291380
797702 2147483680 4294967295 0 128 1 251 977008 975864 4294966956 974096 974100 974084 950488 950240 26463344 797711 797702
797706 32 251 0 128 1 252 977008 975864 4294966956 974096 974100 974084 950488 950240 26463344 797711 797706
291380 0 251 0 128 1 252 977008 975864 4294966956 974096 974100 974084 950488 950240 26463344 797711 291380
797702 2147483680 4294967295 0 128 1 252 977012 975864 4294966956 974096 974100 974084 950488 950240 26463344 797711 797702
797706 32 252 0 128 1 253 977012 975864 4294966956 974096 974100 974084 950488 950240 26463344 797711 797706
291380 0 252 0 128 1 253 977012 975864 4294966956 974096 974100 974084 950488 950240 26463344 797711 291380
797702 2147483680 4294967295 0 128 1 253 977016 975864 4294966956 974096 974100 974084 950488 950240 26463344 797711 797702
797706 32 253 0 128 1 254 977016 975864 4294966956 974096 974100 974084 950488 950240 26463344 797711 797706
291380 0 253 0 128 1 254 977016 975864 4294966956 974096 974100 974084 950488 950240 26463344 797711 291380
797702 2147483680 4294967295 0 128 1 254 977020 975864 4294966956 974096 974100 974084 950488 950240 26463344 797711 797702
797706 32 254 0 128 1 255 977020 975864 4294966956 974096 974100 974084 950488 950240 26463344 797711 797706
291380 0 254 0 128 1 255 977020 975864 4294966956 974096 974100 974084 950488 950240 26463344 797711 291380
797702 2147483680 4294967295 0 128 1 255 977024 975864 4294966956 974096 974100 974084 950488 950240 26463344 797711 797702
797706 32 255 0 128 1 256 977024 975864 4294966956 974096 974100 974084 950488 950240 26463344 797711 797706
291380 0 255 0 128 1 256 977024 975864 4294966956 974096 974100 974084 950488 950240 26463344 797711 291380
797720 1610612768 4294967295 0 128 1 256 977028 975864 4294966956 974096 974100 974084 950488 950240 26463344 797711 797720
797732 32 4294967295 1 128 975864 0 975864 975864 1 974096 974100 974084 950488 950240 26463344 797711 797732
797742 32 975864 1 128 975864 1 975864 975864 1 974096 974100 974084 950488 950240 26463344 797711 797742
797006 1610612768 975864 1 128 975864 1 975864 975864 1 974096 974100 974084 950488 950240 26463344 797747 797006
797010 1610612768 907076 1 128 975864 1 975864 975864 1 974096 974100 974084 950488 950240 26463344 797747 797010
831376 1610612768 907076 1 128 975864 1 975864 975864 1 974096 974100 974084 950488 950240 26463344 797747 831376
797748 2147483680 11 0 128 975864 1 975864 975864 1 974096 974100 974084 950488 950220 26463344 797747 797748
797732 32 11 2 128 975865 1 975868 975864 1 974096 974100 974084 950488 950220 26463344 797747 797732
797742 32 975864 2 128 975865 2 975868 975864 1 974096 974100 974084 950488 950220 26463344 797747 797742
796962 1610612768 975864 2 128 975865 2 975868 975864 1 974096 974100 974084 950488 950220 26463344 797747 796962
796966 1610612768 907084 2 128 975865 2 975868 975864 1 974096 974100 974084 950488 950220 26463344 797747 796966
831376 1610612768 907084 2 128 975865 2 975868 975864 1 974096 974100 974084 950488 950220 26463344 797747 831376
797748 2147483680 7 0 128 975865 2 975868 975864 1 974096 974100 974084 950488 950220 26463344 797747 797748
797732 32 7 4 128 975866 2 975872 975864 1 974096 974100 974084 950488 950220 26463344 797747 797732
797742 32 975864 4 128 975866 3 975872 975864 1 974096 974100 974084 950488 950220 26463344 797747 797742
797022 1610612768 975864 4 128 975866 3 975872 975864 1 974096 974100 974084 950488 950220 26463344 797747 797022
797026 1610612768 907100 4 128 975866 3 975872 975864 1 974096 974100 974084 950488 950220 26463344 797747 797026
831376 1610612768 907100 4 128 975866 3 975872 975864 1 974096 974100 974084 950488 950220 26463344 797747 831376
797748 2147483680 5 0 128 975866 3 975872 975864 1 974096 974100 974084 950488 950220 26463344 797747 797748
797732 32 5 8 128 975867 3 975876 975864 1 974096 974100 974084 950488 950220 26463344 797747 797732
797742 32 975864 8 128 975867 4 975876 975864 1 974096 974100 974084 950488 950220 26463344 797747 797742
797014 1610612768 975864 8 128 975867 4 975876 975864 1 974096 974100 974084 950488 950220 26463344 797747 797014
797018 1610612768 907052 8 128 975867 4 975876 975864 1 974096 974100 974084 950488 950220 26463344 797747 797018
831376 1610612768 907052 8 128 975867 4 975876 975864 1 974096 974100 974084 950488 950220 26463344 797747 831376
797748 2147483680 10 0 128 975867 4 975876 975864 1 974096 974100 974084 950488 950220 26463344 797747 797748
797732 32 10 16 128 975868 4 975880 975864 1 974096 974100 974084 950488 950220 26463344 797747 797732
797742 32 975864 16 128 975868 5 975880 975864 1 974096 974100 974084 950488 950220 26463344 797747 797742
797038 1610612768 975864 16 128 975868 5 975880 975864 1 974096 974100 974084 950488 950220 26463344 797747 797038
797042 1610612768 907108 16 128 975868 5 975880 975864 1 974096 974100 974084 950488 950220 26463344 797747 797042
831376 1610612768 907108 16 128 975868 5 975880 975864 1 974096 974100 974084 950488 950220 26463344 797747 831376
797748 2147483680 9 0 128 975868 5 975880 975864 1 974096 974100 974084 950488 950220 26463344 797747 797748
797732 32 9 32 128 975869 5 975884 975864 1 974096 974100 974084 950488 950220 26463344 797747 797732
797742 32 975864 32 128 975869 6 975884 975864 1 974096 974100 974084 950488 950220 26463344 797747 797742
797030 1610612768 975864 32 128 975869 6 975884 975864 1 974096 974100 974084 950488 950220 26463344 797747 797030
797034 1610612768 907068 32 128 975869 6 975884 975864 1 974096 974100 974084 950488 950220 26463344 797747 797034
831376 1610612768 907068 32 128 975869 6 975884 975864 1 974096 974100 974084 950488 950220 26463344 797747 831376
797748 2147483680 4 0 128 975869 6 975884 975864 1 974096 974100 974084 950488 950220 26463344 797747 797748
797732 32 4 64 128 975870 6 975888 975864 1 974096 974100 974084 950488 950220 26463344 797747 797732
797742 32 975864 64 128 975870 7 975888 975864 1 974096 974100 974084 950488 950220 26463344 797747 797742
797002 2147483680 975864 64 128 975870 7 975888 975864 1 974096 974100 974084 950488 950220 26463344 797747 797002
797748 2147483680 0 64 128 975870 7 975888 975864 1 974096 974100 974084 950488 950220 26463344 797747 797748
797732 32 0 128 128 975871 7 975892 975864 1 974096 974100 974084 950488 950220 26463344 797747 797732
797742 32 975864 128 128 975871 8 975892 975864 1 974096 974100 974084 950488 950220 26463344 797747 797742
797002 2147483680 975864 128 128 975871 8 975892 975864 1 974096 974100 974084 950488 950220 26463344 797747 797002
797748 2147483680 0 128 128 975871 8 975892 975864 1 974096 974100 974084 950488 950220 26463344 797747 797748
797732 32 0 256 128 975872 8 975896 975864 1 974096 974100 974084 950488 950220 26463344 797747 797732
797742 32 975864 0 128 975872 9 975896 975864 1 974096 974100 974084 950488 950220 26463344 797747 797742
797002 2147483680 975864 0 128 975872 9 975896 975864 1 974096 974100 974084 950488 950220 26463344 797747 797002
797748 2147483680 0 0 128 975872 9 975896 975864 1 974096 974100 974084 950488 950220 26463344 797747 797748
797732 32 0 512 128 975873 9 975900 975864 1 974096 974100 974084 950488 950220 26463344 797747 797732
797742 32 975864 0 128 975873 10 975900 975864 1 974096 974100 974084 950488 950220 26463344 797747 797742
797002 2147483680 975864 0 128 975873 10 975900 975864 1 974096 974100 974084 950488 950220 26463344 797747 797002
797748 2147483680 0 0 128 975873 10 975900 975864 1 974096 974100 974084 950488 950220 26463344 797747 797748
797732 32 0 1024 128 975874 10 975904 975864 1 974096 974100 974084 950488 950220 26463344 797747 797732
797742 32 975864 0 128 975874 11 975904 975864 1 974096 974100 974084 950488 950220 26463344 797747 797742
797002 2147483680 975864 0 128 975874 11 975904 975864 1 974096 974100 974084 950488 950220 26463344 797747 797002
797748 2147483680 0 0 128 975874 11 975904 975864 1 974096 974100 974084 950488 950220 26463344 797747 797748
797732 32 0 2048 128 975875 11 975908 975864 1 974096 974100 974084 950488 950220 26463344 797747 797732
797742 32 975864 0 128 975875 12 975908 975864 1 974096 974100 974084 950488 950220 26463344 797747 797742
797002 2147483680 975864 0 128 975875 12 975908 975864 1 974096 974100 974084 950488 950220 26463344 797747 797002
797748 2147483680 0 0 128 975875 12 975908 975864 1 974096 974100 974084 950488 950220 26463344 797747 797748
797732 32 0 4096 128 975876 12 975912 975864 1 974096 974100 974084 950488 950220 26463344 797747 797732
797742 32 975864 0 128 975876 13 975912 975864 1 974096 974100 974084 950488 950220 26463344 797747 797742
797002 2147483680 975864 0 128 975876 13 975912 975864 1 974096 974100 974084 950488 950220 26463344 797747 797002
797748 2147483680 0 0 128 975876 13 975912 975864 1 974096 974100 974084 950488 950220 26463344 797747 797748
797732 32 0 8192 128 975877 13 975916 975864 1 974096 974100 974084 950488 950220 26463344 797747 797732
797742 32 975864 0 128 975877 14 975916 975864 1 974096 974100 974084 950488 950220 26463344 797747 797742
797002 2147483680 975864 0 128 975877 14 975916 975864 1 974096 974100 974084 950488 950220 26463344 797747 797002
797748 2147483680 0 0 128 975877 14 975916 975864 1 974096 974100 974084 950488 950220 26463344 797747 797748
797732 32 0 16384 128 975878 14 975920 975864 1 974096 974100 974084 950488 950220 26463344 797747 797732
797742 32 975864 0 128 975878 15 975920 975864 1 974096 974100 974084 950488 950220 26463344 797747 797742
797002 2147483680 975864 0 128 975878 15 975920 975864 1 974096 974100 974084 950488 950220 26463344 797747 797002
797748 2147483680 0 0 128 975878 15 975920 975864 1 974096 974100 974084 950488 950220 26463344 797747 797748
797732 32 0 32768 128 975879 15 975924 975864 1 974096 974100 974084 950488 950220 26463344 797747 797732
797742 32 975864 0 128 975879 16 975924 975864 1 974096 974100 974084 950488 950220 26463344 797747 797742
797002 2147483680 975864 0 128 975879 16 975924 975864 1 974096 974100 974084 950488 950220 26463344 797747 797002
797748 1610612768 0 0 128 975879 16 975924 975864 1 974096 974100 974084 950488 950220 26463344 797747 797748
797758 1610612768 0 0 128 975879 16 975928 975864 1 974096 974100 974084 950488 950220 26463344 797747 797758
690106 1610612768 975864 0 128 977520 974152 949572 974244 4294966956 974096 974100 974084 950488 950220 26463384 797747 690106
690120 1610612768 974152 977648 975864 4294966964 974152 949572 974244 4294966956 974096 974100 974084 950488 950220 26463384 797747 690120
701340 1610612768 974152 977648 975864 4294966964 974152 949572 974244 4294966956 974096 974100 974084 950488 950220 26463384 690125 701340
701354 536870944 974152 977648 975864 4294966964 974152 974152 974244 4294966956 975864 974100 974084 950488 950220 26463352 690125 701354
701280 536870944 977648 977648 975864 4294966964 974152 974152 974244 4294966956 975864 974100 974084 950488 950220 26463352 701361 701280
701296 536870944 977648 977648 975864 0 974152 974152 974244 4294966956 975864 974100 974084 950488 950220 26463348 701361 701296
701330 32 977648 15 977652 15 974152 974152 974244 4294966956 975864 974100 974084 950488 950220 26463352 701361 701330
701334 536870944 14 15 977652 15 974152 974152 974244 4294966956 975864 974100 974084 950488 950220 26463352 701361 701334
701360 536870944 14 15 977652 15 974152 974152 974244 4294966956 975864 974100 974084 950488 950220 26463352 701361 701360
701366 2147483680 14 15 977652 27 974152 974152 974244 4294966956 975864 974100 974084 950488 950220 26463352 701361 701366
701550 2147483680 14 15 977652 27 974152 974152 14 4294966956 975864 974100 974084 950488 950220 26463352 701361 701550
701576 1610612768 14 2 0 975868 974152 974152 14 4294966956 975864 974100 974084 950488 950220 26463352 701361 701576
701582 1610612768 0 2 0 975868 975440 974152 14 4294966956 975864 974100 974084 950488 950220 26463352 701361 701582
701614 1610612768 0 2 0 975868 975440 974152 14 4294966956 975864 974100 974084 950488 950220 26463352 701361 701614
701620 1610612768 0 2 28 975868 975440 974152 14 4294966956 975864 974100 974084 950488 950220 26463352 701361 701620
701622 1610612768 0 2 28 975868 975440 974152 14 4294966956 975864 974100 974084 950488 950220 26463352 701361 701622
701640 1610612768 0 2 28 975868 0 974152 14 0 975864 974100 974084 950488 950220 26463352 701361 701640
701640 536870944 0 2 28 977520 1 974152 0 0 975864 974100 974084 950488 950220 26463352 701361 701640
701640 536870944 0 2 28 977520 2 974152 4 0 975864 974100 974084 950488 950220 26463352 701361 701640
701640 536870944 0 2 28 977520 3 974152 8 0 975864 974100 974084 950488 950220 26463352 701361 701640
701640 536870944 0 2 28 977520 4 974152 12 0 975864 974100 974084 950488 950220 26463352 701361 701640
701640 536870944 0 2 28 977520 5 974152 16 0 975864 974100 974084 950488 950220 26463352 701361 701640
701640 536870944 0 2 28 977520 6 974152 20 0 975864 974100 974084 950488 950220 26463352 701361 701640
701640 536870944 0 2 28 977520 7 974152 24 0 975864 974100 974084 950488 950220 26463352 701361 701640
701640 536870944 0 2 28 977520 8 974152 28 0 975864 974100 974084 950488 950220 26463352 701361 701640
701640 536870944 0 2 28 977520 9 974152 32 0 975864 974100 974084 950488 950220 26463352 701361 701640
701640 536870944 0 2 28 977520 10 974152 36 0 975864 974100 974084 950488 950220 26463352 701361 701640
701640 536870944 0 2 28 977520 11 974152 40 0 975864 974100 974084 950488 950220 26463352 701361 701640
701640 536870944 0 2 28 977520 12 974152 44 0 975864 974100 974084 950488 950220 26463352 701361 701640
701640 536870944 0 2 28 977520 13 974152 48 0 975864 974100 974084 950488 950220 26463352 701361 701640
701640 536870944 0 2 28 977520 14 974152 52 0 975864 974100 974084 950488 950220 26463352 701361 701640
701640 536870944 0 2 28 977520 15 974152 56 0 975864 974100 974084 950488 950220 26463352 701361 701640
701640 536870944 0 2 28 977520 16 974152 60 0 975864 974100 974084 950488 950220 26463352 701361 701640
701640 536870944 0 2 28 977520 17 974152 64 0 975864 974100 974084 950488 950220 26463352 701361 701640
701640 536870944 0 2 28 977520 18 974152 68 0 975864 974100 974084 950488 950220 26463352 701361 701640
701640 536870944 0 2 28 977520 19 974152 72 0 975864 974100 974084 950488 950220 26463352 701361 701640
701640 536870944 0 2 28 977520 20 974152 76 0 975864 974100 974084 950488 950220 26463352 701361 701640
701640 536870944 0 2 28 977520 21 974152 80 0 975864 974100 974084 950488 950220 26463352 701361 701640
701640 536870944 0 2 28 977520 22 974152 84 0 975864 974100 974084 950488 950220 26463352 701361 701640
701640 536870944 0 2 28 977520 23 974152 88 0 975864 974100 974084 950488 950220 26463352 701361 701640
701640 536870944 0 2 28 977520 24 974152 92 0 975864 974100 974084 950488 950220 26463352 701361 701640
701640 536870944 0 2 28 977520 25 974152 96 0 975864 974100 974084 950488 950220 26463352 701361 701640
701640 536870944 0 2 28 977520 26 974152 100 0 975864 974100 974084 950488 950220 26463352 701361 701640
701640 536870944 0 2 28 977520 27 974152 104 0 975864 974100 974084 950488 950220 26463352 701361 701640
701694 1610612768 0 2 28 977520 28 974152 108 0 975864 974100 974084 950488 950220 26463352 701361 701694
690124 1610612768 0 2 28 977520 974152 949572 974244 4294966956 974096 974100 974084 950488 950220 26463384 701361 690124
690132 536870944 977320 1 28 977520 974152 949572 974244 4294966956 974096 974100 974084 950488 950220 26463384 701361 690132
655352 536870944 977320 1 28 977520 974152 949572 974244 4294966956 974096 974100 974084 950488 950220 26463384 690137 655352
655356 32 977320 1 28 977520 974152 949572 974244 4294966956 974096 974100 974084 950488 950220 26463368 690137 655356
700360 32 977320 1 28 941912 977320 944712 974244 4294966956 974096 974100 974084 950488 950220 26463368 655383 700360
700370 32 977680 699485 28 941912 977320 944712 974244 4294966956 974096 974100 974084 950488 950220 26463360 655383 700370
290972 0 977680 699485 28 941912 977320 944712 974244 4294966956 974096 974100 974084 950488 950220 26463360 700375 290972
700374 32 0 0 28 941912 977320 944712 974244 4294966956 974096 974100 974084 950488 950104 26463360 700375 700374
700378 32 0 0 28 977660 977320 944712 974244 4294966956 974096 974100 974084 950488 950104 26463360 700375 700378
690136 32 977320 0 28 977520 974152 949572 974244 4294966956 974096 974100 974084 950488 950104 26463384 700375 690136
690150 32 974152 974108 977320 4294966968 974152 949572 974244 4294966956 974096 974100 974084 950488 950104 26463384 700375 690150
701340 32 974152 974108 977320 4294966968 974152 949572 974244 4294966956 974096 974100 974084 950488 950104 26463384 690155 701340
701354 536870944 974152 974108 977320 4294966968 974152 974152 974244 4294966956 977320 974100 974084 950488 950104 26463352 690155 701354
701280 536870944 974108 974108 977320 4294966968 974152 974152 974244 4294966956 977320 974100 974084 950488 950104 26463352 701361 701280
701296 536870944 974108 974108 977320 0 974152 974152 974244 4294966956 977320 974100 974084 950488 950104 26463348 701361 701296
701330 32 974108 16 977652 16 974152 974152 974244 4294966956 977320 974100 974084 950488 950104 26463352 701361 701330
701334 536870944 15 16 977652 16 974152 974152 974244 4294966956 977320 974100 974084 950488 950104 26463352 701361 701334
701360 536870944 15 16 977652 16 974152 974152 974244 4294966956 977320 974100 974084 950488 950104 26463352 701361 701360
701366 2147483680 15 16 977652 27 974152 974152 974244 4294966956 977320 974100 974084 950488 950104 26463352 701361 701366
701550 2147483680 15 16 977652 27 974152 974152 15 4294966956 977320 974100 974084 950488 950104 26463352 701361 701550
701576 1610612768 15 2 0 977324 974152 974152 15 4294966956 977320 974100 974084 950488 950104 26463352 701361 701576
701582 1610612768 0 2 0 977324 975440 974152 15 4294966956 977320 974100 974084 950488 950104 26463352 701361 701582
701614 1610612768 0 2 0 977324 975440 974152 15 4294966956 977320 974100 974084 950488 950104 26463352 701361 701614
701620 1610612768 0 2 28 977324 975440 974152 15 4294966956 977320 974100 974084 950488 950104 26463352 701361 701620
701622 1610612768 0 2 28 977324 975440 974152 15 4294966956 977320 974100 974084 950488 950104 26463352 701361 701622
701640 1610612768 0 2 28 977324 0 974152 15 0 977320 974100 974084 950488 950104 26463352 701361 701640
701640 536870944 0 2 28 977520 1 974152 0 0 977320 974100 974084 950488 950104 26463352 701361 701640
701640 536870944 0 2 28 977520 2 974152 4 0 977320 974100 974084 950488 950104 26463352 701361 701640
701640 536870944 0 2 28 977520 3 974152 8 0 977320 974100 974084 950488 950104 26463352 701361 701640
701640 536870944 0 2 28 977520 4 974152 12 0 977320 974100 974084 950488 950104 26463352 701361 701640
701640 536870944 0 2 28 977520 5 974152 16 0 977320 974100 974084 950488 950104 26463352 701361 701640
701640 536870944 0 2 28 977520 6 974152 20 0 977320 974100 974084 950488 950104 26463352 701361 701640
701640 536870944 0 2 28 977520 7 974152 24 0 977320 974100 974084 950488 950104 26463352 701361 701640
701640 536870944 0 2 28 977520 8 974152 28 0 977320 974100 974084 950488 950104 26463352 701361 701640
701640 536870944 0 2 28 977520 9 974152 32 0 977320 974100 974084 950488 950104 26463352 701361 701640
701640 536870944 0 2 28 977520 10 974152 36 0 977320 974100 974084 950488 950104 26463352 701361 701640
701640 536870944 0 2 28 977520 11 974152 40 0 977320 974100 974084 950488 950104 26463352 701361 701640
701640 536870944 0 2 28 977520 12 974152 44 0 977320 974100 974084 950488 950104 26463352 701361 701640
701640 536870944 0 2 28 977520 13 974152 48 0 977320 974100 974084 950488 950104 26463352 701361 701640
701640 536870944 0 2 28 977520 14 974152 52 0 977320 974100 974084 950488 950104 26463352 701361 701640
701640 536870944 0 2 28 977520 15 974152 56 0 977320 974100 974084 950488 950104 26463352 701361 701640
701640 536870944 0 2 28 977520 16 974152 60 0 977320 974100 974084 950488 950104 26463352 701361 701640
701640 536870944 0 2 28 977520 17 974152 64 0 977320 974100 974084 950488 950104 26463352 701361 701640
701640 536870944 0 2 28 977520 18 974152 68 0 977320 974100 974084 950488 950104 26463352 701361 701640
701640 536870944 0 2 28 977520 19 974152 72 0 977320 974100 974084 950488 950104 26463352 701361 701640
701640 536870944 0 2 28 977520 20 974152 76 0 977320 974100 974084 950488 950104 26463352 701361 701640
701640 536870944 0 2 28 977520 21 974152 80 0 977320 974100 974084 950488 950104 26463352 701361 701640
701640 536870944 0 2 28 977520 22 974152 84 0 977320 974100 974084 950488 950104 26463352 701361 701640
701640 536870944 0 2 28 977520 23 974152 88 0 977320 974100 974084 950488 950104 26463352 701361 701640
701640 536870944 0 2 28 977520 24 974152 92 0 977320 974100 974084 950488 950104 26463352 701361 701640
701640 536870944 0 2 28 977520 25 974152 96 0 977320 974100 974084 950488 950104 26463352 701361 701640
701640 536870944 0 2 28 977520 26 974152 100 0 977320 974100 974084 950488 950104 26463352 701361 701640
701640 536870944 0 2 28 977520 27 974152 104 0 977320 974100 974084 950488 950104 26463352 701361 701640
701694 1610612768 0 2 28 977520 28 974152 108 0 977320 974100 974084 950488 950104 26463352 701361 701694
690154 1610612768 0 2 28 977520 974152 949572 974244 4294966956 974096 974100 974084 950488 950104 26463384 701361 690154
690168 1610612768 0 2 4294966972 974600 974152 949572 1 0 974096 974100 974084 950488 950104 26463384 701361 690168
690188 1610612768 0 0 945160 974600 974152 949572 1 0 974096 974100 974084 4294966976 950104 26463384 974188 690188
690230 32 974188 0 944352 974600 974152 949572 1 0 974096 974100 974084 4294966976 950104 26463384 974188 690230
795184 32 974188 0 944352 974600 974152 949572 1 0 974096 974100 974084 4294966976 950104 26463384 690235 795184
795194 536870944 974188 0 944352 974600 974600 974188 1 0 974096 974100 974084 4294966976 950104 26463360 690235 795194
795204 1610612768 949104 0 974600 974600 974600 974188 1 98004 974096 974100 974084 4294966976 950104 26463360 690235 795204
795212 1610612768 950368 0 974600 0 974600 974188 1 893216 974096 974100 974084 4294966976 950104 26463360 690235 795212
795240 1610612768 906916 70 974784 36 974600 44 46 893216 974096 974100 974084 4294966976 950104 26463360 690235 795240
795250 1610612768 906916 949108 974784 0 974600 44 46 893216 974096 974100 974084 4294966976 950104 26463360 690235 795250
795266 1610612768 906956 70 974888 26 974600 44 46 893216 974096 974100 974084 4294966976 950104 26463360 690235 795266
795286 536870944 4 920908 920928 5 974600 44 46 893216 974096 974100 974084 4294966976 950104 26463360 690235 795286
690234 536870944 4 920908 920928 974600 974152 949572 1 0 974096 974100 974084 4294966976 950104 26463384 690235 690234
690248 536870944 974152 920908 974188 977760 974152 949572 1 0 974096 974100 974084 4294966976 950104 26463384 690235 690248
690252 536870944 974152 977760 974188 977760 974152 949572 1 0 974096 974100 974084 4294966976 950104 26463384 690235 690252
701340 536870944 974152 977760 974188 977760 974152 949572 1 0 974096 974100 974084 4294966976 950104 26463384 690257 701340
701354 536870944 974152 977760 974188 977760 974152 974152 1 0 974188 974100 974084 4294966976 950104 26463352 690257 701354
701280 536870944 977760 977760 974188 977760 974152 974152 1 0 974188 974100 974084 4294966976 950104 26463352 701361 701280
701296 536870944 977760 977760 974188 0 974152 974152 1 0 974188 974100 974084 4294966976 950104 26463348 701361 701296
701330 32 977760 17 977652 17 974152 974152 1 0 974188 974100 974084 4294966976 950104 26463352 701361 701330
701334 536870944 16 17 977652 17 974152 974152 1 0 974188 974100 974084 4294966976 950104 26463352 701361 701334
701360 536870944 16 17 977652 17 974152 974152 1 0 974188 974100 974084 4294966976 950104 26463352 701361 701360
701366 2147483680 16 17 977652 27 974152 974152 1 0 974188 974100 974084 4294966976 950104 26463352 701361 701366
701550 2147483680 16 17 977652 27 974152 974152 16 0 974188 974100 974084 4294966976 950104 26463352 701361 701550
701576 1610612768 16 2 0 974192 974152 974152 16 0 974188 974100 974084 4294966976 950104 26463352 701361 701576
701582 1610612768 0 2 0 974192 975440 974152 16 0 974188 974100 974084 4294966976 950104 26463352 701361 701582
701614 1610612768 0 2 0 974192 975440 974152 16 0 974188 974100 974084 4294966976 950104 26463352 701361 701614
701620 1610612768 0 2 28 974192 975440 974152 16 0 974188 974100 974084 4294966976 950104 26463352 701361 701620
701622 1610612768 0 2 28 974192 975440 974152 16 0 974188 974100 974084 4294966976 950104 26463352 701361 701622
701640 1610612768 0 2 28 974192 0 974152 16 0 974188 974100 974084 4294966976 950104 26463352 701361 701640
701640 536870944 0 2 28 977520 1 974152 0 0 974188 974100 974084 4294966976 950104 26463352 701361 701640
701640 536870944 0 2 28 977520 2 974152 4 0 974188 974100 974084 4294966976 950104 26463352 701361 701640
701640 536870944 0 2 28 977520 3 974152 8 0 974188 974100 974084 4294966976 950104 26463352 701361 701640
701640 536870944 0 2 28 977520 4 974152 12 0 974188 974100 974084 4294966976 950104 26463352 701361 701640
701640 536870944 0 2 28 977520 5 974152 16 0 974188 974100 974084 4294966976 950104 26463352 701361 701640
701640 536870944 0 2 28 977520 6 974152 20 0 974188 974100 974084 4294966976 950104 26463352 701361 701640
701640 536870944 0 2 28 977520 7 974152 24 0 974188 974100 974084 4294966976 950104 26463352 701361 701640
701640 536870944 0 2 28 977520 8 974152 28 0 974188 974100 974084 4294966976 950104 26463352 701361 701640
701640 536870944 0 2 28 977520 9 974152 32 0 974188 974100 974084 4294966976 950104 26463352 701361 701640
701640 536870944 0 2 28 977520 10 974152 36 0 974188 974100 974084 4294966976 950104 26463352 701361 701640
701640 536870944 0 2 28 977520 11 974152 40 0 974188 974100 974084 4294966976 950104 26463352 701361 701640
701640 536870944 0 2 28 977520 12 974152 44 0 974188 974100 974084 4294966976 950104 26463352 701361 701640
701640 536870944 0 2 28 977520 13 974152 48 0 974188 974100 974084 4294966976 950104 26463352 701361 701640
701640 536870944 0 2 28 977520 14 974152 52 0 974188 974100 974084 4294966976 950104 26463352 701361 701640
701640 536870944 0 2 28 977520 15 974152 56 0 974188 974100 974084 4294966976 950104 26463352 701361 701640
701640 536870944 0 2 28 977520 16 974152 60 0 974188 974100 974084 4294966976 950104 26463352 701361 701640
701640 536870944 0 2 28 977520 17 974152 64 0 974188 974100 974084 4294966976 950104 26463352 701361 701640
701640 536870944 0 2 28 977520 18 974152 68 0 974188 974100 974084 4294966976 950104 26463352 701361 701640
701640 536870944 0 2 28 977520 19 974152 72 0 974188 974100 974084 4294966976 950104 26463352 701361 701640
701640 536870944 0 2 28 977520 20 974152 76 0 974188 974100 974084 4294966976 950104 26463352 701361 701640
701640 536870944 0 2 28 977520 21 974152 80 0 974188 974100 974084 4294966976 950104 26463352 701361 701640
701640 536870944 0 2 28 977520 22 974152 84 0 974188 974100 974084 4294966976 950104 26463352 701361 701640
701640 536870944 0 2 28 977520 23 974152 88 0 974188 974100 974084 4294966976 950104 26463352 701361 701640
701640 536870944 0 2 28 977520 24 974152 92 0 974188 974100 974084 4294966976 950104 26463352 701361 701640
701640 536870944 0 2 28 977520 25 974152 96 0 974188 974100 974084 4294966976 950104 26463352 701361 701640
701640 536870944 0 2 28 977520 26 974152 100 0 974188 974100 974084 4294966976 950104 26463352 701361 701640
701640 536870944 0 2 28 977520 27 974152 104 0 974188 974100 974084 4294966976 950104 26463352 701361 701640
701694 1610612768 0 2 28 977520 28 974152 108 0 974188 974100 974084 4294966976 950104 26463352 701361 701694
690256 1610612768 0 2 28 977520 974152 949572 1 0 974096 974100 974084 4294966976 950104 26463384 701361 690256
690270 536870944 974152 4294966984 1 975580 974152 949572 1 0 974096 974100 974084 4294966976 950104 26463384 701361 690270
690276 536870944 974152 4294966984 1 975580 974152 949572 1 4294966988 974096 974100 974084 4294966976 950104 26463384 701361 690276
690286 32 974152 977756 975580 975580 974152 949572 1 4294966988 974096 974100 974084 4294966976 950104 26463384 701361 690286
701340 32 974152 977756 975580 975580 974152 949572 1 4294966988 974096 974100 974084 4294966976 950104 26463384 690291 701340
701354 536870944 974152 977756 975580 975580 974152 974152 1 4294966988 975580 974100 974084 4294966976 950104 26463352 690291 701354
701280 536870944 977756 977756 975580 975580 974152 974152 1 4294966988 975580 974100 974084 4294966976 950104 26463352 701361 701280
701296 536870944 977756 977756 975580 0 974152 974152 1 4294966988 975580 974100 974084 4294966976 950104 26463348 701361 701296
701330 32 977756 18 977652 18 974152 974152 1 4294966988 975580 974100 974084 4294966976 950104 26463352 701361 701330
701334 536870944 17 18 977652 18 974152 974152 1 4294966988 975580 974100 974084 4294966976 950104 26463352 701361 701334
701360 536870944 17 18 977652 18 974152 974152 1 4294966988 975580 974100 974084 4294966976 950104 26463352 701361 701360
701366 2147483680 17 18 977652 27 974152 974152 1 4294966988 975580 974100 974084 4294966976 950104 26463352 701361 701366
701550 2147483680 17 18 977652 27 974152 974152 17 4294966988 975580 974100 974084 4294966976 950104 26463352 701361 701550
701576 1610612768 17 2 0 975584 974152 974152 17 4294966988 975580 974100 974084 4294966976 950104 26463352 701361 701576
701582 1610612768 0 2 0 975584 975440 974152 17 4294966988 975580 974100 974084 4294966976 950104 26463352 701361 701582
701614 1610612768 0 2 0 975584 975440 974152 17 4294966988 975580 974100 974084 4294966976 950104 26463352 701361 701614
701620 1610612768 0 2 28 975584 975440 974152 17 4294966988 975580 974100 974084 4294966976 950104 26463352 701361 701620
701622 1610612768 0 2 28 975584 975440 974152 17 4294966988 975580 974100 974084 4294966976 950104 26463352 701361 701622
701640 1610612768 0 2 28 975584 0 974152 17 0 975580 974100 974084 4294966976 950104 26463352 701361 701640
701640 536870944 0 2 28 977520 1 974152 0 0 975580 974100 974084 4294966976 950104 26463352 701361 701640
701640 536870944 0 2 28 977520 2 974152 4 0 975580 974100 974084 4294966976 950104 26463352 701361 701640
701640 536870944 0 2 28 977520 3 974152 8 0 975580 974100 974084 4294966976 950104 26463352 701361 701640
701640 536870944 0 2 28 977520 4 974152 12 0 975580 974100 974084 4294966976 950104 26463352 701361 701640
701640 536870944 0 2 28 977520 5 974152 16 0 975580 974100 974084 4294966976 950104 26463352 701361 701640
701640 536870944 0 2 28 977520 6 974152 20 0 975580 974100 974084 4294966976 950104 26463352 701361 701640
701640 536870944 0 2 28 977520 7 974152 24 0 975580 974100 974084 4294966976 950104 26463352 701361 701640
701640 536870944 0 2 28 977520 8 974152 28 0 975580 974100 974084 4294966976 950104 26463352 701361 701640
701640 536870944 0 2 28 977520 9 974152 32 0 975580 974100 974084 4294966976 950104 26463352 701361 701640
701640 536870944 0 2 28 977520 10 974152 36 0 975580 974100 974084 4294966976 950104 26463352 701361 701640
701640 536870944 0 2 28 977520 11 974152 40 0 975580 974100 974084 4294966976 950104 26463352 701361 701640
701640 536870944 0 2 28 977520 12 974152 44 0 975580 974100 974084 4294966976 950104 26463352 701361 701640
701640 536870944 0 2 28 977520 13 974152 48 0 975580 974100 974084 4294966976 950104 26463352 701361 701640
701640 536870944 0 2 28 977520 14 974152 52 0 975580 974100 974084 4294966976 950104 26463352 701361 701640
701640 536870944 0 2 28 977520 15 974152 56 0 975580 974100 974084 4294966976 950104 26463352 701361 701640
701640 536870944 0 2 28 977520 16 974152 60 0 975580 974100 974084 4294966976 950104 26463352 701361 701640
701640 536870944 0 2 28 977520 17 974152 64 0 975580 974100 974084 4294966976 950104 26463352 701361 701640
701640 536870944 0 2 28 977520 18 974152 68 0 975580 974100 974084 4294966976 950104 26463352 701361 701640
701640 536870944 0 2 28 977520 19 974152 72 0 975580 974100 974084 4294966976 950104 26463352 701361 701640
701640 536870944 0 2 28 977520 20 974152 76 0 975580 974100 974084 4294966976 950104 26463352 701361 701640
701640 536870944 0 2 28 977520 21 974152 80 0 975580 974100 974084 4294966976 950104 26463352 701361 701640
701640 536870944 0 2 28 977520 22 974152 84 0 975580 974100 974084 4294966976 950104 26463352 701361 701640
701640 536870944 0 2 28 977520 23 974152 88 0 975580 974100 974084 4294966976 950104 26463352 701361 701640
701640 536870944 0 2 28 977520 24 974152 92 0 975580 974100 974084 4294966976 950104 26463352 701361 701640
701640 536870944 0 2 28 977520 25 974152 96 0 975580 974100 974084 4294966976 950104 26463352 701361 701640
701640 536870944 0 2 28 977520 26 974152 100 0 975580 974100 974084 4294966976 950104 26463352 701361 701640
701640 536870944 0 2 28 977520 27 974152 104 0 975580 974100 974084 4294966976 950104 26463352 701361 701640
701694 1610612768 0 2 28 977520 28 974152 108 0 975580 974100 974084 4294966976 950104 26463352 701361 701694
690290 1610612768 0 2 28 977520 974152 949572 1 4294966988 974096 974100 974084 4294966976 950104 26463384 701361 690290
690304 536870944 974152 4294966992 1 974236 974152 949572 1 4294966988 974096 974100 974084 4294966976 950104 26463384 701361 690304
690310 536870944 974152 4294966992 1 974236 974152 949572 1 4294966996 974096 974100 974084 4294966976 950104 26463384 701361 690310
690320 32 974152 977752 974236 974236 974152 949572 1 4294966996 974096 974100 974084 4294966976 950104 26463384 701361 690320
701340 32 974152 977752 974236 974236 974152 949572 1 4294966996 974096 974100 974084 4294966976 950104 26463384 690325 701340
701354 536870944 974152 977752 974236 974236 974152 974152 1 4294966996 974236 974100 974084 4294966976 950104 26463352 690325 701354
701280 536870944 977752 977752 974236 974236 974152 974152 1 4294966996 974236 974100 974084 4294966976 950104 26463352 701361 701280
701296 536870944 977752 977752 974236 0 974152 974152 1 4294966996 974236 974100 974084 4294966976 950104 26463348 701361 701296
701330 32 977752 19 977652 19 974152 974152 1 4294966996 974236 974100 974084 4294966976 950104 26463352 701361 701330
701334 536870944 18 19 977652 19 974152 974152 1 4294966996 974236 974100 974084 4294966976 950104 26463352 701361 701334
701360 536870944 18 19 977652 19 974152 974152 1 4294966996 974236 974100 974084 4294966976 950104 26463352 701361 701360
701366 2147483680 18 19 977652 27 974152 974152 1 4294966996 974236 974100 974084 4294966976 950104 26463352 701361 701366
701550 2147483680 18 19 977652 27 974152 974152 18 4294966996 974236 974100 974084 4294966976 950104 26463352 701361 701550
701576 1610612768 18 2 0 974240 974152 974152 18 4294966996 974236 974100 974084 4294966976 950104 26463352 701361 701576
701582 1610612768 0 2 0 974240 975440 974152 18 4294966996 974236 974100 974084 4294966976 950104 26463352 701361 701582
701614 1610612768 0 2 0 974240 975440 974152 18 4294966996 974236 974100 974084 4294966976 950104 26463352 701361 701614
701620 1610612768 0 2 28 974240 975440 974152 18 4294966996 974236 974100 974084 4294966976 950104 26463352 701361 701620
701622 1610612768 0 2 28 974240 975440 974152 18 4294966996 974236 974100 974084 4294966976 950104 26463352 701361 701622
701640 1610612768 0 2 28 974240 0 974152 18 0 974236 974100 974084 4294966976 950104 26463352 701361 701640
701640 536870944 0 2 28 977520 1 974152 0 0 974236 974100 974084 4294966976 950104 26463352 701361 701640
701640 536870944 0 2 28 977520 2 974152 4 0 974236 974100 974084 4294966976 950104 26463352 701361 701640
701640 536870944 0 2 28 977520 3 974152 8 0 974236 974100 974084 4294966976 950104 26463352 701361 701640
701640 536870944 0 2 28 977520 4 974152 12 0 974236 974100 974084 4294966976 950104 26463352 701361 701640
701640 536870944 0 2 28 977520 5 974152 16 0 974236 974100 974084 4294966976 950104 26463352 701361 701640
701640 536870944 0 2 28 977520 6 974152 20 0 974236 974100 974084 4294966976 950104 26463352 701361 701640
701640 536870944 0 2 28 977520 7 974152 24 0 974236 974100 974084 4294966976 950104 26463352 701361 701640
701640 536870944 0 2 28 977520 8 974152 28 0 974236 974100 974084 4294966976 950104 26463352 701361 701640
701640 536870944 0 2 28 977520 9 974152 32 0 974236 974100 974084 4294966976 950104 26463352 701361 701640
701640 536870944 0 2 28 977520 10 974152 36 0 974236 974100 974084 4294966976 950104 26463352 701361 701640
701640 536870944 0 2 28 977520 11 974152 40 0 974236 974100 974084 4294966976 950104 26463352 701361 701640
701640 536870944 0 2 28 977520 12 974152 44 0 974236 974100 974084 4294966976 950104 26463352 701361 701640
701640 536870944 0 2 28 977520 13 974152 48 0 974236 974100 974084 4294966976 950104 26463352 701361 701640
701640 536870944 0 2 28 977520 14 974152 52 0 974236 974100 974084 4294966976 950104 26463352 701361 701640
701640 536870944 0 2 28 977520 15 974152 56 0 974236 974100 974084 4294966976 950104 26463352 701361 701640
701640 536870944 0 2 28 977520 16 974152 60 0 974236 974100 974084 4294966976 950104 26463352 701361 701640
701640 536870944 0 2 28 977520 17 974152 64 0 974236 974100 974084 4294966976 950104 26463352 701361 701640
701640 536870944 0 2 28 977520 18 974152 68 0 974236 974100 974084 4294966976 950104 26463352 701361 701640
701640 536870944 0 2 28 977520 19 974152 72 0 974236 974100 974084 4294966976 950104 26463352 701361 701640
701640 536870944 0 2 28 977520 20 974152 76 0 974236 974100 974084 4294966976 950104 26463352 701361 701640
701640 536870944 0 2 28 977520 21 974152 80 0 974236 974100 974084 4294966976 950104 26463352 701361 701640
701640 536870944 0 2 28 977520 22 974152 84 0 974236 974100 974084 4294966976 950104 26463352 701361 701640
701640 536870944 0 2 28 977520 23 974152 88 0 974236 974100 974084 4294966976 950104 26463352 701361 701640
701640 536870944 0 2 28 977520 24 974152 92 0 974236 974100 974084 4294966976 950104 26463352 701361 701640
701640 536870944 0 2 28 977520 25 974152 96 0 974236 974100 974084 4294966976 950104 26463352 701361 701640
701640 536870944 0 2 28 977520 26 974152 100 0 974236 974100 974084 4294966976 950104 26463352 701361 701640
701640 536870944 0 2 28 977520 27 974152 104 0 974236 974100 974084 4294966976 950104 26463352 701361 701640
701694 1610612768 0 2 28 977520 28 974152 108 0 974236 974100 974084 4294966976 950104 26463352 701361 701694
690324 1610612768 0 2 28 977520 974152 949572 1 4294966996 974096 974100 974084 4294966976 950104 26463384 701361 690324
690344 32 0 1 944224 975812 974152 949572 1 4294966996 974096 974100 974084 4294966976 950104 26463384 701361 690344
700360 32 0 1 944224 975812 974152 949572 1 4294966996 974096 974100 974084 4294966976 950104 26463384 690349 700360
700370 32 977680 699485 944224 975812 974152 949572 1 4294966996 974096 974100 974084 4294966976 950104 26463376 690349 700370
290972 0 977680 699485 944224 975812 974152 949572 1 4294966996 974096 974100 974084 4294966976 950104 26463376 700375 290972
700374 32 0 0 944224 975812 974152 949572 1 4294966996 974096 974100 974084 4294966976 950104 26463376 700375 700374
700378 32 0 0 944224 977660 974152 949572 1 4294966996 974096 974100 974084 4294966976 950104 26463376 700375 700378
690348 32 0 0 944224 975812 974152 949572 1 4294966996 974096 974100 974084 4294966976 950104 26463384 700375 690348
690360 32 0 0 975812 4294967004 974152 949572 1 4294966996 974096 974100 974084 4294966976 950104 26463384 700375 690360
690364 32 974152 977732 975812 4294967004 974152 949572 1 4294966996 974096 974100 974084 4294966976 950104 26463384 700375 690364
701340 32 974152 977732 975812 4294967004 974152 949572 1 4294966996 974096 974100 974084 4294966976 950104 26463384 690369 701340
701354 536870944 974152 977732 975812 4294967004 974152 974152 1 4294966996 975812 974100 974084 4294966976 950104 26463352 690369 701354
701280 536870944 977732 977732 975812 4294967004 974152 974152 1 4294966996 975812 974100 974084 4294966976 950104 26463352 701361 701280
701296 536870944 977732 977732 975812 0 974152 974152 1 4294966996 975812 974100 974084 4294966976 950104 26463348 701361 701296
701330 32 977732 20 977652 20 974152 974152 1 4294966996 975812 974100 974084 4294966976 950104 26463352 701361 701330
701334 536870944 19 20 977652 20 974152 974152 1 4294966996 975812 974100 974084 4294966976 950104 26463352 701361 701334
701360 536870944 19 20 977652 20 974152 974152 1 4294966996 975812 974100 974084 4294966976 950104 26463352 701361 701360
701366 2147483680 19 20 977652 27 974152 974152 1 4294966996 975812 974100 974084 4294966976 950104 26463352 701361 701366
701550 2147483680 19 20 977652 27 974152 974152 19 4294966996 975812 974100 974084 4294966976 950104 26463352 701361 701550
701576 1610612768 19 2 0 975816 974152 974152 19 4294966996 975812 974100 974084 4294966976 950104 26463352 701361 701576
701582 1610612768 0 2 0 975816 975440 974152 19 4294966996 975812 974100 974084 4294966976 950104 26463352 701361 701582
701614 1610612768 0 2 0 975816 975440 974152 19 4294966996 975812 974100 974084 4294966976 950104 26463352 701361 701614
701620 1610612768 0 2 28 975816 975440 974152 19 4294966996 975812 974100 974084 4294966976 950104 26463352 701361 701620
701622 1610612768 0 2 28 975816 975440 974152 19 4294966996 975812 974100 974084 4294966976 950104 26463352 701361 701622
701640 1610612768 0 2 28 975816 0 974152 19 0 975812 974100 974084 4294966976 950104 26463352 701361 701640
701640 536870944 0 2 28 977520 1 974152 0 0 975812 974100 974084 4294966976 950104 26463352 701361 701640
701640 536870944 0 2 28 977520 2 974152 4 0 975812 974100 974084 4294966976 950104 26463352 701361 701640
701640 536870944 0 2 28 977520 3 974152 8 0 975812 974100 974084 4294966976 950104 26463352 701361 701640
701640 536870944 0 2 28 977520 4 974152 12 0 975812 974100 974084 4294966976 950104 26463352 701361 701640
701640 536870944 0 2 28 977520 5 974152 16 0 975812 974100 974084 4294966976 950104 26463352 701361 701640
701640 536870944 0 2 28 977520 6 974152 20 0 975812 974100 974084 4294966976 950104 26463352 701361 701640
701640 536870944 0 2 28 977520 7 974152 24 0 975812 974100 974084 4294966976 950104 26463352 701361 701640
701640 536870944 0 2 28 977520 8 974152 28 0 975812 974100 974084 4294966976 950104 26463352 701361 701640
701640 536870944 0 2 28 977520 9 974152 32 0 975812 974100 974084 4294966976 950104 26463352 701361 701640
701640 536870944 0 2 28 977520 10 974152 36 0 975812 974100 974084 4294966976 950104 26463352 701361 701640
701640 536870944 0 2 28 977520 11 974152 40 0 975812 974100 974084 4294966976 950104 26463352 701361 701640
701640 536870944 0 2 28 977520 12 974152 44 0 975812 974100 974084 4294966976 950104 26463352 701361 701640
701640 536870944 0 2 28 977520 13 974152 48 0 975812 974100 974084 4294966976 950104 26463352 701361 701640
701640 536870944 0 2 28 977520 14 974152 52 0 975812 974100 974084 4294966976 950104 26463352 701361 701640
701640 536870944 0 2 28 977520 15 974152 56 0 975812 974100 974084 4294966976 950104 26463352 701361 701640
701640 536870944 0 2 28 977520 16 974152 60 0 975812 974100 974084 4294966976 950104 26463352 701361 701640
701640 536870944 0 2 28 977520 17 974152 64 0 975812 974100 974084 4294966976 950104 26463352 701361 701640
701640 536870944 0 2 28 977520 18 974152 68 0 975812 974100 974084 4294966976 950104 26463352 701361 701640
701640 536870944 0 2 28 977520 19 974152 72 0 975812 974100 974084 4294966976 950104 26463352 701361 701640
701640 536870944 0 2 28 977520 20 974152 76 0 975812 974100 974084 4294966976 950104 26463352 701361 701640
701640 536870944 0 2 28 977520 21 974152 80 0 975812 974100 974084 4294966976 950104 26463352 701361 701640
701640 536870944 0 2 28 977520 22 974152 84 0 975812 974100 974084 4294966976 950104 26463352 701361 701640
701640 536870944 0 2 28 977520 23 974152 88 0 975812 974100 974084 4294966976 950104 26463352 701361 701640
701640 536870944 0 2 28 977520 24 974152 92 0 975812 974100 974084 4294966976 950104 26463352 701361 701640
701640 536870944 0 2 28 977520 25 974152 96 0 975812 974100 974084 4294966976 950104 26463352 701361 701640
701640 536870944 0 2 28 977520 26 974152 100 0 975812 974100 974084 4294966976 950104 26463352 701361 701640
701640 536870944 0 2 28 977520 27 974152 104 0 975812 974100 974084 4294966976 950104 26463352 701361 701640
701694 1610612768 0 2 28 977520 28 974152 108 0 975812 974100 974084 4294966976 950104 26463352 701361 701694
690368 1610612768 0 2 28 977520 974152 949572 1 4294966996 974096 974100 974084 4294966976 950104 26463384 701361 690368
690382 1610612768 1 2 4294967008 0 974152 949572 1 974456 974096 974100 974084 4294966976 950104 26463384 701361 690382
690402 1610612768 1 0 945128 0 974152 949572 1 974456 974096 974100 974084 4294966976 4294967012 26463384 977308 690402
690410 32 977308 0 945136 0 974152 949572 1 974456 974096 974100 974084 4294966976 4294967012 26463384 977308 690410
690484 32 977308 0 0 944632 974152 949572 1 974456 974096 974100 974084 4294966976 4294967012 26463384 977308 690484
796300 32 977308 0 0 944632 974152 949572 1 974456 974096 974100 974084 4294966976 4294967012 26463384 690489 796300
796310 32 977308 0 0 944632 974456 977308 1 974456 974096 974100 974084 4294966976 4294967012 26463360 690489 796310
796322 1073741856 977308 0 0 949536 974456 977308 1 96886 46 974100 974084 4294966976 4294967012 26463360 690489 796322
796330 1073741856 977308 152776 0 924044 974456 977308 1 893216 46 974100 974084 4294966976 4294967012 26463360 690489 796330
796334 1073741856 67109634 949112 0 924044 974456 977308 1 893216 46 974100 974084 4294966976 4294967012 26463360 690489 796334
796348 1073741856 67109634 950372 0 0 974456 977308 920020 893216 46 974100 974084 4294966976 44 26463360 690489 796348
796376 1073741856 67109634 950372 0 0 974456 977308 920020 974456 46 974100 974084 4294966976 44 26463360 690489 796376
796386 2147483680 67109634 45 974456 1 906984 977308 920020 974456 46 974100 974084 4294966976 44 26463360 690489 796386
796386 2147483680 67109634 48 974460 2 906984 977308 920020 974456 46 974100 974084 4294966976 44 26463360 690489 796386
796386 2147483680 67109634 49 974464 3 906984 977308 920020 974456 46 974100 974084 4294966976 44 26463360 690489 796386
796386 2147483680 67109634 50 974468 4 906984 977308 920020 974456 46 974100 974084 4294966976 44 26463360 690489 796386
796386 2147483680 67109634 51 974472 5 906984 977308 920020 974456 46 974100 974084 4294966976 44 26463360 690489 796386
796386 2147483680 67109634 52 974476 6 906984 977308 920020 974456 46 974100 974084 4294966976 44 26463360 690489 796386
796386 2147483680 67109634 53 974480 7 906984 977308 920020 974456 46 974100 974084 4294966976 44 26463360 690489 796386
796386 2147483680 67109634 54 974484 8 906984 977308 920020 974456 46 974100 974084 4294966976 44 26463360 690489 796386
796386 2147483680 67109634 55 974488 9 906984 977308 920020 974456 46 974100 974084 4294966976 44 26463360 690489 796386
796386 2147483680 67109634 56 974492 10 906984 977308 920020 974456 46 974100 974084 4294966976 44 26463360 690489 796386
796386 1610612768 67109634 57 974496 11 906984 977308 920020 974456 46 974100 974084 4294966976 44 26463360 690489 796386
796394 1610612768 67109634 57 974500 11 906984 977308 920020 974456 46 974100 974084 4294966976 44 26463360 690489 796394
690488 1610612768 67109634 57 974500 11 974152 949572 1 974456 974096 974100 974084 4294966976 44 26463384 690489 690488
690502 1610612768 974152 57 977308 977776 974152 949572 1 974456 974096 974100 974084 4294966976 44 26463384 690489 690502
690506 1610612768 974152 977776 977308 977776 974152 949572 1 974456 974096 974100 974084 4294966976 44 26463384 690489 690506
701340 1610612768 974152 977776 977308 977776 974152 949572 1 974456 974096 974100 974084 4294966976 44 26463384 690511 701340
701354 536870944 974152 977776 977308 977776 974152 974152 1 974456 977308 974100 974084 4294966976 44 26463352 690511 701354
701280 536870944 977776 977776 977308 977776 974152 974152 1 974456 977308 974100 974084 4294966976 44 26463352 701361 701280
701296 536870944 977776 977776 977308 0 974152 974152 1 974456 977308 974100 974084 4294966976 44 26463348 701361 701296
701330 32 977776 21 977652 21 974152 974152 1 974456 977308 974100 974084 4294966976 44 26463352 701361 701330
701334 536870944 20 21 977652 21 974152 974152 1 974456 977308 974100 974084 4294966976 44 26463352 701361 701334
701360 536870944 20 21 977652 21 974152 974152 1 974456 977308 974100 974084 4294966976 44 26463352 701361 701360
701366 2147483680 20 21 977652 27 974152 974152 1 974456 977308 974100 974084 4294966976 44 26463352 701361 701366
701550 2147483680 20 21 977652 27 974152 974152 20 974456 977308 974100 974084 4294966976 44 26463352 701361 701550
701576 1610612768 20 2 0 977312 974152 974152 20 974456 977308 974100 974084 4294966976 44 26463352 701361 701576
701582 1610612768 0 2 0 977312 975440 974152 20 974456 977308 974100 974084 4294966976 44 26463352 701361 701582
701614 1610612768 0 2 0 977312 975440 974152 20 974456 977308 974100 974084 4294966976 44 26463352 701361 701614
701620 1610612768 0 2 28 977312 975440 974152 20 974456 977308 974100 974084 4294966976 44 26463352 701361 701620
701622 1610612768 0 2 28 977312 975440 974152 20 974456 977308 974100 974084 4294966976 44 26463352 701361 701622
701640 1610612768 0 2 28 977312 0 974152 20 0 977308 974100 974084 4294966976 44 26463352 701361 701640
701640 536870944 0 2 28 977520 1 974152 0 0 977308 974100 974084 4294966976 44 26463352 701361 701640
701640 536870944 0 2 28 977520 2 974152 4 0 977308 974100 974084 4294966976 44 26463352 701361 701640
701640 536870944 0 2 28 977520 3 974152 8 0 977308 974100 974084 4294966976 44 26463352 701361 701640
701640 536870944 0 2 28 977520 4 974152 12 0 977308 974100 974084 4294966976 44 26463352 701361 701640
701640 536870944 0 2 28 977520 5 974152 16 0 977308 974100 974084 4294966976 44 26463352 701361 701640
701640 536870944 0 2 28 977520 6 974152 20 0 977308 974100 974084 4294966976 44 26463352 701361 701640
701640 536870944 0 2 28 977520 7 974152 24 0 977308 974100 974084 4294966976 44 26463352 701361 701640
701640 536870944 0 2 28 977520 8 974152 28 0 977308 974100 974084 4294966976 44 26463352 701361 701640
701640 536870944 0 2 28 977520 9 974152 32 0 977308 974100 974084 4294966976 44 26463352 701361 701640
701640 536870944 0 2 28 977520 10 974152 36 0 977308 974100 974084 4294966976 44 26463352 701361 701640
701640 536870944 0 2 28 977520 11 974152 40 0 977308 974100 974084 4294966976 44 26463352 701361 701640
701640 536870944 0 2 28 977520 12 974152 44 0 977308 974100 974084 4294966976 44 26463352 701361 701640
701640 536870944 0 2 28 977520 13 974152 48 0 977308 974100 974084 4294966976 44 26463352 701361 701640
701640 536870944 0 2 28 977520 14 974152 52 0 977308 974100 974084 4294966976 44 26463352 701361 701640
701640 536870944 0 2 28 977520 15 974152 56 0 977308 974100 974084 4294966976 44 26463352 701361 701640
701640 536870944 0 2 28 977520 16 974152 60 0 977308 974100 974084 4294966976 44 26463352 701361 701640
701640 536870944 0 2 28 977520 17 974152 64 0 977308 974100 974084 4294966976 44 26463352 701361 701640
701640 536870944 0 2 28 977520 18 974152 68 0 977308 974100 974084 4294966976 44 26463352 701361 701640
701640 536870944 0 2 28 977520 19 974152 72 0 977308 974100 974084 4294966976 44 26463352 701361 701640
701640 536870944 0 2 28 977520 20 974152 76 0 977308 974100 974084 4294966976 44 26463352 701361 701640
701640 536870944 0 2 28 977520 21 974152 80 0 977308 974100 974084 4294966976 44 26463352 701361 701640
701640 536870944 0 2 28 977520 22 974152 84 0 977308 974100 974084 4294966976 44 26463352 701361 701640
701640 536870944 0 2 28 977520 23 974152 88 0 977308 974100 974084 4294966976 44 26463352 701361 701640
701640 536870944 0 2 28 977520 24 974152 92 0 977308 974100 974084 4294966976 44 26463352 701361 701640
701640 536870944 0 2 28 977520 25 974152 96 0 977308 974100 974084 4294966976 44 26463352 701361 701640
701640 536870944 0 2 28 977520 26 974152 100 0 977308 974100 974084 4294966976 44 26463352 701361 701640
701640 536870944 0 2 28 977520 27 974152 104 0 977308 974100 974084 4294966976 44 26463352 701361 701640
701694 1610612768 0 2 28 977520 28 974152 108 0 977308 974100 974084 4294966976 44 26463352 701361 701694
690510 1610612768 0 2 28 977520 974152 949572 1 974456 974096 974100 974084 4294966976 44 26463384 701361 690510
690524 1610612768 4294967020 2 0 977196 974152 949572 1 974456 974096 974100 974084 4294966976 44 26463384 701361 690524
690550 32 945152 0 0 977196 974152 949572 1 4294967024 974096 974100 974084 4294966976 44 26463384 975844 690550
690622 32 975844 0 0 977196 974152 949572 1 944576 974096 974100 974084 4294966976 44 26463384 975844 690622
796096 32 975844 0 0 977196 974152 949572 1 944576 974096 974100 974084 4294966976 44 26463384 690627 796096
796106 32 975844 0 0 977196 977196 975844 1 944576 974096 974100 974084 4294966976 44 26463360 690627 796106
796118 1073741856 975844 0 0 949536 977196 975844 1 97090 46 974100 974084 4294966976 44 26463360 690627 796118
796126 1073741856 975844 152980 0 924044 977196 975844 1 893216 46 974100 974084 4294966976 44 26463360 690627 796126
796130 1073741856 67109634 949112 0 924044 977196 975844 1 893216 46 974100 974084 4294966976 44 26463360 690627 796130
796144 1073741856 67109634 950372 0 0 977196 975844 920020 893216 46 974100 974084 4294966976 44 26463360 690627 796144
796172 1073741856 67109634 950372 0 0 977196 975844 920020 977196 46 974100 974084 4294966976 44 26463360 690627 796172
796182 2147483680 67109634 45 977196 1 906984 975844 920020 977196 46 974100 974084 4294966976 44 26463360 690627 796182
796182 2147483680 67109634 48 977200 2 906984 975844 920020 977196 46 974100 974084 4294966976 44 26463360 690627 796182
796182 2147483680 67109634 49 977204 3 906984 975844 920020 977196 46 974100 974084 4294966976 44 26463360 690627 796182
796182 2147483680 67109634 50 977208 4 906984 975844 920020 977196 46 974100 974084 4294966976 44 26463360 690627 796182
796182 2147483680 67109634 51 977212 5 906984 975844 920020 977196 46 974100 974084 4294966976 44 26463360 690627 796182
796182 2147483680 67109634 52 977216 6 906984 975844 920020 977196 46 974100 974084 4294966976 44 26463360 690627 796182
796182 2147483680 67109634 53 977220 7 906984 975844 920020 977196 46 974100 974084 4294966976 44 26463360 690627 796182
796182 2147483680 67109634 54 977224 8 906984 975844 920020 977196 46 974100 974084 4294966976 44 26463360 690627 796182
796182 2147483680 67109634 55 977228 9 906984 975844 920020 977196 46 974100 974084 4294966976 44 26463360 690627 796182
796182 2147483680 67109634 56 977232 10 906984 975844 920020 977196 46 974100 974084 4294966976 44 26463360 690627 796182
796182 1610612768 67109634 57 977236 11 906984 975844 920020 977196 46 974100 974084 4294966976 44 26463360 690627 796182
796190 1610612768 67109634 57 977240 11 906984 975844 920020 977196 46 974100 974084 4294966976 44 26463360 690627 796190
690626 1610612768 67109634 57 977240 11 974152 949572 1 944576 974096 974100 974084 4294966976 44 26463384 690627 690626
690638 1610612768 974152 57 975844 4294967028 974152 949572 1 944576 974096 974100 974084 977772 44 26463384 690627 690638
701340 1610612768 974152 977772 975844 4294967028 974152 949572 1 944576 974096 974100 974084 977772 44 26463384 690645 701340
701354 536870944 974152 977772 975844 4294967028 974152 974152 1 944576 975844 974100 974084 977772 44 26463352 690645 701354
701280 536870944 977772 977772 975844 4294967028 974152 974152 1 944576 975844 974100 974084 977772 44 26463352 701361 701280
701296 536870944 977772 977772 975844 0 974152 974152 1 944576 975844 974100 974084 977772 44 26463348 701361 701296
701330 32 977772 22 977652 22 974152 974152 1 944576 975844 974100 974084 977772 44 26463352 701361 701330
701334 536870944 21 22 977652 22 974152 974152 1 944576 975844 974100 974084 977772 44 26463352 701361 701334
701360 536870944 21 22 977652 22 974152 974152 1 944576 975844 974100 974084 977772 44 26463352 701361 701360
701366 2147483680 21 22 977652 27 974152 974152 1 944576 975844 974100 974084 977772 44 26463352 701361 701366
701550 2147483680 21 22 977652 27 974152 974152 21 944576 975844 974100 974084 977772 44 26463352 701361 701550
701576 1610612768 21 2 0 975848 974152 974152 21 944576 975844 974100 974084 977772 44 26463352 701361 701576
701582 1610612768 0 2 0 975848 975440 974152 21 944576 975844 974100 974084 977772 44 26463352 701361 701582
701614 1610612768 0 2 0 975848 975440 974152 21 944576 975844 974100 974084 977772 44 26463352 701361 701614
701620 1610612768 0 2 28 975848 975440 974152 21 944576 975844 974100 974084 977772 44 26463352 701361 701620
701622 1610612768 0 2 28 975848 975440 974152 21 944576 975844 974100 974084 977772 44 26463352 701361 701622
701640 1610612768 0 2 28 975848 0 974152 21 0 975844 974100 974084 977772 44 26463352 701361 701640
701640 536870944 0 2 28 977520 1 974152 0 0 975844 974100 974084 977772 44 26463352 701361 701640
701640 536870944 0 2 28 977520 2 974152 4 0 975844 974100 974084 977772 44 26463352 701361 701640
701640 536870944 0 2 28 977520 3 974152 8 0 975844 974100 974084 977772 44 26463352 701361 701640
701640 536870944 0 2 28 977520 4 974152 12 0 975844 974100 974084 977772 44 26463352 701361 701640
701640 536870944 0 2 28 977520 5 974152 16 0 975844 974100 974084 977772 44 26463352 701361 701640
701640 536870944 0 2 28 977520 6 974152 20 0 975844 974100 974084 977772 44 26463352 701361 701640
701640 536870944 0 2 28 977520 7 974152 24 0 975844 974100 974084 977772 44 26463352 701361 701640
701640 536870944 0 2 28 977520 8 974152 28 0 975844 974100 974084 977772 44 26463352 701361 701640
701640 536870944 0 2 28 977520 9 974152 32 0 975844 974100 974084 977772 44 26463352 701361 701640
701640 536870944 0 2 28 977520 10 974152 36 0 975844 974100 974084 977772 44 26463352 701361 701640
701640 536870944 0 2 28 977520 11 974152 40 0 975844 974100 974084 977772 44 26463352 701361 701640
701640 536870944 0 2 28 977520 12 974152 44 0 975844 974100 974084 977772 44 26463352 701361 701640
701640 536870944 0 2 28 977520 13 974152 48 0 975844 974100 974084 977772 44 26463352 701361 701640
701640 536870944 0 2 28 977520 14 974152 52 0 975844 974100 974084 977772 44 26463352 701361 701640
701640 536870944 0 2 28 977520 15 974152 56 0 975844 974100 974084 977772 44 26463352 701361 701640
701640 536870944 0 2 28 977520 16 974152 60 0 975844 974100 974084 977772 44 26463352 701361 701640
701640 536870944 0 2 28 977520 17 974152 64 0 975844 974100 974084 977772 44 26463352 701361 701640
701640 536870944 0 2 28 977520 18 974152 68 0 975844 974100 974084 977772 44 26463352 701361 701640
701640 536870944 0 2 28 977520 19 974152 72 0 975844 974100 974084 977772 44 26463352 701361 701640
701640 536870944 0 2 28 977520 20 974152 76 0 975844 974100 974084 977772 44 26463352 701361 701640
701640 536870944 0 2 28 977520 21 974152 80 0 975844 974100 974084 977772 44 26463352 701361 701640
701640 536870944 0 2 28 977520 22 974152 84 0 975844 974100 974084 977772 44 26463352 701361 701640
701640 536870944 0 2 28 977520 23 974152 88 0 975844 974100 974084 977772 44 26463352 701361 701640
701640 536870944 0 2 28 977520 24 974152 92 0 975844 974100 974084 977772 44 26463352 701361 701640
701640 536870944 0 2 28 977520 25 974152 96 0 975844 974100 974084 977772 44 26463352 701361 701640
701640 536870944 0 2 28 977520 26 974152 100 0 975844 974100 974084 977772 44 26463352 701361 701640
701640 536870944 0 2 28 977520 27 974152 104 0 975844 974100 974084 977772 44 26463352 701361 701640
701694 1610612768 0 2 28 977520 28 974152 108 0 975844 974100 974084 977772 44 26463352 701361 701694
690644 1610612768 0 2 28 977520 974152 949572 1 944576 974096 974100 974084 977772 44 26463384 701361 690644
690654 536870944 974152 4294967032 1 974144 974152 949572 1 944576 974096 974100 974084 977772 44 26463384 701361 690654
690658 536870944 974152 4294967032 1 974144 974152 949572 1 4294967036 974096 974100 974084 977772 44 26463384 701361 690658
690668 32 974152 977768 974144 974144 974152 949572 1 4294967036 974096 974100 974084 977772 44 26463384 701361 690668
701340 32 974152 977768 974144 974144 974152 949572 1 4294967036 974096 974100 974084 977772 44 26463384 690673 701340
701354 536870944 974152 977768 974144 974144 974152 974152 1 4294967036 974144 974100 974084 977772 44 26463352 690673 701354
701280 536870944 977768 977768 974144 974144 974152 974152 1 4294967036 974144 974100 974084 977772 44 26463352 701361 701280
701296 536870944 977768 977768 974144 0 974152 974152 1 4294967036 974144 974100 974084 977772 44 26463348 701361 701296
701330 32 977768 23 977652 23 974152 974152 1 4294967036 974144 974100 974084 977772 44 26463352 701361 701330
701334 536870944 22 23 977652 23 974152 974152 1 4294967036 974144 974100 974084 977772 44 26463352 701361 701334
701360 536870944 22 23 977652 23 974152 974152 1 4294967036 974144 974100 974084 977772 44 26463352 701361 701360
701366 2147483680 22 23 977652 27 974152 974152 1 4294967036 974144 974100 974084 977772 44 26463352 701361 701366
701550 2147483680 22 23 977652 27 974152 974152 22 4294967036 974144 974100 974084 977772 44 26463352 701361 701550
701576 1610612768 22 2 0 974148 974152 974152 22 4294967036 974144 974100 974084 977772 44 26463352 701361 701576
701582 1610612768 0 2 0 974148 975440 974152 22 4294967036 974144 974100 974084 977772 44 26463352 701361 701582
701614 1610612768 0 2 0 974148 975440 974152 22 4294967036 974144 974100 974084 977772 44 26463352 701361 701614
701620 1610612768 0 2 28 974148 975440 974152 22 4294967036 974144 974100 974084 977772 44 26463352 701361 701620
701622 1610612768 0 2 28 974148 975440 974152 22 4294967036 974144 974100 974084 977772 44 26463352 701361 701622
701640 1610612768 0 2 28 974148 0 974152 22 0 974144 974100 974084 977772 44 26463352 701361 701640
701640 536870944 0 2 28 977520 1 974152 0 0 974144 974100 974084 977772 44 26463352 701361 701640
701640 536870944 0 2 28 977520 2 974152 4 0 974144 974100 974084 977772 44 26463352 701361 701640
701640 536870944 0 2 28 977520 3 974152 8 0 974144 974100 974084 977772 44 26463352 701361 701640
701640 536870944 0 2 28 977520 4 974152 12 0 974144 974100 974084 977772 44 26463352 701361 701640
701640 536870944 0 2 28 977520 5 974152 16 0 974144 974100 974084 977772 44 26463352 701361 701640
701640 536870944 0 2 28 977520 6 974152 20 0 974144 974100 974084 977772 44 26463352 701361 701640
701640 536870944 0 2 28 977520 7 974152 24 0 974144 974100 974084 977772 44 26463352 701361 701640
701640 536870944 0 2 28 977520 8 974152 28 0 974144 974100 974084 977772 44 26463352 701361 701640
701640 536870944 0 2 28 977520 9 974152 32 0 974144 974100 974084 977772 44 26463352 701361 701640
701640 536870944 0 2 28 977520 10 974152 36 0 974144 974100 974084 977772 44 26463352 701361 701640
701640 536870944 0 2 28 977520 11 974152 40 0 974144 974100 974084 977772 44 26463352 701361 701640
701640 536870944 0 2 28 977520 12 974152 44 0 974144 974100 974084 977772 44 26463352 701361 701640
701640 536870944 0 2 28 977520 13 974152 48 0 974144 974100 974084 977772 44 26463352 701361 701640
701640 536870944 0 2 28 977520 14 974152 52 0 974144 974100 974084 977772 44 26463352 701361 701640
701640 536870944 0 2 28 977520 15 974152 56 0 974144 974100 974084 977772 44 26463352 701361 701640
701640 536870944 0 2 28 977520 16 974152 60 0 974144 974100 974084 977772 44 26463352 701361 701640
701640 536870944 0 2 28 977520 17 974152 64 0 974144 974100 974084 977772 44 26463352 701361 701640
701640 536870944 0 2 28 977520 18 974152 68 0 974144 974100 974084 977772 44 26463352 701361 701640
701640 536870944 0 2 28 977520 19 974152 72 0 974144 974100 974084 977772 44 26463352 701361 701640
701640 536870944 0 2 28 977520 20 974152 76 0 974144 974100 974084 977772 44 26463352 701361 701640
701640 536870944 0 2 28 977520 21 974152 80 0 974144 974100 974084 977772 44 26463352 701361 701640
701640 536870944 0 2 28 977520 22 974152 84 0 974144 974100 974084 977772 44 26463352 701361 701640
701640 536870944 0 2 28 977520 23 974152 88 0 974144 974100 974084 977772 44 26463352 701361 701640
701640 536870944 0 2 28 977520 24 974152 92 0 974144 974100 974084 977772 44 26463352 701361 701640
701640 536870944 0 2 28 977520 25 974152 96 0 974144 974100 974084 977772 44 26463352 701361 701640
701640 536870944 0 2 28 977520 26 974152 100 0 974144 974100 974084 977772 44 26463352 701361 701640
701640 536870944 0 2 28 977520 27 974152 104 0 974144 974100 974084 977772 44 26463352 701361 701640
701694 1610612768 0 2 28 977520 28 974152 108 0 974144 974100 974084 977772 44 26463352 701361 701694
690672 1610612768 0 2 28 977520 974152 949572 1 4294967036 974096 974100 974084 977772 44 26463384 701361 690672
690682 536870944 974152 4294967040 1 975836 974152 949572 1 4294967036 974096 974100 974084 977772 44 26463384 701361 690682
690686 536870944 974152 4294967040 1 975836 974152 949572 1 4294967044 974096 974100 974084 977772 44 26463384 701361 690686
690696 32 974152 977764 975836 975836 974152 949572 1 4294967044 974096 974100 974084 977772 44 26463384 701361 690696
701340 32 974152 977764 975836 975836 974152 949572 1 4294967044 974096 974100 974084 977772 44 26463384 690701 701340
701354 536870944 974152 977764 975836 975836 974152 974152 1 4294967044 975836 974100 974084 977772 44 26463352 690701 701354
701280 536870944 977764 977764 975836 975836 974152 974152 1 4294967044 975836 974100 974084 977772 44 26463352 701361 701280
701296 536870944 977764 977764 975836 0 974152 974152 1 4294967044 975836 974100 974084 977772 44 26463348 701361 701296
701330 32 977764 24 977652 24 974152 974152 1 4294967044 975836 974100 974084 977772 44 26463352 701361 701330
701334 536870944 23 24 977652 24 974152 974152 1 4294967044 975836 974100 974084 977772 44 26463352 701361 701334
701360 536870944 23 24 977652 24 974152 974152 1 4294967044 975836 974100 974084 977772 44 26463352 701361 701360
701366 2147483680 23 24 977652 27 974152 974152 1 4294967044 975836 974100 974084 977772 44 26463352 701361 701366
701550 2147483680 23 24 977652 27 974152 974152 23 4294967044 975836 974100 974084 977772 44 26463352 701361 701550
701576 1610612768 23 2 0 975840 974152 974152 23 4294967044 975836 974100 974084 977772 44 26463352 701361 701576
701582 1610612768 0 2 0 975840 975440 974152 23 4294967044 975836 974100 974084 977772 44 26463352 701361 701582
701614 1610612768 0 2 0 975840 975440 974152 23 4294967044 975836 974100 974084 977772 44 26463352 701361 701614
701620 1610612768 0 2 28 975840 975440 974152 23 4294967044 975836 974100 974084 977772 44 26463352 701361 701620
701622 1610612768 0 2 28 975840 975440 974152 23 4294967044 975836 974100 974084 977772 44 26463352 701361 701622
701640 1610612768 0 2 28 975840 0 974152 23 0 975836 974100 974084 977772 44 26463352 701361 701640
701640 536870944 0 2 28 977520 1 974152 0 0 975836 974100 974084 977772 44 26463352 701361 701640
701640 536870944 0 2 28 977520 2 974152 4 0 975836 974100 974084 977772 44 26463352 701361 701640
701640 536870944 0 2 28 977520 3 974152 8 0 975836 974100 974084 977772 44 26463352 701361 701640
701640 536870944 0 2 28 977520 4 974152 12 0 975836 974100 974084 977772 44 26463352 701361 701640
701640 536870944 0 2 28 977520 5 974152 16 0 975836 974100 974084 977772 44 26463352 701361 701640
701640 536870944 0 2 28 977520 6 974152 20 0 975836 974100 974084 977772 44 26463352 701361 701640
701640 536870944 0 2 28 977520 7 974152 24 0 975836 974100 974084 977772 44 26463352 701361 701640
701640 536870944 0 2 28 977520 8 974152 28 0 975836 974100 974084 977772 44 26463352 701361 701640
701640 536870944 0 2 28 977520 9 974152 32 0 975836 974100 974084 977772 44 26463352 701361 701640
701640 536870944 0 2 28 977520 10 974152 36 0 975836 974100 974084 977772 44 26463352 701361 701640
701640 536870944 0 2 28 977520 11 974152 40 0 975836 974100 974084 977772 44 26463352 701361 701640
701640 536870944 0 2 28 977520 12 974152 44 0 975836 974100 974084 977772 44 26463352 701361 701640
701640 536870944 0 2 28 977520 13 974152 48 0 975836 974100 974084 977772 44 26463352 701361 701640
701640 536870944 0 2 28 977520 14 974152 52 0 975836 974100 974084 977772 44 26463352 701361 701640
701640 536870944 0 2 28 977520 15 974152 56 0 975836 974100 974084 977772 44 26463352 701361 701640
701640 536870944 0 2 28 977520 16 974152 60 0 975836 974100 974084 977772 44 26463352 701361 701640
701640 536870944 0 2 28 977520 17 974152 64 0 975836 974100 974084 977772 44 26463352 701361 701640
701640 536870944 0 2 28 977520 18 974152 68 0 975836 974100 974084 977772 44 26463352 701361 701640
701640 536870944 0 2 28 977520 19 974152 72 0 975836 974100 974084 977772 44 26463352 701361 701640
701640 536870944 0 2 28 977520 20 974152 76 0 975836 974100 974084 977772 44 26463352 701361 701640
701640 536870944 0 2 28 977520 21 974152 80 0 975836 974100 974084 977772 44 26463352 701361 701640
701640 536870944 0 2 28 977520 22 974152 84 0 975836 974100 974084 977772 44 26463352 701361 701640
701640 536870944 0 2 28 977520 23 974152 88 0 975836 974100 974084 977772 44 26463352 701361 701640
701640 536870944 0 2 28 977520 24 974152 92 0 975836 974100 974084 977772 44 26463352 701361 701640
701640 536870944 0 2 28 977520 25 974152 96 0 975836 974100 974084 977772 44 26463352 701361 701640
701640 536870944 0 2 28 977520 26 974152 100 0 975836 974100 974084 977772 44 26463352 701361 701640
701640 536870944 0 2 28 977520 27 974152 104 0 975836 974100 974084 977772 44 26463352 701361 701640
701694 1610612768 0 2 28 977520 28 974152 108 0 975836 974100 974084 977772 44 26463352 701361 701694
690700 1610612768 0 2 28 977520 974152 949572 1 4294967044 974096 974100 974084 977772 44 26463384 701361 690700
690712 536870944 0 2 1 1 974152 949572 1 975588 974096 974100 974084 977772 44 26463384 4294966860 690712
690724 1610612768 975552 2 1 944536 974152 949572 0 975588 974096 974100 974084 977772 44 26463384 4294966860 690724
690862 32 975552 975588 1 944544 974152 949572 0 975588 974096 974100 974084 977772 44 26463384 4294966860 690862
709296 32 975552 975588 1 944544 974152 949572 0 975588 974096 974100 974084 977772 44 26463384 690867 709296
709300 32 975552 975588 1 235246 974152 949572 0 975588 974096 974100 974084 977772 44 26463384 690867 709300
700396 32 975552 975588 1 944560 975552 949572 0 975588 974096 974100 974084 977772 44 26463376 709323 700396
700400 32 921392 975588 1 944560 975552 949572 0 975588 974096 974100 974084 977772 44 26463376 709323 700400
687900 1073741856 975552 0 1 944560 975552 949572 0 975588 974096 974100 974084 977772 44 26463376 709333 687900
687914 536870944 975552 0 1 944560 975588 975552 0 975588 974096 974100 974084 977772 44 26463336 709333 687914
687924 536870944 975552 0 1 944560 975588 975552 0 975588 974096 974100 232048 919948 44 26463336 709333 687924
687940 536870944 975552 0 1 944560 975588 975552 0 975588 974096 920020 919984 919948 44 26463336 709333 687940
687986 536870944 975552 0 1 920240 975588 975552 0 975588 920024 920020 919984 920292 44 26463336 709333 687986
687996 536870944 975552 0 1 920240 975588 975552 232070 232046 920024 920020 919984 920292 920036 26463336 709333 687996
688000 536870944 975552 0 1 920240 975588 232094 232070 920048 920024 920020 919984 920292 920036 26463336 709333 688000
688004 536870944 232122 0 1 920240 975588 232094 920076 920048 920024 920020 919984 920292 920036 26463336 709333 688004
688008 536870944 232122 232156 1 920240 975588 920104 920076 920048 920024 920020 919984 920292 920036 26463336 709333 688008
688012 536870944 920136 232156 232186 920240 975588 920104 920076 920048 920024 920020 919984 920292 920036 26463336 709333 688012
688018 536870944 920136 920176 232186 920240 975588 920104 920076 920048 920024 920020 232292 920292 920036 26463336 709333 688018
688024 536870944 920136 920176 920212 920240 975588 920104 920076 920048 920024 232304 232292 920292 920036 26463336 709333 688024
688030 536870944 920136 920176 920212 920240 975588 920104 920076 920048 232314 232304 920324 920292 920036 26463336 709333 688030
688034 536870944 920136 920176 920212 232228 975588 920104 920076 920048 232314 920340 920324 920292 920036 26463336 709333 688034
688078 536870944 920136 920176 920212 920276 975588 920104 920076 920048 920356 920340 920324 920308 920036 26463336 709333 688078
688088 536870944 920136 920176 920212 920276 975588 920104 232322 232294 920356 920340 920324 920308 920372 26463336 709333 688088
688092 536870944 920136 920176 920212 920276 975588 232354 232322 920388 920356 920340 920324 920308 920372 26463336 709333 688092
688096 536870944 232374 920176 920212 920276 975588 232354 920420 920388 920356 920340 920324 920308 920372 26463336 709333 688096
688100 536870944 232374 232394 920212 920276 975588 920456 920420 920388 920356 920340 920324 920308 920372 26463336 709333 688100
688104 536870944 920480 232394 232404 920276 975588 920456 920420 920388 920356 920340 920324 920308 920372 26463336 709333 688104
688108 536870944 920480 920504 232404 232418 975588 920456 920420 920388 920356 920340 920324 920308 920372 26463336 709333 688108
688114 536870944 920480 920504 920520 232418 975588 920456 920420 920388 920356 920340 920324 232460 920372 26463336 709333 688114
688120 536870944 920480 920504 920520 920540 975588 920456 920420 920388 920356 920340 232494 232460 920372 26463336 709333 688120
688126 536870944 920480 920504 920520 920540 975588 920456 920420 920388 920356 232524 232494 920588 920372 26463336 709333 688126
688166 536870944 920480 920504 920520 920540 975588 920456 920420 920388 920560 920660 920628 920588 920372 26463336 709333 688166
688174 536870944 920480 920504 920520 920540 975588 920456 920420 920388 920560 920660 920628 920588 232552 26463336 709333 688174
688178 536870944 920480 920504 920520 920540 975588 920456 920420 232562 920560 920660 920628 920588 920732 26463336 709333 688178
688184 536870944 920480 920504 920520 920540 975588 232586 232574 920748 920560 920660 920628 920588 920732 26463336 709333 688184
688188 536870944 232598 920504 920520 920540 975588 232586 920764 920748 920560 920660 920628 920588 920732 26463336 709333 688188
688192 536870944 232598 920504 232608 920540 975588 920780 920764 920748 920560 920660 920628 920588 920732 26463336 709333 688192
688196 536870944 920796 920504 232608 232618 975588 920780 920764 920748 920560 920660 920628 920588 920732 26463336 709333 688196
688202 536870944 920796 920504 920812 232618 975588 920780 920764 920748 232628 920660 920628 920588 920732 26463336 709333 688202
688208 536870944 920796 920504 920812 920828 975588 920780 920764 920748 232628 920660 920628 232638 920732 26463336 709333 688208
688214 536870944 920796 920504 920812 920828 975588 920780 920764 920748 920844 920660 232648 232638 920732 26463336 709333 688214
688226 536870944 920796 920504 920812 920828 975588 920780 920764 920748 920844 232660 920876 920860 920732 26463336 709333 688226
688280 536870944 920796 920696 920812 920828 975588 920780 920764 920748 920844 920892 920876 920860 920732 26463336 709333 688280
690866 536870944 975552 920696 920812 944560 974152 949572 0 975588 974096 974100 974084 977772 920732 26463384 709333 690866
690876 536870944 974152 920696 975552 4294967048 974152 949572 0 977748 974096 974100 974084 977772 920732 26463384 709333 690876
701340 536870944 974152 977748 975552 4294967048 974152 949572 0 977748 974096 974100 974084 977772 920732 26463384 690883 701340
701354 536870944 974152 977748 975552 4294967048 974152 974152 0 977748 975552 974100 974084 977772 920732 26463352 690883 701354
701280 536870944 977748 977748 975552 4294967048 974152 974152 0 977748 975552 974100 974084 977772 920732 26463352 701361 701280
701296 536870944 977748 977748 975552 0 974152 974152 0 977748 975552 974100 974084 977772 920732 26463348 701361 701296
701330 32 977748 25 977652 25 974152 974152 0 977748 975552 974100 974084 977772 920732 26463352 701361 701330
701334 536870944 24 25 977652 25 974152 974152 0 977748 975552 974100 974084 977772 920732 26463352 701361 701334
701360 536870944 24 25 977652 25 974152 974152 0 977748 975552 974100 974084 977772 920732 26463352 701361 701360
701366 2147483680 24 25 977652 27 974152 974152 0 977748 975552 974100 974084 977772 920732 26463352 701361 701366
701550 2147483680 24 25 977652 27 974152 974152 24 977748 975552 974100 974084 977772 920732 26463352 701361 701550
701576 1610612768 24 2 0 975556 974152 974152 24 977748 975552 974100 974084 977772 920732 26463352 701361 701576
701582 1610612768 0 2 0 975556 975440 974152 24 977748 975552 974100 974084 977772 920732 26463352 701361 701582
701614 1610612768 0 2 0 975556 975440 974152 24 977748 975552 974100 974084 977772 920732 26463352 701361 701614
701620 1610612768 0 2 28 975556 975440 974152 24 977748 975552 974100 974084 977772 920732 26463352 701361 701620
701622 1610612768 0 2 28 975556 975440 974152 24 977748 975552 974100 974084 977772 920732 26463352 701361 701622
701640 1610612768 0 2 28 975556 0 974152 24 0 975552 974100 974084 977772 920732 26463352 701361 701640
701640 536870944 0 2 28 977520 1 974152 0 0 975552 974100 974084 977772 920732 26463352 701361 701640
701640 536870944 0 2 28 977520 2 974152 4 0 975552 974100 974084 977772 920732 26463352 701361 701640
701640 536870944 0 2 28 977520 3 974152 8 0 975552 974100 974084 977772 920732 26463352 701361 701640
701640 536870944 0 2 28 977520 4 974152 12 0 975552 974100 974084 977772 920732 26463352 701361 701640
701640 536870944 0 2 28 977520 5 974152 16 0 975552 974100 974084 977772 920732 26463352 701361 701640
701640 536870944 0 2 28 977520 6 974152 20 0 975552 974100 974084 977772 920732 26463352 701361 701640
701640 536870944 0 2 28 977520 7 974152 24 0 975552 974100 974084 977772 920732 26463352 701361 701640
701640 536870944 0 2 28 977520 8 974152 28 0 975552 974100 974084 977772 920732 26463352 701361 701640
701640 536870944 0 2 28 977520 9 974152 32 0 975552 974100 974084 977772 920732 26463352 701361 701640
701640 536870944 0 2 28 977520 10 974152 36 0 975552 974100 974084 977772 920732 26463352 701361 701640
701640 536870944 0 2 28 977520 11 974152 40 0 975552 974100 974084 977772 920732 26463352 701361 701640
701640 536870944 0 2 28 977520 12 974152 44 0 975552 974100 974084 977772 920732 26463352 701361 701640
701640 536870944 0 2 28 977520 13 974152 48 0 975552 974100 974084 977772 920732 26463352 701361 701640
701640 536870944 0 2 28 977520 14 974152 52 0 975552 974100 974084 977772 920732 26463352 701361 701640
701640 536870944 0 2 28 977520 15 974152 56 0 975552 974100 974084 977772 920732 26463352 701361 701640
701640 536870944 0 2 28 977520 16 974152 60 0 975552 974100 974084 977772 920732 26463352 701361 701640
701640 536870944 0 2 28 977520 17 974152 64 0 975552 974100 974084 977772 920732 26463352 701361 701640
701640 536870944 0 2 28 977520 18 974152 68 0 975552 974100 974084 977772 920732 26463352 701361 701640
701640 536870944 0 2 28 977520 19 974152 72 0 975552 974100 974084 977772 920732 26463352 701361 701640
701640 536870944 0 2 28 977520 20 974152 76 0 975552 974100 974084 977772 920732 26463352 701361 701640
701640 536870944 0 2 28 977520 21 974152 80 0 975552 974100 974084 977772 920732 26463352 701361 701640
701640 536870944 0 2 28 977520 22 974152 84 0 975552 974100 974084 977772 920732 26463352 701361 701640
701640 536870944 0 2 28 977520 23 974152 88 0 975552 974100 974084 977772 920732 26463352 701361 701640
701640 536870944 0 2 28 977520 24 974152 92 0 975552 974100 974084 977772 920732 26463352 701361 701640
701640 536870944 0 2 28 977520 25 974152 96 0 975552 974100 974084 977772 920732 26463352 701361 701640
701640 536870944 0 2 28 977520 26 974152 100 0 975552 974100 974084 977772 920732 26463352 701361 701640
701640 536870944 0 2 28 977520 27 974152 104 0 975552 974100 974084 977772 920732 26463352 701361 701640
701694 1610612768 0 2 28 977520 28 974152 108 0 975552 974100 974084 977772 920732 26463352 701361 701694
690882 1610612768 0 2 28 977520 974152 949572 0 977748 974096 974100 974084 977772 920732 26463384 701361 690882
690892 536870944 974152 1 4294967052 974592 974152 949572 0 977748 974096 974100 974084 977772 920732 26463384 701361 690892
690900 536870944 974152 945016 4294967052 974592 974152 949572 0 977748 974096 974100 974084 977772 920732 26463384 4294967056 690900
690910 32 974152 977740 974592 974592 974152 949572 0 977748 974096 974100 974084 977772 920732 26463384 4294967056 690910
701340 32 974152 977740 974592 974592 974152 949572 0 977748 974096 974100 974084 977772 920732 26463384 690915 701340
701354 536870944 974152 977740 974592 974592 974152 974152 0 977748 974592 974100 974084 977772 920732 26463352 690915 701354
701280 536870944 977740 977740 974592 974592 974152 974152 0 977748 974592 974100 974084 977772 920732 26463352 701361 701280
701296 536870944 977740 977740 974592 0 974152 974152 0 977748 974592 974100 974084 977772 920732 26463348 701361 701296
701330 32 977740 26 977652 26 974152 974152 0 977748 974592 974100 974084 977772 920732 26463352 701361 701330
701334 536870944 25 26 977652 26 974152 974152 0 977748 974592 974100 974084 977772 920732 26463352 701361 701334
701360 536870944 25 26 977652 26 974152 974152 0 977748 974592 974100 974084 977772 920732 26463352 701361 701360
701366 2147483680 25 26 977652 27 974152 974152 0 977748 974592 974100 974084 977772 920732 26463352 701361 701366
701550 2147483680 25 26 977652 27 974152 974152 25 977748 974592 974100 974084 977772 920732 26463352 701361 701550
701576 1610612768 25 2 0 974596 974152 974152 25 977748 974592 974100 974084 977772 920732 26463352 701361 701576
701582 1610612768 0 2 0 974596 975440 974152 25 977748 974592 974100 974084 977772 920732 26463352 701361 701582
701614 1610612768 0 2 0 974596 975440 974152 25 977748 974592 974100 974084 977772 920732 26463352 701361 701614
701620 1610612768 0 2 28 974596 975440 974152 25 977748 974592 974100 974084 977772 920732 26463352 701361 701620
701622 1610612768 0 2 28 974596 975440 974152 25 977748 974592 974100 974084 977772 920732 26463352 701361 701622
701640 1610612768 0 2 28 974596 0 974152 25 0 974592 974100 974084 977772 920732 26463352 701361 701640
701640 536870944 0 2 28 977520 1 974152 0 0 974592 974100 974084 977772 920732 26463352 701361 701640
701640 536870944 0 2 28 977520 2 974152 4 0 974592 974100 974084 977772 920732 26463352 701361 701640
701640 536870944 0 2 28 977520 3 974152 8 0 974592 974100 974084 977772 920732 26463352 701361 701640
701640 536870944 0 2 28 977520 4 974152 12 0 974592 974100 974084 977772 920732 26463352 701361 701640
701640 536870944 0 2 28 977520 5 974152 16 0 974592 974100 974084 977772 920732 26463352 701361 701640
701640 536870944 0 2 28 977520 6 974152 20 0 974592 974100 974084 977772 920732 26463352 701361 701640
701640 536870944 0 2 28 977520 7 974152 24 0 974592 974100 974084 977772 920732 26463352 701361 701640
701640 536870944 0 2 28 977520 8 974152 28 0 974592 974100 974084 977772 920732 26463352 701361 701640
701640 536870944 0 2 28 977520 9 974152 32 0 974592 974100 974084 977772 920732 26463352 701361 701640
701640 536870944 0 2 28 977520 10 974152 36 0 974592 974100 974084 977772 920732 26463352 701361 701640
701640 536870944 0 2 28 977520 11 974152 40 0 974592 974100 974084 977772 920732 26463352 701361 701640
701640 536870944 0 2 28 977520 12 974152 44 0 974592 974100 974084 977772 920732 26463352 701361 701640
701640 536870944 0 2 28 977520 13 974152 48 0 974592 974100 974084 977772 920732 26463352 701361 701640
701640 536870944 0 2 28 977520 14 974152 52 0 974592 974100 974084 977772 920732 26463352 701361 701640
701640 536870944 0 2 28 977520 15 974152 56 0 974592 974100 974084 977772 920732 26463352 701361 701640
701640 536870944 0 2 28 977520 16 974152 60 0 974592 974100 974084 977772 920732 26463352 701361 701640
701640 536870944 0 2 28 977520 17 974152 64 0 974592 974100 974084 977772 920732 26463352 701361 701640
701640 536870944 0 2 28 977520 18 974152 68 0 974592 974100 974084 977772 920732 26463352 701361 701640
701640 536870944 0 2 28 977520 19 974152 72 0 974592 974100 974084 977772 920732 26463352 701361 701640
701640 536870944 0 2 28 977520 20 974152 76 0 974592 974100 974084 977772 920732 26463352 701361 701640
701640 536870944 0 2 28 977520 21 974152 80 0 974592 974100 974084 977772 920732 26463352 701361 701640
701640 536870944 0 2 28 977520 22 974152 84 0 974592 974100 974084 977772 920732 26463352 701361 701640
701640 536870944 0 2 28 977520 23 974152 88 0 974592 974100 974084 977772 920732 26463352 701361 701640
701640 536870944 0 2 28 977520 24 974152 92 0 974592 974100 974084 977772 920732 26463352 701361 701640
701640 536870944 0 2 28 977520 25 974152 96 0 974592 974100 974084 977772 920732 26463352 701361 701640
701640 536870944 0 2 28 977520 26 974152 100 0 974592 974100 974084 977772 920732 26463352 701361 701640
701640 536870944 0 2 28 977520 27 974152 104 0 974592 974100 974084 977772 920732 26463352 701361 701640
701694 1610612768 0 2 28 977520 28 974152 108 0 974592 974100 974084 977772 920732 26463352 701361 701694
690914 1610612768 0 2 28 977520 974152 949572 0 977748 974096 974100 974084 977772 920732 26463384 701361 690914
690924 536870944 974152 1 4294967060 977512 974152 949572 0 977748 974096 974100 974084 977772 920732 26463384 701361 690924
690932 536870944 974152 944968 4294967060 977512 974152 949572 0 977748 974096 974100 974084 977772 920732 26463384 4294967064 690932
690942 32 974152 977744 977512 977512 974152 949572 0 977748 974096 974100 974084 977772 920732 26463384 4294967064 690942
701340 32 974152 977744 977512 977512 974152 949572 0 977748 974096 974100 974084 977772 920732 26463384 690947 701340
701354 536870944 974152 977744 977512 977512 974152 974152 0 977748 977512 974100 974084 977772 920732 26463352 690947 701354
701280 536870944 977744 977744 977512 977512 974152 974152 0 977748 977512 974100 974084 977772 920732 26463352 701361 701280
701296 536870944 977744 977744 977512 0 974152 974152 0 977748 977512 974100 974084 977772 920732 26463348 701361 701296
701330 32 977744 27 977652 27 974152 974152 0 977748 977512 974100 974084 977772 920732 26463352 701361 701330
701334 536870944 26 27 977652 27 974152 974152 0 977748 977512 974100 974084 977772 920732 26463352 701361 701334
701360 536870944 26 27 977652 27 974152 974152 0 977748 977512 974100 974084 977772 920732 26463352 701361 701360
701366 2147483680 26 27 977652 27 974152 974152 0 977748 977512 974100 974084 977772 920732 26463352 701361 701366
701550 2147483680 26 27 977652 27 974152 974152 26 977748 977512 974100 974084 977772 920732 26463352 701361 701550
701576 1610612768 26 2 0 977516 974152 974152 26 977748 977512 974100 974084 977772 920732 26463352 701361 701576
701582 1610612768 0 2 0 977516 975440 974152 26 977748 977512 974100 974084 977772 920732 26463352 701361 701582
701614 1610612768 0 2 0 977516 975440 974152 26 977748 977512 974100 974084 977772 920732 26463352 701361 701614
701620 1610612768 0 2 28 977516 975440 974152 26 977748 977512 974100 974084 977772 920732 26463352 701361 701620
701622 1610612768 0 2 28 977516 975440 974152 26 977748 977512 974100 974084 977772 920732 26463352 701361 701622
701640 1610612768 0 2 28 977516 0 974152 26 0 977512 974100 974084 977772 920732 26463352 701361 701640
701640 536870944 0 2 28 977520 1 974152 0 0 977512 974100 974084 977772 920732 26463352 701361 701640
701640 536870944 0 2 28 977520 2 974152 4 0 977512 974100 974084 977772 920732 26463352 701361 701640
701640 536870944 0 2 28 977520 3 974152 8 0 977512 974100 974084 977772 920732 26463352 701361 701640
701640 536870944 0 2 28 977520 4 974152 12 0 977512 974100 974084 977772 920732 26463352 701361 701640
701640 536870944 0 2 28 977520 5 974152 16 0 977512 974100 974084 977772 920732 26463352 701361 701640
701640 536870944 0 2 28 977520 6 974152 20 0 977512 974100 974084 977772 920732 26463352 701361 701640
701640 536870944 0 2 28 977520 7 974152 24 0 977512 974100 974084 977772 920732 26463352 701361 701640
701640 536870944 0 2 28 977520 8 974152 28 0 977512 974100 974084 977772 920732 26463352 701361 701640
701640 536870944 0 2 28 977520 9 974152 32 0 977512 974100 974084 977772 920732 26463352 701361 701640
701640 536870944 0 2 28 977520 10 974152 36 0 977512 974100 974084 977772 920732 26463352 701361 701640
701640 536870944 0 2 28 977520 11 974152 40 0 977512 974100 974084 977772 920732 26463352 701361 701640
701640 536870944 0 2 28 977520 12 974152 44 0 977512 974100 974084 977772 920732 26463352 701361 701640
701640 536870944 0 2 28 977520 13 974152 48 0 977512 974100 974084 977772 920732 26463352 701361 701640
701640 536870944 0 2 28 977520 14 974152 52 0 977512 974100 974084 977772 920732 26463352 701361 701640
701640 536870944 0 2 28 977520 15 974152 56 0 977512 974100 974084 977772 920732 26463352 701361 701640
701640 536870944 0 2 28 977520 16 974152 60 0 977512 974100 974084 977772 920732 26463352 701361 701640
701640 536870944 0 2 28 977520 17 974152 64 0 977512 974100 974084 977772 920732 26463352 701361 701640
701640 536870944 0 2 28 977520 18 974152 68 0 977512 974100 974084 977772 920732 26463352 701361 701640
701640 536870944 0 2 28 977520 19 974152 72 0 977512 974100 974084 977772 920732 26463352 701361 701640
701640 536870944 0 2 28 977520 20 974152 76 0 977512 974100 974084 977772 920732 26463352 701361 701640
701640 536870944 0 2 28 977520 21 974152 80 0 977512 974100 974084 977772 920732 26463352 701361 701640
701640 536870944 0 2 28 977520 22 974152 84 0 977512 974100 974084 977772 920732 26463352 701361 701640
701640 536870944 0 2 28 977520 23 974152 88 0 977512 974100 974084 977772 920732 26463352 701361 701640
701640 536870944 0 2 28 977520 24 974152 92 0 977512 974100 974084 977772 920732 26463352 701361 701640
701640 536870944 0 2 28 977520 25 974152 96 0 977512 974100 974084 977772 920732 26463352 701361 701640
701640 536870944 0 2 28 977520 26 974152 100 0 977512 974100 974084 977772 920732 26463352 701361 701640
701640 536870944 0 2 28 977520 27 974152 104 0 977512 974100 974084 977772 920732 26463352 701361 701640
701694 1610612768 0 2 28 977520 28 974152 108 0 977512 974100 974084 977772 920732 26463352 701361 701694
690946 1610612768 0 2 28 977520 974152 949572 0 977748 974096 974100 974084 977772 920732 26463384 701361 690946
690952 536870944 977112 1 28 977520 974152 949572 0 977748 974096 974100 974084 977772 920732 26463384 701361 690952
710452 536870944 977112 1 28 977520 974152 949572 0 977748 974096 974100 974084 977772 920732 26463384 690957 710452
710456 32 977112 1 28 234218 974152 949572 0 977748 974096 974100 974084 977772 920732 26463384 690957 710456
700360 32 977112 1 28 944688 977112 949572 0 977748 974096 974100 974084 977772 920732 26463376 710477 700360
700370 32 977680 699485 28 944688 977112 949572 0 977748 974096 974100 974084 977772 920732 26463368 710477 700370
290972 0 977680 699485 28 944688 977112 949572 0 977748 974096 974100 974084 977772 920732 26463368 700375 290972
700374 32 0 0 28 944688 977112 949572 0 977748 974096 974100 974084 977772 950104 26463368 700375 700374
700378 32 0 0 28 977660 977112 949572 0 977748 974096 974100 974084 977772 950104 26463368 700375 700378
690956 32 977112 0 28 944688 974152 949572 0 977748 974096 974100 974084 977772 950104 26463384 700375 690956
690966 32 974152 977736 977112 4294967068 974152 949572 0 977748 974096 974100 974084 977772 950104 26463384 700375 690966
701340 32 974152 977736 977112 4294967068 974152 949572 0 977748 974096 974100 974084 977772 950104 26463384 690971 701340
701354 536870944 974152 977736 977112 4294967068 974152 974152 0 977748 977112 974100 974084 977772 950104 26463352 690971 701354
701280 536870944 977736 977736 977112 4294967068 974152 974152 0 977748 977112 974100 974084 977772 950104 26463352 701361 701280
701296 536870944 977736 977736 977112 0 974152 974152 0 977748 977112 974100 974084 977772 950104 26463348 701361 701296
701330 32 977736 28 977652 28 974152 974152 0 977748 977112 974100 974084 977772 950104 26463352 701361 701330
701334 536870944 27 28 977652 28 974152 974152 0 977748 977112 974100 974084 977772 950104 26463352 701361 701334
701360 536870944 27 28 977652 28 974152 974152 0 977748 977112 974100 974084 977772 950104 26463352 701361 701360
701366 1610612768 27 28 977652 27 974152 974152 0 977748 977112 974100 974084 977772 950104 26463352 701361 701366
701550 1610612768 27 28 977652 27 974152 974152 27 977748 977112 974100 974084 977772 950104 26463352 701361 701550
701576 1610612768 27 2 0 977116 974152 974152 27 977748 977112 974100 974084 977772 950104 26463352 701361 701576
701582 1610612768 0 2 0 977116 975440 974152 27 977748 977112 974100 974084 977772 950104 26463352 701361 701582
701614 1610612768 0 2 0 977116 975440 974152 27 977748 977112 974100 974084 977772 950104 26463352 701361 701614
701620 1610612768 0 2 28 977116 975440 974152 27 977748 977112 974100 974084 977772 950104 26463352 701361 701620
701622 1610612768 0 2 28 977116 975440 974152 27 977748 977112 974100 974084 977772 950104 26463352 701361 701622
701640 1610612768 0 2 28 977116 0 974152 27 0 977112 974100 974084 977772 950104 26463352 701361 701640
701640 536870944 0 2 28 977520 1 974152 0 0 977112 974100 974084 977772 950104 26463352 701361 701640
701640 536870944 0 2 28 977520 2 974152 4 0 977112 974100 974084 977772 950104 26463352 701361 701640
701640 536870944 0 2 28 977520 3 974152 8 0 977112 974100 974084 977772 950104 26463352 701361 701640
701640 536870944 0 2 28 977520 4 974152 12 0 977112 974100 974084 977772 950104 26463352 701361 701640
701640 536870944 0 2 28 977520 5 974152 16 0 977112 974100 974084 977772 950104 26463352 701361 701640
701640 536870944 0 2 28 977520 6 974152 20 0 977112 974100 974084 977772 950104 26463352 701361 701640
701640 536870944 0 2 28 977520 7 974152 24 0 977112 974100 974084 977772 950104 26463352 701361 701640
701640 536870944 0 2 28 977520 8 974152 28 0 977112 974100 974084 977772 950104 26463352 701361 701640
701640 536870944 0 2 28 977520 9 974152 32 0 977112 974100 974084 977772 950104 26463352 701361 701640
701640 536870944 0 2 28 977520 10 974152 36 0 977112 974100 974084 977772 950104 26463352 701361 701640
701640 536870944 0 2 28 977520 11 974152 40 0 977112 974100 974084 977772 950104 26463352 701361 701640
701640 536870944 0 2 28 977520 12 974152 44 0 977112 974100 974084 977772 950104 26463352 701361 701640
701640 536870944 0 2 28 977520 13 974152 48 0 977112 974100 974084 977772 950104 26463352 701361 701640
701640 536870944 0 2 28 977520 14 974152 52 0 977112 974100 974084 977772 950104 26463352 701361 701640
701640 536870944 0 2 28 977520 15 974152 56 0 977112 974100 974084 977772 950104 26463352 701361 701640
701640 536870944 0 2 28 977520 16 974152 60 0 977112 974100 974084 977772 950104 26463352 701361 701640
701640 536870944 0 2 28 977520 17 974152 64 0 977112 974100 974084 977772 950104 26463352 701361 701640
701640 536870944 0 2 28 977520 18 974152 68 0 977112 974100 974084 977772 950104 26463352 701361 701640
701640 536870944 0 2 28 977520 19 974152 72 0 977112 974100 974084 977772 950104 26463352 701361 701640
701640 536870944 0 2 28 977520 20 974152 76 0 977112 974100 974084 977772 950104 26463352 701361 701640
701640 536870944 0 2 28 977520 21 974152 80 0 977112 974100 974084 977772 950104 26463352 701361 701640
701640 536870944 0 2 28 977520 22 974152 84 0 977112 974100 974084 977772 950104 26463352 701361 701640
701640 536870944 0 2 28 977520 23 974152 88 0 977112 974100 974084 977772 950104 26463352 701361 701640
701640 536870944 0 2 28 977520 24 974152 92 0 977112 974100 974084 977772 950104 26463352 701361 701640
701640 536870944 0 2 28 977520 25 974152 96 0 977112 974100 974084 977772 950104 26463352 701361 701640
701640 536870944 0 2 28 977520 26 974152 100 0 977112 974100 974084 977772 950104 26463352 701361 701640
701640 536870944 0 2 28 977520 27 974152 104 0 977112 974100 974084 977772 950104 26463352 701361 701640
701694 1610612768 0 2 28 977520 28 974152 108 0 977112 974100 974084 977772 950104 26463352 701361 701694
690970 1610612768 0 2 28 977520 974152 949572 0 977748 974096 974100 974084 977772 950104 26463384 701361 690970
701280 1610612768 974084 2 28 977520 974152 977520 0 977748 974096 974100 974084 977772 950104 26463384 690979 701280
701286 1610612768 974084 2 28 3 974152 977520 0 977748 974096 974100 974084 977772 950104 26463380 690979 701286
701294 536870944 2 2 28 3 974152 977520 0 977748 974096 974100 974084 977772 950104 26463384 690979 701294
690978 536870944 2 2 28 3 974152 977520 0 977748 974096 974100 974084 977772 950104 26463384 690979 690978
690986 536870944 2 2 28 977408 974152 977520 0 977748 974096 974100 974084 977772 950104 26463384 690979 690986
701280 536870944 974100 2 28 977408 974152 977520 0 977748 974096 974100 974084 977772 950104 26463384 690995 701280
701286 536870944 974100 2 28 7 974152 977520 0 977748 974096 974100 974084 977772 950104 26463380 690995 701286
701294 536870944 6 2 28 7 974152 977520 0 977748 974096 974100 974084 977772 950104 26463384 690995 701294
690994 536870944 6 2 28 7 974152 977520 0 977748 974096 974100 974084 977772 950104 26463384 690995 690994
691002 536870944 6 2 28 977128 974152 977520 0 977748 974096 974100 974084 977772 950104 26463384 690995 691002
701280 536870944 974096 2 28 977128 974152 977520 0 977748 974096 974100 974084 977772 950104 26463384 691011 701280
701286 536870944 974096 2 28 8 974152 977520 0 977748 974096 974100 974084 977772 950104 26463380 691011 701286
701294 536870944 7 2 28 8 974152 977520 0 977748 974096 974100 974084 977772 950104 26463384 691011 701294
691010 536870944 7 2 28 8 974152 977520 0 977748 974096 974100 974084 977772 950104 26463384 691011 691010
691018 536870944 7 2 28 977332 974152 977520 0 977748 974096 974100 974084 977772 950104 26463384 691011 691018
701280 536870944 974072 2 28 977332 974152 977520 0 977748 974096 974100 974084 977772 950104 26463384 691027 701280
701286 536870944 974072 2 28 11 974152 977520 0 977748 974096 974100 974084 977772 950104 26463380 691027 701286
701294 536870944 10 2 28 11 974152 977520 0 977748 974096 974100 974084 977772 950104 26463384 691027 701294
691026 536870944 10 2 28 11 974152 977520 0 977748 974096 974100 974084 977772 950104 26463384 691027 691026
691034 536870944 10 2 28 974244 974152 977520 0 977748 974096 974100 974084 977772 950104 26463384 691027 691034
701280 536870944 977760 2 28 974244 974152 977520 0 977748 974096 974100 974084 977772 950104 26463384 691043 701280
701286 536870944 977760 2 28 17 974152 977520 0 977748 974096 974100 974084 977772 950104 26463380 691043 701286
701294 536870944 16 2 28 17 974152 977520 0 977748 974096 974100 974084 977772 950104 26463384 691043 701294
691042 536870944 16 2 28 17 974152 977520 0 977748 974096 974100 974084 977772 950104 26463384 691043 691042
691050 536870944 16 2 28 974600 974152 977520 0 977748 974096 974100 974084 977772 950104 26463384 691043 691050
701280 536870944 977776 2 28 974600 974152 977520 0 977748 974096 974100 974084 977772 950104 26463384 691059 701280
701286 536870944 977776 2 28 21 974152 977520 0 977748 974096 974100 974084 977772 950104 26463380 691059 701286
701294 536870944 20 2 28 21 974152 977520 0 977748 974096 974100 974084 977772 950104 26463384 691059 701294
691058 536870944 20 2 28 21 974152 977520 0 977748 974096 974100 974084 977772 950104 26463384 691059 691058
691066 536870944 20 2 28 974456 974152 977520 0 977748 974096 974100 974084 977772 950104 26463384 691059 691066
701280 536870944 977772 2 28 974456 974152 977520 0 977748 974096 974100 974084 977772 950104 26463384 691075 701280
701286 536870944 977772 2 28 22 974152 977520 0 977748 974096 974100 974084 977772 950104 26463380 691075 701286
701294 536870944 21 2 28 22 974152 977520 0 977748 974096 974100 974084 977772 950104 26463384 691075 701294
691074 536870944 21 2 28 22 974152 977520 0 977748 974096 974100 974084 977772 950104 26463384 691075 691074
691082 536870944 21 2 28 977196 974152 977520 0 977748 974096 974100 974084 977772 950104 26463384 691075 691082
701280 536870944 977748 2 28 977196 974152 977520 0 977748 974096 974100 974084 977772 950104 26463384 691091 701280
701286 536870944 977748 2 28 25 974152 977520 0 977748 974096 974100 974084 977772 950104 26463380 691091 701286
701294 536870944 24 2 28 25 974152 977520 0 977748 974096 974100 974084 977772 950104 26463384 691091 701294
691090 536870944 24 2 28 25 974152 977520 0 977748 974096 974100 974084 977772 950104 26463384 691091 691090
691098 536870944 24 2 28 975588 974152 977520 0 977748 974096 974100 974084 977772 950104 26463384 691091 691098
691102 536870944 974152 2 28 975588 974152 977520 0 977748 974096 974100 974084 977772 950104 26463404 691091 691102
691794 536870944 974152 2 28 975588 974152 950492 950272 4294967295 0 973960 0 950488 950104 26463440 691091 691794
691800 536870944 974152 2 949348 257546 974152 950492 950272 4294967295 0 973960 0 950488 950104 26463440 691091 691800
691804 536870944 974152 2 977672 949352 974152 950492 950272 4294967295 0 973960 0 950488 950104 26463440 691091 691804
691810 536870944 974152 2 977672 977676 974152 950492 950272 4294967295 0 973960 0 950488 950104 26463440 691091 691810
691844 1073741856 0 0 4294965576 0 949348 950492 950272 4294967295 0 973960 0 950488 950104 26479720 691843 691844
691850 1073741856 0 0 4294965576 974152 977672 950492 950272 4294967295 0 973960 0 950488 950104 26479720 691843 691850
691908 1073741856 0 0 4294965576 0 973988 950492 950272 4294967295 0 973960 0 950488 950104 26479736 691843 691908
691914 1073741856 0 0 4294965576 257428 973988 949352 950272 4294967295 0 973960 0 950488 950104 26479736 691843 691914
691918 1073741856 0 0 4294965576 949348 973988 977676 950272 4294967295 0 973960 0 950488 950104 26479736 691843 691918
691924 1073741856 0 0 974152 977672 973988 977676 950272 4294967295 0 973960 0 950488 950104 26479736 691843 691924
692004 1610612768 0 3 974152 0 973988 977676 950272 4294967295 0 973960 0 950488 950104 26479736 691843 692004
603080 1610612768 973988 3 974152 0 949572 950492 950272 4294967295 0 973960 0 950488 950104 26479752 691843 603080
603094 1610612768 4294966328 4294966700 943624 0 949572 950492 950272 4294967295 0 973960 0 950488 950104 26479752 691843 603094
603120 32 4294966328 4294966700 16810336 940096 949572 973636 950272 4294967295 0 973960 943632 950488 950104 26479752 691843 603120
603150 32 973664 4294966700 16810336 940096 949572 973636 950272 4294967295 0 973960 943632 950488 950104 26479752 691843 603150
691896 32 973664 4294966700 16810336 940096 949572 973636 950272 4294967295 0 973960 943632 950488 950104 26479752 603155 691896
691902 1073741856 973664 4294966700 16810336 0 949572 973636 950272 4294967295 0 973960 943632 950488 950104 26479736 603155 691902
691824 1073741856 973664 4294966700 16810336 0 973664 973636 950272 4294967295 0 973960 943632 950488 950104 26479736 691909 691824
691832 1073741856 949356 4294967237 16810336 0 973664 973636 950272 4294967295 0 973960 943632 950488 950104 26479720 691909 691832
691838 1073741856 977668 691781 16810336 0 257502 973636 950272 4294967295 0 973960 943632 950488 950104 26479720 691909 691838
290972 1073741824 977668 691781 16810336 0 257502 973636 950272 4294967295 0 973960 943632 950488 950104 26479720 691843 290972
691844 1073741856 0 0 16810336 0 949348 973636 950272 4294967295 0 973960 943632 950488 950104 26479720 691843 691844
691850 1073741856 0 0 16810336 974152 977672 973636 950272 4294967295 0 973960 943632 950488 950104 26479720 691843 691850
691908 1073741856 0 0 16810336 0 973664 973636 950272 4294967295 0 973960 943632 950488 950104 26479736 691843 691908
691914 1073741856 0 0 16810336 257428 973664 949352 950272 4294967295 0 973960 943632 950488 950104 26479736 691843 691914
691918 1073741856 0 0 16810336 949348 973664 977676 950272 4294967295 0 973960 943632 950488 950104 26479736 691843 691918
691924 1073741856 0 0 974152 977672 973664 977676 950272 4294967295 0 973960 943632 950488 950104 26479736 691843 691924
692004 1610612768 0 4 974152 0 973664 977676 950272 4294967295 0 973960 943632 950488 950104 26479736 691843 692004
603154 1610612768 973664 4 974152 0 949572 973636 950272 4294967295 0 973960 943632 950488 950104 26479752 691843 603154
603172 1610612768 973664 16810252 4294966704 940096 949572 973636 973208 4294967295 0 973960 943632 950488 950104 26479752 691843 603172
603200 1610612768 973236 16810252 4294966704 940096 949572 973636 973208 4294967295 0 973960 943632 950488 950104 26479752 691843 603200
691896 1610612768 973236 16810252 4294966704 940096 949572 973636 973208 4294967295 0 973960 943632 950488 950104 26479752 603205 691896
691902 1610612768 973236 16810252 4294966704 0 949572 973636 973208 4294967295 0 973960 943632 950488 950104 26479736 603205 691902
691824 1610612768 973236 16810252 4294966704 0 973236 973636 973208 4294967295 0 973960 943632 950488 950104 26479736 691909 691824
691832 1610612768 949356 4294967237 4294966704 0 973236 973636 973208 4294967295 0 973960 943632 950488 950104 26479720 691909 691832
691838 1610612768 977668 691781 4294966704 0 257502 973636 973208 4294967295 0 973960 943632 950488 950104 26479720 691909 691838
290972 1610612736 977668 691781 4294966704 0 257502 973636 973208 4294967295 0 973960 943632 950488 950104 26479720 691843 290972
691844 1610612768 0 0 4294966704 0 949348 973636 973208 4294967295 0 973960 943632 950488 950104 26479720 691843 691844
691850 1610612768 0 0 4294966704 974152 977672 973636 973208 4294967295 0 973960 943632 950488 950104 26479720 691843 691850
691908 1610612768 0 0 4294966704 0 973236 973636 973208 4294967295 0 973960 943632 950488 950104 26479736 691843 691908
691914 1610612768 0 0 4294966704 257428 973236 949352 973208 4294967295 0 973960 943632 950488 950104 26479736 691843 691914
691918 1610612768 0 0 4294966704 949348 973236 977676 973208 4294967295 0 973960 943632 950488 950104 26479736 691843 691918
691924 1610612768 0 0 974152 977672 973236 977676 973208 4294967295 0 973960 943632 950488 950104 26479736 691843 691924
692004 1610612768 0 5 974152 0 973236 977676 973208 4294967295 0 973960 943632 950488 950104 26479736 691843 692004
603204 1610612768 973236 5 974152 0 949572 973636 973208 4294967295 0 973960 943632 950488 950104 26479752 691843 603204
603212 1610612768 16810252 5 974152 4294965764 949572 973636 973208 4294967295 0 973960 943632 950488 950104 26479752 691843 603212
603222 1610612768 16810252 5 16810420 4294965764 949572 973636 973208 973352 0 973960 943632 950488 950104 26479752 691843 603222
612328 1610612768 973356 5 16810420 4294965764 949572 973636 973208 973352 0 973960 973356 950488 950104 26479752 603233 612328
612348 32 973464 0 16810420 973400 973356 973392 940384 973352 0 973960 973356 950488 950104 26479736 603233 612348
612386 1610612768 973464 0 0 973464 973356 973392 940392 973352 0 973960 973356 950488 950104 26479736 603233 612386
612392 536870944 973464 0 0 8 973356 973392 940392 973352 0 973960 973356 950488 950104 26479736 603233 612392
691896 536870944 973464 0 0 8 973356 973392 940392 973352 0 973960 973356 950488 950104 26479736 612397 691896
691902 1610612768 973464 0 0 0 973356 973392 940392 973352 0 973960 973356 950488 950104 26479720 612397 691902
691824 1610612768 973464 0 0 0 973464 973392 940392 973352 0 973960 973356 950488 950104 26479720 691909 691824
691832 1610612768 949356 4294967237 0 0 973464 973392 940392 973352 0 973960 973356 950488 950104 26479704 691909 691832
691838 1610612768 977668 691781 0 0 257502 973392 940392 973352 0 973960 973356 950488 950104 26479704 691909 691838
290972 1610612736 977668 691781 0 0 257502 973392 940392 973352 0 973960 973356 950488 950104 26479704 691843 290972
691844 1610612768 0 0 0 0 949348 973392 940392 973352 0 973960 973356 950488 950104 26479704 691843 691844
691850 1610612768 0 0 0 974152 977672 973392 940392 973352 0 973960 973356 950488 950104 26479704 691843 691850
691908 1610612768 0 0 0 0 973464 973392 940392 973352 0 973960 973356 950488 950104 26479720 691843 691908
691914 1610612768 0 0 0 257428 973464 949352 940392 973352 0 973960 973356 950488 950104 26479720 691843 691914
691918 1610612768 0 0 0 949348 973464 977676 940392 973352 0 973960 973356 950488 950104 26479720 691843 691918
691924 1610612768 0 0 974152 977672 973464 977676 940392 973352 0 973960 973356 950488 950104 26479720 691843 691924
692004 1610612768 0 6 974152 0 973464 977676 940392 973352 0 973960 973356 950488 950104 26479720 691843 692004
612396 1610612768 973464 6 974152 0 973356 973392 940392 973352 0 973960 973356 950488 950104 26479736 691843 612396
603232 1610612768 973356 6 974152 0 949572 973636 973208 973352 0 973960 973356 950488 950104 26479752 691843 603232
603238 1610612768 973356 6 974152 4294966708 949572 973636 973208 973352 0 973960 973356 950488 950104 26479752 691843 603238
603244 1610612768 973356 6 974152 4294966708 949572 973636 973208 973352 0 973960 973356 950488 950104 26479752 691843 603244
603270 1610612768 973356 973960 974152 4294966708 949572 973636 973208 973352 0 973960 945616 950488 950104 26479752 691843 603270
603282 1610612768 973356 973960 945628 945648 949572 973636 973208 973352 0 973960 945616 950488 950104 26479752 691843 603282
605660 1610612768 973356 973960 945628 945648 949572 973636 973208 973352 0 973960 945616 950488 950104 26479752 603287 605660
686060 1610612768 973356 973960 945628 945648 973356 973960 973208 973352 0 973960 945616 950488 950104 26479736 605671 686060
686064 1610612768 973356 973960 945628 945648 973356 973960 973208 973352 0 973960 945616 950488 950104 26479712 605671 686064
686076 536870944 973356 973960 0 6 973356 26479716 973208 973352 0 973960 945616 950488 950104 26479712 605671 686076
686084 536870944 26479716 973960 0 4098 973356 26479716 973208 973352 0 973960 945616 950488 950104 26479712 605671 686084
691896 536870944 26479716 973960 0 4098 973356 26479716 973208 973352 0 973960 945616 950488 950104 26479712 686089 691896
691902 1610612768 26479716 973960 0 0 973356 26479716 973208 973352 0 973960 945616 950488 950104 26479696 686089 691902
691824 1610612768 26479716 973960 0 0 26479716 26479716 973208 973352 0 973960 945616 950488 950104 26479696 691909 691824
691832 1610612768 949356 4294967237 0 0 26479716 26479716 973208 973352 0 973960 945616 950488 950104 26479680 691909 691832
691838 1610612768 977668 691781 0 0 257502 26479716 973208 973352 0 973960 945616 950488 950104 26479680 691909 691838
290972 1610612736 977668 691781 0 0 257502 26479716 973208 973352 0 973960 945616 950488 950104 26479680 691843 290972
691844 1610612768 0 0 0 0 949348 26479716 973208 973352 0 973960 945616 950488 950104 26479680 691843 691844
691850 1610612768 0 0 0 974152 977672 26479716 973208 973352 0 973960 945616 950488 950104 26479680 691843 691850
691908 1610612768 0 0 0 0 26479716 26479716 973208 973352 0 973960 945616 950488 950104 26479696 691843 691908
691914 1610612768 0 0 0 257428 26479716 949352 973208 973352 0 973960 945616 950488 950104 26479696 691843 691914
691918 1610612768 0 0 0 949348 26479716 977676 973208 973352 0 973960 945616 950488 950104 26479696 691843 691918
691924 1610612768 0 0 974152 977672 26479716 977676 973208 973352 0 973960 945616 950488 950104 26479696 691843 691924
692004 1610612768 0 7 974152 0 26479716 977676 973208 973352 0 973960 945616 950488 950104 26479696 691843 692004
686088 1610612768 26479716 7 974152 0 973356 26479716 973208 973352 0 973960 945616 950488 950104 26479712 691843 686088
700628 1610612768 973464 26479716 974152 0 973356 26479716 973208 973352 0 973960 945616 950488 950104 26479712 686099 700628
700638 1610612768 973464 26479716 974152 974152 973356 26479716 26479716 973352 0 973960 945616 950488 950104 26479696 686099 700638
700658 1610612768 973464 8 0 974152 973356 973464 26479716 973352 0 973960 945616 950488 950104 26479696 686099 700658
700686 536870944 973464 7 0 8 974152 973464 26479716 973352 0 973960 945616 950488 950104 26479696 686099 700686
700692 536870944 973464 7 0 974152 974152 973464 26479716 973352 0 973960 945616 950488 950104 26479696 686099 700692
686098 536870944 973464 7 0 974152 973356 26479716 973208 973352 0 973960 945616 950488 950104 26479712 686099 686098
700720 536870944 26479716 7 0 974152 973356 26479716 973208 973352 0 973960 945616 950488 950104 26479712 686105 700720
700752 536870944 26479716 6 0 7 974152 26479716 973208 973352 0 973960 945616 950488 950104 26479696 686105 700752
686106 536870944 26479716 6 0 974152 973356 26479716 973208 973352 0 973960 945616 950488 950104 26479724 686105 686106
605670 536870944 26479716 6 0 974152 973356 973960 973208 973352 0 973960 945616 950488 950104 26479736 686105 605670
605472 536870944 973356 973464 0 974152 973356 973960 973208 973352 0 973960 945616 950488 950104 26479736 605681 605472
625512 536870944 973464 973464 0 974152 973464 973356 973208 973352 0 973960 945616 950488 950104 26479720 605485 625512
625522 536870944 949084 973464 0 323560 973464 973356 973208 973352 0 973960 945616 950488 950104 26479712 605485 625522
701280 536870944 977644 973464 0 323560 973464 973356 973208 973352 0 973960 945616 950488 950104 26479712 625529 701280
701286 536870944 977644 973464 0 1 973464 973356 973208 973352 0 973960 945616 950488 950104 26479708 625529 701286
701294 1610612768 0 973464 0 1 973464 973356 973208 973352 0 973960 945616 950488 950104 26479712 625529 701294
625528 1610612768 0 973464 0 1 973464 973356 973208 973352 0 973960 945616 950488 950104 26479712 625529 625528
625542 2147483680 974896 28 0 975440 973464 973356 973208 973352 0 973960 945616 950488 950104 26479712 625529 625542
625544 2147483680 974896 28 0 975440 973464 973356 973208 973352 0 973960 945616 950488 950104 26479712 625529 625544
625552 1073741856 974896 949088 323534 0 973464 973356 973208 973352 0 973960 945616 950488 950104 26479712 625529 625552
625556 1073741856 974896 943776 949092 0 973464 973356 973208 973352 0 973960 945616 950488 950104 26479712 625529 625556
601352 1073741856 974896 943776 943444 0 973464 973356 973208 973352 0 973960 945616 950488 950104 26479712 625563 601352
601362 1073741856 974896 943776 943444 0 973464 974896 943392 973352 0 973960 945616 950488 950104 26479640 625563 601362
601376 1073741856 943444 0 943444 0 0 974896 943392 973352 943776 973960 945616 950488 950104 26479640 16 601376
601382 1073741856 943444 0 943444 0 0 974896 943392 973352 943776 943444 945616 950488 0 26479640 16 601382
601386 1073741856 943444 0 943444 0 0 974896 943392 0 943776 943444 945616 950488 0 26479640 16 601386
601396 1073741856 943444 0 943444 943444 0 974896 939264 0 943776 943444 945616 950488 974896 26479640 16 601396
601402 32 943444 0 6 943444 0 974896 939264 0 943776 943444 945616 950488 974896 26479640 16 601402
601414 32 943444 0 6 943444 0 974896 939264 0 943776 943444 945616 950488 26479660 26479640 16 601414
601424 32 943444 0 6 943444 0 974896 596429 0 943776 943444 945616 950488 26479660 26479640 16 601424
596428 32 943444 0 6 943444 0 974896 596429 0 943776 943444 945616 950488 26479660 26479640 601427 596428
596434 32 943444 0 6 943444 0 974896 596429 0 943776 943444 945616 950488 26479660 26479512 601427 596434
596440 32 943444 0 6 943444 26479660 974896 596429 0 943776 943444 945616 0 26479660 26479512 601427 596440
596202 536870944 943444 943776 6 0 26479660 974896 596429 974896 943776 974896 945616 0 26479660 26479512 597169 596202
596206 536870944 943444 943776 6 0 26479660 974896 596429 974896 943776 974896 945616 0 26479660 26479504 597169 596206
596214 536870944 921168 943776 6 83 26479660 974896 596429 974896 943776 974896 945616 0 26479660 26479504 597169 596214
289592 536870912 921168 921372 6 78 26479660 974896 596429 974896 943776 974896 945616 0 26479660 26479504 596229 289592
596202 1610612768 943444 943444 6 0 26479660 974896 596429 974896 943776 974896 945616 0 949644 26479512 596475 596202
596242 1610612768 943444 943444 6 0 26479660 974896 596429 974896 943776 974896 945616 0 949644 26479504 596475 596242
601426 1610612768 0 943444 6 6 0 974896 596429 0 943776 943444 945616 950488 949644 26479640 596475 601426
601430 1610612768 974896 943444 6 6 0 974896 596429 0 943776 943444 945616 950488 949644 26479640 596475 601430
601478 1610612768 974896 943444 6 6 6 974896 596429 0 943776 943444 945616 950488 949644 26479684 596475 601478
605484 32 1 943444 6 6 973464 973356 973208 973352 0 973960 945616 950488 949644 26479720 596475 605484
605486 32 1 943444 6 6 973464 973356 973208 973352 0 973960 945616 950488 949644 26479720 596475 605486
620456 32 973464 943444 6 6 973464 973356 973208 973352 0 973960 945616 950488 949644 26479720 605493 620456
620466 32 949084 943444 6 328616 973464 973356 973208 973352 0 973960 945616 950488 949644 26479712 605493 620466
701280 32 977644 943444 6 328616 973464 973356 973208 973352 0 973960 945616 950488 949644 26479712 620473 701280
701286 32 977644 943444 6 1 973464 973356 973208 973352 0 973960 945616 950488 949644 26479708 620473 701286
701294 1610612768 0 943444 6 1 973464 973356 973208 973352 0 973960 945616 950488 949644 26479712 620473 701294
620472 1610612768 0 943444 6 1 973464 973356 973208 973352 0 973960 945616 950488 949644 26479712 620473 620472
620486 2147483680 974896 28 6 975440 973464 973356 973208 973352 0 973960 945616 950488 949644 26479712 620473 620486
620488 2147483680 974896 28 6 975440 973464 973356 973208 973352 0 973960 945616 950488 949644 26479712 620473 620488
620496 1073741856 974896 949088 328590 0 973464 973356 973208 973352 0 973960 945616 950488 949644 26479712 620473 620496
620500 1073741856 974896 943776 949092 0 973464 973356 973208 973352 0 973960 945616 950488 949644 26479712 620473 620500
601352 1073741856 974896 943776 943444 0 973464 973356 973208 973352 0 973960 945616 950488 949644 26479712 620507 601352
601362 1073741856 974896 943776 943444 0 973464 974896 943392 973352 0 973960 945616 950488 949644 26479640 620507 601362
601376 1073741856 943444 0 943444 0 0 974896 943392 973352 943776 973960 945616 950488 949644 26479640 16 601376
601382 1073741856 943444 0 943444 0 0 974896 943392 973352 943776 943444 945616 950488 0 26479640 16 601382
601386 1073741856 943444 0 943444 0 0 974896 943392 0 943776 943444 945616 950488 0 26479640 16 601386
601396 1073741856 943444 0 943444 943444 0 974896 939264 0 943776 943444 945616 950488 974896 26479640 16 601396
601402 32 943444 0 6 943444 0 974896 939264 0 943776 943444 945616 950488 974896 26479640 16 601402
601414 32 943444 0 6 943444 0 974896 939264 0 943776 943444 945616 950488 26479660 26479640 16 601414
601424 32 943444 0 6 943444 0 974896 596429 0 943776 943444 945616 950488 26479660 26479640 16 601424
596428 32 943444 0 6 943444 0 974896 596429 0 943776 943444 945616 950488 26479660 26479640 601427 596428
596434 32 943444 0 6 943444 0 974896 596429 0 943776 943444 945616 950488 26479660 26479512 601427 596434
596440 32 943444 0 6 943444 26479660 974896 596429 0 943776 943444 945616 0 26479660 26479512 601427 596440
596202 536870944 943444 943776 6 0 26479660 974896 596429 974896 943776 974896 945616 0 26479660 26479512 597169 596202
596206 536870944 943444 943776 6 0 26479660 974896 596429 974896 943776 974896 945616 0 26479660 26479504 597169 596206
596214 536870944 921168 943776 6 83 26479660 974896 596429 974896 943776 974896 945616 0 26479660 26479504 597169 596214
289592 536870912 921168 921372 6 78 26479660 974896 596429 974896 943776 974896 945616 0 26479660 26479504 596229 289592
596202 1610612768 943444 943444 6 0 26479660 974896 596429 974896 943776 974896 945616 0 949644 26479512 596475 596202
596242 1610612768 943444 943444 6 0 26479660 974896 596429 974896 943776 974896 945616 0 949644 26479504 596475 596242
601426 1610612768 0 943444 6 6 0 974896 596429 0 943776 943444 945616 950488 949644 26479640 596475 601426
601430 1610612768 974896 943444 6 6 0 974896 596429 0 943776 943444 945616 950488 949644 26479640 596475 601430
601478 1610612768 974896 943444 6 6 6 974896 596429 0 943776 943444 945616 950488 949644 26479684 596475 601478
620506 1610612768 974896 943444 6 6 973464 973356 973208 973352 0 973960 945616 950488 949644 26479712 596475 620506
620508 1610612768 974896 943444 6 6 973464 973356 973208 973352 0 973960 945616 950488 949644 26479712 596475 620508
605494 1610612768 974896 943444 6 6 973464 973356 973208 973352 0 973960 945616 950488 949644 26479720 596475 605494
625800 1610612768 973464 943444 6 6 973464 973356 973208 973352 0 973960 945616 950488 949644 26479720 605501 625800
625808 1610612768 974076 943444 6 6 973464 973356 973208 973352 0 973960 945616 950488 949644 26479712 605501 625808
701280 1610612768 974076 943444 6 6 973464 973356 973208 973352 0 973960 945616 950488 949644 26479712 625813 701280
701286 1610612768 974076 943444 6 5 973464 973356 973208 973352 0 973960 945616 950488 949644 26479708 625813 701286
701294 536870944 4 943444 6 5 973464 973356 973208 973352 0 973960 945616 950488 949644 26479712 625813 701294
625812 536870944 4 943444 6 5 973464 973356 973208 973352 0 973960 945616 950488 949644 26479712 625813 625812
625826 2147483680 975856 28 6 975440 973464 973356 973208 973352 0 973960 945616 950488 949644 26479712 625813 625826
625828 2147483680 975856 28 6 975440 973464 973356 973208 973352 0 973960 945616 950488 949644 26479712 625813 625828
625836 1073741856 975856 949088 315566 0 973464 973356 973208 973352 0 973960 945616 950488 949644 26479712 625813 625836
625840 1073741856 975856 943776 941408 0 973464 973356 973208 973352 0 973960 945616 950488 949644 26479712 625813 625840
601352 1073741856 975856 943776 941408 0 973464 973356 973208 973352 0 973960 945616 950488 949644 26479712 625845 601352
601362 1073741856 975856 943776 941408 0 973464 975856 940664 973352 0 973960 945616 950488 949644 26479640 625845 601362
601376 1073741856 941408 0 941408 0 0 975856 940664 973352 943776 973960 945616 950488 949644 26479640 16 601376
601382 1073741856 941408 0 941408 0 0 975856 940664 973352 943776 941408 945616 950488 0 26479640 16 601382
601386 1073741856 941408 0 941408 0 0 975856 940664 0 943776 941408 945616 950488 0 26479640 16 601386
601396 1073741856 941408 0 941408 941408 0 975856 939328 0 943776 941408 945616 950488 975856 26479640 16 601396
601402 32 941408 0 6 941408 0 975856 939328 0 943776 941408 945616 950488 975856 26479640 16 601402
601414 32 941408 0 6 941408 0 975856 939328 0 943776 941408 945616 950488 26479660 26479640 16 601414
601424 32 941408 0 6 941408 0 975856 600429 0 943776 941408 945616 950488 26479660 26479640 16 601424
600428 32 941408 0 6 941408 0 975856 600429 0 943776 941408 945616 950488 26479660 26479640 601427 600428
600434 32 941408 0 6 941408 0 975856 600429 0 943776 941408 945616 950488 26479660 26479584 601427 600434
596202 1610612768 941408 941408 6 941408 0 26479660 975856 941408 0 975856 6 941408 26479660 26479584 600457 596202
596242 1610612768 941408 941408 6 941408 0 26479660 975856 941408 0 975856 6 941408 26479660 26479576 600457 596242
600456 536870944 1 941408 6 941408 0 26479660 975856 941408 0 975856 6 941408 26479660 26479584 600457 600456
600472 1610612768 1 941408 6 941408 1 26479660 975856 941408 0 975856 6 941408 26479660 26479584 600457 600472
601426 1610612768 0 941408 6 941408 0 975856 600429 0 943776 941408 945616 950488 26479660 26479640 600457 601426
601430 1610612768 975856 941408 6 941408 0 975856 600429 0 943776 941408 945616 950488 26479660 26479640 600457 601430
601478 1610612768 975856 941408 6 6 6 975856 600429 0 943776 941408 945616 950488 26479660 26479684 600457 601478
605500 32 1 941408 6 6 973464 973356 973208 973352 0 973960 945616 950488 26479660 26479720 600457 605500
605502 32 1 941408 6 6 973464 973356 973208 973352 0 973960 945616 950488 26479660 26479720 600457 605502
622652 32 973464 941408 6 6 973464 973356 973208 973352 0 973960 945616 950488 26479660 26479720 605509 622652
622660 32 974076 941408 6 6 973464 973356 973208 973352 0 973960 945616 950488 26479660 26479712 605509 622660
701280 32 974076 941408 6 6 973464 973356 973208 973352 0 973960 945616 950488 26479660 26479712 622665 701280
701286 32 974076 941408 6 5 973464 973356 973208 973352 0 973960 945616 950488 26479660 26479708 622665 701286
701294 536870944 4 941408 6 5 973464 973356 973208 973352 0 973960 945616 950488 26479660 26479712 622665 701294
622664 536870944 4 941408 6 5 973464 973356 973208 973352 0 973960 945616 950488 26479660 26479712 622665 622664
622678 2147483680 975856 28 6 975440 973464 973356 973208 973352 0 973960 945616 950488 26479660 26479712 622665 622678
622680 2147483680 975856 28 6 975440 973464 973356 973208 973352 0 973960 945616 950488 26479660 26479712 622665 622680
622688 1073741856 975856 949088 318714 0 973464 973356 973208 973352 0 973960 945616 950488 26479660 26479712 622665 622688
622692 1073741856 975856 943776 941408 0 973464 973356 973208 973352 0 973960 945616 950488 26479660 26479712 622665 622692
601352 1073741856 975856 943776 941408 0 973464 973356 973208 973352 0 973960 945616 950488 26479660 26479712 622697 601352
601362 1073741856 975856 943776 941408 0 973464 975856 940664 973352 0 973960 945616 950488 26479660 26479640 622697 601362
601376 1073741856 941408 0 941408 0 0 975856 940664 973352 943776 973960 945616 950488 26479660 26479640 16 601376
601382 1073741856 941408 0 941408 0 0 975856 940664 973352 943776 941408 945616 950488 0 26479640 16 601382
601386 1073741856 941408 0 941408 0 0 975856 940664 0 943776 941408 945616 950488 0 26479640 16 601386
601396 1073741856 941408 0 941408 941408 0 975856 939328 0 943776 941408 945616 950488 975856 26479640 16 601396
601402 32 941408 0 6 941408 0 975856 939328 0 943776 941408 945616 950488 975856 26479640 16 601402
601414 32 941408 0 6 941408 0 975856 939328 0 943776 941408 945616 950488 26479660 26479640 16 601414
601424 32 941408 0 6 941408 0 975856 600429 0 943776 941408 945616 950488 26479660 26479640 16 601424
600428 32 941408 0 6 941408 0 975856 600429 0 943776 941408 945616 950488 26479660 26479640 601427 600428
600434 32 941408 0 6 941408 0 975856 600429 0 943776 941408 945616 950488 26479660 26479584 601427 600434
596202 1610612768 941408 941408 6 941408 0 26479660 975856 941408 0 975856 6 941408 26479660 26479584 600457 596202
596242 1610612768 941408 941408 6 941408 0 26479660 975856 941408 0 975856 6 941408 26479660 26479576 600457 596242
600456 536870944 1 941408 6 941408 0 26479660 975856 941408 0 975856 6 941408 26479660 26479584 600457 600456
600472 1610612768 1 941408 6 941408 1 26479660 975856 941408 0 975856 6 941408 26479660 26479584 600457 600472
601426 1610612768 0 941408 6 941408 0 975856 600429 0 943776 941408 945616 950488 26479660 26479640 600457 601426
601430 1610612768 975856 941408 6 941408 0 975856 600429 0 943776 941408 945616 950488 26479660 26479640 600457 601430
601478 1610612768 975856 941408 6 6 6 975856 600429 0 943776 941408 945616 950488 26479660 26479684 600457 601478
622696 1610612768 975856 941408 6 6 973464 973356 973208 973352 0 973960 945616 950488 26479660 26479712 600457 622696
622698 1610612768 975856 941408 6 6 973464 973356 973208 973352 0 973960 945616 950488 26479660 26479712 600457 622698
605512 1610612768 975856 941408 6 6 973464 973356 973208 973352 0 973960 945616 950488 26479660 26479720 600457 605512
625868 1610612768 973464 941408 6 6 973464 973356 973208 973352 0 973960 945616 950488 26479660 26479720 605519 625868
625876 1610612768 974080 941408 6 6 973464 973356 973208 973352 0 973960 945616 950488 26479660 26479712 605519 625876
701280 1610612768 974080 941408 6 6 973464 973356 973208 973352 0 973960 945616 950488 26479660 26479712 625881 701280
701286 1610612768 974080 941408 6 4 973464 973356 973208 973352 0 973960 945616 950488 26479660 26479708 625881 701286
701294 536870944 3 941408 6 4 973464 973356 973208 973352 0 973960 945616 950488 26479660 26479712 625881 701294
625880 536870944 3 941408 6 4 973464 973356 973208 973352 0 973960 945616 950488 26479660 26479712 625881 625880
625894 2147483680 977636 28 6 975440 973464 973356 973208 973352 0 973960 945616 950488 26479660 26479712 625881 625894
625896 2147483680 977636 28 6 975440 973464 973356 973208 973352 0 973960 945616 950488 26479660 26479712 625881 625896
625904 1073741856 977636 949088 315810 0 973464 973356 973208 973352 0 973960 945616 950488 26479660 26479712 625881 625904
625908 1073741856 977636 943776 941720 0 973464 973356 973208 973352 0 973960 945616 950488 26479660 26479712 625881 625908
601352 1073741856 977636 943776 941720 0 973464 973356 973208 973352 0 973960 945616 950488 26479660 26479712 625913 601352
601362 1073741856 977636 943776 941720 0 973464 977636 940600 973352 0 973960 945616 950488 26479660 26479640 625913 601362
601376 1073741856 941720 0 941720 0 0 977636 940600 973352 943776 973960 945616 950488 26479660 26479640 16 601376
601382 1073741856 941720 0 941720 0 0 977636 940600 973352 943776 941720 945616 950488 0 26479640 16 601382
601386 1073741856 941720 0 941720 0 0 977636 940600 0 943776 941720 945616 950488 0 26479640 16 601386
601396 1073741856 941720 0 941720 941720 0 977636 939328 0 943776 941720 945616 950488 977636 26479640 16 601396
601402 32 941720 0 6 941720 0 977636 939328 0 943776 941720 945616 950488 977636 26479640 16 601402
601414 32 941720 0 6 941720 0 977636 939328 0 943776 941720 945616 950488 26479660 26479640 16 601414
601424 32 941720 0 6 941720 0 977636 600429 0 943776 941720 945616 950488 26479660 26479640 16 601424
600428 32 941720 0 6 941720 0 977636 600429 0 943776 941720 945616 950488 26479660 26479640 601427 600428
600434 32 941720 0 6 941720 0 977636 600429 0 943776 941720 945616 950488 26479660 26479584 601427 600434
596202 1610612768 941720 941720 6 941720 0 26479660 977636 941720 0 977636 6 941720 26479660 26479584 600457 596202
596242 1610612768 941720 941720 6 941720 0 26479660 977636 941720 0 977636 6 941720 26479660 26479576 600457 596242
600456 536870944 1 941720 6 941720 0 26479660 977636 941720 0 977636 6 941720 26479660 26479584 600457 600456
600472 1610612768 1 941720 6 941720 1 26479660 977636 941720 0 977636 6 941720 26479660 26479584 600457 600472
601426 1610612768 0 941720 6 941720 0 977636 600429 0 943776 941720 945616 950488 26479660 26479640 600457 601426
601430 1610612768 977636 941720 6 941720 0 977636 600429 0 943776 941720 945616 950488 26479660 26479640 600457 601430
601478 1610612768 977636 941720 6 6 6 977636 600429 0 943776 941720 945616 950488 26479660 26479684 600457 601478
605518 32 1 941720 6 6 973464 973356 973208 973352 0 973960 945616 950488 26479660 26479720 600457 605518
605520 32 1 941720 6 6 973464 973356 973208 973352 0 973960 945616 950488 26479660 26479720 600457 605520
622720 32 973464 941720 6 6 973464 973356 973208 973352 0 973960 945616 950488 26479660 26479720 605527 622720
622728 32 974080 941720 6 6 973464 973356 973208 973352 0 973960 945616 950488 26479660 26479712 605527 622728
701280 32 974080 941720 6 6 973464 973356 973208 973352 0 973960 945616 950488 26479660 26479712 622733 701280
701286 32 974080 941720 6 4 973464 973356 973208 973352 0 973960 945616 950488 26479660 26479708 622733 701286
701294 536870944 3 941720 6 4 973464 973356 973208 973352 0 973960 945616 950488 26479660 26479712 622733 701294
622732 536870944 3 941720 6 4 973464 973356 973208 973352 0 973960 945616 950488 26479660 26479712 622733 622732
622746 2147483680 977636 28 6 975440 973464 973356 973208 973352 0 973960 945616 950488 26479660 26479712 622733 622746
622748 2147483680 977636 28 6 975440 973464 973356 973208 973352 0 973960 945616 950488 26479660 26479712 622733 622748
622756 1073741856 977636 949088 318958 0 973464 973356 973208 973352 0 973960 945616 950488 26479660 26479712 622733 622756
622760 1073741856 977636 943776 941720 0 973464 973356 973208 973352 0 973960 945616 950488 26479660 26479712 622733 622760
601352 1073741856 977636 943776 941720 0 973464 973356 973208 973352 0 973960 945616 950488 26479660 26479712 622765 601352
601362 1073741856 977636 943776 941720 0 973464 977636 940600 973352 0 973960 945616 950488 26479660 26479640 622765 601362
601376 1073741856 941720 0 941720 0 0 977636 940600 973352 943776 973960 945616 950488 26479660 26479640 16 601376
601382 1073741856 941720 0 941720 0 0 977636 940600 973352 943776 941720 945616 950488 0 26479640 16 601382
601386 1073741856 941720 0 941720 0 0 977636 940600 0 943776 941720 945616 950488 0 26479640 16 601386
601396 1073741856 941720 0 941720 941720 0 977636 939328 0 943776 941720 945616 950488 977636 26479640 16 601396
601402 32 941720 0 6 941720 0 977636 939328 0 943776 941720 945616 950488 977636 26479640 16 601402
601414 32 941720 0 6 941720 0 977636 939328 0 943776 941720 945616 950488 26479660 26479640 16 601414
601424 32 941720 0 6 941720 0 977636 600429 0 943776 941720 945616 950488 26479660 26479640 16 601424
600428 32 941720 0 6 941720 0 977636 600429 0 943776 941720 945616 950488 26479660 26479640 601427 600428
600434 32 941720 0 6 941720 0 977636 600429 0 943776 941720 945616 950488 26479660 26479584 601427 600434
596202 1610612768 941720 941720 6 941720 0 26479660 977636 941720 0 977636 6 941720 26479660 26479584 600457 596202
596242 1610612768 941720 941720 6 941720 0 26479660 977636 941720 0 977636 6 941720 26479660 26479576 600457 596242
600456 536870944 1 941720 6 941720 0 26479660 977636 941720 0 977636 6 941720 26479660 26479584 600457 600456
600472 1610612768 1 941720 6 941720 1 26479660 977636 941720 0 977636 6 941720 26479660 26479584 600457 600472
601426 1610612768 0 941720 6 941720 0 977636 600429 0 943776 941720 945616 950488 26479660 26479640 600457 601426
601430 1610612768 977636 941720 6 941720 0 977636 600429 0 943776 941720 945616 950488 26479660 26479640 600457 601430
601478 1610612768 977636 941720 6 6 6 977636 600429 0 943776 941720 945616 950488 26479660 26479684 600457 601478
622764 1610612768 977636 941720 6 6 973464 973356 973208 973352 0 973960 945616 950488 26479660 26479712 600457 622764
622766 1610612768 977636 941720 6 6 973464 973356 973208 973352 0 973960 945616 950488 26479660 26479712 600457 622766
605530 1610612768 977636 941720 6 6 973464 973356 973208 973352 0 973960 945616 950488 26479660 26479720 600457 605530
605686 2147483680 977636 941720 6 974152 973356 4293993337 973208 973352 0 973960 945616 950488 26479660 26479736 600457 605686
603286 2147483680 977636 941720 6 945648 949572 973636 973208 973352 0 973960 945616 950488 26479660 26479752 600457 603286
603292 2147483680 977636 941720 6 4294966712 949572 973636 973208 973352 973492 973960 945616 950488 26479660 26479752 600457 603292
612328 2147483680 973500 941720 6 4294966712 949572 973636 973208 973352 973492 973500 945616 950488 26479660 26479752 603303 612328
612348 32 973608 0 6 973544 973500 973536 940384 973352 973492 973500 945616 950488 26479660 26479736 603303 612348
612386 1610612768 973608 0 0 973608 973500 973536 940392 973352 973492 973500 945616 950488 26479660 26479736 603303 612386
612392 536870944 973608 0 0 8 973500 973536 940392 973352 973492 973500 945616 950488 26479660 26479736 603303 612392
691896 536870944 973608 0 0 8 973500 973536 940392 973352 973492 973500 945616 950488 26479660 26479736 612397 691896
691902 1610612768 973608 0 0 0 973500 973536 940392 973352 973492 973500 945616 950488 26479660 26479720 612397 691902
691824 1610612768 973608 0 0 0 973608 973536 940392 973352 973492 973500 945616 950488 26479660 26479720 691909 691824
691832 1610612768 949356 4294967237 0 0 973608 973536 940392 973352 973492 973500 945616 950488 26479660 26479704 691909 691832
691838 1610612768 977668 691781 0 0 257502 973536 940392 973352 973492 973500 945616 950488 26479660 26479704 691909 691838
290972 1610612736 977668 691781 0 0 257502 973536 940392 973352 973492 973500 945616 950488 26479660 26479704 691843 290972
691844 1610612768 0 0 0 0 949348 973536 940392 973352 973492 973500 945616 950488 950104 26479704 691843 691844
691850 1610612768 0 0 0 974152 977672 973536 940392 973352 973492 973500 945616 950488 950104 26479704 691843 691850
691908 1610612768 0 0 0 0 973608 973536 940392 973352 973492 973500 945616 950488 950104 26479720 691843 691908
691914 1610612768 0 0 0 257428 973608 949352 940392 973352 973492 973500 945616 950488 950104 26479720 691843 691914
691918 1610612768 0 0 0 949348 973608 977676 940392 973352 973492 973500 945616 950488 950104 26479720 691843 691918
691924 1610612768 0 0 974152 977672 973608 977676 940392 973352 973492 973500 945616 950488 950104 26479720 691843 691924
692004 1610612768 0 7 974152 0 973608 977676 940392 973352 973492 973500 945616 950488 950104 26479720 691843 692004
612396 1610612768 973608 7 974152 0 973500 973536 940392 973352 973492 973500 945616 950488 950104 26479736 691843 612396
603302 1610612768 973500 7 974152 0 949572 973636 973208 973352 973492 973500 945616 950488 950104 26479752 691843 603302
603314 1610612768 973500 7 4294966716 0 949572 973636 973208 973352 973492 973500 945616 950488 950104 26479752 691843 603314
603320 1610612768 973500 7 4294966716 0 949572 973636 973208 973352 973492 973500 945616 950488 950104 26479752 691843 603320
603344 1610612768 973500 973636 941976 0 949572 973636 973208 973352 973492 973500 945616 950488 950104 26479752 691843 603344
603358 32 973500 973636 942008 941988 949572 973636 973208 973352 973492 973500 945616 950488 950104 26479752 691843 603358
605660 32 973500 973636 942008 941988 949572 973636 973208 973352 973492 973500 945616 950488 950104 26479752 603363 605660
686060 32 973500 973636 942008 941988 973500 973636 973208 973352 973492 973500 945616 950488 950104 26479736 605671 686060
686064 32 973500 973636 942008 941988 973500 973636 973208 973352 973492 973500 945616 950488 950104 26479712 605671 686064
686076 32 973500 973636 0 6 973500 26479716 973208 973352 973492 973500 945616 950488 950104 26479712 605671 686076
686084 32 26479716 973636 0 4098 973500 26479716 973208 973352 973492 973500 945616 950488 950104 26479712 605671 686084
691896 32 26479716 973636 0 4098 973500 26479716 973208 973352 973492 973500 945616 950488 950104 26479712 686089 691896
691902 1073741856 26479716 973636 0 0 973500 26479716 973208 973352 973492 973500 945616 950488 950104 26479696 686089 691902
691824 1073741856 26479716 973636 0 0 26479716 26479716 973208 973352 973492 973500 945616 950488 950104 26479696 691909 691824
691832 1073741856 949356 4294967237 0 0 26479716 26479716 973208 973352 973492 973500 945616 950488 950104 26479680 691909 691832
691838 1073741856 977668 691781 0 0 257502 26479716 973208 973352 973492 973500 945616 950488 950104 26479680 691909 691838
290972 1073741824 977668 691781 0 0 257502 26479716 973208 973352 973492 973500 945616 950488 950104 26479680 691843 290972
691844 1073741856 0 0 0 0 949348 26479716 973208 973352 973492 973500 945616 950488 950104 26479680 691843 691844
691850 1073741856 0 0 0 974152 977672 26479716 973208 973352 973492 973500 945616 950488 950104 26479680 691843 691850
691908 1073741856 0 0 0 0 26479716 26479716 973208 973352 973492 973500 945616 950488 950104 26479696 691843 691908
691914 1073741856 0 0 0 257428 26479716 949352 973208 973352 973492 973500 945616 950488 950104 26479696 691843 691914
691918 1073741856 0 0 0 949348 26479716 977676 973208 973352 973492 973500 945616 950488 950104 26479696 691843 691918
691924 1073741856 0 0 974152 977672 26479716 977676 973208 973352 973492 973500 945616 950488 950104 26479696 691843 691924
692004 1610612768 0 8 974152 0 26479716 977676 973208 973352 973492 973500 945616 950488 950104 26479696 691843 692004
686088 1610612768 26479716 8 974152 0 973500 26479716 973208 973352 973492 973500 945616 950488 950104 26479712 691843 686088
700628 1610612768 973608 26479716 974152 0 973500 26479716 973208 973352 973492 973500 945616 950488 950104 26479712 686099 700628
700638 1610612768 973608 26479716 974152 974152 973500 26479716 26479716 973352 973492 973500 945616 950488 950104 26479696 686099 700638
700658 1610612768 973608 9 0 974152 973500 973608 26479716 973352 973492 973500 945616 950488 950104 26479696 686099 700658
700686 536870944 973608 8 0 9 974152 973608 26479716 973352 973492 973500 945616 950488 950104 26479696 686099 700686
700692 536870944 973608 8 0 974152 974152 973608 26479716 973352 973492 973500 945616 950488 950104 26479696 686099 700692
686098 536870944 973608 8 0 974152 973500 26479716 973208 973352 973492 973500 945616 950488 950104 26479712 686099 686098
700720 536870944 26479716 8 0 974152 973500 26479716 973208 973352 973492 973500 945616 950488 950104 26479712 686105 700720
700752 536870944 26479716 7 0 8 974152 26479716 973208 973352 973492 973500 945616 950488 950104 26479696 686105 700752
686106 536870944 26479716 7 0 974152 973500 26479716 973208 973352 973492 973500 945616 950488 950104 26479724 686105 686106
605670 536870944 26479716 7 0 974152 973500 973636 973208 973352 973492 973500 945616 950488 950104 26479736 686105 605670
605472 536870944 973500 973608 0 974152 973500 973636 973208 973352 973492 973500 945616 950488 950104 26479736 605681 605472
625512 536870944 973608 973608 0 974152 973608 973500 973208 973352 973492 973500 945616 950488 950104 26479720 605485 625512
625522 536870944 949084 973608 0 323560 973608 973500 973208 973352 973492 973500 945616 950488 950104 26479712 605485 625522
701280 536870944 977644 973608 0 323560 973608 973500 973208 973352 973492 973500 945616 950488 950104 26479712 625529 701280
701286 536870944 977644 973608 0 1 973608 973500 973208 973352 973492 973500 945616 950488 950104 26479708 625529 701286
701294 1610612768 0 973608 0 1 973608 973500 973208 973352 973492 973500 945616 950488 950104 26479712 625529 701294
625528 1610612768 0 973608 0 1 973608 973500 973208 973352 973492 973500 945616 950488 950104 26479712 625529 625528
625542 2147483680 974896 28 0 975440 973608 973500 973208 973352 973492 973500 945616 950488 950104 26479712 625529 625542
625544 2147483680 974896 28 0 975440 973608 973500 973208 973352 973492 973500 945616 950488 950104 26479712 625529 625544
625552 1073741856 974896 949088 323534 0 973608 973500 973208 973352 973492 973500 945616 950488 950104 26479712 625529 625552
625556 1073741856 974896 943776 949092 0 973608 973500 973208 973352 973492 973500 945616 950488 950104 26479712 625529 625556
601352 1073741856 974896 943776 943444 0 973608 973500 973208 973352 973492 973500 945616 950488 950104 26479712 625563 601352
601362 1073741856 974896 943776 943444 0 973608 974896 943392 973352 973492 973500 945616 950488 950104 26479640 625563 601362
601376 1073741856 943444 0 943444 0 0 974896 943392 973352 943776 973500 945616 950488 950104 26479640 16 601376
601382 1073741856 943444 0 943444 0 0 974896 943392 973352 943776 943444 945616 950488 0 26479640 16 601382
601386 1073741856 943444 0 943444 0 0 974896 943392 0 943776 943444 945616 950488 0 26479640 16 601386
601396 1073741856 943444 0 943444 943444 0 974896 939264 0 943776 943444 945616 950488 974896 26479640 16 601396
601402 32 943444 0 6 943444 0 974896 939264 0 943776 943444 945616 950488 974896 26479640 16 601402
601414 32 943444 0 6 943444 0 974896 939264 0 943776 943444 945616 950488 26479660 26479640 16 601414
601424 32 943444 0 6 943444 0 974896 596429 0 943776 943444 945616 950488 26479660 26479640 16 601424
596428 32 943444 0 6 943444 0 974896 596429 0 943776 943444 945616 950488 26479660 26479640 601427 596428
596434 32 943444 0 6 943444 0 974896 596429 0 943776 943444 945616 950488 26479660 26479512 601427 596434
596440 32 943444 0 6 943444 26479660 974896 596429 0 943776 943444 945616 0 26479660 26479512 601427 596440
596202 536870944 943444 943776 6 0 26479660 974896 596429 974896 943776 974896 945616 0 26479660 26479512 597169 596202
596206 536870944 943444 943776 6 0 26479660 974896 596429 974896 943776 974896 945616 0 26479660 26479504 597169 596206
596214 536870944 921168 943776 6 83 26479660 974896 596429 974896 943776 974896 945616 0 26479660 26479504 597169 596214
289592 536870912 921168 921372 6 78 26479660 974896 596429 974896 943776 974896 945616 0 26479660 26479504 596229 289592
596202 1610612768 943444 943444 6 0 26479660 974896 596429 974896 943776 974896 945616 0 949644 26479512 596475 596202
596242 1610612768 943444 943444 6 0 26479660 974896 596429 974896 943776 974896 945616 0 949644 26479504 596475 596242
601426 1610612768 0 943444 6 6 0 974896 596429 0 943776 943444 945616 950488 949644 26479640 596475 601426
601430 1610612768 974896 943444 6 6 0 974896 596429 0 943776 943444 945616 950488 949644 26479640 596475 601430
601478 1610612768 974896 943444 6 6 6 974896 596429 0 943776 943444 945616 950488 949644 26479684 596475 601478
605484 32 1 943444 6 6 973608 973500 973208 973352 973492 973500 945616 950488 949644 26479720 596475 605484
605486 32 1 943444 6 6 973608 973500 973208 973352 973492 973500 945616 950488 949644 26479720 596475 605486
620456 32 973608 943444 6 6 973608 973500 973208 973352 973492 973500 945616 950488 949644 26479720 605493 620456
620466 32 949084 943444 6 328616 973608 973500 973208 973352 973492 973500 945616 950488 949644 26479712 605493 620466
701280 32 977644 943444 6 328616 973608 973500 973208 973352 973492 973500 945616 950488 949644 26479712 620473 701280
701286 32 977644 943444 6 1 973608 973500 973208 973352 973492 973500 945616 950488 949644 26479708 620473 701286
701294 1610612768 0 943444 6 1 973608 973500 973208 973352 973492 973500 945616 950488 949644 26479712 620473 701294
620472 1610612768 0 943444 6 1 973608 973500 973208 973352 973492 973500 945616 950488 949644 26479712 620473 620472
620486 2147483680 974896 28 6 975440 973608 973500 973208 973352 973492 973500 945616 950488 949644 26479712 620473 620486
620488 2147483680 974896 28 6 975440 973608 973500 973208 973352 973492 973500 945616 950488 949644 26479712 620473 620488
620496 1073741856 974896 949088 328590 0 973608 973500 973208 973352 973492 973500 945616 950488 949644 26479712 620473 620496
620500 1073741856 974896 943776 949092 0 973608 973500 973208 973352 973492 973500 945616 950488 949644 26479712 620473 620500
601352 1073741856 974896 943776 943444 0 973608 973500 973208 973352 973492 973500 945616 950488 949644 26479712 620507 601352
601362 1073741856 974896 943776 943444 0 973608 974896 943392 973352 973492 973500 945616 950488 949644 26479640 620507 601362
601376 1073741856 943444 0 943444 0 0 974896 943392 973352 943776 973500 945616 950488 949644 26479640 16 601376
601382 1073741856 943444 0 943444 0 0 974896 943392 973352 943776 943444 945616 950488 0 26479640 16 601382
601386 1073741856 943444 0 943444 0 0 974896 943392 0 943776 943444 945616 950488 0 26479640 16 601386
601396 1073741856 943444 0 943444 943444 0 974896 939264 0 943776 943444 945616 950488 974896 26479640 16 601396
601402 32 943444 0 6 943444 0 974896 939264 0 943776 943444 945616 950488 974896 26479640 16 601402
601414 32 943444 0 6 943444 0 974896 939264 0 943776 943444 945616 950488 26479660 26479640 16 601414
601424 32 943444 0 6 943444 0 974896 596429 0 943776 943444 945616 950488 26479660 26479640 16 601424
596428 32 943444 0 6 943444 0 974896 596429 0 943776 943444 945616 950488 26479660 26479640 601427 596428
596434 32 943444 0 6 943444 0 974896 596429 0 943776 943444 945616 950488 26479660 26479512 601427 596434
596440 32 943444 0 6 943444 26479660 974896 596429 0 943776 943444 945616 0 26479660 26479512 601427 596440
596202 536870944 943444 943776 6 0 26479660 974896 596429 974896 943776 974896 945616 0 26479660 26479512 597169 596202
596206 536870944 943444 943776 6 0 26479660 974896 596429 974896 943776 974896 945616 0 26479660 26479504 597169 596206
596214 536870944 921168 943776 6 83 26479660 974896 596429 974896 943776 974896 945616 0 26479660 26479504 597169 596214
289592 536870912 921168 921372 6 78 26479660 974896 596429 974896 943776 974896 945616 0 26479660 26479504 596229 289592
596202 1610612768 943444 943444 6 0 26479660 974896 596429 974896 943776 974896 945616 0 949644 26479512 596475 596202
596242 1610612768 943444 943444 6 0 26479660 974896 596429 974896 943776 974896 945616 0 949644 26479504 596475 596242
601426 1610612768 0 943444 6 6 0 974896 596429 0 943776 943444 945616 950488 949644 26479640 596475 601426
601430 1610612768 974896 943444 6 6 0 974896 596429 0 943776 943444 945616 950488 949644 26479640 596475 601430
601478 1610612768 974896 943444 6 6 6 974896 596429 0 943776 943444 945616 950488 949644 26479684 596475 601478
620506 1610612768 974896 943444 6 6 973608 973500 973208 973352 973492 973500 945616 950488 949644 26479712 596475 620506
620508 1610612768 974896 943444 6 6 973608 973500 973208 973352 973492 973500 945616 950488 949644 26479712 596475 620508
605494 1610612768 974896 943444 6 6 973608 973500 973208 973352 973492 973500 945616 950488 949644 26479720 596475 605494
625800 1610612768 973608 943444 6 6 973608 973500 973208 973352 973492 973500 945616 950488 949644 26479720 605501 625800
625808 1610612768 974076 943444 6 6 973608 973500 973208 973352 973492 973500 945616 950488 949644 26479712 605501 625808
701280 1610612768 974076 943444 6 6 973608 973500 973208 973352 973492 973500 945616 950488 949644 26479712 625813 701280
701286 1610612768 974076 943444 6 5 973608 973500 973208 973352 973492 973500 945616 950488 949644 26479708 625813 701286
701294 536870944 4 943444 6 5 973608 973500 973208 973352 973492 973500 945616 950488 949644 26479712 625813 701294
625812 536870944 4 943444 6 5 973608 973500 973208 973352 973492 973500 945616 950488 949644 26479712 625813 625812
625826 2147483680 975856 28 6 975440 973608 973500 973208 973352 973492 973500 945616 950488 949644 26479712 625813 625826
625828 2147483680 975856 28 6 975440 973608 973500 973208 973352 973492 973500 945616 950488 949644 26479712 625813 625828
625836 1073741856 975856 949088 315566 0 973608 973500 973208 973352 973492 973500 945616 950488 949644 26479712 625813 625836
625840 1073741856 975856 943776 941408 0 973608 973500 973208 973352 973492 973500 945616 950488 949644 26479712 625813 625840
601352 1073741856 975856 943776 941408 0 973608 973500 973208 973352 973492 973500 945616 950488 949644 26479712 625845 601352
601362 1073741856 975856 943776 941408 0 973608 975856 940664 973352 973492 973500 945616 950488 949644 26479640 625845 601362
601376 1073741856 941408 0 941408 0 0 975856 940664 973352 943776 973500 945616 950488 949644 26479640 16 601376
601382 1073741856 941408 0 941408 0 0 975856 940664 973352 943776 941408 945616 950488 0 26479640 16 601382
601386 1073741856 941408 0 941408 0 0 975856 940664 0 943776 941408 945616 950488 0 26479640 16 601386
601396 1073741856 941408 0 941408 941408 0 975856 939328 0 943776 941408 945616 950488 975856 26479640 16 601396
601402 32 941408 0 6 941408 0 975856 939328 0 943776 941408 945616 950488 975856 26479640 16 601402
601414 32 941408 0 6 941408 0 975856 939328 0 943776 941408 945616 950488 26479660 26479640 16 601414
601424 32 941408 0 6 941408 0 975856 600429 0 943776 941408 945616 950488 26479660 26479640 16 601424
600428 32 941408 0 6 941408 0 975856 600429 0 943776 941408 945616 950488 26479660 26479640 601427 600428
600434 32 941408 0 6 941408 0 975856 600429 0 943776 941408 945616 950488 26479660 26479584 601427 600434
596202 1610612768 941408 941408 6 941408 0 26479660 975856 941408 0 975856 6 941408 26479660 26479584 600457 596202
596242 1610612768 941408 941408 6 941408 0 26479660 975856 941408 0 975856 6 941408 26479660 26479576 600457 596242
600456 536870944 1 941408 6 941408 0 26479660 975856 941408 0 975856 6 941408 26479660 26479584 600457 600456
600472 1610612768 1 941408 6 941408 1 26479660 975856 941408 0 975856 6 941408 26479660 26479584 600457 600472
601426 1610612768 0 941408 6 941408 0 975856 600429 0 943776 941408 945616 950488 26479660 26479640 600457 601426
601430 1610612768 975856 941408 6 941408 0 975856 600429 0 943776 941408 945616 950488 26479660 26479640 600457 601430
601478 1610612768 975856 941408 6 6 6 975856 600429 0 943776 941408 945616 950488 26479660 26479684 600457 601478
605500 32 1 941408 6 6 973608 973500 973208 973352 973492 973500 945616 950488 26479660 26479720 600457 605500
605502 32 1 941408 6 6 973608 973500 973208 973352 973492 973500 945616 950488 26479660 26479720 600457 605502
622652 32 973608 941408 6 6 973608 973500 973208 973352 973492 973500 945616 950488 26479660 26479720 605509 622652
622660 32 974076 941408 6 6 973608 973500 973208 973352 973492 973500 945616 950488 26479660 26479712 605509 622660
701280 32 974076 941408 6 6 973608 973500 973208 973352 973492 973500 945616 950488 26479660 26479712 622665 701280
701286 32 974076 941408 6 5 973608 973500 973208 973352 973492 973500 945616 950488 26479660 26479708 622665 701286
701294 536870944 4 941408 6 5 973608 973500 973208 973352 973492 973500 945616 950488 26479660 26479712 622665 701294
622664 536870944 4 941408 6 5 973608 973500 973208 973352 973492 973500 945616 950488 26479660 26479712 622665 622664
622678 2147483680 975856 28 6 975440 973608 973500 973208 973352 973492 973500 945616 950488 26479660 26479712 622665 622678
622680 2147483680 975856 28 6 975440 973608 973500 973208 973352 973492 973500 945616 950488 26479660 26479712 622665 622680
622688 1073741856 975856 949088 318714 0 973608 973500 973208 973352 973492 973500 945616 950488 26479660 26479712 622665 622688
622692 1073741856 975856 943776 941408 0 973608 973500 973208 973352 973492 973500 945616 950488 26479660 26479712 622665 622692
601352 1073741856 975856 943776 941408 0 973608 973500 973208 973352 973492 973500 945616 950488 26479660 26479712 622697 601352
601362 1073741856 975856 943776 941408 0 973608 975856 940664 973352 973492 973500 945616 950488 26479660 26479640 622697 601362
601376 1073741856 941408 0 941408 0 0 975856 940664 973352 943776 973500 945616 950488 26479660 26479640 16 601376
601382 1073741856 941408 0 941408 0 0 975856 940664 973352 943776 941408 945616 950488 0 26479640 16 601382
601386 1073741856 941408 0 941408 0 0 975856 940664 0 943776 941408 945616 950488 0 26479640 16 601386
601396 1073741856 941408 0 941408 941408 0 975856 939328 0 943776 941408 945616 950488 975856 26479640 16 601396
601402 32 941408 0 6 941408 0 975856 939328 0 943776 941408 945616 950488 975856 26479640 16 601402
601414 32 941408 0 6 941408 0 975856 939328 0 943776 941408 945616 950488 26479660 26479640 16 601414
601424 32 941408 0 6 941408 0 975856 600429 0 943776 941408 945616 950488 26479660 26479640 16 601424
600428 32 941408 0 6 941408 0 975856 600429 0 943776 941408 945616 950488 26479660 26479640 601427 600428
600434 32 941408 0 6 941408 0 975856 600429 0 943776 941408 945616 950488 26479660 26479584 601427 600434
596202 1610612768 941408 941408 6 941408 0 26479660 975856 941408 0 975856 6 941408 26479660 26479584 600457 596202
596242 1610612768 941408 941408 6 941408 0 26479660 975856 941408 0 975856 6 941408 26479660 26479576 600457 596242
600456 536870944 1 941408 6 941408 0 26479660 975856 941408 0 975856 6 941408 26479660 26479584 600457 600456
600472 1610612768 1 941408 6 941408 1 26479660 975856 941408 0 975856 6 941408 26479660 26479584 600457 600472
601426 1610612768 0 941408 6 941408 0 975856 600429 0 943776 941408 945616 950488 26479660 26479640 600457 601426
601430 1610612768 975856 941408 6 941408 0 975856 600429 0 943776 941408 945616 950488 26479660 26479640 600457 601430
601478 1610612768 975856 941408 6 6 6 975856 600429 0 943776 941408 945616 950488 26479660 26479684 600457 601478
622696 1610612768 975856 941408 6 6 973608 973500 973208 973352 973492 973500 945616 950488 26479660 26479712 600457 622696
622698 1610612768 975856 941408 6 6 973608 973500 973208 973352 973492 973500 945616 950488 26479660 26479712 600457 622698
605512 1610612768 975856 941408 6 6 973608 973500 973208 973352 973492 973500 945616 950488 26479660 26479720 600457 605512
625868 1610612768 973608 941408 6 6 973608 973500 973208 973352 973492 973500 945616 950488 26479660 26479720 605519 625868
625876 1610612768 974080 941408 6 6 973608 973500 973208 973352 973492 973500 945616 950488 26479660 26479712 605519 625876
701280 1610612768 974080 941408 6 6 973608 973500 973208 973352 973492 973500 945616 950488 26479660 26479712 625881 701280
701286 1610612768 974080 941408 6 4 973608 973500 973208 973352 973492 973500 945616 950488 26479660 26479708 625881 701286
701294 536870944 3 941408 6 4 973608 973500 973208 973352 973492 973500 945616 950488 26479660 26479712 625881 701294
625880 536870944 3 941408 6 4 973608 973500 973208 973352 973492 973500 945616 950488 26479660 26479712 625881 625880
625894 2147483680 977636 28 6 975440 973608 973500 973208 973352 973492 973500 945616 950488 26479660 26479712 625881 625894
625896 2147483680 977636 28 6 975440 973608 973500 973208 973352 973492 973500 945616 950488 26479660 26479712 625881 625896
625904 1073741856 977636 949088 315810 0 973608 973500 973208 973352 973492 973500 945616 950488 26479660 26479712 625881 625904
625908 1073741856 977636 943776 941720 0 973608 973500 973208 973352 973492 973500 945616 950488 26479660 26479712 625881 625908
601352 1073741856 977636 943776 941720 0 973608 973500 973208 973352 973492 973500 945616 950488 26479660 26479712 625913 601352
601362 1073741856 977636 943776 941720 0 973608 977636 940600 973352 973492 973500 945616 950488 26479660 26479640 625913 601362
601376 1073741856 941720 0 941720 0 0 977636 940600 973352 943776 973500 945616 950488 26479660 26479640 16 601376
601382 1073741856 941720 0 941720 0 0 977636 940600 973352 943776 941720 945616 950488 0 26479640 16 601382
601386 1073741856 941720 0 941720 0 0 977636 940600 0 943776 941720 945616 950488 0 26479640 16 601386
601396 1073741856 941720 0 941720 941720 0 977636 939328 0 943776 941720 945616 950488 977636 26479640 16 601396
601402 32 941720 0 6 941720 0 977636 939328 0 943776 941720 945616 950488 977636 26479640 16 601402
601414 32 941720 0 6 941720 0 977636 939328 0 943776 941720 945616 950488 26479660 26479640 16 601414
601424 32 941720 0 6 941720 0 977636 600429 0 943776 941720 945616 950488 26479660 26479640 16 601424
600428 32 941720 0 6 941720 0 977636 600429 0 943776 941720 945616 950488 26479660 26479640 601427 600428
600434 32 941720 0 6 941720 0 977636 600429 0 943776 941720 945616 950488 26479660 26479584 601427 600434
596202 1610612768 941720 941720 6 941720 0 26479660 977636 941720 0 977636 6 941720 26479660 26479584 600457 596202
596242 1610612768 941720 941720 6 941720 0 26479660 977636 941720 0 977636 6 941720 26479660 26479576 600457 596242
600456 536870944 1 941720 6 941720 0 26479660 977636 941720 0 977636 6 941720 26479660 26479584 600457 600456
600472 1610612768 1 941720 6 941720 1 26479660 977636 941720 0 977636 6 941720 26479660 26479584 600457 600472
601426 1610612768 0 941720 6 941720 0 977636 600429 0 943776 941720 945616 950488 26479660 26479640 600457 601426
601430 1610612768 977636 941720 6 941720 0 977636 600429 0 943776 941720 945616 950488 26479660 26479640 600457 601430
601478 1610612768 977636 941720 6 6 6 977636 600429 0 943776 941720 945616 950488 26479660 26479684 600457 601478
605518 32 1 941720 6 6 973608 973500 973208 973352 973492 973500 945616 950488 26479660 26479720 600457 605518
605520 32 1 941720 6 6 973608 973500 973208 973352 973492 973500 945616 950488 26479660 26479720 600457 605520
622720 32 973608 941720 6 6 973608 973500 973208 973352 973492 973500 945616 950488 26479660 26479720 605527 622720
622728 32 974080 941720 6 6 973608 973500 973208 973352 973492 973500 945616 950488 26479660 26479712 605527 622728
701280 32 974080 941720 6 6 973608 973500 973208 973352 973492 973500 945616 950488 26479660 26479712 622733 701280
701286 32 974080 941720 6 4 973608 973500 973208 973352 973492 973500 945616 950488 26479660 26479708 622733 701286
701294 536870944 3 941720 6 4 973608 973500 973208 973352 973492 973500 945616 950488 26479660 26479712 622733 701294
622732 536870944 3 941720 6 4 973608 973500 973208 973352 973492 973500 945616 950488 26479660 26479712 622733 622732
622746 2147483680 977636 28 6 975440 973608 973500 973208 973352 973492 973500 945616 950488 26479660 26479712 622733 622746
622748 2147483680 977636 28 6 975440 973608 973500 973208 973352 973492 973500 945616 950488 26479660 26479712 622733 622748
622756 1073741856 977636 949088 318958 0 973608 973500 973208 973352 973492 973500 945616 950488 26479660 26479712 622733 622756
622760 1073741856 977636 943776 941720 0 973608 973500 973208 973352 973492 973500 945616 950488 26479660 26479712 622733 622760
601352 1073741856 977636 943776 941720 0 973608 973500 973208 973352 973492 973500 945616 950488 26479660 26479712 622765 601352
601362 1073741856 977636 943776 941720 0 973608 977636 940600 973352 973492 973500 945616 950488 26479660 26479640 622765 601362
601376 1073741856 941720 0 941720 0 0 977636 940600 973352 943776 973500 945616 950488 26479660 26479640 16 601376
601382 1073741856 941720 0 941720 0 0 977636 940600 973352 943776 941720 945616 950488 0 26479640 16 601382
601386 1073741856 941720 0 941720 0 0 977636 940600 0 943776 941720 945616 950488 0 26479640 16 601386
601396 1073741856 941720 0 941720 941720 0 977636 939328 0 943776 941720 945616 950488 977636 26479640 16 601396
601402 32 941720 0 6 941720 0 977636 939328 0 943776 941720 945616 950488 977636 26479640 16 601402
601414 32 941720 0 6 941720 0 977636 939328 0 943776 941720 945616 950488 26479660 26479640 16 601414
601424 32 941720 0 6 941720 0 977636 600429 0 943776 941720 945616 950488 26479660 26479640 16 601424
600428 32 941720 0 6 941720 0 977636 600429 0 943776 941720 945616 950488 26479660 26479640 601427 600428
600434 32 941720 0 6 941720 0 977636 600429 0 943776 941720 945616 950488 26479660 26479584 601427 600434
596202 1610612768 941720 941720 6 941720 0 26479660 977636 941720 0 977636 6 941720 26479660 26479584 600457 596202
596242 1610612768 941720 941720 6 941720 0 26479660 977636 941720 0 977636 6 941720 26479660 26479576 600457 596242
600456 536870944 1 941720 6 941720 0 26479660 977636 941720 0 977636 6 941720 26479660 26479584 600457 600456
600472 1610612768 1 941720 6 941720 1 26479660 977636 941720 0 977636 6 941720 26479660 26479584 600457 600472
601426 1610612768 0 941720 6 941720 0 977636 600429 0 943776 941720 945616 950488 26479660 26479640 600457 601426
601430 1610612768 977636 941720 6 941720 0 977636 600429 0 943776 941720 945616 950488 26479660 26479640 600457 601430
601478 1610612768 977636 941720 6 6 6 977636 600429 0 943776 941720 945616 950488 26479660 26479684 600457 601478
622764 1610612768 977636 941720 6 6 973608 973500 973208 973352 973492 973500 945616 950488 26479660 26479712 600457 622764
622766 1610612768 977636 941720 6 6 973608 973500 973208 973352 973492 973500 945616 950488 26479660 26479712 600457 622766
605530 1610612768 977636 941720 6 6 973608 973500 973208 973352 973492 973500 945616 950488 26479660 26479720 600457 605530
605686 2147483680 977636 941720 6 974152 973500 4293993661 973208 973352 973492 973500 945616 950488 26479660 26479736 600457 605686
603362 2147483680 977636 941720 6 941988 949572 973636 973208 973352 973492 973500 945616 950488 26479660 26479752 600457 603362
603366 2147483680 977636 941720 6 4294966720 949572 972020 973208 973352 973492 973500 945616 950488 26479660 26479752 600457 603366
612328 2147483680 972024 941720 6 4294966720 949572 972020 973208 973352 973492 972024 945616 950488 26479660 26479752 603377 612328
612348 32 972132 0 6 972068 972024 972060 940384 973352 973492 972024 945616 950488 26479660 26479736 603377 612348
612386 1610612768 972132 0 0 972132 972024 972060 940392 973352 973492 972024 945616 950488 26479660 26479736 603377 612386
612392 536870944 972132 0 0 8 972024 972060 940392 973352 973492 972024 945616 950488 26479660 26479736 603377 612392
691896 536870944 972132 0 0 8 972024 972060 940392 973352 973492 972024 945616 950488 26479660 26479736 612397 691896
691902 1610612768 972132 0 0 0 972024 972060 940392 973352 973492 972024 945616 950488 26479660 26479720 612397 691902
691824 1610612768 972132 0 0 0 972132 972060 940392 973352 973492 972024 945616 950488 26479660 26479720 691909 691824
691832 1610612768 949356 4294967237 0 0 972132 972060 940392 973352 973492 972024 945616 950488 26479660 26479704 691909 691832
691838 1610612768 977668 691781 0 0 257502 972060 940392 973352 973492 972024 945616 950488 26479660 26479704 691909 691838
290972 1610612736 977668 691781 0 0 257502 972060 940392 973352 973492 972024 945616 950488 26479660 26479704 691843 290972
691844 1610612768 0 0 0 0 949348 972060 940392 973352 973492 972024 945616 950488 950104 26479704 691843 691844
691850 1610612768 0 0 0 974152 977672 972060 940392 973352 973492 972024 945616 950488 950104 26479704 691843 691850
691908 1610612768 0 0 0 0 972132 972060 940392 973352 973492 972024 945616 950488 950104 26479720 691843 691908
691914 1610612768 0 0 0 257428 972132 949352 940392 973352 973492 972024 945616 950488 950104 26479720 691843 691914
691918 1610612768 0 0 0 949348 972132 977676 940392 973352 973492 972024 945616 950488 950104 26479720 691843 691918
691924 1610612768 0 0 974152 977672 972132 977676 940392 973352 973492 972024 945616 950488 950104 26479720 691843 691924
692004 1610612768 0 8 974152 0 972132 977676 940392 973352 973492 972024 945616 950488 950104 26479720 691843 692004
612396 1610612768 972132 8 974152 0 972024 972060 940392 973352 973492 972024 945616 950488 950104 26479736 691843 612396
603376 1610612768 972024 8 974152 0 949572 972020 973208 973352 973492 972024 945616 950488 950104 26479752 691843 603376
603390 1610612768 972024 8 945628 945648 949572 972020 973208 973352 973492 972024 945616 950488 950104 26479752 691843 603390
603418 1610612768 972024 973208 945628 0 949572 972020 973208 973352 973492 972024 945616 950488 950104 26479752 691843 603418
605660 1610612768 972024 973208 945628 0 949572 972020 973208 973352 973492 972024 945616 950488 950104 26479752 603423 605660
686060 1610612768 972024 973208 945628 0 972024 973208 973208 973352 973492 972024 945616 950488 950104 26479736 605671 686060
686064 1610612768 972024 973208 945628 0 972024 973208 973208 973352 973492 972024 945616 950488 950104 26479712 605671 686064
686076 536870944 972024 973208 0 6 972024 26479716 973208 973352 973492 972024 945616 950488 950104 26479712 605671 686076
686084 536870944 26479716 973208 0 4098 972024 26479716 973208 973352 973492 972024 945616 950488 950104 26479712 605671 686084
691896 536870944 26479716 973208 0 4098 972024 26479716 973208 973352 973492 972024 945616 950488 950104 26479712 686089 691896
691902 1610612768 26479716 973208 0 0 972024 26479716 973208 973352 973492 972024 945616 950488 950104 26479696 686089 691902
691824 1610612768 26479716 973208 0 0 26479716 26479716 973208 973352 973492 972024 945616 950488 950104 26479696 691909 691824
691832 1610612768 949356 4294967237 0 0 26479716 26479716 973208 973352 973492 972024 945616 950488 950104 26479680 691909 691832
691838 1610612768 977668 691781 0 0 257502 26479716 973208 973352 973492 972024 945616 950488 950104 26479680 691909 691838
290972 1610612736 977668 691781 0 0 257502 26479716 973208 973352 973492 972024 945616 950488 950104 26479680 691843 290972
691844 1610612768 0 0 0 0 949348 26479716 973208 973352 973492 972024 945616 950488 950104 26479680 691843 691844
691850 1610612768 0 0 0 974152 977672 26479716 973208 973352 973492 972024 945616 950488 950104 26479680 691843 691850
691908 1610612768 0 0 0 0 26479716 26479716 973208 973352 973492 972024 945616 950488 950104 26479696 691843 691908
691914 1610612768 0 0 0 257428 26479716 949352 973208 973352 973492 972024 945616 950488 950104 26479696 691843 691914
691918 1610612768 0 0 0 949348 26479716 977676 973208 973352 973492 972024 945616 950488 950104 26479696 691843 691918
691924 1610612768 0 0 974152 977672 26479716 977676 973208 973352 973492 972024 945616 950488 950104 26479696 691843 691924
692004 1610612768 0 9 974152 0 26479716 977676 973208 973352 973492 972024 945616 950488 950104 26479696 691843 692004
686088 1610612768 26479716 9 974152 0 972024 26479716 973208 973352 973492 972024 945616 950488 950104 26479712 691843 686088
700628 1610612768 972132 26479716 974152 0 972024 26479716 973208 973352 973492 972024 945616 950488 950104 26479712 686099 700628
700638 1610612768 972132 26479716 974152 974152 972024 26479716 26479716 973352 973492 972024 945616 950488 950104 26479696 686099 700638
700658 1610612768 972132 10 0 974152 972024 972132 26479716 973352 973492 972024 945616 950488 950104 26479696 686099 700658
700686 536870944 972132 9 0 10 974152 972132 26479716 973352 973492 972024 945616 950488 950104 26479696 686099 700686
700692 536870944 972132 9 0 974152 974152 972132 26479716 973352 973492 972024 945616 950488 950104 26479696 686099 700692
686098 536870944 972132 9 0 974152 972024 26479716 973208 973352 973492 972024 945616 950488 950104 26479712 686099 686098
700720 536870944 26479716 9 0 974152 972024 26479716 973208 973352 973492 972024 945616 950488 950104 26479712 686105 700720
700752 536870944 26479716 8 0 9 974152 26479716 973208 973352 973492 972024 945616 950488 950104 26479696 686105 700752
686106 536870944 26479716 8 0 974152 972024 26479716 973208 973352 973492 972024 945616 950488 950104 26479724 686105 686106
605670 536870944 26479716 8 0 974152 972024 973208 973208 973352 973492 972024 945616 950488 950104 26479736 686105 605670
605472 536870944 972024 972132 0 974152 972024 973208 973208 973352 973492 972024 945616 950488 950104 26479736 605681 605472
625512 536870944 972132 972132 0 974152 972132 972024 973208 973352 973492 972024 945616 950488 950104 26479720 605485 625512
625522 536870944 949084 972132 0 323560 972132 972024 973208 973352 973492 972024 945616 950488 950104 26479712 605485 625522
701280 536870944 977644 972132 0 323560 972132 972024 973208 973352 973492 972024 945616 950488 950104 26479712 625529 701280
701286 536870944 977644 972132 0 1 972132 972024 973208 973352 973492 972024 945616 950488 950104 26479708 625529 701286
701294 1610612768 0 972132 0 1 972132 972024 973208 973352 973492 972024 945616 950488 950104 26479712 625529 701294
625528 1610612768 0 972132 0 1 972132 972024 973208 973352 973492 972024 945616 950488 950104 26479712 625529 625528
625542 2147483680 974896 28 0 975440 972132 972024 973208 973352 973492 972024 945616 950488 950104 26479712 625529 625542
625544 2147483680 974896 28 0 975440 972132 972024 973208 973352 973492 972024 945616 950488 950104 26479712 625529 625544
625552 1073741856 974896 949088 323534 0 972132 972024 973208 973352 973492 972024 945616 950488 950104 26479712 625529 625552
625556 1073741856 974896 943776 949092 0 972132 972024 973208 973352 973492 972024 945616 950488 950104 26479712 625529 625556
601352 1073741856 974896 943776 943444 0 972132 972024 973208 973352 973492 972024 945616 950488 950104 26479712 625563 601352
601362 1073741856 974896 943776 943444 0 972132 974896 943392 973352 973492 972024 945616 950488 950104 26479640 625563 601362
601376 1073741856 943444 0 943444 0 0 974896 943392 973352 943776 972024 945616 950488 950104 26479640 16 601376
601382 1073741856 943444 0 943444 0 0 974896 943392 973352 943776 943444 945616 950488 0 26479640 16 601382
601386 1073741856 943444 0 943444 0 0 974896 943392 0 943776 943444 945616 950488 0 26479640 16 601386
601396 1073741856 943444 0 943444 943444 0 974896 939264 0 943776 943444 945616 950488 974896 26479640 16 601396
601402 32 943444 0 6 943444 0 974896 939264 0 943776 943444 945616 950488 974896 26479640 16 601402
601414 32 943444 0 6 943444 0 974896 939264 0 943776 943444 945616 950488 26479660 26479640 16 601414
601424 32 943444 0 6 943444 0 974896 596429 0 943776 943444 945616 950488 26479660 26479640 16 601424
596428 32 943444 0 6 943444 0 974896 596429 0 943776 943444 945616 950488 26479660 26479640 601427 596428
596434 32 943444 0 6 943444 0 974896 596429 0 943776 943444 945616 950488 26479660 26479512 601427 596434
596440 32 943444 0 6 943444 26479660 974896 596429 0 943776 943444 945616 0 26479660 26479512 601427 596440
596202 536870944 943444 943776 6 0 26479660 974896 596429 974896 943776 974896 945616 0 26479660 26479512 597169 596202
596206 536870944 943444 943776 6 0 26479660 974896 596429 974896 943776 974896 945616 0 26479660 26479504 597169 596206
596214 536870944 921168 943776 6 83 26479660 974896 596429 974896 943776 974896 945616 0 26479660 26479504 597169 596214
289592 536870912 921168 921372 6 78 26479660 974896 596429 974896 943776 974896 945616 0 26479660 26479504 596229 289592
596202 1610612768 943444 943444 6 0 26479660 974896 596429 974896 943776 974896 945616 0 949644 26479512 596475 596202
596242 1610612768 943444 943444 6 0 26479660 974896 596429 974896 943776 974896 945616 0 949644 26479504 596475 596242
601426 1610612768 0 943444 6 6 0 974896 596429 0 943776 943444 945616 950488 949644 26479640 596475 601426
601430 1610612768 974896 943444 6 6 0 974896 596429 0 943776 943444 945616 950488 949644 26479640 596475 601430
601478 1610612768 974896 943444 6 6 6 974896 596429 0 943776 943444 945616 950488 949644 26479684 596475 601478
605484 32 1 943444 6 6 972132 972024 973208 973352 973492 972024 945616 950488 949644 26479720 596475 605484
605486 32 1 943444 6 6 972132 972024 973208 973352 973492 972024 945616 950488 949644 26479720 596475 605486
620456 32 972132 943444 6 6 972132 972024 973208 973352 973492 972024 945616 950488 949644 26479720 605493 620456
620466 32 949084 943444 6 328616 972132 972024 973208 973352 973492 972024 945616 950488 949644 26479712 605493 620466
701280 32 977644 943444 6 328616 972132 972024 973208 973352 973492 972024 945616 950488 949644 26479712 620473 701280
701286 32 977644 943444 6 1 972132 972024 973208 973352 973492 972024 945616 950488 949644 26479708 620473 701286
701294 1610612768 0 943444 6 1 972132 972024 973208 973352 973492 972024 945616 950488 949644 26479712 620473 701294
620472 1610612768 0 943444 6 1 972132 972024 973208 973352 973492 972024 945616 950488 949644 26479712 620473 620472
620486 2147483680 974896 28 6 975440 972132 972024 973208 973352 973492 972024 945616 950488 949644 26479712 620473 620486
620488 2147483680 974896 28 6 975440 972132 972024 973208 973352 973492 972024 945616 950488 949644 26479712 620473 620488
620496 1073741856 974896 949088 328590 0 972132 972024 973208 973352 973492 972024 945616 950488 949644 26479712 620473 620496
620500 1073741856 974896 943776 949092 0 972132 972024 973208 973352 973492 972024 945616 950488 949644 26479712 620473 620500
601352 1073741856 974896 943776 943444 0 972132 972024 973208 973352 973492 972024 945616 950488 949644 26479712 620507 601352
601362 1073741856 974896 943776 943444 0 972132 974896 943392 973352 973492 972024 945616 950488 949644 26479640 620507 601362
601376 1073741856 943444 0 943444 0 0 974896 943392 973352 943776 972024 945616 950488 949644 26479640 16 601376
601382 1073741856 943444 0 943444 0 0 974896 943392 973352 943776 943444 945616 950488 0 26479640 16 601382
601386 1073741856 943444 0 943444 0 0 974896 943392 0 943776 943444 945616 950488 0 26479640 16 601386
601396 1073741856 943444 0 943444 943444 0 974896 939264 0 943776 943444 945616 950488 974896 26479640 16 601396
601402 32 943444 0 6 943444 0 974896 939264 0 943776 943444 945616 950488 974896 26479640 16 601402
601414 32 943444 0 6 943444 0 974896 939264 0 943776 943444 945616 950488 26479660 26479640 16 601414
601424 32 943444 0 6 943444 0 974896 596429 0 943776 943444 945616 950488 26479660 26479640 16 601424
596428 32 943444 0 6 943444 0 974896 596429 0 943776 943444 945616 950488 26479660 26479640 601427 596428
596434 32 943444 0 6 943444 0 974896 596429 0 943776 943444 945616 950488 26479660 26479512 601427 596434
596440 32 943444 0 6 943444 26479660 974896 596429 0 943776 943444 945616 0 26479660 26479512 601427 596440
596202 536870944 943444 943776 6 0 26479660 974896 596429 974896 943776 974896 945616 0 26479660 26479512 597169 596202
596206 536870944 943444 943776 6 0 26479660 974896 596429 974896 943776 974896 945616 0 26479660 26479504 597169 596206
596214 536870944 921168 943776 6 83 26479660 974896 596429 974896 943776 974896 945616 0 26479660 26479504 597169 596214
289592 536870912 921168 921372 6 78 26479660 974896 596429 974896 943776 974896 945616 0 26479660 26479504 596229 289592
596202 1610612768 943444 943444 6 0 26479660 974896 596429 974896 943776 974896 945616 0 949644 26479512 596475 596202
596242 1610612768 943444 943444 6 0 26479660 974896 596429 974896 943776 974896 945616 0 949644 26479504 596475 596242
601426 1610612768 0 943444 6 6 0 974896 596429 0 943776 943444 945616 950488 949644 26479640 596475 601426
601430 1610612768 974896 943444 6 6 0 974896 596429 0 943776 943444 945616 950488 949644 26479640 596475 601430
601478 1610612768 974896 943444 6 6 6 974896 596429 0 943776 943444 945616 950488 949644 26479684 596475 601478
620506 1610612768 974896 943444 6 6 972132 972024 973208 973352 973492 972024 945616 950488 949644 26479712 596475 620506
620508 1610612768 974896 943444 6 6 972132 972024 973208 973352 973492 972024 945616 950488 949644 26479712 596475 620508
605494 1610612768 974896 943444 6 6 972132 972024 973208 973352 973492 972024 945616 950488 949644 26479720 596475 605494
625800 1610612768 972132 943444 6 6 972132 972024 973208 973352 973492 972024 945616 950488 949644 26479720 605501 625800
625808 1610612768 974076 943444 6 6 972132 972024 973208 973352 973492 972024 945616 950488 949644 26479712 605501 625808
701280 1610612768 974076 943444 6 6 972132 972024 973208 973352 973492 972024 945616 950488 949644 26479712 625813 701280
701286 1610612768 974076 943444 6 5 972132 972024 973208 973352 973492 972024 945616 950488 949644 26479708 625813 701286
701294 536870944 4 943444 6 5 972132 972024 973208 973352 973492 972024 945616 950488 949644 26479712 625813 701294
625812 536870944 4 943444 6 5 972132 972024 973208 973352 973492 972024 945616 950488 949644 26479712 625813 625812
625826 2147483680 975856 28 6 975440 972132 972024 973208 973352 973492 972024 945616 950488 949644 26479712 625813 625826
625828 2147483680 975856 28 6 975440 972132 972024 973208 973352 973492 972024 945616 950488 949644 26479712 625813 625828
625836 1073741856 975856 949088 315566 0 972132 972024 973208 973352 973492 972024 945616 950488 949644 26479712 625813 625836
625840 1073741856 975856 943776 941408 0 972132 972024 973208 973352 973492 972024 945616 950488 949644 26479712 625813 625840
601352 1073741856 975856 943776 941408 0 972132 972024 973208 973352 973492 972024 945616 950488 949644 26479712 625845 601352
601362 1073741856 975856 943776 941408 0 972132 975856 940664 973352 973492 972024 945616 950488 949644 26479640 625845 601362
601376 1073741856 941408 0 941408 0 0 975856 940664 973352 943776 972024 945616 950488 949644 26479640 16 601376
601382 1073741856 941408 0 941408 0 0 975856 940664 973352 943776 941408 945616 950488 0 26479640 16 601382
601386 1073741856 941408 0 941408 0 0 975856 940664 0 943776 941408 945616 950488 0 26479640 16 601386
601396 1073741856 941408 0 941408 941408 0 975856 939328 0 943776 941408 945616 950488 975856 26479640 16 601396
601402 32 941408 0 6 941408 0 975856 939328 0 943776 941408 945616 950488 975856 26479640 16 601402
601414 32 941408 0 6 941408 0 975856 939328 0 943776 941408 945616 950488 26479660 26479640 16 601414
601424 32 941408 0 6 941408 0 975856 600429 0 943776 941408 945616 950488 26479660 26479640 16 601424
600428 32 941408 0 6 941408 0 975856 600429 0 943776 941408 945616 950488 26479660 26479640 601427 600428
600434 32 941408 0 6 941408 0 975856 600429 0 943776 941408 945616 950488 26479660 26479584 601427 600434
596202 1610612768 941408 941408 6 941408 0 26479660 975856 941408 0 975856 6 941408 26479660 26479584 600457 596202
596242 1610612768 941408 941408 6 941408 0 26479660 975856 941408 0 975856 6 941408 26479660 26479576 600457 596242
600456 536870944 1 941408 6 941408 0 26479660 975856 941408 0 975856 6 941408 26479660 26479584 600457 600456
600472 1610612768 1 941408 6 941408 1 26479660 975856 941408 0 975856 6 941408 26479660 26479584 600457 600472
601426 1610612768 0 941408 6 941408 0 975856 600429 0 943776 941408 945616 950488 26479660 26479640 600457 601426
601430 1610612768 975856 941408 6 941408 0 975856 600429 0 943776 941408 945616 950488 26479660 26479640 600457 601430
601478 1610612768 975856 941408 6 6 6 975856 600429 0 943776 941408 945616 950488 26479660 26479684 600457 601478
605500 32 1 941408 6 6 972132 972024 973208 973352 973492 972024 945616 950488 26479660 26479720 600457 605500
605502 32 1 941408 6 6 972132 972024 973208 973352 973492 972024 945616 950488 26479660 26479720 600457 605502
622652 32 972132 941408 6 6 972132 972024 973208 973352 973492 972024 945616 950488 26479660 26479720 605509 622652
622660 32 974076 941408 6 6 972132 972024 973208 973352 973492 972024 945616 950488 26479660 26479712 605509 622660
701280 32 974076 941408 6 6 972132 972024 973208 973352 973492 972024 945616 950488 26479660 26479712 622665 701280
701286 32 974076 941408 6 5 972132 972024 973208 973352 973492 972024 945616 950488 26479660 26479708 622665 701286
701294 536870944 4 941408 6 5 972132 972024 973208 973352 973492 972024 945616 950488 26479660 26479712 622665 701294
622664 536870944 4 941408 6 5 972132 972024 973208 973352 973492 972024 945616 950488 26479660 26479712 622665 622664
622678 2147483680 975856 28 6 975440 972132 972024 973208 973352 973492 972024 945616 950488 26479660 26479712 622665 622678
622680 2147483680 975856 28 6 975440 972132 972024 973208 973352 973492 972024 945616 950488 26479660 26479712 622665 622680
622688 1073741856 975856 949088 318714 0 972132 972024 973208 973352 973492 972024 945616 950488 26479660 26479712 622665 622688
622692 1073741856 975856 943776 941408 0 972132 972024 973208 973352 973492 972024 945616 950488 26479660 26479712 622665 622692
601352 1073741856 975856 943776 941408 0 972132 972024 973208 973352 973492 972024 945616 950488 26479660 26479712 622697 601352
601362 1073741856 975856 943776 941408 0 972132 975856 940664 973352 973492 972024 945616 950488 26479660 26479640 622697 601362
601376 1073741856 941408 0 941408 0 0 975856 940664 973352 943776 972024 945616 950488 26479660 26479640 16 601376
601382 1073741856 941408 0 941408 0 0 975856 940664 973352 943776 941408 945616 950488 0 26479640 16 601382
601386 1073741856 941408 0 941408 0 0 975856 940664 0 943776 941408 945616 950488 0 26479640 16 601386
601396 1073741856 941408 0 941408 941408 0 975856 939328 0 943776 941408 945616 950488 975856 26479640 16 601396
601402 32 941408 0 6 941408 0 975856 939328 0 943776 941408 945616 950488 975856 26479640 16 601402
601414 32 941408 0 6 941408 0 975856 939328 0 943776 941408 945616 950488 26479660 26479640 16 601414
601424 32 941408 0 6 941408 0 975856 600429 0 943776 941408 945616 950488 26479660 26479640 16 601424
600428 32 941408 0 6 941408 0 975856 600429 0 943776 941408 945616 950488 26479660 26479640 601427 600428
600434 32 941408 0 6 941408 0 975856 600429 0 943776 941408 945616 950488 26479660 26479584 601427 600434
596202 1610612768 941408 941408 6 941408 0 26479660 975856 941408 0 975856 6 941408 26479660 26479584 600457 596202
596242 1610612768 941408 941408 6 941408 0 26479660 975856 941408 0 975856 6 941408 26479660 26479576 600457 596242
600456 536870944 1 941408 6 941408 0 26479660 975856 941408 0 975856 6 941408 26479660 26479584 600457 600456
600472 1610612768 1 941408 6 941408 1 26479660 975856 941408 0 975856 6 941408 26479660 26479584 600457 600472
601426 1610612768 0 941408 6 941408 0 975856 600429 0 943776 941408 945616 950488 26479660 26479640 600457 601426
601430 1610612768 975856 941408 6 941408 0 975856 600429 0 943776 941408 945616 950488 26479660 26479640 600457 601430
601478 1610612768 975856 941408 6 6 6 975856 600429 0 943776 941408 945616 950488 26479660 26479684 600457 601478
622696 1610612768 975856 941408 6 6 972132 972024 973208 973352 973492 972024 945616 950488 26479660 26479712 600457 622696
622698 1610612768 975856 941408 6 6 972132 972024 973208 973352 973492 972024 945616 950488 26479660 26479712 600457 622698
605512 1610612768 975856 941408 6 6 972132 972024 973208 973352 973492 972024 945616 950488 26479660 26479720 600457 605512
625868 1610612768 972132 941408 6 6 972132 972024 973208 973352 973492 972024 945616 950488 26479660 26479720 605519 625868
625876 1610612768 974080 941408 6 6 972132 972024 973208 973352 973492 972024 945616 950488 26479660 26479712 605519 625876
701280 1610612768 974080 941408 6 6 972132 972024 973208 973352 973492 972024 945616 950488 26479660 26479712 625881 701280
701286 1610612768 974080 941408 6 4 972132 972024 973208 973352 973492 972024 945616 950488 26479660 26479708 625881 701286
701294 536870944 3 941408 6 4 972132 972024 973208 973352 973492 972024 945616 950488 26479660 26479712 625881 701294
625880 536870944 3 941408 6 4 972132 972024 973208 973352 973492 972024 945616 950488 26479660 26479712 625881 625880
625894 2147483680 977636 28 6 975440 972132 972024 973208 973352 973492 972024 945616 950488 26479660 26479712 625881 625894
625896 2147483680 977636 28 6 975440 972132 972024 973208 973352 973492 972024 945616 950488 26479660 26479712 625881 625896
625904 1073741856 977636 949088 315810 0 972132 972024 973208 973352 973492 972024 945616 950488 26479660 26479712 625881 625904
625908 1073741856 977636 943776 941720 0 972132 972024 973208 973352 973492 972024 945616 950488 26479660 26479712 625881 625908
601352 1073741856 977636 943776 941720 0 972132 972024 973208 973352 973492 972024 945616 950488 26479660 26479712 625913 601352
601362 1073741856 977636 943776 941720 0 972132 977636 940600 973352 973492 972024 945616 950488 26479660 26479640 625913 601362
601376 1073741856 941720 0 941720 0 0 977636 940600 973352 943776 972024 945616 950488 26479660 26479640 16 601376
601382 1073741856 941720 0 941720 0 0 977636 940600 973352 943776 941720 945616 950488 0 26479640 16 601382
601386 1073741856 941720 0 941720 0 0 977636 940600 0 943776 941720 945616 950488 0 26479640 16 601386
601396 1073741856 941720 0 941720 941720 0 977636 939328 0 943776 941720 945616 950488 977636 26479640 16 601396
601402 32 941720 0 6 941720 0 977636 939328 0 943776 941720 945616 950488 977636 26479640 16 601402
601414 32 941720 0 6 941720 0 977636 939328 0 943776 941720 945616 950488 26479660 26479640 16 601414
601424 32 941720 0 6 941720 0 977636 600429 0 943776 941720 945616 950488 26479660 26479640 16 601424
600428 32 941720 0 6 941720 0 977636 600429 0 943776 941720 945616 950488 26479660 26479640 601427 600428
600434 32 941720 0 6 941720 0 977636 600429 0 943776 941720 945616 950488 26479660 26479584 601427 600434
596202 1610612768 941720 941720 6 941720 0 26479660 977636 941720 0 977636 6 941720 26479660 26479584 600457 596202
596242 1610612768 941720 941720 6 941720 0 26479660 977636 941720 0 977636 6 941720 26479660 26479576 600457 596242
600456 536870944 1 941720 6 941720 0 26479660 977636 941720 0 977636 6 941720 26479660 26479584 600457 600456
600472 1610612768 1 941720 6 941720 1 26479660 977636 941720 0 977636 6 941720 26479660 26479584 600457 600472
601426 1610612768 0 941720 6 941720 0 977636 600429 0 943776 941720 945616 950488 26479660 26479640 600457 601426
601430 1610612768 977636 941720 6 941720 0 977636 600429 0 943776 941720 945616 950488 26479660 26479640 600457 601430
601478 1610612768 977636 941720 6 6 6 977636 600429 0 943776 941720 945616 950488 26479660 26479684 600457 601478
605518 32 1 941720 6 6 972132 972024 973208 973352 973492 972024 945616 950488 26479660 26479720 600457 605518
605520 32 1 941720 6 6 972132 972024 973208 973352 973492 972024 945616 950488 26479660 26479720 600457 605520
622720 32 972132 941720 6 6 972132 972024 973208 973352 973492 972024 945616 950488 26479660 26479720 605527 622720
622728 32 974080 941720 6 6 972132 972024 973208 973352 973492 972024 945616 950488 26479660 26479712 605527 622728
701280 32 974080 941720 6 6 972132 972024 973208 973352 973492 972024 945616 950488 26479660 26479712 622733 701280
701286 32 974080 941720 6 4 972132 972024 973208 973352 973492 972024 945616 950488 26479660 26479708 622733 701286
701294 536870944 3 941720 6 4 972132 972024 973208 973352 973492 972024 945616 950488 26479660 26479712 622733 701294
622732 536870944 3 941720 6 4 972132 972024 973208 973352 973492 972024 945616 950488 26479660 26479712 622733 622732
622746 2147483680 977636 28 6 975440 972132 972024 973208 973352 973492 972024 945616 950488 26479660 26479712 622733 622746
622748 2147483680 977636 28 6 975440 972132 972024 973208 973352 973492 972024 945616 950488 26479660 26479712 622733 622748
622756 1073741856 977636 949088 318958 0 972132 972024 973208 973352 973492 972024 945616 950488 26479660 26479712 622733 622756
622760 1073741856 977636 943776 941720 0 972132 972024 973208 973352 973492 972024 945616 950488 26479660 26479712 622733 622760
601352 1073741856 977636 943776 941720 0 972132 972024 973208 973352 973492 972024 945616 950488 26479660 26479712 622765 601352
601362 1073741856 977636 943776 941720 0 972132 977636 940600 973352 973492 972024 945616 950488 26479660 26479640 622765 601362
601376 1073741856 941720 0 941720 0 0 977636 940600 973352 943776 972024 945616 950488 26479660 26479640 16 601376
601382 1073741856 941720 0 941720 0 0 977636 940600 973352 943776 941720 945616 950488 0 26479640 16 601382
601386 1073741856 941720 0 941720 0 0 977636 940600 0 943776 941720 945616 950488 0 26479640 16 601386
601396 1073741856 941720 0 941720 941720 0 977636 939328 0 943776 941720 945616 950488 977636 26479640 16 601396
601402 32 941720 0 6 941720 0 977636 939328 0 943776 941720 945616 950488 977636 26479640 16 601402
601414 32 941720 0 6 941720 0 977636 939328 0 943776 941720 945616 950488 26479660 26479640 16 601414
601424 32 941720 0 6 941720 0 977636 600429 0 943776 941720 945616 950488 26479660 26479640 16 601424
600428 32 941720 0 6 941720 0 977636 600429 0 943776 941720 945616 950488 26479660 26479640 601427 600428
600434 32 941720 0 6 941720 0 977636 600429 0 943776 941720 945616 950488 26479660 26479584 601427 600434
596202 1610612768 941720 941720 6 941720 0 26479660 977636 941720 0 977636 6 941720 26479660 26479584 600457 596202
596242 1610612768 941720 941720 6 941720 0 26479660 977636 941720 0 977636 6 941720 26479660 26479576 600457 596242
600456 536870944 1 941720 6 941720 0 26479660 977636 941720 0 977636 6 941720 26479660 26479584 600457 600456
600472 1610612768 1 941720 6 941720 1 26479660 977636 941720 0 977636 6 941720 26479660 26479584 600457 600472
601426 1610612768 0 941720 6 941720 0 977636 600429 0 943776 941720 945616 950488 26479660 26479640 600457 601426
601430 1610612768 977636 941720 6 941720 0 977636 600429 0 943776 941720 945616 950488 26479660 26479640 600457 601430
601478 1610612768 977636 941720 6 6 6 977636 600429 0 943776 941720 945616 950488 26479660 26479684 600457 601478
622764 1610612768 977636 941720 6 6 972132 972024 973208 973352 973492 972024 945616 950488 26479660 26479712 600457 622764
622766 1610612768 977636 941720 6 6 972132 972024 973208 973352 973492 972024 945616 950488 26479660 26479712 600457 622766
605530 1610612768 977636 941720 6 6 972132 972024 973208 973352 973492 972024 945616 950488 26479660 26479720 600457 605530
605686 2147483680 977636 941720 6 974152 972024 4293994089 973208 973352 973492 972024 945616 950488 26479660 26479736 600457 605686
603422 2147483680 977636 941720 6 0 949572 972020 973208 973352 973492 972024 945616 950488 26479660 26479752 600457 603422
603428 2147483680 977636 941720 6 4294966724 949572 972020 973208 973352 973492 973676 945616 950488 26479660 26479752 600457 603428
603434 2147483680 977636 941720 6 973680 949572 972020 973208 973352 973492 973676 945616 950488 26479660 26479752 600457 603434
612328 2147483680 973680 941720 6 973680 949572 972020 973208 973352 973492 973676 945616 950488 26479660 26479752 603441 612328
612348 32 973788 0 6 973724 973680 973716 940384 973352 973492 973676 945616 950488 26479660 26479736 603441 612348
612386 1610612768 973788 0 0 973788 973680 973716 940392 973352 973492 973676 945616 950488 26479660 26479736 603441 612386
612392 536870944 973788 0 0 8 973680 973716 940392 973352 973492 973676 945616 950488 26479660 26479736 603441 612392
691896 536870944 973788 0 0 8 973680 973716 940392 973352 973492 973676 945616 950488 26479660 26479736 612397 691896
691902 1610612768 973788 0 0 0 973680 973716 940392 973352 973492 973676 945616 950488 26479660 26479720 612397 691902
691824 1610612768 973788 0 0 0 973788 973716 940392 973352 973492 973676 945616 950488 26479660 26479720 691909 691824
691832 1610612768 949356 4294967237 0 0 973788 973716 940392 973352 973492 973676 945616 950488 26479660 26479704 691909 691832
691838 1610612768 977668 691781 0 0 257502 973716 940392 973352 973492 973676 945616 950488 26479660 26479704 691909 691838
290972 1610612736 977668 691781 0 0 257502 973716 940392 973352 973492 973676 945616 950488 26479660 26479704 691843 290972
691844 1610612768 0 0 0 0 949348 973716 940392 973352 973492 973676 945616 950488 950104 26479704 691843 691844
691850 1610612768 0 0 0 974152 977672 973716 940392 973352 973492 973676 945616 950488 950104 26479704 691843 691850
691908 1610612768 0 0 0 0 973788 973716 940392 973352 973492 973676 945616 950488 950104 26479720 691843 691908
691914 1610612768 0 0 0 257428 973788 949352 940392 973352 973492 973676 945616 950488 950104 26479720 691843 691914
691918 1610612768 0 0 0 949348 973788 977676 940392 973352 973492 973676 945616 950488 950104 26479720 691843 691918
691924 1610612768 0 0 974152 977672 973788 977676 940392 973352 973492 973676 945616 950488 950104 26479720 691843 691924
692004 1610612768 0 9 974152 0 973788 977676 940392 973352 973492 973676 945616 950488 950104 26479720 691843 692004
612396 1610612768 973788 9 974152 0 973680 973716 940392 973352 973492 973676 945616 950488 950104 26479736 691843 612396
603440 1610612768 973680 9 974152 0 949572 972020 973208 973352 973492 973676 945616 950488 950104 26479752 691843 603440
603458 1610612768 973680 973208 945628 945648 949572 972020 973208 973352 973492 973676 945616 950488 950104 26479752 691843 603458
603488 1610612768 973680 973208 945628 0 949572 972020 973208 973352 973492 973676 945616 950488 950104 26479752 691843 603488
605660 1610612768 973680 973208 945628 0 949572 972020 973208 973352 973492 973676 945616 950488 950104 26479752 603493 605660
686060 1610612768 973680 973208 945628 0 973680 973208 973208 973352 973492 973676 945616 950488 950104 26479736 605671 686060
686064 1610612768 973680 973208 945628 0 973680 973208 973208 973352 973492 973676 945616 950488 950104 26479712 605671 686064
686076 536870944 973680 973208 0 6 973680 26479716 973208 973352 973492 973676 945616 950488 950104 26479712 605671 686076
686084 536870944 26479716 973208 0 4098 973680 26479716 973208 973352 973492 973676 945616 950488 950104 26479712 605671 686084
691896 536870944 26479716 973208 0 4098 973680 26479716 973208 973352 973492 973676 945616 950488 950104 26479712 686089 691896
691902 1610612768 26479716 973208 0 0 973680 26479716 973208 973352 973492 973676 945616 950488 950104 26479696 686089 691902
691824 1610612768 26479716 973208 0 0 26479716 26479716 973208 973352 973492 973676 945616 950488 950104 26479696 691909 691824
691832 1610612768 949356 4294967237 0 0 26479716 26479716 973208 973352 973492 973676 945616 950488 950104 26479680 691909 691832
691838 1610612768 977668 691781 0 0 257502 26479716 973208 973352 973492 973676 945616 950488 950104 26479680 691909 691838
290972 1610612736 977668 691781 0 0 257502 26479716 973208 973352 973492 973676 945616 950488 950104 26479680 691843 290972
691844 1610612768 0 0 0 0 949348 26479716 973208 973352 973492 973676 945616 950488 950104 26479680 691843 691844
691850 1610612768 0 0 0 974152 977672 26479716 973208 973352 973492 973676 945616 950488 950104 26479680 691843 691850
691908 1610612768 0 0 0 0 26479716 26479716 973208 973352 973492 973676 945616 950488 950104 26479696 691843 691908
691914 1610612768 0 0 0 257428 26479716 949352 973208 973352 973492 973676 945616 950488 950104 26479696 691843 691914
691918 1610612768 0 0 0 949348 26479716 977676 973208 973352 973492 973676 945616 950488 950104 26479696 691843 691918
691924 1610612768 0 0 974152 977672 26479716 977676 973208 973352 973492 973676 945616 950488 950104 26479696 691843 691924
692004 1610612768 0 10 974152 0 26479716 977676 973208 973352 973492 973676 945616 950488 950104 26479696 691843 692004
686088 1610612768 26479716 10 974152 0 973680 26479716 973208 973352 973492 973676 945616 950488 950104 26479712 691843 686088
700628 1610612768 973788 26479716 974152 0 973680 26479716 973208 973352 973492 973676 945616 950488 950104 26479712 686099 700628
700638 1610612768 973788 26479716 974152 974152 973680 26479716 26479716 973352 973492 973676 945616 950488 950104 26479696 686099 700638
700658 1610612768 973788 11 0 974152 973680 973788 26479716 973352 973492 973676 945616 950488 950104 26479696 686099 700658
700686 536870944 973788 10 0 11 974152 973788 26479716 973352 973492 973676 945616 950488 950104 26479696 686099 700686
700692 536870944 973788 10 0 974152 974152 973788 26479716 973352 973492 973676 945616 950488 950104 26479696 686099 700692
686098 536870944 973788 10 0 974152 973680 26479716 973208 973352 973492 973676 945616 950488 950104 26479712 686099 686098
700720 536870944 26479716 10 0 974152 973680 26479716 973208 973352 973492 973676 945616 950488 950104 26479712 686105 700720
700752 536870944 26479716 9 0 10 974152 26479716 973208 973352 973492 973676 945616 950488 950104 26479696 686105 700752
686106 536870944 26479716 9 0 974152 973680 26479716 973208 973352 973492 973676 945616 950488 950104 26479724 686105 686106
605670 536870944 26479716 9 0 974152 973680 973208 973208 973352 973492 973676 945616 950488 950104 26479736 686105 605670
605472 536870944 973680 973788 0 974152 973680 973208 973208 973352 973492 973676 945616 950488 950104 26479736 605681 605472
625512 536870944 973788 973788 0 974152 973788 973680 973208 973352 973492 973676 945616 950488 950104 26479720 605485 625512
625522 536870944 949084 973788 0 323560 973788 973680 973208 973352 973492 973676 945616 950488 950104 26479712 605485 625522
701280 536870944 977644 973788 0 323560 973788 973680 973208 973352 973492 973676 945616 950488 950104 26479712 625529 701280
701286 536870944 977644 973788 0 1 973788 973680 973208 973352 973492 973676 945616 950488 950104 26479708 625529 701286
701294 1610612768 0 973788 0 1 973788 973680 973208 973352 973492 973676 945616 950488 950104 26479712 625529 701294
625528 1610612768 0 973788 0 1 973788 973680 973208 973352 973492 973676 945616 950488 950104 26479712 625529 625528
625542 2147483680 974896 28 0 975440 973788 973680 973208 973352 973492 973676 945616 950488 950104 26479712 625529 625542
625544 2147483680 974896 28 0 975440 973788 973680 973208 973352 973492 973676 945616 950488 950104 26479712 625529 625544
625552 1073741856 974896 949088 323534 0 973788 973680 973208 973352 973492 973676 945616 950488 950104 26479712 625529 625552
625556 1073741856 974896 943776 949092 0 973788 973680 973208 973352 973492 973676 945616 950488 950104 26479712 625529 625556
601352 1073741856 974896 943776 943444 0 973788 973680 973208 973352 973492 973676 945616 950488 950104 26479712 625563 601352
601362 1073741856 974896 943776 943444 0 973788 974896 943392 973352 973492 973676 945616 950488 950104 26479640 625563 601362
601376 1073741856 943444 0 943444 0 0 974896 943392 973352 943776 973676 945616 950488 950104 26479640 16 601376
601382 1073741856 943444 0 943444 0 0 974896 943392 973352 943776 943444 945616 950488 0 26479640 16 601382
601386 1073741856 943444 0 943444 0 0 974896 943392 0 943776 943444 945616 950488 0 26479640 16 601386
601396 1073741856 943444 0 943444 943444 0 974896 939264 0 943776 943444 945616 950488 974896 26479640 16 601396
601402 32 943444 0 6 943444 0 974896 939264 0 943776 943444 945616 950488 974896 26479640 16 601402
601414 32 943444 0 6 943444 0 974896 939264 0 943776 943444 945616 950488 26479660 26479640 16 601414
601424 32 943444 0 6 943444 0 974896 596429 0 943776 943444 945616 950488 26479660 26479640 16 601424
596428 32 943444 0 6 943444 0 974896 596429 0 943776 943444 945616 950488 26479660 26479640 601427 596428
596434 32 943444 0 6 943444 0 974896 596429 0 943776 943444 945616 950488 26479660 26479512 601427 596434
596440 32 943444 0 6 943444 26479660 974896 596429 0 943776 943444 945616 0 26479660 26479512 601427 596440
596202 536870944 943444 943776 6 0 26479660 974896 596429 974896 943776 974896 945616 0 26479660 26479512 597169 596202
596206 536870944 943444 943776 6 0 26479660 974896 596429 974896 943776 974896 945616 0 26479660 26479504 597169 596206
596214 536870944 921168 943776 6 83 26479660 974896 596429 974896 943776 974896 945616 0 26479660 26479504 597169 596214
289592 536870912 921168 921372 6 78 26479660 974896 596429 974896 943776 974896 945616 0 26479660 26479504 596229 289592
596202 1610612768 943444 943444 6 0 26479660 974896 596429 974896 943776 974896 945616 0 949644 26479512 596475 596202
596242 1610612768 943444 943444 6 0 26479660 974896 596429 974896 943776 974896 945616 0 949644 26479504 596475 596242
601426 1610612768 0 943444 6 6 0 974896 596429 0 943776 943444 945616 950488 949644 26479640 596475 601426
601430 1610612768 974896 943444 6 6 0 974896 596429 0 943776 943444 945616 950488 949644 26479640 596475 601430
601478 1610612768 974896 943444 6 6 6 974896 596429 0 943776 943444 945616 950488 949644 26479684 596475 601478
605484 32 1 943444 6 6 973788 973680 973208 973352 973492 973676 945616 950488 949644 26479720 596475 605484
605486 32 1 943444 6 6 973788 973680 973208 973352 973492 973676 945616 950488 949644 26479720 596475 605486
620456 32 973788 943444 6 6 973788 973680 973208 973352 973492 973676 945616 950488 949644 26479720 605493 620456
620466 32 949084 943444 6 328616 973788 973680 973208 973352 973492 973676 945616 950488 949644 26479712 605493 620466
701280 32 977644 943444 6 328616 973788 973680 973208 973352 973492 973676 945616 950488 949644 26479712 620473 701280
701286 32 977644 943444 6 1 973788 973680 973208 973352 973492 973676 945616 950488 949644 26479708 620473 701286
701294 1610612768 0 943444 6 1 973788 973680 973208 973352 973492 973676 945616 950488 949644 26479712 620473 701294
620472 1610612768 0 943444 6 1 973788 973680 973208 973352 973492 973676 945616 950488 949644 26479712 620473 620472
620486 2147483680 974896 28 6 975440 973788 973680 973208 973352 973492 973676 945616 950488 949644 26479712 620473 620486
620488 2147483680 974896 28 6 975440 973788 973680 973208 973352 973492 973676 945616 950488 949644 26479712 620473 620488
620496 1073741856 974896 949088 328590 0 973788 973680 973208 973352 973492 973676 945616 950488 949644 26479712 620473 620496
620500 1073741856 974896 943776 949092 0 973788 973680 973208 973352 973492 973676 945616 950488 949644 26479712 620473 620500
601352 1073741856 974896 943776 943444 0 973788 973680 973208 973352 973492 973676 945616 950488 949644 26479712 620507 601352
601362 1073741856 974896 943776 943444 0 973788 974896 943392 973352 973492 973676 945616 950488 949644 26479640 620507 601362
601376 1073741856 943444 0 943444 0 0 974896 943392 973352 943776 973676 945616 950488 949644 26479640 16 601376
601382 1073741856 943444 0 943444 0 0 974896 943392 973352 943776 943444 945616 950488 0 26479640 16 601382
601386 1073741856 943444 0 943444 0 0 974896 943392 0 943776 943444 945616 950488 0 26479640 16 601386
601396 1073741856 943444 0 943444 943444 0 974896 939264 0 943776 943444 945616 950488 974896 26479640 16 601396
601402 32 943444 0 6 943444 0 974896 939264 0 943776 943444 945616 950488 974896 26479640 16 601402
601414 32 943444 0 6 943444 0 974896 939264 0 943776 943444 945616 950488 26479660 26479640 16 601414
601424 32 943444 0 6 943444 0 974896 596429 0 943776 943444 945616 950488 26479660 26479640 16 601424
596428 32 943444 0 6 943444 0 974896 596429 0 943776 943444 945616 950488 26479660 26479640 601427 596428
596434 32 943444 0 6 943444 0 974896 596429 0 943776 943444 945616 950488 26479660 26479512 601427 596434
596440 32 943444 0 6 943444 26479660 974896 596429 0 943776 943444 945616 0 26479660 26479512 601427 596440
596202 536870944 943444 943776 6 0 26479660 974896 596429 974896 943776 974896 945616 0 26479660 26479512 597169 596202
596206 536870944 943444 943776 6 0 26479660 974896 596429 974896 943776 974896 945616 0 26479660 26479504 597169 596206
596214 536870944 921168 943776 6 83 26479660 974896 596429 974896 943776 974896 945616 0 26479660 26479504 597169 596214
289592 536870912 921168 921372 6 78 26479660 974896 596429 974896 943776 974896 945616 0 26479660 26479504 596229 289592
596202 1610612768 943444 943444 6 0 26479660 974896 596429 974896 943776 974896 945616 0 949644 26479512 596475 596202
596242 1610612768 943444 943444 6 0 26479660 974896 596429 974896 943776 974896 945616 0 949644 26479504 596475 596242
601426 1610612768 0 943444 6 6 0 974896 596429 0 943776 943444 945616 950488 949644 26479640 596475 601426
601430 1610612768 974896 943444 6 6 0 974896 596429 0 943776 943444 945616 950488 949644 26479640 596475 601430
601478 1610612768 974896 943444 6 6 6 974896 596429 0 943776 943444 945616 950488 949644 26479684 596475 601478
620506 1610612768 974896 943444 6 6 973788 973680 973208 973352 973492 973676 945616 950488 949644 26479712 596475 620506
620508 1610612768 974896 943444 6 6 973788 973680 973208 973352 973492 973676 945616 950488 949644 26479712 596475 620508
605494 1610612768 974896 943444 6 6 973788 973680 973208 973352 973492 973676 945616 950488 949644 26479720 596475 605494
625800 1610612768 973788 943444 6 6 973788 973680 973208 973352 973492 973676 945616 950488 949644 26479720 605501 625800
625808 1610612768 974076 943444 6 6 973788 973680 973208 973352 973492 973676 945616 950488 949644 26479712 605501 625808
701280 1610612768 974076 943444 6 6 973788 973680 973208 973352 973492 973676 945616 950488 949644 26479712 625813 701280
701286 1610612768 974076 943444 6 5 973788 973680 973208 973352 973492 973676 945616 950488 949644 26479708 625813 701286
701294 536870944 4 943444 6 5 973788 973680 973208 973352 973492 973676 945616 950488 949644 26479712 625813 701294
625812 536870944 4 943444 6 5 973788 973680 973208 973352 973492 973676 945616 950488 949644 26479712 625813 625812
625826 2147483680 975856 28 6 975440 973788 973680 973208 973352 973492 973676 945616 950488 949644 26479712 625813 625826
625828 2147483680 975856 28 6 975440 973788 973680 973208 973352 973492 973676 945616 950488 949644 26479712 625813 625828
625836 1073741856 975856 949088 315566 0 973788 973680 973208 973352 973492 973676 945616 950488 949644 26479712 625813 625836
625840 1073741856 975856 943776 941408 0 973788 973680 973208 973352 973492 973676 945616 950488 949644 26479712 625813 625840
601352 1073741856 975856 943776 941408 0 973788 973680 973208 973352 973492 973676 945616 950488 949644 26479712 625845 601352
601362 1073741856 975856 943776 941408 0 973788 975856 940664 973352 973492 973676 945616 950488 949644 26479640 625845 601362
601376 1073741856 941408 0 941408 0 0 975856 940664 973352 943776 973676 945616 950488 949644 26479640 16 601376
601382 1073741856 941408 0 941408 0 0 975856 940664 973352 943776 941408 945616 950488 0 26479640 16 601382
601386 1073741856 941408 0 941408 0 0 975856 940664 0 943776 941408 945616 950488 0 26479640 16 601386
601396 1073741856 941408 0 941408 941408 0 975856 939328 0 943776 941408 945616 950488 975856 26479640 16 601396
601402 32 941408 0 6 941408 0 975856 939328 0 943776 941408 945616 950488 975856 26479640 16 601402
601414 32 941408 0 6 941408 0 975856 939328 0 943776 941408 945616 950488 26479660 26479640 16 601414
601424 32 941408 0 6 941408 0 975856 600429 0 943776 941408 945616 950488 26479660 26479640 16 601424
600428 32 941408 0 6 941408 0 975856 600429 0 943776 941408 945616 950488 26479660 26479640 601427 600428
600434 32 941408 0 6 941408 0 975856 600429 0 943776 941408 945616 950488 26479660 26479584 601427 600434
596202 1610612768 941408 941408 6 941408 0 26479660 975856 941408 0 975856 6 941408 26479660 26479584 600457 596202
596242 1610612768 941408 941408 6 941408 0 26479660 975856 941408 0 975856 6 941408 26479660 26479576 600457 596242
600456 536870944 1 941408 6 941408 0 26479660 975856 941408 0 975856 6 941408 26479660 26479584 600457 600456
600472 1610612768 1 941408 6 941408 1 26479660 975856 941408 0 975856 6 941408 26479660 26479584 600457 600472
601426 1610612768 0 941408 6 941408 0 975856 600429 0 943776 941408 945616 950488 26479660 26479640 600457 601426
601430 1610612768 975856 941408 6 941408 0 975856 600429 0 943776 941408 945616 950488 26479660 26479640 600457 601430
601478 1610612768 975856 941408 6 6 6 975856 600429 0 943776 941408 945616 950488 26479660 26479684 600457 601478
605500 32 1 941408 6 6 973788 973680 973208 973352 973492 973676 945616 950488 26479660 26479720 600457 605500
605502 32 1 941408 6 6 973788 973680 973208 973352 973492 973676 945616 950488 26479660 26479720 600457 605502
622652 32 973788 941408 6 6 973788 973680 973208 973352 973492 973676 945616 950488 26479660 26479720 605509 622652
622660 32 974076 941408 6 6 973788 973680 973208 973352 973492 973676 945616 950488 26479660 26479712 605509 622660
701280 32 974076 941408 6 6 973788 973680 973208 973352 973492 973676 945616 950488 26479660 26479712 622665 701280
701286 32 974076 941408 6 5 973788 973680 973208 973352 973492 973676 945616 950488 26479660 26479708 622665 701286
701294 536870944 4 941408 6 5 973788 973680 973208 973352 973492 973676 945616 950488 26479660 26479712 622665 701294
622664 536870944 4 941408 6 5 973788 973680 973208 973352 973492 973676 945616 950488 26479660 26479712 622665 622664
622678 2147483680 975856 28 6 975440 973788 973680 973208 973352 973492 973676 945616 950488 26479660 26479712 622665 622678
622680 2147483680 975856 28 6 975440 973788 973680 973208 973352 973492 973676 945616 950488 26479660 26479712 622665 622680
622688 1073741856 975856 949088 318714 0 973788 973680 973208 973352 973492 973676 945616 950488 26479660 26479712 622665 622688
622692 1073741856 975856 943776 941408 0 973788 973680 973208 973352 973492 973676 945616 950488 26479660 26479712 622665 622692
601352 1073741856 975856 943776 941408 0 973788 973680 973208 973352 973492 973676 945616 950488 26479660 26479712 622697 601352
601362 1073741856 975856 943776 941408 0 973788 975856 940664 973352 973492 973676 945616 950488 26479660 26479640 622697 601362
601376 1073741856 941408 0 941408 0 0 975856 940664 973352 943776 973676 945616 950488 26479660 26479640 16 601376
601382 1073741856 941408 0 941408 0 0 975856 940664 973352 943776 941408 945616 950488 0 26479640 16 601382
601386 1073741856 941408 0 941408 0 0 975856 940664 0 943776 941408 945616 950488 0 26479640 16 601386
601396 1073741856 941408 0 941408 941408 0 975856 939328 0 943776 941408 945616 950488 975856 26479640 16 601396
601402 32 941408 0 6 941408 0 975856 939328 0 943776 941408 945616 950488 975856 26479640 16 601402
601414 32 941408 0 6 941408 0 975856 939328 0 943776 941408 945616 950488 26479660 26479640 16 601414
601424 32 941408 0 6 941408 0 975856 600429 0 943776 941408 945616 950488 26479660 26479640 16 601424
600428 32 941408 0 6 941408 0 975856 600429 0 943776 941408 945616 950488 26479660 26479640 601427 600428
600434 32 941408 0 6 941408 0 975856 600429 0 943776 941408 945616 950488 26479660 26479584 601427 600434
596202 1610612768 941408 941408 6 941408 0 26479660 975856 941408 0 975856 6 941408 26479660 26479584 600457 596202
596242 1610612768 941408 941408 6 941408 0 26479660 975856 941408 0 975856 6 941408 26479660 26479576 600457 596242
600456 536870944 1 941408 6 941408 0 26479660 975856 941408 0 975856 6 941408 26479660 26479584 600457 600456
600472 1610612768 1 941408 6 941408 1 26479660 975856 941408 0 975856 6 941408 26479660 26479584 600457 600472
601426 1610612768 0 941408 6 941408 0 975856 600429 0 943776 941408 945616 950488 26479660 26479640 600457 601426
601430 1610612768 975856 941408 6 941408 0 975856 600429 0 943776 941408 945616 950488 26479660 26479640 600457 601430
601478 1610612768 975856 941408 6 6 6 975856 600429 0 943776 941408 945616 950488 26479660 26479684 600457 601478
622696 1610612768 975856 941408 6 6 973788 973680 973208 973352 973492 973676 945616 950488 26479660 26479712 600457 622696
622698 1610612768 975856 941408 6 6 973788 973680 973208 973352 973492 973676 945616 950488 26479660 26479712 600457 622698
605512 1610612768 975856 941408 6 6 973788 973680 973208 973352 973492 973676 945616 950488 26479660 26479720 600457 605512
625868 1610612768 973788 941408 6 6 973788 973680 973208 973352 973492 973676 945616 950488 26479660 26479720 605519 625868
625876 1610612768 974080 941408 6 6 973788 973680 973208 973352 973492 973676 945616 950488 26479660 26479712 605519 625876
701280 1610612768 974080 941408 6 6 973788 973680 973208 973352 973492 973676 945616 950488 26479660 26479712 625881 701280
701286 1610612768 974080 941408 6 4 973788 973680 973208 973352 973492 973676 945616 950488 26479660 26479708 625881 701286
701294 536870944 3 941408 6 4 973788 973680 973208 973352 973492 973676 945616 950488 26479660 26479712 625881 701294
625880 536870944 3 941408 6 4 973788 973680 973208 973352 973492 973676 945616 950488 26479660 26479712 625881 625880
625894 2147483680 977636 28 6 975440 973788 973680 973208 973352 973492 973676 945616 950488 26479660 26479712 625881 625894
625896 2147483680 977636 28 6 975440 973788 973680 973208 973352 973492 973676 945616 950488 26479660 26479712 625881 625896
625904 1073741856 977636 949088 315810 0 973788 973680 973208 973352 973492 973676 945616 950488 26479660 26479712 625881 625904
625908 1073741856 977636 943776 941720 0 973788 973680 973208 973352 973492 973676 945616 950488 26479660 26479712 625881 625908
601352 1073741856 977636 943776 941720 0 973788 973680 973208 973352 973492 973676 945616 950488 26479660 26479712 625913 601352
601362 1073741856 977636 943776 941720 0 973788 977636 940600 973352 973492 973676 945616 950488 26479660 26479640 625913 601362
601376 1073741856 941720 0 941720 0 0 977636 940600 973352 943776 973676 945616 950488 26479660 26479640 16 601376
601382 1073741856 941720 0 941720 0 0 977636 940600 973352 943776 941720 945616 950488 0 26479640 16 601382
601386 1073741856 941720 0 941720 0 0 977636 940600 0 943776 941720 945616 950488 0 26479640 16 601386
601396 1073741856 941720 0 941720 941720 0 977636 939328 0 943776 941720 945616 950488 977636 26479640 16 601396
601402 32 941720 0 6 941720 0 977636 939328 0 943776 941720 945616 950488 977636 26479640 16 601402
601414 32 941720 0 6 941720 0 977636 939328 0 943776 941720 945616 950488 26479660 26479640 16 601414
601424 32 941720 0 6 941720 0 977636 600429 0 943776 941720 945616 950488 26479660 26479640 16 601424
600428 32 941720 0 6 941720 0 977636 600429 0 943776 941720 945616 950488 26479660 26479640 601427 600428
600434 32 941720 0 6 941720 0 977636 600429 0 943776 941720 945616 950488 26479660 26479584 601427 600434
596202 1610612768 941720 941720 6 941720 0 26479660 977636 941720 0 977636 6 941720 26479660 26479584 600457 596202
596242 1610612768 941720 941720 6 941720 0 26479660 977636 941720 0 977636 6 941720 26479660 26479576 600457 596242
600456 536870944 1 941720 6 941720 0 26479660 977636 941720 0 977636 6 941720 26479660 26479584 600457 600456
600472 1610612768 1 941720 6 941720 1 26479660 977636 941720 0 977636 6 941720 26479660 26479584 600457 600472
601426 1610612768 0 941720 6 941720 0 977636 600429 0 943776 941720 945616 950488 26479660 26479640 600457 601426
601430 1610612768 977636 941720 6 941720 0 977636 600429 0 943776 941720 945616 950488 26479660 26479640 600457 601430
601478 1610612768 977636 941720 6 6 6 977636 600429 0 943776 941720 945616 950488 26479660 26479684 600457 601478
605518 32 1 941720 6 6 973788 973680 973208 973352 973492 973676 945616 950488 26479660 26479720 600457 605518
605520 32 1 941720 6 6 973788 973680 973208 973352 973492 973676 945616 950488 26479660 26479720 600457 605520
622720 32 973788 941720 6 6 973788 973680 973208 973352 973492 973676 945616 950488 26479660 26479720 605527 622720
622728 32 974080 941720 6 6 973788 973680 973208 973352 973492 973676 945616 950488 26479660 26479712 605527 622728
701280 32 974080 941720 6 6 973788 973680 973208 973352 973492 973676 945616 950488 26479660 26479712 622733 701280
701286 32 974080 941720 6 4 973788 973680 973208 973352 973492 973676 945616 950488 26479660 26479708 622733 701286
701294 536870944 3 941720 6 4 973788 973680 973208 973352 973492 973676 945616 950488 26479660 26479712 622733 701294
622732 536870944 3 941720 6 4 973788 973680 973208 973352 973492 973676 945616 950488 26479660 26479712 622733 622732
622746 2147483680 977636 28 6 975440 973788 973680 973208 973352 973492 973676 945616 950488 26479660 26479712 622733 622746
622748 2147483680 977636 28 6 975440 973788 973680 973208 973352 973492 973676 945616 950488 26479660 26479712 622733 622748
622756 1073741856 977636 949088 318958 0 973788 973680 973208 973352 973492 973676 945616 950488 26479660 26479712 622733 622756
622760 1073741856 977636 943776 941720 0 973788 973680 973208 973352 973492 973676 945616 950488 26479660 26479712 622733 622760
601352 1073741856 977636 943776 941720 0 973788 973680 973208 973352 973492 973676 945616 950488 26479660 26479712 622765 601352
601362 1073741856 977636 943776 941720 0 973788 977636 940600 973352 973492 973676 945616 950488 26479660 26479640 622765 601362
601376 1073741856 941720 0 941720 0 0 977636 940600 973352 943776 973676 945616 950488 26479660 26479640 16 601376
601382 1073741856 941720 0 941720 0 0 977636 940600 973352 943776 941720 945616 950488 0 26479640 16 601382
601386 1073741856 941720 0 941720 0 0 977636 940600 0 943776 941720 945616 950488 0 26479640 16 601386
601396 1073741856 941720 0 941720 941720 0 977636 939328 0 943776 941720 945616 950488 977636 26479640 16 601396
601402 32 941720 0 6 941720 0 977636 939328 0 943776 941720 945616 950488 977636 26479640 16 601402
601414 32 941720 0 6 941720 0 977636 939328 0 943776 941720 945616 950488 26479660 26479640 16 601414
601424 32 941720 0 6 941720 0 977636 600429 0 943776 941720 945616 950488 26479660 26479640 16 601424
600428 32 941720 0 6 941720 0 977636 600429 0 943776 941720 945616 950488 26479660 26479640 601427 600428
600434 32 941720 0 6 941720 0 977636 600429 0 943776 941720 945616 950488 26479660 26479584 601427 600434
596202 1610612768 941720 941720 6 941720 0 26479660 977636 941720 0 977636 6 941720 26479660 26479584 600457 596202
596242 1610612768 941720 941720 6 941720 0 26479660 977636 941720 0 977636 6 941720 26479660 26479576 600457 596242
600456 536870944 1 941720 6 941720 0 26479660 977636 941720 0 977636 6 941720 26479660 26479584 600457 600456
600472 1610612768 1 941720 6 941720 1 26479660 977636 941720 0 977636 6 941720 26479660 26479584 600457 600472
601426 1610612768 0 941720 6 941720 0 977636 600429 0 943776 941720 945616 950488 26479660 26479640 600457 601426
601430 1610612768 977636 941720 6 941720 0 977636 600429 0 943776 941720 945616 950488 26479660 26479640 600457 601430
601478 1610612768 977636 941720 6 6 6 977636 600429 0 943776 941720 945616 950488 26479660 26479684 600457 601478
622764 1610612768 977636 941720 6 6 973788 973680 973208 973352 973492 973676 945616 950488 26479660 26479712 600457 622764
622766 1610612768 977636 941720 6 6 973788 973680 973208 973352 973492 973676 945616 950488 26479660 26479712 600457 622766
605530 1610612768 977636 941720 6 6 973788 973680 973208 973352 973492 973676 945616 950488 26479660 26479720 600457 605530
605686 2147483680 977636 941720 6 974152 973680 4293994089 973208 973352 973492 973676 945616 950488 26479660 26479736 600457 605686
603492 2147483680 977636 941720 6 0 949572 972020 973208 973352 973492 973676 945616 950488 26479660 26479752 600457 603492
603524 2147483680 977636 4294966728 4294966732 940152 949572 972020 973208 973352 972916 4294967295 0 950488 26479660 26479752 600457 603524
603556 32 972944 4294966728 4294966732 940160 949572 972020 973208 973352 972916 4294967295 0 950488 26479660 26479752 600457 603556
691896 32 972944 4294966728 4294966732 940160 949572 972020 973208 973352 972916 4294967295 0 950488 26479660 26479752 603561 691896
691902 1073741856 972944 4294966728 4294966732 0 949572 972020 973208 973352 972916 4294967295 0 950488 26479660 26479736 603561 691902
691824 1073741856 972944 4294966728 4294966732 0 972944 972020 973208 973352 972916 4294967295 0 950488 26479660 26479736 691909 691824
691832 1073741856 949356 4294967237 4294966732 0 972944 972020 973208 973352 972916 4294967295 0 950488 26479660 26479720 691909 691832
691838 1073741856 977668 691781 4294966732 0 257502 972020 973208 973352 972916 4294967295 0 950488 26479660 26479720 691909 691838
290972 1073741824 977668 691781 4294966732 0 257502 972020 973208 973352 972916 4294967295 0 950488 26479660 26479720 691843 290972
691844 1073741856 0 0 4294966732 0 949348 972020 973208 973352 972916 4294967295 0 950488 950104 26479720 691843 691844
691850 1073741856 0 0 4294966732 974152 977672 972020 973208 973352 972916 4294967295 0 950488 950104 26479720 691843 691850
691908 1073741856 0 0 4294966732 0 972944 972020 973208 973352 972916 4294967295 0 950488 950104 26479736 691843 691908
691914 1073741856 0 0 4294966732 257428 972944 949352 973208 973352 972916 4294967295 0 950488 950104 26479736 691843 691914
691918 1073741856 0 0 4294966732 949348 972944 977676 973208 973352 972916 4294967295 0 950488 950104 26479736 691843 691918
691924 1073741856 0 0 974152 977672 972944 977676 973208 973352 972916 4294967295 0 950488 950104 26479736 691843 691924
692004 1610612768 0 10 974152 0 972944 977676 973208 973352 972916 4294967295 0 950488 950104 26479736 691843 692004
603560 1610612768 972944 10 974152 0 949572 972020 973208 973352 972916 4294967295 0 950488 950104 26479752 691843 603560
603590 32 4294966736 16810336 4294966740 940160 949572 971980 973208 943696 972916 4294967295 0 950488 950104 26479752 691843 603590
603620 32 972008 16810336 4294966740 940160 949572 971980 973208 943696 972916 4294967295 0 950488 950104 26479752 691843 603620
691896 32 972008 16810336 4294966740 940160 949572 971980 973208 943696 972916 4294967295 0 950488 950104 26479752 603625 691896
691902 1073741856 972008 16810336 4294966740 0 949572 971980 973208 943696 972916 4294967295 0 950488 950104 26479736 603625 691902
691824 1073741856 972008 16810336 4294966740 0 972008 971980 973208 943696 972916 4294967295 0 950488 950104 26479736 691909 691824
691832 1073741856 949356 4294967237 4294966740 0 972008 971980 973208 943696 972916 4294967295 0 950488 950104 26479720 691909 691832
691838 1073741856 977668 691781 4294966740 0 257502 971980 973208 943696 972916 4294967295 0 950488 950104 26479720 691909 691838
290972 1073741824 977668 691781 4294966740 0 257502 971980 973208 943696 972916 4294967295 0 950488 950104 26479720 691843 290972
691844 1073741856 0 0 4294966740 0 949348 971980 973208 943696 972916 4294967295 0 950488 950104 26479720 691843 691844
691850 1073741856 0 0 4294966740 974152 977672 971980 973208 943696 972916 4294967295 0 950488 950104 26479720 691843 691850
691908 1073741856 0 0 4294966740 0 972008 971980 973208 943696 972916 4294967295 0 950488 950104 26479736 691843 691908
691914 1073741856 0 0 4294966740 257428 972008 949352 973208 943696 972916 4294967295 0 950488 950104 26479736 691843 691914
691918 1073741856 0 0 4294966740 949348 972008 977676 973208 943696 972916 4294967295 0 950488 950104 26479736 691843 691918
691924 1073741856 0 0 974152 977672 972008 977676 973208 943696 972916 4294967295 0 950488 950104 26479736 691843 691924
692004 1610612768 0 11 974152 0 972008 977676 973208 943696 972916 4294967295 0 950488 950104 26479736 691843 692004
603624 1610612768 972008 11 974152 0 949572 971980 973208 943696 972916 4294967295 0 950488 950104 26479752 691843 603624
603640 1610612768 16810252 11 4294966744 940160 949572 971980 972160 943696 972916 4294967295 0 950488 950104 26479752 691843 603640
603668 1610612768 972188 11 4294966744 940160 949572 971980 972160 943696 972916 4294967295 0 950488 950104 26479752 691843 603668
691896 1610612768 972188 11 4294966744 940160 949572 971980 972160 943696 972916 4294967295 0 950488 950104 26479752 603673 691896
691902 1610612768 972188 11 4294966744 0 949572 971980 972160 943696 972916 4294967295 0 950488 950104 26479736 603673 691902
691824 1610612768 972188 11 4294966744 0 972188 971980 972160 943696 972916 4294967295 0 950488 950104 26479736 691909 691824
691832 1610612768 949356 4294967237 4294966744 0 972188 971980 972160 943696 972916 4294967295 0 950488 950104 26479720 691909 691832
691838 1610612768 977668 691781 4294966744 0 257502 971980 972160 943696 972916 4294967295 0 950488 950104 26479720 691909 691838
290972 1610612736 977668 691781 4294966744 0 257502 971980 972160 943696 972916 4294967295 0 950488 950104 26479720 691843 290972
691844 1610612768 0 0 4294966744 0 949348 971980 972160 943696 972916 4294967295 0 950488 950104 26479720 691843 691844
691850 1610612768 0 0 4294966744 974152 977672 971980 972160 943696 972916 4294967295 0 950488 950104 26479720 691843 691850
691908 1610612768 0 0 4294966744 0 972188 971980 972160 943696 972916 4294967295 0 950488 950104 26479736 691843 691908
691914 1610612768 0 0 4294966744 257428 972188 949352 972160 943696 972916 4294967295 0 950488 950104 26479736 691843 691914
691918 1610612768 0 0 4294966744 949348 972188 977676 972160 943696 972916 4294967295 0 950488 950104 26479736 691843 691918
691924 1610612768 0 0 974152 977672 972188 977676 972160 943696 972916 4294967295 0 950488 950104 26479736 691843 691924
692004 1610612768 0 12 974152 0 972188 977676 972160 943696 972916 4294967295 0 950488 950104 26479736 691843 692004
603672 1610612768 972188 12 974152 0 949572 971980 972160 943696 972916 4294967295 0 950488 950104 26479752 691843 603672
603680 1610612768 972188 16810252 974152 4294966748 949572 971980 972160 943696 972916 4294967295 0 950488 950104 26479752 691843 603680
603690 1610612768 972188 16810252 16810420 4294966748 949572 971980 972160 972200 972916 4294967295 0 950488 950104 26479752 691843 603690
612328 1610612768 972204 16810252 16810420 4294966748 949572 971980 972160 972200 972916 972204 0 950488 950104 26479752 603701 612328
612348 32 972312 0 16810420 972248 972204 972240 940384 972200 972916 972204 0 950488 950104 26479736 603701 612348
612386 1610612768 972312 0 0 972312 972204 972240 940392 972200 972916 972204 0 950488 950104 26479736 603701 612386
612392 536870944 972312 0 0 8 972204 972240 940392 972200 972916 972204 0 950488 950104 26479736 603701 612392
691896 536870944 972312 0 0 8 972204 972240 940392 972200 972916 972204 0 950488 950104 26479736 612397 691896
691902 1610612768 972312 0 0 0 972204 972240 940392 972200 972916 972204 0 950488 950104 26479720 612397 691902
691824 1610612768 972312 0 0 0 972312 972240 940392 972200 972916 972204 0 950488 950104 26479720 691909 691824
691832 1610612768 949356 4294967237 0 0 972312 972240 940392 972200 972916 972204 0 950488 950104 26479704 691909 691832
691838 1610612768 977668 691781 0 0 257502 972240 940392 972200 972916 972204 0 950488 950104 26479704 691909 691838
290972 1610612736 977668 691781 0 0 257502 972240 940392 972200 972916 972204 0 950488 950104 26479704 691843 290972
691844 1610612768 0 0 0 0 949348 972240 940392 972200 972916 972204 0 950488 950104 26479704 691843 691844
691850 1610612768 0 0 0 974152 977672 972240 940392 972200 972916 972204 0 950488 950104 26479704 691843 691850
691908 1610612768 0 0 0 0 972312 972240 940392 972200 972916 972204 0 950488 950104 26479720 691843 691908
691914 1610612768 0 0 0 257428 972312 949352 940392 972200 972916 972204 0 950488 950104 26479720 691843 691914
691918 1610612768 0 0 0 949348 972312 977676 940392 972200 972916 972204 0 950488 950104 26479720 691843 691918
691924 1610612768 0 0 974152 977672 972312 977676 940392 972200 972916 972204 0 950488 950104 26479720 691843 691924
692004 1610612768 0 13 974152 0 972312 977676 940392 972200 972916 972204 0 950488 950104 26479720 691843 692004
612396 1610612768 972312 13 974152 0 972204 972240 940392 972200 972916 972204 0 950488 950104 26479736 691843 612396
603700 1610612768 972204 13 974152 0 949572 971980 972160 972200 972916 972204 0 950488 950104 26479752 691843 603700
603706 1610612768 972204 13 974152 4294966752 949572 971980 972160 972200 972916 972204 0 950488 950104 26479752 691843 603706
603712 1610612768 972204 13 974152 4294966752 949572 971980 972160 972200 972916 972204 0 950488 950104 26479752 691843 603712
603738 1610612768 972204 972916 974152 4294966752 949572 971980 972160 972200 972916 945664 0 950488 950104 26479752 691843 603738
603750 1610612768 972204 972916 945676 945696 949572 971980 972160 972200 972916 945664 0 950488 950104 26479752 691843 603750
606732 1610612768 972204 972916 945676 945696 949572 971980 972160 972200 972916 945664 0 950488 950104 26479752 603755 606732
686060 1610612768 972204 972916 945676 945696 972204 972916 972160 972200 972916 945664 0 950488 950104 26479736 606743 686060
686064 1610612768 972204 972916 945676 945696 972204 972916 972160 972200 972916 945664 0 950488 950104 26479712 606743 686064
686076 536870944 972204 972916 0 6 972204 26479716 972160 972200 972916 945664 0 950488 950104 26479712 606743 686076
686084 536870944 26479716 972916 0 4098 972204 26479716 972160 972200 972916 945664 0 950488 950104 26479712 606743 686084
691896 536870944 26479716 972916 0 4098 972204 26479716 972160 972200 972916 945664 0 950488 950104 26479712 686089 691896
691902 1610612768 26479716 972916 0 0 972204 26479716 972160 972200 972916 945664 0 950488 950104 26479696 686089 691902
691824 1610612768 26479716 972916 0 0 26479716 26479716 972160 972200 972916 945664 0 950488 950104 26479696 691909 691824
691832 1610612768 949356 4294967237 0 0 26479716 26479716 972160 972200 972916 945664 0 950488 950104 26479680 691909 691832
691838 1610612768 977668 691781 0 0 257502 26479716 972160 972200 972916 945664 0 950488 950104 26479680 691909 691838
290972 1610612736 977668 691781 0 0 257502 26479716 972160 972200 972916 945664 0 950488 950104 26479680 691843 290972
691844 1610612768 0 0 0 0 949348 26479716 972160 972200 972916 945664 0 950488 950104 26479680 691843 691844
691850 1610612768 0 0 0 974152 977672 26479716 972160 972200 972916 945664 0 950488 950104 26479680 691843 691850
691908 1610612768 0 0 0 0 26479716 26479716 972160 972200 972916 945664 0 950488 950104 26479696 691843 691908
691914 1610612768 0 0 0 257428 26479716 949352 972160 972200 972916 945664 0 950488 950104 26479696 691843 691914
691918 1610612768 0 0 0 949348 26479716 977676 972160 972200 972916 945664 0 950488 950104 26479696 691843 691918
691924 1610612768 0 0 974152 977672 26479716 977676 972160 972200 972916 945664 0 950488 950104 26479696 691843 691924
692004 1610612768 0 14 974152 0 26479716 977676 972160 972200 972916 945664 0 950488 950104 26479696 691843 692004
686088 1610612768 26479716 14 974152 0 972204 26479716 972160 972200 972916 945664 0 950488 950104 26479712 691843 686088
700628 1610612768 972312 26479716 974152 0 972204 26479716 972160 972200 972916 945664 0 950488 950104 26479712 686099 700628
700638 1610612768 972312 26479716 974152 974152 972204 26479716 26479716 972200 972916 945664 0 950488 950104 26479696 686099 700638
700658 1610612768 972312 15 0 974152 972204 972312 26479716 972200 972916 945664 0 950488 950104 26479696 686099 700658
700686 536870944 972312 14 0 15 974152 972312 26479716 972200 972916 945664 0 950488 950104 26479696 686099 700686
700692 536870944 972312 14 0 974152 974152 972312 26479716 972200 972916 945664 0 950488 950104 26479696 686099 700692
686098 536870944 972312 14 0 974152 972204 26479716 972160 972200 972916 945664 0 950488 950104 26479712 686099 686098
700720 536870944 26479716 14 0 974152 972204 26479716 972160 972200 972916 945664 0 950488 950104 26479712 686105 700720
700752 536870944 26479716 13 0 14 974152 26479716 972160 972200 972916 945664 0 950488 950104 26479696 686105 700752
686106 536870944 26479716 13 0 974152 972204 26479716 972160 972200 972916 945664 0 950488 950104 26479724 686105 686106
606742 536870944 26479716 13 0 974152 972204 972916 972160 972200 972916 945664 0 950488 950104 26479736 686105 606742
606540 536870944 972204 972312 0 974152 972204 972916 972160 972200 972916 945664 0 950488 950104 26479736 606753 606540
715968 536870944 972312 972312 0 974152 972312 972204 972160 972200 972916 945664 0 950488 950104 26479720 606553 715968
715978 536870944 949240 972312 0 233260 972312 972204 972160 972200 972916 945664 0 950488 950104 26479712 606553 715978
701280 536870944 977648 972312 0 233260 972312 972204 972160 972200 972916 945664 0 950488 950104 26479712 715985 701280
701286 536870944 977648 972312 0 15 972312 972204 972160 972200 972916 945664 0 950488 950104 26479708 715985 701286
701294 536870944 14 972312 0 15 972312 972204 972160 972200 972916 945664 0 950488 950104 26479712 715985 701294
715984 536870944 14 972312 0 15 972312 972204 972160 972200 972916 945664 0 950488 950104 26479712 715985 715984
715998 2147483680 975864 28 0 975440 972312 972204 972160 972200 972916 945664 0 950488 950104 26479712 715985 715998
716000 2147483680 975864 28 0 975440 972312 972204 972160 972200 972916 945664 0 950488 950104 26479712 715985 716000
716008 1073741856 975864 949088 233358 0 972312 972204 972160 972200 972916 945664 0 950488 950104 26479712 715985 716008
716012 1073741856 975864 943776 949372 0 972312 972204 972160 972200 972916 945664 0 950488 950104 26479712 715985 716012
601352 1073741856 975864 943776 943432 0 972312 972204 972160 972200 972916 945664 0 950488 950104 26479712 716019 601352
601362 1073741856 975864 943776 943432 0 972312 975864 943568 972200 972916 945664 0 950488 950104 26479640 716019 601362
601376 1073741856 943432 0 943432 0 0 975864 943568 972200 943776 945664 0 950488 950104 26479640 16 601376
601382 1073741856 943432 0 943432 0 0 975864 943568 972200 943776 943432 0 950488 0 26479640 16 601382
601386 1073741856 943432 0 943432 0 0 975864 943568 0 943776 943432 0 950488 0 26479640 16 601386
601396 1073741856 943432 0 943432 943432 0 975864 939328 0 943776 943432 0 950488 975864 26479640 16 601396
601402 32 943432 0 6 943432 0 975864 939328 0 943776 943432 0 950488 975864 26479640 16 601402
601414 32 943432 0 6 943432 0 975864 939328 0 943776 943432 0 950488 26479660 26479640 16 601414
601424 32 943432 0 6 943432 0 975864 600429 0 943776 943432 0 950488 26479660 26479640 16 601424
600428 32 943432 0 6 943432 0 975864 600429 0 943776 943432 0 950488 26479660 26479640 601427 600428
600434 32 943432 0 6 943432 0 975864 600429 0 943776 943432 0 950488 26479660 26479584 601427 600434
596202 1610612768 943432 943432 6 943432 0 26479660 975864 943432 0 975864 6 943432 26479660 26479584 600457 596202
596242 1610612768 943432 943432 6 943432 0 26479660 975864 943432 0 975864 6 943432 26479660 26479576 600457 596242
600456 536870944 1 943432 6 943432 0 26479660 975864 943432 0 975864 6 943432 26479660 26479584 600457 600456
600472 1610612768 1 943432 6 943432 1 26479660 975864 943432 0 975864 6 943432 26479660 26479584 600457 600472
601426 1610612768 0 943432 6 943432 0 975864 600429 0 943776 943432 0 950488 26479660 26479640 600457 601426
601430 1610612768 975864 943432 6 943432 0 975864 600429 0 943776 943432 0 950488 26479660 26479640 600457 601430
601478 1610612768 975864 943432 6 6 6 975864 600429 0 943776 943432 0 950488 26479660 26479684 600457 601478
606552 32 1 943432 6 6 972312 972204 972160 972200 972916 945664 0 950488 26479660 26479720 600457 606552
606554 32 1 943432 6 6 972312 972204 972160 972200 972916 945664 0 950488 26479660 26479720 600457 606554
711076 32 972312 943432 6 6 972312 972204 972160 972200 972916 945664 0 950488 26479660 26479720 606561 711076
711086 32 949240 943432 6 238152 972312 972204 972160 972200 972916 945664 0 950488 26479660 26479712 606561 711086
701280 32 977648 943432 6 238152 972312 972204 972160 972200 972916 945664 0 950488 26479660 26479712 711093 701280
701286 32 977648 943432 6 15 972312 972204 972160 972200 972916 945664 0 950488 26479660 26479708 711093 701286
701294 536870944 14 943432 6 15 972312 972204 972160 972200 972916 945664 0 950488 26479660 26479712 711093 701294
711092 536870944 14 943432 6 15 972312 972204 972160 972200 972916 945664 0 950488 26479660 26479712 711093 711092
711106 2147483680 975864 28 6 975440 972312 972204 972160 972200 972916 945664 0 950488 26479660 26479712 711093 711106
711108 2147483680 975864 28 6 975440 972312 972204 972160 972200 972916 945664 0 950488 26479660 26479712 711093 711108
711116 1073741856 975864 949088 238250 0 972312 972204 972160 972200 972916 945664 0 950488 26479660 26479712 711093 711116
711120 1073741856 975864 943776 949372 0 972312 972204 972160 972200 972916 945664 0 950488 26479660 26479712 711093 711120
601352 1073741856 975864 943776 943432 0 972312 972204 972160 972200 972916 945664 0 950488 26479660 26479712 711127 601352
601362 1073741856 975864 943776 943432 0 972312 975864 943568 972200 972916 945664 0 950488 26479660 26479640 711127 601362
601376 1073741856 943432 0 943432 0 0 975864 943568 972200 943776 945664 0 950488 26479660 26479640 16 601376
601382 1073741856 943432 0 943432 0 0 975864 943568 972200 943776 943432 0 950488 0 26479640 16 601382
601386 1073741856 943432 0 943432 0 0 975864 943568 0 943776 943432 0 950488 0 26479640 16 601386
601396 1073741856 943432 0 943432 943432 0 975864 939328 0 943776 943432 0 950488 975864 26479640 16 601396
601402 32 943432 0 6 943432 0 975864 939328 0 943776 943432 0 950488 975864 26479640 16 601402
601414 32 943432 0 6 943432 0 975864 939328 0 943776 943432 0 950488 26479660 26479640 16 601414
601424 32 943432 0 6 943432 0 975864 600429 0 943776 943432 0 950488 26479660 26479640 16 601424
600428 32 943432 0 6 943432 0 975864 600429 0 943776 943432 0 950488 26479660 26479640 601427 600428
600434 32 943432 0 6 943432 0 975864 600429 0 943776 943432 0 950488 26479660 26479584 601427 600434
596202 1610612768 943432 943432 6 943432 0 26479660 975864 943432 0 975864 6 943432 26479660 26479584 600457 596202
596242 1610612768 943432 943432 6 943432 0 26479660 975864 943432 0 975864 6 943432 26479660 26479576 600457 596242
600456 536870944 1 943432 6 943432 0 26479660 975864 943432 0 975864 6 943432 26479660 26479584 600457 600456
600472 1610612768 1 943432 6 943432 1 26479660 975864 943432 0 975864 6 943432 26479660 26479584 600457 600472
601426 1610612768 0 943432 6 943432 0 975864 600429 0 943776 943432 0 950488 26479660 26479640 600457 601426
601430 1610612768 975864 943432 6 943432 0 975864 600429 0 943776 943432 0 950488 26479660 26479640 600457 601430
601478 1610612768 975864 943432 6 6 6 975864 600429 0 943776 943432 0 950488 26479660 26479684 600457 601478
711126 1610612768 975864 943432 6 6 972312 972204 972160 972200 972916 945664 0 950488 26479660 26479712 600457 711126
711128 1610612768 975864 943432 6 6 972312 972204 972160 972200 972916 945664 0 950488 26479660 26479712 600457 711128
606564 1610612768 975864 943432 6 6 972312 972204 972160 972200 972916 945664 0 950488 26479660 26479720 600457 606564
716256 1610612768 972312 943432 6 6 972312 972204 972160 972200 972916 945664 0 950488 26479660 26479720 606571 716256
716264 1610612768 977752 943432 6 6 972312 972204 972160 972200 972916 945664 0 950488 26479660 26479712 606571 716264
701280 1610612768 977752 943432 6 6 972312 972204 972160 972200 972916 945664 0 950488 26479660 26479712 716269 701280
701286 1610612768 977752 943432 6 19 972312 972204 972160 972200 972916 945664 0 950488 26479660 26479708 716269 701286
701294 536870944 18 943432 6 19 972312 972204 972160 972200 972916 945664 0 950488 26479660 26479712 716269 701294
716268 536870944 18 943432 6 19 972312 972204 972160 972200 972916 945664 0 950488 26479660 26479712 716269 716268
716282 2147483680 974236 28 6 975440 972312 972204 972160 972200 972916 945664 0 950488 26479660 26479712 716269 716282
716284 2147483680 974236 28 6 975440 972312 972204 972160 972200 972916 945664 0 950488 26479660 26479712 716269 716284
716292 1073741856 974236 949088 229006 0 972312 972204 972160 972200 972916 945664 0 950488 26479660 26479712 716269 716292
716296 1073741856 974236 943776 945304 0 972312 972204 972160 972200 972916 945664 0 950488 26479660 26479712 716269 716296
601352 1073741856 974236 943776 945304 0 972312 972204 972160 972200 972916 945664 0 950488 26479660 26479712 716301 601352
601362 1073741856 974236 943776 945304 0 972312 974236 944496 972200 972916 945664 0 950488 26479660 26479640 716301 601362
601376 1073741856 945304 0 945304 0 0 974236 944496 972200 943776 945664 0 950488 26479660 26479640 16 601376
601382 1073741856 945304 0 945304 0 0 974236 944496 972200 943776 945304 0 950488 0 26479640 16 601382
601386 1073741856 945304 0 945304 0 0 974236 944496 0 943776 945304 0 950488 0 26479640 16 601386
601396 1073741856 945304 0 945304 945304 0 974236 939328 0 943776 945304 0 950488 974236 26479640 16 601396
601402 32 945304 0 6 945304 0 974236 939328 0 943776 945304 0 950488 974236 26479640 16 601402
601414 32 945304 0 6 945304 0 974236 939328 0 943776 945304 0 950488 26479660 26479640 16 601414
601424 32 945304 0 6 945304 0 974236 600429 0 943776 945304 0 950488 26479660 26479640 16 601424
600428 32 945304 0 6 945304 0 974236 600429 0 943776 945304 0 950488 26479660 26479640 601427 600428
600434 32 945304 0 6 945304 0 974236 600429 0 943776 945304 0 950488 26479660 26479584 601427 600434
596202 1610612768 945304 945304 6 945304 0 26479660 974236 945304 0 974236 6 945304 26479660 26479584 600457 596202
596242 1610612768 945304 945304 6 945304 0 26479660 974236 945304 0 974236 6 945304 26479660 26479576 600457 596242
600456 536870944 1 945304 6 945304 0 26479660 974236 945304 0 974236 6 945304 26479660 26479584 600457 600456
600472 1610612768 1 945304 6 945304 1 26479660 974236 945304 0 974236 6 945304 26479660 26479584 600457 600472
601426 1610612768 0 945304 6 945304 0 974236 600429 0 943776 945304 0 950488 26479660 26479640 600457 601426
601430 1610612768 974236 945304 6 945304 0 974236 600429 0 943776 945304 0 950488 26479660 26479640 600457 601430
601478 1610612768 974236 945304 6 6 6 974236 600429 0 943776 945304 0 950488 26479660 26479684 600457 601478
606570 32 1 945304 6 6 972312 972204 972160 972200 972916 945664 0 950488 26479660 26479720 600457 606570
606572 32 1 945304 6 6 972312 972204 972160 972200 972916 945664 0 950488 26479660 26479720 600457 606572
713108 32 972312 945304 6 6 972312 972204 972160 972200 972916 945664 0 950488 26479660 26479720 606579 713108
713116 32 977752 945304 6 6 972312 972204 972160 972200 972916 945664 0 950488 26479660 26479712 606579 713116
701280 32 977752 945304 6 6 972312 972204 972160 972200 972916 945664 0 950488 26479660 26479712 713121 701280
701286 32 977752 945304 6 19 972312 972204 972160 972200 972916 945664 0 950488 26479660 26479708 713121 701286
701294 536870944 18 945304 6 19 972312 972204 972160 972200 972916 945664 0 950488 26479660 26479712 713121 701294
713120 536870944 18 945304 6 19 972312 972204 972160 972200 972916 945664 0 950488 26479660 26479712 713121 713120
713134 2147483680 974236 28 6 975440 972312 972204 972160 972200 972916 945664 0 950488 26479660 26479712 713121 713134
713136 2147483680 974236 28 6 975440 972312 972204 972160 972200 972916 945664 0 950488 26479660 26479712 713121 713136
713144 1073741856 974236 949088 232154 0 972312 972204 972160 972200 972916 945664 0 950488 26479660 26479712 713121 713144
713148 1073741856 974236 943776 945304 0 972312 972204 972160 972200 972916 945664 0 950488 26479660 26479712 713121 713148
601352 1073741856 974236 943776 945304 0 972312 972204 972160 972200 972916 945664 0 950488 26479660 26479712 713153 601352
601362 1073741856 974236 943776 945304 0 972312 974236 944496 972200 972916 945664 0 950488 26479660 26479640 713153 601362
601376 1073741856 945304 0 945304 0 0 974236 944496 972200 943776 945664 0 950488 26479660 26479640 16 601376
601382 1073741856 945304 0 945304 0 0 974236 944496 972200 943776 945304 0 950488 0 26479640 16 601382
601386 1073741856 945304 0 945304 0 0 974236 944496 0 943776 945304 0 950488 0 26479640 16 601386
601396 1073741856 945304 0 945304 945304 0 974236 939328 0 943776 945304 0 950488 974236 26479640 16 601396
601402 32 945304 0 6 945304 0 974236 939328 0 943776 945304 0 950488 974236 26479640 16 601402
601414 32 945304 0 6 945304 0 974236 939328 0 943776 945304 0 950488 26479660 26479640 16 601414
601424 32 945304 0 6 945304 0 974236 600429 0 943776 945304 0 950488 26479660 26479640 16 601424
600428 32 945304 0 6 945304 0 974236 600429 0 943776 945304 0 950488 26479660 26479640 601427 600428
600434 32 945304 0 6 945304 0 974236 600429 0 943776 945304 0 950488 26479660 26479584 601427 600434
596202 1610612768 945304 945304 6 945304 0 26479660 974236 945304 0 974236 6 945304 26479660 26479584 600457 596202
596242 1610612768 945304 945304 6 945304 0 26479660 974236 945304 0 974236 6 945304 26479660 26479576 600457 596242
600456 536870944 1 945304 6 945304 0 26479660 974236 945304 0 974236 6 945304 26479660 26479584 600457 600456
600472 1610612768 1 945304 6 945304 1 26479660 974236 945304 0 974236 6 945304 26479660 26479584 600457 600472
601426 1610612768 0 945304 6 945304 0 974236 600429 0 943776 945304 0 950488 26479660 26479640 600457 601426
601430 1610612768 974236 945304 6 945304 0 974236 600429 0 943776 945304 0 950488 26479660 26479640 600457 601430
601478 1610612768 974236 945304 6 6 6 974236 600429 0 943776 945304 0 950488 26479660 26479684 600457 601478
713152 1610612768 974236 945304 6 6 972312 972204 972160 972200 972916 945664 0 950488 26479660 26479712 600457 713152
713154 1610612768 974236 945304 6 6 972312 972204 972160 972200 972916 945664 0 950488 26479660 26479712 600457 713154
606582 1610612768 974236 945304 6 6 972312 972204 972160 972200 972916 945664 0 950488 26479660 26479720 600457 606582
716324 1610612768 972312 945304 6 6 972312 972204 972160 972200 972916 945664 0 950488 26479660 26479720 606589 716324
716332 1610612768 977756 945304 6 6 972312 972204 972160 972200 972916 945664 0 950488 26479660 26479712 606589 716332
701280 1610612768 977756 945304 6 6 972312 972204 972160 972200 972916 945664 0 950488 26479660 26479712 716337 701280
701286 1610612768 977756 945304 6 18 972312 972204 972160 972200 972916 945664 0 950488 26479660 26479708 716337 701286
701294 536870944 17 945304 6 18 972312 972204 972160 972200 972916 945664 0 950488 26479660 26479712 716337 701294
716336 536870944 17 945304 6 18 972312 972204 972160 972200 972916 945664 0 950488 26479660 26479712 716337 716336
716350 2147483680 975580 28 6 975440 972312 972204 972160 972200 972916 945664 0 950488 26479660 26479712 716337 716350
716352 2147483680 975580 28 6 975440 972312 972204 972160 972200 972916 945664 0 950488 26479660 26479712 716337 716352
716360 1073741856 975580 949088 229050 0 972312 972204 972160 972200 972916 945664 0 950488 26479660 26479712 716337 716360
716364 1073741856 975580 943776 945416 0 972312 972204 972160 972200 972916 945664 0 950488 26479660 26479712 716337 716364
601352 1073741856 975580 943776 945416 0 972312 972204 972160 972200 972916 945664 0 950488 26479660 26479712 716369 601352
601362 1073741856 975580 943776 945416 0 972312 975580 944432 972200 972916 945664 0 950488 26479660 26479640 716369 601362
601376 1073741856 945416 0 945416 0 0 975580 944432 972200 943776 945664 0 950488 26479660 26479640 16 601376
601382 1073741856 945416 0 945416 0 0 975580 944432 972200 943776 945416 0 950488 0 26479640 16 601382
601386 1073741856 945416 0 945416 0 0 975580 944432 0 943776 945416 0 950488 0 26479640 16 601386
601396 1073741856 945416 0 945416 945416 0 975580 939328 0 943776 945416 0 950488 975580 26479640 16 601396
601402 32 945416 0 6 945416 0 975580 939328 0 943776 945416 0 950488 975580 26479640 16 601402
601414 32 945416 0 6 945416 0 975580 939328 0 943776 945416 0 950488 26479660 26479640 16 601414
601424 32 945416 0 6 945416 0 975580 600429 0 943776 945416 0 950488 26479660 26479640 16 601424
600428 32 945416 0 6 945416 0 975580 600429 0 943776 945416 0 950488 26479660 26479640 601427 600428
600434 32 945416 0 6 945416 0 975580 600429 0 943776 945416 0 950488 26479660 26479584 601427 600434
596202 1610612768 945416 945416 6 945416 0 26479660 975580 945416 0 975580 6 945416 26479660 26479584 600457 596202
596242 1610612768 945416 945416 6 945416 0 26479660 975580 945416 0 975580 6 945416 26479660 26479576 600457 596242
600456 536870944 1 945416 6 945416 0 26479660 975580 945416 0 975580 6 945416 26479660 26479584 600457 600456
600472 1610612768 1 945416 6 945416 1 26479660 975580 945416 0 975580 6 945416 26479660 26479584 600457 600472
601426 1610612768 0 945416 6 945416 0 975580 600429 0 943776 945416 0 950488 26479660 26479640 600457 601426
601430 1610612768 975580 945416 6 945416 0 975580 600429 0 943776 945416 0 950488 26479660 26479640 600457 601430
601478 1610612768 975580 945416 6 6 6 975580 600429 0 943776 945416 0 950488 26479660 26479684 600457 601478
606588 32 1 945416 6 6 972312 972204 972160 972200 972916 945664 0 950488 26479660 26479720 600457 606588
606590 32 1 945416 6 6 972312 972204 972160 972200 972916 945664 0 950488 26479660 26479720 600457 606590
713176 32 972312 945416 6 6 972312 972204 972160 972200 972916 945664 0 950488 26479660 26479720 606597 713176
713184 32 977756 945416 6 6 972312 972204 972160 972200 972916 945664 0 950488 26479660 26479712 606597 713184
701280 32 977756 945416 6 6 972312 972204 972160 972200 972916 945664 0 950488 26479660 26479712 713189 701280
701286 32 977756 945416 6 18 972312 972204 972160 972200 972916 945664 0 950488 26479660 26479708 713189 701286
701294 536870944 17 945416 6 18 972312 972204 972160 972200 972916 945664 0 950488 26479660 26479712 713189 701294
713188 536870944 17 945416 6 18 972312 972204 972160 972200 972916 945664 0 950488 26479660 26479712 713189 713188
713202 2147483680 975580 28 6 975440 972312 972204 972160 972200 972916 945664 0 950488 26479660 26479712 713189 713202
713204 2147483680 975580 28 6 975440 972312 972204 972160 972200 972916 945664 0 950488 26479660 26479712 713189 713204
713212 1073741856 975580 949088 232198 0 972312 972204 972160 972200 972916 945664 0 950488 26479660 26479712 713189 713212
713216 1073741856 975580 943776 945416 0 972312 972204 972160 972200 972916 945664 0 950488 26479660 26479712 713189 713216
601352 1073741856 975580 943776 945416 0 972312 972204 972160 972200 972916 945664 0 950488 26479660 26479712 713221 601352
601362 1073741856 975580 943776 945416 0 972312 975580 944432 972200 972916 945664 0 950488 26479660 26479640 713221 601362
601376 1073741856 945416 0 945416 0 0 975580 944432 972200 943776 945664 0 950488 26479660 26479640 16 601376
601382 1073741856 945416 0 945416 0 0 975580 944432 972200 943776 945416 0 950488 0 26479640 16 601382
601386 1073741856 945416 0 945416 0 0 975580 944432 0 943776 945416 0 950488 0 26479640 16 601386
601396 1073741856 945416 0 945416 945416 0 975580 939328 0 943776 945416 0 950488 975580 26479640 16 601396
601402 32 945416 0 6 945416 0 975580 939328 0 943776 945416 0 950488 975580 26479640 16 601402
601414 32 945416 0 6 945416 0 975580 939328 0 943776 945416 0 950488 26479660 26479640 16 601414
601424 32 945416 0 6 945416 0 975580 600429 0 943776 945416 0 950488 26479660 26479640 16 601424
600428 32 945416 0 6 945416 0 975580 600429 0 943776 945416 0 950488 26479660 26479640 601427 600428
600434 32 945416 0 6 945416 0 975580 600429 0 943776 945416 0 950488 26479660 26479584 601427 600434
596202 1610612768 945416 945416 6 945416 0 26479660 975580 945416 0 975580 6 945416 26479660 26479584 600457 596202
596242 1610612768 945416 945416 6 945416 0 26479660 975580 945416 0 975580 6 945416 26479660 26479576 600457 596242
600456 536870944 1 945416 6 945416 0 26479660 975580 945416 0 975580 6 945416 26479660 26479584 600457 600456
600472 1610612768 1 945416 6 945416 1 26479660 975580 945416 0 975580 6 945416 26479660 26479584 600457 600472
601426 1610612768 0 945416 6 945416 0 975580 600429 0 943776 945416 0 950488 26479660 26479640 600457 601426
601430 1610612768 975580 945416 6 945416 0 975580 600429 0 943776 945416 0 950488 26479660 26479640 600457 601430
601478 1610612768 975580 945416 6 6 6 975580 600429 0 943776 945416 0 950488 26479660 26479684 600457 601478
713220 1610612768 975580 945416 6 6 972312 972204 972160 972200 972916 945664 0 950488 26479660 26479712 600457 713220
713222 1610612768 975580 945416 6 6 972312 972204 972160 972200 972916 945664 0 950488 26479660 26479712 600457 713222
606600 1610612768 975580 945416 6 6 972312 972204 972160 972200 972916 945664 0 950488 26479660 26479720 600457 606600
606758 2147483680 975580 945416 6 974152 972204 4293994381 972160 972200 972916 945664 0 950488 26479660 26479736 600457 606758
603754 2147483680 975580 945416 6 945696 949572 971980 972160 972200 972916 945664 0 950488 26479660 26479752 600457 603754
603760 2147483680 975580 945416 6 4294966756 949572 971980 972160 972200 973060 945664 0 950488 26479660 26479752 600457 603760
612328 2147483680 973068 945416 6 4294966756 949572 971980 972160 972200 973060 945664 973068 950488 26479660 26479752 603771 612328
612348 32 973176 0 6 973112 973068 973104 940384 972200 973060 945664 973068 950488 26479660 26479736 603771 612348
612386 1610612768 973176 0 0 973176 973068 973104 940392 972200 973060 945664 973068 950488 26479660 26479736 603771 612386
612392 536870944 973176 0 0 8 973068 973104 940392 972200 973060 945664 973068 950488 26479660 26479736 603771 612392
691896 536870944 973176 0 0 8 973068 973104 940392 972200 973060 945664 973068 950488 26479660 26479736 612397 691896
691902 1610612768 973176 0 0 0 973068 973104 940392 972200 973060 945664 973068 950488 26479660 26479720 612397 691902
691824 1610612768 973176 0 0 0 973176 973104 940392 972200 973060 945664 973068 950488 26479660 26479720 691909 691824
691832 1610612768 949356 4294967237 0 0 973176 973104 940392 972200 973060 945664 973068 950488 26479660 26479704 691909 691832
691838 1610612768 977668 691781 0 0 257502 973104 940392 972200 973060 945664 973068 950488 26479660 26479704 691909 691838
290972 1610612736 977668 691781 0 0 257502 973104 940392 972200 973060 945664 973068 950488 26479660 26479704 691843 290972
691844 1610612768 0 0 0 0 949348 973104 940392 972200 973060 945664 973068 950488 950104 26479704 691843 691844
691850 1610612768 0 0 0 974152 977672 973104 940392 972200 973060 945664 973068 950488 950104 26479704 691843 691850
691908 1610612768 0 0 0 0 973176 973104 940392 972200 973060 945664 973068 950488 950104 26479720 691843 691908
691914 1610612768 0 0 0 257428 973176 949352 940392 972200 973060 945664 973068 950488 950104 26479720 691843 691914
691918 1610612768 0 0 0 949348 973176 977676 940392 972200 973060 945664 973068 950488 950104 26479720 691843 691918
691924 1610612768 0 0 974152 977672 973176 977676 940392 972200 973060 945664 973068 950488 950104 26479720 691843 691924
692004 1610612768 0 14 974152 0 973176 977676 940392 972200 973060 945664 973068 950488 950104 26479720 691843 692004
612396 1610612768 973176 14 974152 0 973068 973104 940392 972200 973060 945664 973068 950488 950104 26479736 691843 612396
603770 1610612768 973068 14 974152 0 949572 971980 972160 972200 973060 945664 973068 950488 950104 26479752 691843 603770
603782 1610612768 973068 14 4294966760 0 949572 971980 972160 972200 973060 945664 973068 950488 950104 26479752 691843 603782
603788 1610612768 973068 14 4294966760 0 949572 971980 972160 972200 973060 945664 973068 950488 950104 26479752 691843 603788
603812 1610612768 973068 971980 942024 0 949572 971980 972160 972200 973060 945664 973068 950488 950104 26479752 691843 603812
603826 32 973068 971980 942056 942036 949572 971980 972160 972200 973060 945664 973068 950488 950104 26479752 691843 603826
606732 32 973068 971980 942056 942036 949572 971980 972160 972200 973060 945664 973068 950488 950104 26479752 603831 606732
686060 32 973068 971980 942056 942036 973068 971980 972160 972200 973060 945664 973068 950488 950104 26479736 606743 686060
686064 32 973068 971980 942056 942036 973068 971980 972160 972200 973060 945664 973068 950488 950104 26479712 606743 686064
686076 32 973068 971980 0 6 973068 26479716 972160 972200 973060 945664 973068 950488 950104 26479712 606743 686076
686084 32 26479716 971980 0 4098 973068 26479716 972160 972200 973060 945664 973068 950488 950104 26479712 606743 686084
691896 32 26479716 971980 0 4098 973068 26479716 972160 972200 973060 945664 973068 950488 950104 26479712 686089 691896
691902 1073741856 26479716 971980 0 0 973068 26479716 972160 972200 973060 945664 973068 950488 950104 26479696 686089 691902
691824 1073741856 26479716 971980 0 0 26479716 26479716 972160 972200 973060 945664 973068 950488 950104 26479696 691909 691824
691832 1073741856 949356 4294967237 0 0 26479716 26479716 972160 972200 973060 945664 973068 950488 950104 26479680 691909 691832
691838 1073741856 977668 691781 0 0 257502 26479716 972160 972200 973060 945664 973068 950488 950104 26479680 691909 691838
290972 1073741824 977668 691781 0 0 257502 26479716 972160 972200 973060 945664 973068 950488 950104 26479680 691843 290972
691844 1073741856 0 0 0 0 949348 26479716 972160 972200 973060 945664 973068 950488 950104 26479680 691843 691844
691850 1073741856 0 0 0 974152 977672 26479716 972160 972200 973060 945664 973068 950488 950104 26479680 691843 691850
691908 1073741856 0 0 0 0 26479716 26479716 972160 972200 973060 945664 973068 950488 950104 26479696 691843 691908
691914 1073741856 0 0 0 257428 26479716 949352 972160 972200 973060 945664 973068 950488 950104 26479696 691843 691914
691918 1073741856 0 0 0 949348 26479716 977676 972160 972200 973060 945664 973068 950488 950104 26479696 691843 691918
691924 1073741856 0 0 974152 977672 26479716 977676 972160 972200 973060 945664 973068 950488 950104 26479696 691843 691924
692004 1610612768 0 15 974152 0 26479716 977676 972160 972200 973060 945664 973068 950488 950104 26479696 691843 692004
686088 1610612768 26479716 15 974152 0 973068 26479716 972160 972200 973060 945664 973068 950488 950104 26479712 691843 686088
700628 1610612768 973176 26479716 974152 0 973068 26479716 972160 972200 973060 945664 973068 950488 950104 26479712 686099 700628
700638 1610612768 973176 26479716 974152 974152 973068 26479716 26479716 972200 973060 945664 973068 950488 950104 26479696 686099 700638
700658 1610612768 973176 16 0 974152 973068 973176 26479716 972200 973060 945664 973068 950488 950104 26479696 686099 700658
700686 536870944 973176 15 0 16 974152 973176 26479716 972200 973060 945664 973068 950488 950104 26479696 686099 700686
700692 536870944 973176 15 0 974152 974152 973176 26479716 972200 973060 945664 973068 950488 950104 26479696 686099 700692
686098 536870944 973176 15 0 974152 973068 26479716 972160 972200 973060 945664 973068 950488 950104 26479712 686099 686098
700720 536870944 26479716 15 0 974152 973068 26479716 972160 972200 973060 945664 973068 950488 950104 26479712 686105 700720
700752 536870944 26479716 14 0 15 974152 26479716 972160 972200 973060 945664 973068 950488 950104 26479696 686105 700752
686106 536870944 26479716 14 0 974152 973068 26479716 972160 972200 973060 945664 973068 950488 950104 26479724 686105 686106
606742 536870944 26479716 14 0 974152 973068 971980 972160 972200 973060 945664 973068 950488 950104 26479736 686105 606742
606540 536870944 973068 973176 0 974152 973068 971980 972160 972200 973060 945664 973068 950488 950104 26479736 606753 606540
715968 536870944 973176 973176 0 974152 973176 973068 972160 972200 973060 945664 973068 950488 950104 26479720 606553 715968
715978 536870944 949240 973176 0 233260 973176 973068 972160 972200 973060 945664 973068 950488 950104 26479712 606553 715978
701280 536870944 977648 973176 0 233260 973176 973068 972160 972200 973060 945664 973068 950488 950104 26479712 715985 701280
701286 536870944 977648 973176 0 15 973176 973068 972160 972200 973060 945664 973068 950488 950104 26479708 715985 701286
701294 536870944 14 973176 0 15 973176 973068 972160 972200 973060 945664 973068 950488 950104 26479712 715985 701294
715984 536870944 14 973176 0 15 973176 973068 972160 972200 973060 945664 973068 950488 950104 26479712 715985 715984
715998 2147483680 975864 28 0 975440 973176 973068 972160 972200 973060 945664 973068 950488 950104 26479712 715985 715998
716000 2147483680 975864 28 0 975440 973176 973068 972160 972200 973060 945664 973068 950488 950104 26479712 715985 716000
716008 1073741856 975864 949088 233358 0 973176 973068 972160 972200 973060 945664 973068 950488 950104 26479712 715985 716008
716012 1073741856 975864 943776 949372 0 973176 973068 972160 972200 973060 945664 973068 950488 950104 26479712 715985 716012
601352 1073741856 975864 943776 943432 0 973176 973068 972160 972200 973060 945664 973068 950488 950104 26479712 716019 601352
601362 1073741856 975864 943776 943432 0 973176 975864 943568 972200 973060 945664 973068 950488 950104 26479640 716019 601362
601376 1073741856 943432 0 943432 0 0 975864 943568 972200 943776 945664 973068 950488 950104 26479640 16 601376
601382 1073741856 943432 0 943432 0 0 975864 943568 972200 943776 943432 973068 950488 0 26479640 16 601382
601386 1073741856 943432 0 943432 0 0 975864 943568 0 943776 943432 973068 950488 0 26479640 16 601386
601396 1073741856 943432 0 943432 943432 0 975864 939328 0 943776 943432 973068 950488 975864 26479640 16 601396
601402 32 943432 0 6 943432 0 975864 939328 0 943776 943432 973068 950488 975864 26479640 16 601402
601414 32 943432 0 6 943432 0 975864 939328 0 943776 943432 973068 950488 26479660 26479640 16 601414
601424 32 943432 0 6 943432 0 975864 600429 0 943776 943432 973068 950488 26479660 26479640 16 601424
600428 32 943432 0 6 943432 0 975864 600429 0 943776 943432 973068 950488 26479660 26479640 601427 600428
600434 32 943432 0 6 943432 0 975864 600429 0 943776 943432 973068 950488 26479660 26479584 601427 600434
596202 1610612768 943432 943432 6 943432 0 26479660 975864 943432 0 975864 6 943432 26479660 26479584 600457 596202
596242 1610612768 943432 943432 6 943432 0 26479660 975864 943432 0 975864 6 943432 26479660 26479576 600457 596242
600456 536870944 1 943432 6 943432 0 26479660 975864 943432 0 975864 6 943432 26479660 26479584 600457 600456
600472 1610612768 1 943432 6 943432 1 26479660 975864 943432 0 975864 6 943432 26479660 26479584 600457 600472
601426 1610612768 0 943432 6 943432 0 975864 600429 0 943776 943432 973068 950488 26479660 26479640 600457 601426
601430 1610612768 975864 943432 6 943432 0 975864 600429 0 943776 943432 973068 950488 26479660 26479640 600457 601430
601478 1610612768 975864 943432 6 6 6 975864 600429 0 943776 943432 973068 950488 26479660 26479684 600457 601478
606552 32 1 943432 6 6 973176 973068 972160 972200 973060 945664 973068 950488 26479660 26479720 600457 606552
606554 32 1 943432 6 6 973176 973068 972160 972200 973060 945664 973068 950488 26479660 26479720 600457 606554
711076 32 973176 943432 6 6 973176 973068 972160 972200 973060 945664 973068 950488 26479660 26479720 606561 711076
711086 32 949240 943432 6 238152 973176 973068 972160 972200 973060 945664 973068 950488 26479660 26479712 606561 711086
701280 32 977648 943432 6 238152 973176 973068 972160 972200 973060 945664 973068 950488 26479660 26479712 711093 701280
701286 32 977648 943432 6 15 973176 973068 972160 972200 973060 945664 973068 950488 26479660 26479708 711093 701286
701294 536870944 14 943432 6 15 973176 973068 972160 972200 973060 945664 973068 950488 26479660 26479712 711093 701294
711092 536870944 14 943432 6 15 973176 973068 972160 972200 973060 945664 973068 950488 26479660 26479712 711093 711092
711106 2147483680 975864 28 6 975440 973176 973068 972160 972200 973060 945664 973068 950488 26479660 26479712 711093 711106
711108 2147483680 975864 28 6 975440 973176 973068 972160 972200 973060 945664 973068 950488 26479660 26479712 711093 711108
711116 1073741856 975864 949088 238250 0 973176 973068 972160 972200 973060 945664 973068 950488 26479660 26479712 711093 711116
711120 1073741856 975864 943776 949372 0 973176 973068 972160 972200 973060 945664 973068 950488 26479660 26479712 711093 711120
601352 1073741856 975864 943776 943432 0 973176 973068 972160 972200 973060 945664 973068 950488 26479660 26479712 711127 601352
601362 1073741856 975864 943776 943432 0 973176 975864 943568 972200 973060 945664 973068 950488 26479660 26479640 711127 601362
601376 1073741856 943432 0 943432 0 0 975864 943568 972200 943776 945664 973068 950488 26479660 26479640 16 601376
601382 1073741856 943432 0 943432 0 0 975864 943568 972200 943776 943432 973068 950488 0 26479640 16 601382
601386 1073741856 943432 0 943432 0 0 975864 943568 0 943776 943432 973068 950488 0 26479640 16 601386
601396 1073741856 943432 0 943432 943432 0 975864 939328 0 943776 943432 973068 950488 975864 26479640 16 601396
601402 32 943432 0 6 943432 0 975864 939328 0 943776 943432 973068 950488 975864 26479640 16 601402
601414 32 943432 0 6 943432 0 975864 939328 0 943776 943432 973068 950488 26479660 26479640 16 601414
601424 32 943432 0 6 943432 0 975864 600429 0 943776 943432 973068 950488 26479660 26479640 16 601424
600428 32 943432 0 6 943432 0 975864 600429 0 943776 943432 973068 950488 26479660 26479640 601427 600428
600434 32 943432 0 6 943432 0 975864 600429 0 943776 943432 973068 950488 26479660 26479584 601427 600434
596202 1610612768 943432 943432 6 943432 0 26479660 975864 943432 0 975864 6 943432 26479660 26479584 600457 596202
596242 1610612768 943432 943432 6 943432 0 26479660 975864 943432 0 975864 6 943432 26479660 26479576 600457 596242
600456 536870944 1 943432 6 943432 0 26479660 975864 943432 0 975864 6 943432 26479660 26479584 600457 600456
600472 1610612768 1 943432 6 943432 1 26479660 975864 943432 0 975864 6 943432 26479660 26479584 600457 600472
601426 1610612768 0 943432 6 943432 0 975864 600429 0 943776 943432 973068 950488 26479660 26479640 600457 601426
601430 1610612768 975864 943432 6 943432 0 975864 600429 0 943776 943432 973068 950488 26479660 26479640 600457 601430
601478 1610612768 975864 943432 6 6 6 975864 600429 0 943776 943432 973068 950488 26479660 26479684 600457 601478
711126 1610612768 975864 943432 6 6 973176 973068 972160 972200 973060 945664 973068 950488 26479660 26479712 600457 711126
711128 1610612768 975864 943432 6 6 973176 973068 972160 972200 973060 945664 973068 950488 26479660 26479712 600457 711128
606564 1610612768 975864 943432 6 6 973176 973068 972160 972200 973060 945664 973068 950488 26479660 26479720 600457 606564
716256 1610612768 973176 943432 6 6 973176 973068 972160 972200 973060 945664 973068 950488 26479660 26479720 606571 716256
716264 1610612768 977752 943432 6 6 973176 973068 972160 972200 973060 945664 973068 950488 26479660 26479712 606571 716264
701280 1610612768 977752 943432 6 6 973176 973068 972160 972200 973060 945664 973068 950488 26479660 26479712 716269 701280
701286 1610612768 977752 943432 6 19 973176 973068 972160 972200 973060 945664 973068 950488 26479660 26479708 716269 701286
701294 536870944 18 943432 6 19 973176 973068 972160 972200 973060 945664 973068 950488 26479660 26479712 716269 701294
716268 536870944 18 943432 6 19 973176 973068 972160 972200 973060 945664 973068 950488 26479660 26479712 716269 716268
716282 2147483680 974236 28 6 975440 973176 973068 972160 972200 973060 945664 973068 950488 26479660 26479712 716269 716282
716284 2147483680 974236 28 6 975440 973176 973068 972160 972200 973060 945664 973068 950488 26479660 26479712 716269 716284
716292 1073741856 974236 949088 229006 0 973176 973068 972160 972200 973060 945664 973068 950488 26479660 26479712 716269 716292
716296 1073741856 974236 943776 945304 0 973176 973068 972160 972200 973060 945664 973068 950488 26479660 26479712 716269 716296
601352 1073741856 974236 943776 945304 0 973176 973068 972160 972200 973060 945664 973068 950488 26479660 26479712 716301 601352
601362 1073741856 974236 943776 945304 0 973176 974236 944496 972200 973060 945664 973068 950488 26479660 26479640 716301 601362
601376 1073741856 945304 0 945304 0 0 974236 944496 972200 943776 945664 973068 950488 26479660 26479640 16 601376
601382 1073741856 945304 0 945304 0 0 974236 944496 972200 943776 945304 973068 950488 0 26479640 16 601382
601386 1073741856 945304 0 945304 0 0 974236 944496 0 943776 945304 973068 950488 0 26479640 16 601386
601396 1073741856 945304 0 945304 945304 0 974236 939328 0 943776 945304 973068 950488 974236 26479640 16 601396
601402 32 945304 0 6 945304 0 974236 939328 0 943776 945304 973068 950488 974236 26479640 16 601402
601414 32 945304 0 6 945304 0 974236 939328 0 943776 945304 973068 950488 26479660 26479640 16 601414
601424 32 945304 0 6 945304 0 974236 600429 0 943776 945304 973068 950488 26479660 26479640 16 601424
600428 32 945304 0 6 945304 0 974236 600429 0 943776 945304 973068 950488 26479660 26479640 601427 600428
600434 32 945304 0 6 945304 0 974236 600429 0 943776 945304 973068 950488 26479660 26479584 601427 600434
596202 1610612768 945304 945304 6 945304 0 26479660 974236 945304 0 974236 6 945304 26479660 26479584 600457 596202
596242 1610612768 945304 945304 6 945304 0 26479660 974236 945304 0 974236 6 945304 26479660 26479576 600457 596242
600456 536870944 1 945304 6 945304 0 26479660 974236 945304 0 974236 6 945304 26479660 26479584 600457 600456
600472 1610612768 1 945304 6 945304 1 26479660 974236 945304 0 974236 6 945304 26479660 26479584 600457 600472
601426 1610612768 0 945304 6 945304 0 974236 600429 0 943776 945304 973068 950488 26479660 26479640 600457 601426
601430 1610612768 974236 945304 6 945304 0 974236 600429 0 943776 945304 973068 950488 26479660 26479640 600457 601430
601478 1610612768 974236 945304 6 6 6 974236 600429 0 943776 945304 973068 950488 26479660 26479684 600457 601478
606570 32 1 945304 6 6 973176 973068 972160 972200 973060 945664 973068 950488 26479660 26479720 600457 606570
606572 32 1 945304 6 6 973176 973068 972160 972200 973060 945664 973068 950488 26479660 26479720 600457 606572
713108 32 973176 945304 6 6 973176 973068 972160 972200 973060 945664 973068 950488 26479660 26479720 606579 713108
713116 32 977752 945304 6 6 973176 973068 972160 972200 973060 945664 973068 950488 26479660 26479712 606579 713116
701280 32 977752 945304 6 6 973176 973068 972160 972200 973060 945664 973068 950488 26479660 26479712 713121 701280
701286 32 977752 945304 6 19 973176 973068 972160 972200 973060 945664 973068 950488 26479660 26479708 713121 701286
701294 536870944 18 945304 6 19 973176 973068 972160 972200 973060 945664 973068 950488 26479660 26479712 713121 701294
713120 536870944 18 945304 6 19 973176 973068 972160 972200 973060 945664 973068 950488 26479660 26479712 713121 713120
713134 2147483680 974236 28 6 975440 973176 973068 972160 972200 973060 945664 973068 950488 26479660 26479712 713121 713134
713136 2147483680 974236 28 6 975440 973176 973068 972160 972200 973060 945664 973068 950488 26479660 26479712 713121 713136
713144 1073741856 974236 949088 232154 0 973176 973068 972160 972200 973060 945664 973068 950488 26479660 26479712 713121 713144
713148 1073741856 974236 943776 945304 0 973176 973068 972160 972200 973060 945664 973068 950488 26479660 26479712 713121 713148
601352 1073741856 974236 943776 945304 0 973176 973068 972160 972200 973060 945664 973068 950488 26479660 26479712 713153 601352
601362 1073741856 974236 943776 945304 0 973176 974236 944496 972200 973060 945664 973068 950488 26479660 26479640 713153 601362
601376 1073741856 945304 0 945304 0 0 974236 944496 972200 943776 945664 973068 950488 26479660 26479640 16 601376
601382 1073741856 945304 0 945304 0 0 974236 944496 972200 943776 945304 973068 950488 0 26479640 16 601382
601386 1073741856 945304 0 945304 0 0 974236 944496 0 943776 945304 973068 950488 0 26479640 16 601386
601396 1073741856 945304 0 945304 945304 0 974236 939328 0 943776 945304 973068 950488 974236 26479640 16 601396
601402 32 945304 0 6 945304 0 974236 939328 0 943776 945304 973068 950488 974236 26479640 16 601402
601414 32 945304 0 6 945304 0 974236 939328 0 943776 945304 973068 950488 26479660 26479640 16 601414
601424 32 945304 0 6 945304 0 974236 600429 0 943776 945304 973068 950488 26479660 26479640 16 601424
600428 32 945304 0 6 945304 0 974236 600429 0 943776 945304 973068 950488 26479660 26479640 601427 600428
600434 32 945304 0 6 945304 0 974236 600429 0 943776 945304 973068 950488 26479660 26479584 601427 600434
596202 1610612768 945304 945304 6 945304 0 26479660 974236 945304 0 974236 6 945304 26479660 26479584 600457 596202
596242 1610612768 945304 945304 6 945304 0 26479660 974236 945304 0 974236 6 945304 26479660 26479576 600457 596242
600456 536870944 1 945304 6 945304 0 26479660 974236 945304 0 974236 6 945304 26479660 26479584 600457 600456
600472 1610612768 1 945304 6 945304 1 26479660 974236 945304 0 974236 6 945304 26479660 26479584 600457 600472
601426 1610612768 0 945304 6 945304 0 974236 600429 0 943776 945304 973068 950488 26479660 26479640 600457 601426
601430 1610612768 974236 945304 6 945304 0 974236 600429 0 943776 945304 973068 950488 26479660 26479640 600457 601430
601478 1610612768 974236 945304 6 6 6 974236 600429 0 943776 945304 973068 950488 26479660 26479684 600457 601478
713152 1610612768 974236 945304 6 6 973176 973068 972160 972200 973060 945664 973068 950488 26479660 26479712 600457 713152
713154 1610612768 974236 945304 6 6 973176 973068 972160 972200 973060 945664 973068 950488 26479660 26479712 600457 713154
606582 1610612768 974236 945304 6 6 973176 973068 972160 972200 973060 945664 973068 950488 26479660 26479720 600457 606582
716324 1610612768 973176 945304 6 6 973176 973068 972160 972200 973060 945664 973068 950488 26479660 26479720 606589 716324
716332 1610612768 977756 945304 6 6 973176 973068 972160 972200 973060 945664 973068 950488 26479660 26479712 606589 716332
701280 1610612768 977756 945304 6 6 973176 973068 972160 972200 973060 945664 973068 950488 26479660 26479712 716337 701280
701286 1610612768 977756 945304 6 18 973176 973068 972160 972200 973060 945664 973068 950488 26479660 26479708 716337 701286
701294 536870944 17 945304 6 18 973176 973068 972160 972200 973060 945664 973068 950488 26479660 26479712 716337 701294
716336 536870944 17 945304 6 18 973176 973068 972160 972200 973060 945664 973068 950488 26479660 26479712 716337 716336
716350 2147483680 975580 28 6 975440 973176 973068 972160 972200 973060 945664 973068 950488 26479660 26479712 716337 716350
716352 2147483680 975580 28 6 975440 973176 973068 972160 972200 973060 945664 973068 950488 26479660 26479712 716337 716352
716360 1073741856 975580 949088 229050 0 973176 973068 972160 972200 973060 945664 973068 950488 26479660 26479712 716337 716360
716364 1073741856 975580 943776 945416 0 973176 973068 972160 972200 973060 945664 973068 950488 26479660 26479712 716337 716364
601352 1073741856 975580 943776 945416 0 973176 973068 972160 972200 973060 945664 973068 950488 26479660 26479712 716369 601352
601362 1073741856 975580 943776 945416 0 973176 975580 944432 972200 973060 945664 973068 950488 26479660 26479640 716369 601362
601376 1073741856 945416 0 945416 0 0 975580 944432 972200 943776 945664 973068 950488 26479660 26479640 16 601376
601382 1073741856 945416 0 945416 0 0 975580 944432 972200 943776 945416 973068 950488 0 26479640 16 601382
601386 1073741856 945416 0 945416 0 0 975580 944432 0 943776 945416 973068 950488 0 26479640 16 601386
601396 1073741856 945416 0 945416 945416 0 975580 939328 0 943776 945416 973068 950488 975580 26479640 16 601396
601402 32 945416 0 6 945416 0 975580 939328 0 943776 945416 973068 950488 975580 26479640 16 601402
601414 32 945416 0 6 945416 0 975580 939328 0 943776 945416 973068 950488 26479660 26479640 16 601414
601424 32 945416 0 6 945416 0 975580 600429 0 943776 945416 973068 950488 26479660 26479640 16 601424
600428 32 945416 0 6 945416 0 975580 600429 0 943776 945416 973068 950488 26479660 26479640 601427 600428
600434 32 945416 0 6 945416 0 975580 600429 0 943776 945416 973068 950488 26479660 26479584 601427 600434
596202 1610612768 945416 945416 6 945416 0 26479660 975580 945416 0 975580 6 945416 26479660 26479584 600457 596202
596242 1610612768 945416 945416 6 945416 0 26479660 975580 945416 0 975580 6 945416 26479660 26479576 600457 596242
600456 536870944 1 945416 6 945416 0 26479660 975580 945416 0 975580 6 945416 26479660 26479584 600457 600456
600472 1610612768 1 945416 6 945416 1 26479660 975580 945416 0 975580 6 945416 26479660 26479584 600457 600472
601426 1610612768 0 945416 6 945416 0 975580 600429 0 943776 945416 973068 950488 26479660 26479640 600457 601426
601430 1610612768 975580 945416 6 945416 0 975580 600429 0 943776 945416 973068 950488 26479660 26479640 600457 601430
601478 1610612768 975580 945416 6 6 6 975580 600429 0 943776 945416 973068 950488 26479660 26479684 600457 601478
606588 32 1 945416 6 6 973176 973068 972160 972200 973060 945664 973068 950488 26479660 26479720 600457 606588
606590 32 1 945416 6 6 973176 973068 972160 972200 973060 945664 973068 950488 26479660 26479720 600457 606590
713176 32 973176 945416 6 6 973176 973068 972160 972200 973060 945664 973068 950488 26479660 26479720 606597 713176
713184 32 977756 945416 6 6 973176 973068 972160 972200 973060 945664 973068 950488 26479660 26479712 606597 713184
701280 32 977756 945416 6 6 973176 973068 972160 972200 973060 945664 973068 950488 26479660 26479712 713189 701280
701286 32 977756 945416 6 18 973176 973068 972160 972200 973060 945664 973068 950488 26479660 26479708 713189 701286
701294 536870944 17 945416 6 18 973176 973068 972160 972200 973060 945664 973068 950488 26479660 26479712 713189 701294
713188 536870944 17 945416 6 18 973176 973068 972160 972200 973060 945664 973068 950488 26479660 26479712 713189 713188
713202 2147483680 975580 28 6 975440 973176 973068 972160 972200 973060 945664 973068 950488 26479660 26479712 713189 713202
713204 2147483680 975580 28 6 975440 973176 973068 972160 972200 973060 945664 973068 950488 26479660 26479712 713189 713204
713212 1073741856 975580 949088 232198 0 973176 973068 972160 972200 973060 945664 973068 950488 26479660 26479712 713189 713212
713216 1073741856 975580 943776 945416 0 973176 973068 972160 972200 973060 945664 973068 950488 26479660 26479712 713189 713216
601352 1073741856 975580 943776 945416 0 973176 973068 972160 972200 973060 945664 973068 950488 26479660 26479712 713221 601352
601362 1073741856 975580 943776 945416 0 973176 975580 944432 972200 973060 945664 973068 950488 26479660 26479640 713221 601362
601376 1073741856 945416 0 945416 0 0 975580 944432 972200 943776 945664 973068 950488 26479660 26479640 16 601376
601382 1073741856 945416 0 945416 0 0 975580 944432 972200 943776 945416 973068 950488 0 26479640 16 601382
601386 1073741856 945416 0 945416 0 0 975580 944432 0 943776 945416 973068 950488 0 26479640 16 601386
601396 1073741856 945416 0 945416 945416 0 975580 939328 0 943776 945416 973068 950488 975580 26479640 16 601396
601402 32 945416 0 6 945416 0 975580 939328 0 943776 945416 973068 950488 975580 26479640 16 601402
601414 32 945416 0 6 945416 0 975580 939328 0 943776 945416 973068 950488 26479660 26479640 16 601414
601424 32 945416 0 6 945416 0 975580 600429 0 943776 945416 973068 950488 26479660 26479640 16 601424
600428 32 945416 0 6 945416 0 975580 600429 0 943776 945416 973068 950488 26479660 26479640 601427 600428
600434 32 945416 0 6 945416 0 975580 600429 0 943776 945416 973068 950488 26479660 26479584 601427 600434
596202 1610612768 945416 945416 6 945416 0 26479660 975580 945416 0 975580 6 945416 26479660 26479584 600457 596202
596242 1610612768 945416 945416 6 945416 0 26479660 975580 945416 0 975580 6 945416 26479660 26479576 600457 596242
600456 536870944 1 945416 6 945416 0 26479660 975580 945416 0 975580 6 945416 26479660 26479584 600457 600456
600472 1610612768 1 945416 6 945416 1 26479660 975580 945416 0 975580 6 945416 26479660 26479584 600457 600472
601426 1610612768 0 945416 6 945416 0 975580 600429 0 943776 945416 973068 950488 26479660 26479640 600457 601426
601430 1610612768 975580 945416 6 945416 0 975580 600429 0 943776 945416 973068 950488 26479660 26479640 600457 601430
601478 1610612768 975580 945416 6 6 6 975580 600429 0 943776 945416 973068 950488 26479660 26479684 600457 601478
713220 1610612768 975580 945416 6 6 973176 973068 972160 972200 973060 945664 973068 950488 26479660 26479712 600457 713220
713222 1610612768 975580 945416 6 6 973176 973068 972160 972200 973060 945664 973068 950488 26479660 26479712 600457 713222
606600 1610612768 975580 945416 6 6 973176 973068 972160 972200 973060 945664 973068 950488 26479660 26479720 600457 606600
606758 2147483680 975580 945416 6 974152 973068 4293995317 972160 972200 973060 945664 973068 950488 26479660 26479736 600457 606758
603830 2147483680 975580 945416 6 942036 949572 971980 972160 972200 973060 945664 973068 950488 26479660 26479752 600457 603830
603834 2147483680 975580 945416 6 4294966764 949572 973816 972160 972200 973060 945664 973068 950488 26479660 26479752 600457 603834
612328 2147483680 973820 945416 6 4294966764 949572 973816 972160 972200 973060 945664 973820 950488 26479660 26479752 603845 612328
612348 32 973928 0 6 973864 973820 973856 940384 972200 973060 945664 973820 950488 26479660 26479736 603845 612348
612386 1610612768 973928 0 0 973928 973820 973856 940392 972200 973060 945664 973820 950488 26479660 26479736 603845 612386
612392 536870944 973928 0 0 8 973820 973856 940392 972200 973060 945664 973820 950488 26479660 26479736 603845 612392
691896 536870944 973928 0 0 8 973820 973856 940392 972200 973060 945664 973820 950488 26479660 26479736 612397 691896
691902 1610612768 973928 0 0 0 973820 973856 940392 972200 973060 945664 973820 950488 26479660 26479720 612397 691902
691824 1610612768 973928 0 0 0 973928 973856 940392 972200 973060 945664 973820 950488 26479660 26479720 691909 691824
691832 1610612768 949356 4294967237 0 0 973928 973856 940392 972200 973060 945664 973820 950488 26479660 26479704 691909 691832
691838 1610612768 977668 691781 0 0 257502 973856 940392 972200 973060 945664 973820 950488 26479660 26479704 691909 691838
290972 1610612736 977668 691781 0 0 257502 973856 940392 972200 973060 945664 973820 950488 26479660 26479704 691843 290972
691844 1610612768 0 0 0 0 949348 973856 940392 972200 973060 945664 973820 950488 950104 26479704 691843 691844
691850 1610612768 0 0 0 974152 977672 973856 940392 972200 973060 945664 973820 950488 950104 26479704 691843 691850
691908 1610612768 0 0 0 0 973928 973856 940392 972200 973060 945664 973820 950488 950104 26479720 691843 691908
691914 1610612768 0 0 0 257428 973928 949352 940392 972200 973060 945664 973820 950488 950104 26479720 691843 691914
691918 1610612768 0 0 0 949348 973928 977676 940392 972200 973060 945664 973820 950488 950104 26479720 691843 691918
691924 1610612768 0 0 974152 977672 973928 977676 940392 972200 973060 945664 973820 950488 950104 26479720 691843 691924
692004 1610612768 0 15 974152 0 973928 977676 940392 972200 973060 945664 973820 950488 950104 26479720 691843 692004
612396 1610612768 973928 15 974152 0 973820 973856 940392 972200 973060 945664 973820 950488 950104 26479736 691843 612396
603844 1610612768 973820 15 974152 0 949572 973816 972160 972200 973060 945664 973820 950488 950104 26479752 691843 603844
603858 1610612768 973820 15 945676 945696 949572 973816 972160 972200 973060 945664 973820 950488 950104 26479752 691843 603858
603886 1610612768 973820 972160 945676 0 949572 973816 972160 972200 973060 945664 973820 950488 950104 26479752 691843 603886
606732 1610612768 973820 972160 945676 0 949572 973816 972160 972200 973060 945664 973820 950488 950104 26479752 603891 606732
686060 1610612768 973820 972160 945676 0 973820 972160 972160 972200 973060 945664 973820 950488 950104 26479736 606743 686060
686064 1610612768 973820 972160 945676 0 973820 972160 972160 972200 973060 945664 973820 950488 950104 26479712 606743 686064
686076 536870944 973820 972160 0 6 973820 26479716 972160 972200 973060 945664 973820 950488 950104 26479712 606743 686076
686084 536870944 26479716 972160 0 4098 973820 26479716 972160 972200 973060 945664 973820 950488 950104 26479712 606743 686084
691896 536870944 26479716 972160 0 4098 973820 26479716 972160 972200 973060 945664 973820 950488 950104 26479712 686089 691896
691902 1610612768 26479716 972160 0 0 973820 26479716 972160 972200 973060 945664 973820 950488 950104 26479696 686089 691902
691824 1610612768 26479716 972160 0 0 26479716 26479716 972160 972200 973060 945664 973820 950488 950104 26479696 691909 691824
691832 1610612768 949356 4294967237 0 0 26479716 26479716 972160 972200 973060 945664 973820 950488 950104 26479680 691909 691832
691838 1610612768 977668 691781 0 0 257502 26479716 972160 972200 973060 945664 973820 950488 950104 26479680 691909 691838
290972 1610612736 977668 691781 0 0 257502 26479716 972160 972200 973060 945664 973820 950488 950104 26479680 691843 290972
691844 1610612768 0 0 0 0 949348 26479716 972160 972200 973060 945664 973820 950488 950104 26479680 691843 691844
691850 1610612768 0 0 0 974152 977672 26479716 972160 972200 973060 945664 973820 950488 950104 26479680 691843 691850
691908 1610612768 0 0 0 0 26479716 26479716 972160 972200 973060 945664 973820 950488 950104 26479696 691843 691908
691914 1610612768 0 0 0 257428 26479716 949352 972160 972200 973060 945664 973820 950488 950104 26479696 691843 691914
691918 1610612768 0 0 0 949348 26479716 977676 972160 972200 973060 945664 973820 950488 950104 26479696 691843 691918
691924 1610612768 0 0 974152 977672 26479716 977676 972160 972200 973060 945664 973820 950488 950104 26479696 691843 691924
692004 1610612768 0 16 974152 0 26479716 977676 972160 972200 973060 945664 973820 950488 950104 26479696 691843 692004
686088 1610612768 26479716 16 974152 0 973820 26479716 972160 972200 973060 945664 973820 950488 950104 26479712 691843 686088
700628 1610612768 973928 26479716 974152 0 973820 26479716 972160 972200 973060 945664 973820 950488 950104 26479712 686099 700628
700638 1610612768 973928 26479716 974152 974152 973820 26479716 26479716 972200 973060 945664 973820 950488 950104 26479696 686099 700638
700658 1610612768 973928 17 0 974152 973820 973928 26479716 972200 973060 945664 973820 950488 950104 26479696 686099 700658
700686 536870944 973928 16 0 17 974152 973928 26479716 972200 973060 945664 973820 950488 950104 26479696 686099 700686
700692 536870944 973928 16 0 974152 974152 973928 26479716 972200 973060 945664 973820 950488 950104 26479696 686099 700692
686098 536870944 973928 16 0 974152 973820 26479716 972160 972200 973060 945664 973820 950488 950104 26479712 686099 686098
700720 536870944 26479716 16 0 974152 973820 26479716 972160 972200 973060 945664 973820 950488 950104 26479712 686105 700720
700752 536870944 26479716 15 0 16 974152 26479716 972160 972200 973060 945664 973820 950488 950104 26479696 686105 700752
686106 536870944 26479716 15 0 974152 973820 26479716 972160 972200 973060 945664 973820 950488 950104 26479724 686105 686106
606742 536870944 26479716 15 0 974152 973820 972160 972160 972200 973060 945664 973820 950488 950104 26479736 686105 606742
606540 536870944 973820 973928 0 974152 973820 972160 972160 972200 973060 945664 973820 950488 950104 26479736 606753 606540
715968 536870944 973928 973928 0 974152 973928 973820 972160 972200 973060 945664 973820 950488 950104 26479720 606553 715968
715978 536870944 949240 973928 0 233260 973928 973820 972160 972200 973060 945664 973820 950488 950104 26479712 606553 715978
701280 536870944 977648 973928 0 233260 973928 973820 972160 972200 973060 945664 973820 950488 950104 26479712 715985 701280
701286 536870944 977648 973928 0 15 973928 973820 972160 972200 973060 945664 973820 950488 950104 26479708 715985 701286
701294 536870944 14 973928 0 15 973928 973820 972160 972200 973060 945664 973820 950488 950104 26479712 715985 701294
715984 536870944 14 973928 0 15 973928 973820 972160 972200 973060 945664 973820 950488 950104 26479712 715985 715984
715998 2147483680 975864 28 0 975440 973928 973820 972160 972200 973060 945664 973820 950488 950104 26479712 715985 715998
716000 2147483680 975864 28 0 975440 973928 973820 972160 972200 973060 945664 973820 950488 950104 26479712 715985 716000
716008 1073741856 975864 949088 233358 0 973928 973820 972160 972200 973060 945664 973820 950488 950104 26479712 715985 716008
716012 1073741856 975864 943776 949372 0 973928 973820 972160 972200 973060 945664 973820 950488 950104 26479712 715985 716012
601352 1073741856 975864 943776 943432 0 973928 973820 972160 972200 973060 945664 973820 950488 950104 26479712 716019 601352
601362 1073741856 975864 943776 943432 0 973928 975864 943568 972200 973060 945664 973820 950488 950104 26479640 716019 601362
601376 1073741856 943432 0 943432 0 0 975864 943568 972200 943776 945664 973820 950488 950104 26479640 16 601376
601382 1073741856 943432 0 943432 0 0 975864 943568 972200 943776 943432 973820 950488 0 26479640 16 601382
601386 1073741856 943432 0 943432 0 0 975864 943568 0 943776 943432 973820 950488 0 26479640 16 601386
601396 1073741856 943432 0 943432 943432 0 975864 939328 0 943776 943432 973820 950488 975864 26479640 16 601396
601402 32 943432 0 6 943432 0 975864 939328 0 943776 943432 973820 950488 975864 26479640 16 601402
601414 32 943432 0 6 943432 0 975864 939328 0 943776 943432 973820 950488 26479660 26479640 16 601414
601424 32 943432 0 6 943432 0 975864 600429 0 943776 943432 973820 950488 26479660 26479640 16 601424
600428 32 943432 0 6 943432 0 975864 600429 0 943776 943432 973820 950488 26479660 26479640 601427 600428
600434 32 943432 0 6 943432 0 975864 600429 0 943776 943432 973820 950488 26479660 26479584 601427 600434
596202 1610612768 943432 943432 6 943432 0 26479660 975864 943432 0 975864 6 943432 26479660 26479584 600457 596202
596242 1610612768 943432 943432 6 943432 0 26479660 975864 943432 0 975864 6 943432 26479660 26479576 600457 596242
600456 536870944 1 943432 6 943432 0 26479660 975864 943432 0 975864 6 943432 26479660 26479584 600457 600456
600472 1610612768 1 943432 6 943432 1 26479660 975864 943432 0 975864 6 943432 26479660 26479584 600457 600472
601426 1610612768 0 943432 6 943432 0 975864 600429 0 943776 943432 973820 950488 26479660 26479640 600457 601426
601430 1610612768 975864 943432 6 943432 0 975864 600429 0 943776 943432 973820 950488 26479660 26479640 600457 601430
601478 1610612768 975864 943432 6 6 6 975864 600429 0 943776 943432 973820 950488 26479660 26479684 600457 601478
606552 32 1 943432 6 6 973928 973820 972160 972200 973060 945664 973820 950488 26479660 26479720 600457 606552
606554 32 1 943432 6 6 973928 973820 972160 972200 973060 945664 973820 950488 26479660 26479720 600457 606554
711076 32 973928 943432 6 6 973928 973820 972160 972200 973060 945664 973820 950488 26479660 26479720 606561 711076
711086 32 949240 943432 6 238152 973928 973820 972160 972200 973060 945664 973820 950488 26479660 26479712 606561 711086
701280 32 977648 943432 6 238152 973928 973820 972160 972200 973060 945664 973820 950488 26479660 26479712 711093 701280
701286 32 977648 943432 6 15 973928 973820 972160 972200 973060 945664 973820 950488 26479660 26479708 711093 701286
701294 536870944 14 943432 6 15 973928 973820 972160 972200 973060 945664 973820 950488 26479660 26479712 711093 701294
711092 536870944 14 943432 6 15 973928 973820 972160 972200 973060 945664 973820 950488 26479660 26479712 711093 711092
711106 2147483680 975864 28 6 975440 973928 973820 972160 972200 973060 945664 973820 950488 26479660 26479712 711093 711106
711108 2147483680 975864 28 6 975440 973928 973820 972160 972200 973060 945664 973820 950488 26479660 26479712 711093 711108
711116 1073741856 975864 949088 238250 0 973928 973820 972160 972200 973060 945664 973820 950488 26479660 26479712 711093 711116
711120 1073741856 975864 943776 949372 0 973928 973820 972160 972200 973060 945664 973820 950488 26479660 26479712 711093 711120
601352 1073741856 975864 943776 943432 0 973928 973820 972160 972200 973060 945664 973820 950488 26479660 26479712 711127 601352
601362 1073741856 975864 943776 943432 0 973928 975864 943568 972200 973060 945664 973820 950488 26479660 26479640 711127 601362
601376 1073741856 943432 0 943432 0 0 975864 943568 972200 943776 945664 973820 950488 26479660 26479640 16 601376
601382 1073741856 943432 0 943432 0 0 975864 943568 972200 943776 943432 973820 950488 0 26479640 16 601382
601386 1073741856 943432 0 943432 0 0 975864 943568 0 943776 943432 973820 950488 0 26479640 16 601386
601396 1073741856 943432 0 943432 943432 0 975864 939328 0 943776 943432 973820 950488 975864 26479640 16 601396
601402 32 943432 0 6 943432 0 975864 939328 0 943776 943432 973820 950488 975864 26479640 16 601402
601414 32 943432 0 6 943432 0 975864 939328 0 943776 943432 973820 950488 26479660 26479640 16 601414
601424 32 943432 0 6 943432 0 975864 600429 0 943776 943432 973820 950488 26479660 26479640 16 601424
600428 32 943432 0 6 943432 0 975864 600429 0 943776 943432 973820 950488 26479660 26479640 601427 600428
600434 32 943432 0 6 943432 0 975864 600429 0 943776 943432 973820 950488 26479660 26479584 601427 600434
596202 1610612768 943432 943432 6 943432 0 26479660 975864 943432 0 975864 6 943432 26479660 26479584 600457 596202
596242 1610612768 943432 943432 6 943432 0 26479660 975864 943432 0 975864 6 943432 26479660 26479576 600457 596242
600456 536870944 1 943432 6 943432 0 26479660 975864 943432 0 975864 6 943432 26479660 26479584 600457 600456
600472 1610612768 1 943432 6 943432 1 26479660 975864 943432 0 975864 6 943432 26479660 26479584 600457 600472
601426 1610612768 0 943432 6 943432 0 975864 600429 0 943776 943432 973820 950488 26479660 26479640 600457 601426
601430 1610612768 975864 943432 6 943432 0 975864 600429 0 943776 943432 973820 950488 26479660 26479640 600457 601430
601478 1610612768 975864 943432 6 6 6 975864 600429 0 943776 943432 973820 950488 26479660 26479684 600457 601478
711126 1610612768 975864 943432 6 6 973928 973820 972160 972200 973060 945664 973820 950488 26479660 26479712 600457 711126
711128 1610612768 975864 943432 6 6 973928 973820 972160 972200 973060 945664 973820 950488 26479660 26479712 600457 711128
606564 1610612768 975864 943432 6 6 973928 973820 972160 972200 973060 945664 973820 950488 26479660 26479720 600457 606564
716256 1610612768 973928 943432 6 6 973928 973820 972160 972200 973060 945664 973820 950488 26479660 26479720 606571 716256
716264 1610612768 977752 943432 6 6 973928 973820 972160 972200 973060 945664 973820 950488 26479660 26479712 606571 716264
701280 1610612768 977752 943432 6 6 973928 973820 972160 972200 973060 945664 973820 950488 26479660 26479712 716269 701280
701286 1610612768 977752 943432 6 19 973928 973820 972160 972200 973060 945664 973820 950488 26479660 26479708 716269 701286
701294 536870944 18 943432 6 19 973928 973820 972160 972200 973060 945664 973820 950488 26479660 26479712 716269 701294
716268 536870944 18 943432 6 19 973928 973820 972160 972200 973060 945664 973820 950488 26479660 26479712 716269 716268
716282 2147483680 974236 28 6 975440 973928 973820 972160 972200 973060 945664 973820 950488 26479660 26479712 716269 716282
716284 2147483680 974236 28 6 975440 973928 973820 972160 972200 973060 945664 973820 950488 26479660 26479712 716269 716284
716292 1073741856 974236 949088 229006 0 973928 973820 972160 972200 973060 945664 973820 950488 26479660 26479712 716269 716292
716296 1073741856 974236 943776 945304 0 973928 973820 972160 972200 973060 945664 973820 950488 26479660 26479712 716269 716296
601352 1073741856 974236 943776 945304 0 973928 973820 972160 972200 973060 945664 973820 950488 26479660 26479712 716301 601352
601362 1073741856 974236 943776 945304 0 973928 974236 944496 972200 973060 945664 973820 950488 26479660 26479640 716301 601362
601376 1073741856 945304 0 945304 0 0 974236 944496 972200 943776 945664 973820 950488 26479660 26479640 16 601376
601382 1073741856 945304 0 945304 0 0 974236 944496 972200 943776 945304 973820 950488 0 26479640 16 601382
601386 1073741856 945304 0 945304 0 0 974236 944496 0 943776 945304 973820 950488 0 26479640 16 601386
601396 1073741856 945304 0 945304 945304 0 974236 939328 0 943776 945304 973820 950488 974236 26479640 16 601396
601402 32 945304 0 6 945304 0 974236 939328 0 943776 945304 973820 950488 974236 26479640 16 601402
601414 32 945304 0 6 945304 0 974236 939328 0 943776 945304 973820 950488 26479660 26479640 16 601414
601424 32 945304 0 6 945304 0 974236 600429 0 943776 945304 973820 950488 26479660 26479640 16 601424
600428 32 945304 0 6 945304 0 974236 600429 0 943776 945304 973820 950488 26479660 26479640 601427 600428
600434 32 945304 0 6 945304 0 974236 600429 0 943776 945304 973820 950488 26479660 26479584 601427 600434
596202 1610612768 945304 945304 6 945304 0 26479660 974236 945304 0 974236 6 945304 26479660 26479584 600457 596202
596242 1610612768 945304 945304 6 945304 0 26479660 974236 945304 0 974236 6 945304 26479660 26479576 600457 596242
600456 536870944 1 945304 6 945304 0 26479660 974236 945304 0 974236 6 945304 26479660 26479584 600457 600456
600472 1610612768 1 945304 6 945304 1 26479660 974236 945304 0 974236 6 945304 26479660 26479584 600457 600472
601426 1610612768 0 945304 6 945304 0 974236 600429 0 943776 945304 973820 950488 26479660 26479640 600457 601426
601430 1610612768 974236 945304 6 945304 0 974236 600429 0 943776 945304 973820 950488 26479660 26479640 600457 601430
601478 1610612768 974236 945304 6 6 6 974236 600429 0 943776 945304 973820 950488 26479660 26479684 600457 601478
606570 32 1 945304 6 6 973928 973820 972160 972200 973060 945664 973820 950488 26479660 26479720 600457 606570
606572 32 1 945304 6 6 973928 973820 972160 972200 973060 945664 973820 950488 26479660 26479720 600457 606572
713108 32 973928 945304 6 6 973928 973820 972160 972200 973060 945664 973820 950488 26479660 26479720 606579 713108
713116 32 977752 945304 6 6 973928 973820 972160 972200 973060 945664 973820 950488 26479660 26479712 606579 713116
701280 32 977752 945304 6 6 973928 973820 972160 972200 973060 945664 973820 950488 26479660 26479712 713121 701280
701286 32 977752 945304 6 19 973928 973820 972160 972200 973060 945664 973820 950488 26479660 26479708 713121 701286
701294 536870944 18 945304 6 19 973928 973820 972160 972200 973060 945664 973820 950488 26479660 26479712 713121 701294
713120 536870944 18 945304 6 19 973928 973820 972160 972200 973060 945664 973820 950488 26479660 26479712 713121 713120
713134 2147483680 974236 28 6 975440 973928 973820 972160 972200 973060 945664 973820 950488 26479660 26479712 713121 713134
713136 2147483680 974236 28 6 975440 973928 973820 972160 972200 973060 945664 973820 950488 26479660 26479712 713121 713136
713144 1073741856 974236 949088 232154 0 973928 973820 972160 972200 973060 945664 973820 950488 26479660 26479712 713121 713144
713148 1073741856 974236 943776 945304 0 973928 973820 972160 972200 973060 945664 973820 950488 26479660 26479712 713121 713148
601352 1073741856 974236 943776 945304 0 973928 973820 972160 972200 973060 945664 973820 950488 26479660 26479712 713153 601352
601362 1073741856 974236 943776 945304 0 973928 974236 944496 972200 973060 945664 973820 950488 26479660 26479640 713153 601362
601376 1073741856 945304 0 945304 0 0 974236 944496 972200 943776 945664 973820 950488 26479660 26479640 16 601376
601382 1073741856 945304 0 945304 0 0 974236 944496 972200 943776 945304 973820 950488 0 26479640 16 601382
601386 1073741856 945304 0 945304 0 0 974236 944496 0 943776 945304 973820 950488 0 26479640 16 601386
601396 1073741856 945304 0 945304 945304 0 974236 939328 0 943776 945304 973820 950488 974236 26479640 16 601396
601402 32 945304 0 6 945304 0 974236 939328 0 943776 945304 973820 950488 974236 26479640 16 601402
601414 32 945304 0 6 945304 0 974236 939328 0 943776 945304 973820 950488 26479660 26479640 16 601414
601424 32 945304 0 6 945304 0 974236 600429 0 943776 945304 973820 950488 26479660 26479640 16 601424
600428 32 945304 0 6 945304 0 974236 600429 0 943776 945304 973820 950488 26479660 26479640 601427 600428
600434 32 945304 0 6 945304 0 974236 600429 0 943776 945304 973820 950488 26479660 26479584 601427 600434
596202 1610612768 945304 945304 6 945304 0 26479660 974236 945304 0 974236 6 945304 26479660 26479584 600457 596202
596242 1610612768 945304 945304 6 945304 0 26479660 974236 945304 0 974236 6 945304 26479660 26479576 600457 596242
600456 536870944 1 945304 6 945304 0 26479660 974236 945304 0 974236 6 945304 26479660 26479584 600457 600456
600472 1610612768 1 945304 6 945304 1 26479660 974236 945304 0 974236 6 945304 26479660 26479584 600457 600472
601426 1610612768 0 945304 6 945304 0 974236 600429 0 943776 945304 973820 950488 26479660 26479640 600457 601426
601430 1610612768 974236 945304 6 945304 0 974236 600429 0 943776 945304 973820 950488 26479660 26479640 600457 601430
601478 1610612768 974236 945304 6 6 6 974236 600429 0 943776 945304 973820 950488 26479660 26479684 600457 601478
713152 1610612768 974236 945304 6 6 973928 973820 972160 972200 973060 945664 973820 950488 26479660 26479712 600457 713152
713154 1610612768 974236 945304 6 6 973928 973820 972160 972200 973060 945664 973820 950488 26479660 26479712 600457 713154
606582 1610612768 974236 945304 6 6 973928 973820 972160 972200 973060 945664 973820 950488 26479660 26479720 600457 606582
716324 1610612768 973928 945304 6 6 973928 973820 972160 972200 973060 945664 973820 950488 26479660 26479720 606589 716324
716332 1610612768 977756 945304 6 6 973928 973820 972160 972200 973060 945664 973820 950488 26479660 26479712 606589 716332
701280 1610612768 977756 945304 6 6 973928 973820 972160 972200 973060 945664 973820 950488 26479660 26479712 716337 701280
701286 1610612768 977756 945304 6 18 973928 973820 972160 972200 973060 945664 973820 950488 26479660 26479708 716337 701286
701294 536870944 17 945304 6 18 973928 973820 972160 972200 973060 945664 973820 950488 26479660 26479712 716337 701294
716336 536870944 17 945304 6 18 973928 973820 972160 972200 973060 945664 973820 950488 26479660 26479712 716337 716336
716350 2147483680 975580 28 6 975440 973928 973820 972160 972200 973060 945664 973820 950488 26479660 26479712 716337 716350
716352 2147483680 975580 28 6 975440 973928 973820 972160 972200 973060 945664 973820 950488 26479660 26479712 716337 716352
716360 1073741856 975580 949088 229050 0 973928 973820 972160 972200 973060 945664 973820 950488 26479660 26479712 716337 716360
716364 1073741856 975580 943776 945416 0 973928 973820 972160 972200 973060 945664 973820 950488 26479660 26479712 716337 716364
601352 1073741856 975580 943776 945416 0 973928 973820 972160 972200 973060 945664 973820 950488 26479660 26479712 716369 601352
601362 1073741856 975580 943776 945416 0 973928 975580 944432 972200 973060 945664 973820 950488 26479660 26479640 716369 601362
601376 1073741856 945416 0 945416 0 0 975580 944432 972200 943776 945664 973820 950488 26479660 26479640 16 601376
601382 1073741856 945416 0 945416 0 0 975580 944432 972200 943776 945416 973820 950488 0 26479640 16 601382
601386 1073741856 945416 0 945416 0 0 975580 944432 0 943776 945416 973820 950488 0 26479640 16 601386
601396 1073741856 945416 0 945416 945416 0 975580 939328 0 943776 945416 973820 950488 975580 26479640 16 601396
601402 32 945416 0 6 945416 0 975580 939328 0 943776 945416 973820 950488 975580 26479640 16 601402
601414 32 945416 0 6 945416 0 975580 939328 0 943776 945416 973820 950488 26479660 26479640 16 601414
601424 32 945416 0 6 945416 0 975580 600429 0 943776 945416 973820 950488 26479660 26479640 16 601424
600428 32 945416 0 6 945416 0 975580 600429 0 943776 945416 973820 950488 26479660 26479640 601427 600428
600434 32 945416 0 6 945416 0 975580 600429 0 943776 945416 973820 950488 26479660 26479584 601427 600434
596202 1610612768 945416 945416 6 945416 0 26479660 975580 945416 0 975580 6 945416 26479660 26479584 600457 596202
596242 1610612768 945416 945416 6 945416 0 26479660 975580 945416 0 975580 6 945416 26479660 26479576 600457 596242
600456 536870944 1 945416 6 945416 0 26479660 975580 945416 0 975580 6 945416 26479660 26479584 600457 600456
600472 1610612768 1 945416 6 945416 1 26479660 975580 945416 0 975580 6 945416 26479660 26479584 600457 600472
601426 1610612768 0 945416 6 945416 0 975580 600429 0 943776 945416 973820 950488 26479660 26479640 600457 601426
601430 1610612768 975580 945416 6 945416 0 975580 600429 0 943776 945416 973820 950488 26479660 26479640 600457 601430
601478 1610612768 975580 945416 6 6 6 975580 600429 0 943776 945416 973820 950488 26479660 26479684 600457 601478
606588 32 1 945416 6 6 973928 973820 972160 972200 973060 945664 973820 950488 26479660 26479720 600457 606588
606590 32 1 945416 6 6 973928 973820 972160 972200 973060 945664 973820 950488 26479660 26479720 600457 606590
713176 32 973928 945416 6 6 973928 973820 972160 972200 973060 945664 973820 950488 26479660 26479720 606597 713176
713184 32 977756 945416 6 6 973928 973820 972160 972200 973060 945664 973820 950488 26479660 26479712 606597 713184
701280 32 977756 945416 6 6 973928 973820 972160 972200 973060 945664 973820 950488 26479660 26479712 713189 701280
701286 32 977756 945416 6 18 973928 973820 972160 972200 973060 945664 973820 950488 26479660 26479708 713189 701286
701294 536870944 17 945416 6 18 973928 973820 972160 972200 973060 945664 973820 950488 26479660 26479712 713189 701294
713188 536870944 17 945416 6 18 973928 973820 972160 972200 973060 945664 973820 950488 26479660 26479712 713189 713188
713202 2147483680 975580 28 6 975440 973928 973820 972160 972200 973060 945664 973820 950488 26479660 26479712 713189 713202
713204 2147483680 975580 28 6 975440 973928 973820 972160 972200 973060 945664 973820 950488 26479660 26479712 713189 713204
713212 1073741856 975580 949088 232198 0 973928 973820 972160 972200 973060 945664 973820 950488 26479660 26479712 713189 713212
713216 1073741856 975580 943776 945416 0 973928 973820 972160 972200 973060 945664 973820 950488 26479660 26479712 713189 713216
601352 1073741856 975580 943776 945416 0 973928 973820 972160 972200 973060 945664 973820 950488 26479660 26479712 713221 601352
601362 1073741856 975580 943776 945416 0 973928 975580 944432 972200 973060 945664 973820 950488 26479660 26479640 713221 601362
601376 1073741856 945416 0 945416 0 0 975580 944432 972200 943776 945664 973820 950488 26479660 26479640 16 601376
601382 1073741856 945416 0 945416 0 0 975580 944432 972200 943776 945416 973820 950488 0 26479640 16 601382
601386 1073741856 945416 0 945416 0 0 975580 944432 0 943776 945416 973820 950488 0 26479640 16 601386
601396 1073741856 945416 0 945416 945416 0 975580 939328 0 943776 945416 973820 950488 975580 26479640 16 601396
601402 32 945416 0 6 945416 0 975580 939328 0 943776 945416 973820 950488 975580 26479640 16 601402
601414 32 945416 0 6 945416 0 975580 939328 0 943776 945416 973820 950488 26479660 26479640 16 601414
601424 32 945416 0 6 945416 0 975580 600429 0 943776 945416 973820 950488 26479660 26479640 16 601424
600428 32 945416 0 6 945416 0 975580 600429 0 943776 945416 973820 950488 26479660 26479640 601427 600428
600434 32 945416 0 6 945416 0 975580 600429 0 943776 945416 973820 950488 26479660 26479584 601427 600434
596202 1610612768 945416 945416 6 945416 0 26479660 975580 945416 0 975580 6 945416 26479660 26479584 600457 596202
596242 1610612768 945416 945416 6 945416 0 26479660 975580 945416 0 975580 6 945416 26479660 26479576 600457 596242
600456 536870944 1 945416 6 945416 0 26479660 975580 945416 0 975580 6 945416 26479660 26479584 600457 600456
600472 1610612768 1 945416 6 945416 1 26479660 975580 945416 0 975580 6 945416 26479660 26479584 600457 600472
601426 1610612768 0 945416 6 945416 0 975580 600429 0 943776 945416 973820 950488 26479660 26479640 600457 601426
601430 1610612768 975580 945416 6 945416 0 975580 600429 0 943776 945416 973820 950488 26479660 26479640 600457 601430
601478 1610612768 975580 945416 6 6 6 975580 600429 0 943776 945416 973820 950488 26479660 26479684 600457 601478
713220 1610612768 975580 945416 6 6 973928 973820 972160 972200 973060 945664 973820 950488 26479660 26479712 600457 713220
713222 1610612768 975580 945416 6 6 973928 973820 972160 972200 973060 945664 973820 950488 26479660 26479712 600457 713222
606600 1610612768 975580 945416 6 6 973928 973820 972160 972200 973060 945664 973820 950488 26479660 26479720 600457 606600
606758 2147483680 975580 945416 6 974152 973820 4293995137 972160 972200 973060 945664 973820 950488 26479660 26479736 600457 606758
603890 2147483680 975580 945416 6 0 949572 973816 972160 972200 973060 945664 973820 950488 26479660 26479752 600457 603890
603896 2147483680 975580 945416 6 4294966768 949572 973816 972160 972200 973060 945664 972664 950488 26479660 26479752 600457 603896
603902 2147483680 975580 945416 6 972668 949572 973816 972160 972200 973060 945664 972664 950488 26479660 26479752 600457 603902
612328 2147483680 972668 945416 6 972668 949572 973816 972160 972200 973060 945664 972664 950488 26479660 26479752 603909 612328
612348 32 972776 0 6 972712 972668 972704 940384 972200 973060 945664 972664 950488 26479660 26479736 603909 612348
612386 1610612768 972776 0 0 972776 972668 972704 940392 972200 973060 945664 972664 950488 26479660 26479736 603909 612386
612392 536870944 972776 0 0 8 972668 972704 940392 972200 973060 945664 972664 950488 26479660 26479736 603909 612392
691896 536870944 972776 0 0 8 972668 972704 940392 972200 973060 945664 972664 950488 26479660 26479736 612397 691896
691902 1610612768 972776 0 0 0 972668 972704 940392 972200 973060 945664 972664 950488 26479660 26479720 612397 691902
691824 1610612768 972776 0 0 0 972776 972704 940392 972200 973060 945664 972664 950488 26479660 26479720 691909 691824
691832 1610612768 949356 4294967237 0 0 972776 972704 940392 972200 973060 945664 972664 950488 26479660 26479704 691909 691832
691838 1610612768 977668 691781 0 0 257502 972704 940392 972200 973060 945664 972664 950488 26479660 26479704 691909 691838
290972 1610612736 977668 691781 0 0 257502 972704 940392 972200 973060 945664 972664 950488 26479660 26479704 691843 290972
691844 1610612768 0 0 0 0 949348 972704 940392 972200 973060 945664 972664 950488 950104 26479704 691843 691844
691850 1610612768 0 0 0 974152 977672 972704 940392 972200 973060 945664 972664 950488 950104 26479704 691843 691850
691908 1610612768 0 0 0 0 972776 972704 940392 972200 973060 945664 972664 950488 950104 26479720 691843 691908
691914 1610612768 0 0 0 257428 972776 949352 940392 972200 973060 945664 972664 950488 950104 26479720 691843 691914
691918 1610612768 0 0 0 949348 972776 977676 940392 972200 973060 945664 972664 950488 950104 26479720 691843 691918
691924 1610612768 0 0 974152 977672 972776 977676 940392 972200 973060 945664 972664 950488 950104 26479720 691843 691924
692004 1610612768 0 16 974152 0 972776 977676 940392 972200 973060 945664 972664 950488 950104 26479720 691843 692004
612396 1610612768 972776 16 974152 0 972668 972704 940392 972200 973060 945664 972664 950488 950104 26479736 691843 612396
603908 1610612768 972668 16 974152 0 949572 973816 972160 972200 973060 945664 972664 950488 950104 26479752 691843 603908
603926 1610612768 972668 972160 945676 945696 949572 973816 972160 972200 973060 945664 972664 950488 950104 26479752 691843 603926
603956 1610612768 972668 972160 945676 0 949572 973816 972160 972200 973060 945664 972664 950488 950104 26479752 691843 603956
606732 1610612768 972668 972160 945676 0 949572 973816 972160 972200 973060 945664 972664 950488 950104 26479752 603961 606732
686060 1610612768 972668 972160 945676 0 972668 972160 972160 972200 973060 945664 972664 950488 950104 26479736 606743 686060
686064 1610612768 972668 972160 945676 0 972668 972160 972160 972200 973060 945664 972664 950488 950104 26479712 606743 686064
686076 536870944 972668 972160 0 6 972668 26479716 972160 972200 973060 945664 972664 950488 950104 26479712 606743 686076
686084 536870944 26479716 972160 0 4098 972668 26479716 972160 972200 973060 945664 972664 950488 950104 26479712 606743 686084
691896 536870944 26479716 972160 0 4098 972668 26479716 972160 972200 973060 945664 972664 950488 950104 26479712 686089 691896
691902 1610612768 26479716 972160 0 0 972668 26479716 972160 972200 973060 945664 972664 950488 950104 26479696 686089 691902
691824 1610612768 26479716 972160 0 0 26479716 26479716 972160 972200 973060 945664 972664 950488 950104 26479696 691909 691824
691832 1610612768 949356 4294967237 0 0 26479716 26479716 972160 972200 973060 945664 972664 950488 950104 26479680 691909 691832
691838 1610612768 977668 691781 0 0 257502 26479716 972160 972200 973060 945664 972664 950488 950104 26479680 691909 691838
290972 1610612736 977668 691781 0 0 257502 26479716 972160 972200 973060 945664 972664 950488 950104 26479680 691843 290972
691844 1610612768 0 0 0 0 949348 26479716 972160 972200 973060 945664 972664 950488 950104 26479680 691843 691844
691850 1610612768 0 0 0 974152 977672 26479716 972160 972200 973060 945664 972664 950488 950104 26479680 691843 691850
691908 1610612768 0 0 0 0 26479716 26479716 972160 972200 973060 945664 972664 950488 950104 26479696 691843 691908
691914 1610612768 0 0 0 257428 26479716 949352 972160 972200 973060 945664 972664 950488 950104 26479696 691843 691914
691918 1610612768 0 0 0 949348 26479716 977676 972160 972200 973060 945664 972664 950488 950104 26479696 691843 691918
691924 1610612768 0 0 974152 977672 26479716 977676 972160 972200 973060 945664 972664 950488 950104 26479696 691843 691924
692004 1610612768 0 17 974152 0 26479716 977676 972160 972200 973060 945664 972664 950488 950104 26479696 691843 692004
686088 1610612768 26479716 17 974152 0 972668 26479716 972160 972200 973060 945664 972664 950488 950104 26479712 691843 686088
700628 1610612768 972776 26479716 974152 0 972668 26479716 972160 972200 973060 945664 972664 950488 950104 26479712 686099 700628
700638 1610612768 972776 26479716 974152 974152 972668 26479716 26479716 972200 973060 945664 972664 950488 950104 26479696 686099 700638
700658 1610612768 972776 18 0 974152 972668 972776 26479716 972200 973060 945664 972664 950488 950104 26479696 686099 700658
700686 536870944 972776 17 0 18 974152 972776 26479716 972200 973060 945664 972664 950488 950104 26479696 686099 700686
700692 536870944 972776 17 0 974152 974152 972776 26479716 972200 973060 945664 972664 950488 950104 26479696 686099 700692
686098 536870944 972776 17 0 974152 972668 26479716 972160 972200 973060 945664 972664 950488 950104 26479712 686099 686098
700720 536870944 26479716 17 0 974152 972668 26479716 972160 972200 973060 945664 972664 950488 950104 26479712 686105 700720
700752 536870944 26479716 16 0 17 974152 26479716 972160 972200 973060 945664 972664 950488 950104 26479696 686105 700752
686106 536870944 26479716 16 0 974152 972668 26479716 972160 972200 973060 945664 972664 950488 950104 26479724 686105 686106
606742 536870944 26479716 16 0 974152 972668 972160 972160 972200 973060 945664 972664 950488 950104 26479736 686105 606742
606540 536870944 972668 972776 0 974152 972668 972160 972160 972200 973060 945664 972664 950488 950104 26479736 606753 606540
715968 536870944 972776 972776 0 974152 972776 972668 972160 972200 973060 945664 972664 950488 950104 26479720 606553 715968
715978 536870944 949240 972776 0 233260 972776 972668 972160 972200 973060 945664 972664 950488 950104 26479712 606553 715978
701280 536870944 977648 972776 0 233260 972776 972668 972160 972200 973060 945664 972664 950488 950104 26479712 715985 701280
701286 536870944 977648 972776 0 15 972776 972668 972160 972200 973060 945664 972664 950488 950104 26479708 715985 701286
701294 536870944 14 972776 0 15 972776 972668 972160 972200 973060 945664 972664 950488 950104 26479712 715985 701294
715984 536870944 14 972776 0 15 972776 972668 972160 972200 973060 945664 972664 950488 950104 26479712 715985 715984
715998 2147483680 975864 28 0 975440 972776 972668 972160 972200 973060 945664 972664 950488 950104 26479712 715985 715998
716000 2147483680 975864 28 0 975440 972776 972668 972160 972200 973060 945664 972664 950488 950104 26479712 715985 716000
716008 1073741856 975864 949088 233358 0 972776 972668 972160 972200 973060 945664 972664 950488 950104 26479712 715985 716008
716012 1073741856 975864 943776 949372 0 972776 972668 972160 972200 973060 945664 972664 950488 950104 26479712 715985 716012
601352 1073741856 975864 943776 943432 0 972776 972668 972160 972200 973060 945664 972664 950488 950104 26479712 716019 601352
601362 1073741856 975864 943776 943432 0 972776 975864 943568 972200 973060 945664 972664 950488 950104 26479640 716019 601362
601376 1073741856 943432 0 943432 0 0 975864 943568 972200 943776 945664 972664 950488 950104 26479640 16 601376
601382 1073741856 943432 0 943432 0 0 975864 943568 972200 943776 943432 972664 950488 0 26479640 16 601382
601386 1073741856 943432 0 943432 0 0 975864 943568 0 943776 943432 972664 950488 0 26479640 16 601386
601396 1073741856 943432 0 943432 943432 0 975864 939328 0 943776 943432 972664 950488 975864 26479640 16 601396
601402 32 943432 0 6 943432 0 975864 939328 0 943776 943432 972664 950488 975864 26479640 16 601402
601414 32 943432 0 6 943432 0 975864 939328 0 943776 943432 972664 950488 26479660 26479640 16 601414
601424 32 943432 0 6 943432 0 975864 600429 0 943776 943432 972664 950488 26479660 26479640 16 601424
600428 32 943432 0 6 943432 0 975864 600429 0 943776 943432 972664 950488 26479660 26479640 601427 600428
600434 32 943432 0 6 943432 0 975864 600429 0 943776 943432 972664 950488 26479660 26479584 601427 600434
596202 1610612768 943432 943432 6 943432 0 26479660 975864 943432 0 975864 6 943432 26479660 26479584 600457 596202
596242 1610612768 943432 943432 6 943432 0 26479660 975864 943432 0 975864 6 943432 26479660 26479576 600457 596242
600456 536870944 1 943432 6 943432 0 26479660 975864 943432 0 975864 6 943432 26479660 26479584 600457 600456
600472 1610612768 1 943432 6 943432 1 26479660 975864 943432 0 975864 6 943432 26479660 26479584 600457 600472
601426 1610612768 0 943432 6 943432 0 975864 600429 0 943776 943432 972664 950488 26479660 26479640 600457 601426
601430 1610612768 975864 943432 6 943432 0 975864 600429 0 943776 943432 972664 950488 26479660 26479640 600457 601430
601478 1610612768 975864 943432 6 6 6 975864 600429 0 943776 943432 972664 950488 26479660 26479684 600457 601478
606552 32 1 943432 6 6 972776 972668 972160 972200 973060 945664 972664 950488 26479660 26479720 600457 606552
606554 32 1 943432 6 6 972776 972668 972160 972200 973060 945664 972664 950488 26479660 26479720 600457 606554
711076 32 972776 943432 6 6 972776 972668 972160 972200 973060 945664 972664 950488 26479660 26479720 606561 711076
711086 32 949240 943432 6 238152 972776 972668 972160 972200 973060 945664 972664 950488 26479660 26479712 606561 711086
701280 32 977648 943432 6 238152 972776 972668 972160 972200 973060 945664 972664 950488 26479660 26479712 711093 701280
701286 32 977648 943432 6 15 972776 972668 972160 972200 973060 945664 972664 950488 26479660 26479708 711093 701286
701294 536870944 14 943432 6 15 972776 972668 972160 972200 973060 945664 972664 950488 26479660 26479712 711093 701294
711092 536870944 14 943432 6 15 972776 972668 972160 972200 973060 945664 972664 950488 26479660 26479712 711093 711092
711106 2147483680 975864 28 6 975440 972776 972668 972160 972200 973060 945664 972664 950488 26479660 26479712 711093 711106
711108 2147483680 975864 28 6 975440 972776 972668 972160 972200 973060 945664 972664 950488 26479660 26479712 711093 711108
711116 1073741856 975864 949088 238250 0 972776 972668 972160 972200 973060 945664 972664 950488 26479660 26479712 711093 711116
711120 1073741856 975864 943776 949372 0 972776 972668 972160 972200 973060 945664 972664 950488 26479660 26479712 711093 711120
601352 1073741856 975864 943776 943432 0 972776 972668 972160 972200 973060 945664 972664 950488 26479660 26479712 711127 601352
601362 1073741856 975864 943776 943432 0 972776 975864 943568 972200 973060 945664 972664 950488 26479660 26479640 711127 601362
601376 1073741856 943432 0 943432 0 0 975864 943568 972200 943776 945664 972664 950488 26479660 26479640 16 601376
601382 1073741856 943432 0 943432 0 0 975864 943568 972200 943776 943432 972664 950488 0 26479640 16 601382
601386 1073741856 943432 0 943432 0 0 975864 943568 0 943776 943432 972664 950488 0 26479640 16 601386
601396 1073741856 943432 0 943432 943432 0 975864 939328 0 943776 943432 972664 950488 975864 26479640 16 601396
601402 32 943432 0 6 943432 0 975864 939328 0 943776 943432 972664 950488 975864 26479640 16 601402
601414 32 943432 0 6 943432 0 975864 939328 0 943776 943432 972664 950488 26479660 26479640 16 601414
601424 32 943432 0 6 943432 0 975864 600429 0 943776 943432 972664 950488 26479660 26479640 16 601424
600428 32 943432 0 6 943432 0 975864 600429 0 943776 943432 972664 950488 26479660 26479640 601427 600428
600434 32 943432 0 6 943432 0 975864 600429 0 943776 943432 972664 950488 26479660 26479584 601427 600434
596202 1610612768 943432 943432 6 943432 0 26479660 975864 943432 0 975864 6 943432 26479660 26479584 600457 596202
596242 1610612768 943432 943432 6 943432 0 26479660 975864 943432 0 975864 6 943432 26479660 26479576 600457 596242
600456 536870944 1 943432 6 943432 0 26479660 975864 943432 0 975864 6 943432 26479660 26479584 600457 600456
600472 1610612768 1 943432 6 943432 1 26479660 975864 943432 0 975864 6 943432 26479660 26479584 600457 600472
601426 1610612768 0 943432 6 943432 0 975864 600429 0 943776 943432 972664 950488 26479660 26479640 600457 601426
601430 1610612768 975864 943432 6 943432 0 975864 600429 0 943776 943432 972664 950488 26479660 26479640 600457 601430
601478 1610612768 975864 943432 6 6 6 975864 600429 0 943776 943432 972664 950488 26479660 26479684 600457 601478
711126 1610612768 975864 943432 6 6 972776 972668 972160 972200 973060 945664 972664 950488 26479660 26479712 600457 711126
711128 1610612768 975864 943432 6 6 972776 972668 972160 972200 973060 945664 972664 950488 26479660 26479712 600457 711128
606564 1610612768 975864 943432 6 6 972776 972668 972160 972200 973060 945664 972664 950488 26479660 26479720 600457 606564
716256 1610612768 972776 943432 6 6 972776 972668 972160 972200 973060 945664 972664 950488 26479660 26479720 606571 716256
716264 1610612768 977752 943432 6 6 972776 972668 972160 972200 973060 945664 972664 950488 26479660 26479712 606571 716264
701280 1610612768 977752 943432 6 6 972776 972668 972160 972200 973060 945664 972664 950488 26479660 26479712 716269 701280
701286 1610612768 977752 943432 6 19 972776 972668 972160 972200 973060 945664 972664 950488 26479660 26479708 716269 701286
701294 536870944 18 943432 6 19 972776 972668 972160 972200 973060 945664 972664 950488 26479660 26479712 716269 701294
716268 536870944 18 943432 6 19 972776 972668 972160 972200 973060 945664 972664 950488 26479660 26479712 716269 716268
716282 2147483680 974236 28 6 975440 972776 972668 972160 972200 973060 945664 972664 950488 26479660 26479712 716269 716282
716284 2147483680 974236 28 6 975440 972776 972668 972160 972200 973060 945664 972664 950488 26479660 26479712 716269 716284
716292 1073741856 974236 949088 229006 0 972776 972668 972160 972200 973060 945664 972664 950488 26479660 26479712 716269 716292
716296 1073741856 974236 943776 945304 0 972776 972668 972160 972200 973060 945664 972664 950488 26479660 26479712 716269 716296
601352 1073741856 974236 943776 945304 0 972776 972668 972160 972200 973060 945664 972664 950488 26479660 26479712 716301 601352
601362 1073741856 974236 943776 945304 0 972776 974236 944496 972200 973060 945664 972664 950488 26479660 26479640 716301 601362
601376 1073741856 945304 0 945304 0 0 974236 944496 972200 943776 945664 972664 950488 26479660 26479640 16 601376
601382 1073741856 945304 0 945304 0 0 974236 944496 972200 943776 945304 972664 950488 0 26479640 16 601382
601386 1073741856 945304 0 945304 0 0 974236 944496 0 943776 945304 972664 950488 0 26479640 16 601386
601396 1073741856 945304 0 945304 945304 0 974236 939328 0 943776 945304 972664 950488 974236 26479640 16 601396
601402 32 945304 0 6 945304 0 974236 939328 0 943776 945304 972664 950488 974236 26479640 16 601402
601414 32 945304 0 6 945304 0 974236 939328 0 943776 945304 972664 950488 26479660 26479640 16 601414
601424 32 945304 0 6 945304 0 974236 600429 0 943776 945304 972664 950488 26479660 26479640 16 601424
600428 32 945304 0 6 945304 0 974236 600429 0 943776 945304 972664 950488 26479660 26479640 601427 600428
600434 32 945304 0 6 945304 0 974236 600429 0 943776 945304 972664 950488 26479660 26479584 601427 600434
596202 1610612768 945304 945304 6 945304 0 26479660 974236 945304 0 974236 6 945304 26479660 26479584 600457 596202
596242 1610612768 945304 945304 6 945304 0 26479660 974236 945304 0 974236 6 945304 26479660 26479576 600457 596242
600456 536870944 1 945304 6 945304 0 26479660 974236 945304 0 974236 6 945304 26479660 26479584 600457 600456
600472 1610612768 1 945304 6 945304 1 26479660 974236 945304 0 974236 6 945304 26479660 26479584 600457 600472
601426 1610612768 0 945304 6 945304 0 974236 600429 0 943776 945304 972664 950488 26479660 26479640 600457 601426
601430 1610612768 974236 945304 6 945304 0 974236 600429 0 943776 945304 972664 950488 26479660 26479640 600457 601430
601478 1610612768 974236 945304 6 6 6 974236 600429 0 943776 945304 972664 950488 26479660 26479684 600457 601478
606570 32 1 945304 6 6 972776 972668 972160 972200 973060 945664 972664 950488 26479660 26479720 600457 606570
606572 32 1 945304 6 6 972776 972668 972160 972200 973060 945664 972664 950488 26479660 26479720 600457 606572
713108 32 972776 945304 6 6 972776 972668 972160 972200 973060 945664 972664 950488 26479660 26479720 606579 713108
713116 32 977752 945304 6 6 972776 972668 972160 972200 973060 945664 972664 950488 26479660 26479712 606579 713116
701280 32 977752 945304 6 6 972776 972668 972160 972200 973060 945664 972664 950488 26479660 26479712 713121 701280
701286 32 977752 945304 6 19 972776 972668 972160 972200 973060 945664 972664 950488 26479660 26479708 713121 701286
701294 536870944 18 945304 6 19 972776 972668 972160 972200 973060 945664 972664 950488 26479660 26479712 713121 701294
713120 536870944 18 945304 6 19 972776 972668 972160 972200 973060 945664 972664 950488 26479660 26479712 713121 713120
713134 2147483680 974236 28 6 975440 972776 972668 972160 972200 973060 945664 972664 950488 26479660 26479712 713121 713134
713136 2147483680 974236 28 6 975440 972776 972668 972160 972200 973060 945664 972664 950488 26479660 26479712 713121 713136
713144 1073741856 974236 949088 232154 0 972776 972668 972160 972200 973060 945664 972664 950488 26479660 26479712 713121 713144
713148 1073741856 974236 943776 945304 0 972776 972668 972160 972200 973060 945664 972664 950488 26479660 26479712 713121 713148
601352 1073741856 974236 943776 945304 0 972776 972668 972160 972200 973060 945664 972664 950488 26479660 26479712 713153 601352
601362 1073741856 974236 943776 945304 0 972776 974236 944496 972200 973060 945664 972664 950488 26479660 26479640 713153 601362
601376 1073741856 945304 0 945304 0 0 974236 944496 972200 943776 945664 972664 950488 26479660 26479640 16 601376
601382 1073741856 945304 0 945304 0 0 974236 944496 972200 943776 945304 972664 950488 0 26479640 16 601382
601386 1073741856 945304 0 945304 0 0 974236 944496 0 943776 945304 972664 950488 0 26479640 16 601386
601396 1073741856 945304 0 945304 945304 0 974236 939328 0 943776 945304 972664 950488 974236 26479640 16 601396
601402 32 945304 0 6 945304 0 974236 939328 0 943776 945304 972664 950488 974236 26479640 16 601402
601414 32 945304 0 6 945304 0 974236 939328 0 943776 945304 972664 950488 26479660 26479640 16 601414
601424 32 945304 0 6 945304 0 974236 600429 0 943776 945304 972664 950488 26479660 26479640 16 601424
600428 32 945304 0 6 945304 0 974236 600429 0 943776 945304 972664 950488 26479660 26479640 601427 600428
600434 32 945304 0 6 945304 0 974236 600429 0 943776 945304 972664 950488 26479660 26479584 601427 600434
596202 1610612768 945304 945304 6 945304 0 26479660 974236 945304 0 974236 6 945304 26479660 26479584 600457 596202
596242 1610612768 945304 945304 6 945304 0 26479660 974236 945304 0 974236 6 945304 26479660 26479576 600457 596242
600456 536870944 1 945304 6 945304 0 26479660 974236 945304 0 974236 6 945304 26479660 26479584 600457 600456
600472 1610612768 1 945304 6 945304 1 26479660 974236 945304 0 974236 6 945304 26479660 26479584 600457 600472
601426 1610612768 0 945304 6 945304 0 974236 600429 0 943776 945304 972664 950488 26479660 26479640 600457 601426
601430 1610612768 974236 945304 6 945304 0 974236 600429 0 943776 945304 972664 950488 26479660 26479640 600457 601430
601478 1610612768 974236 945304 6 6 6 974236 600429 0 943776 945304 972664 950488 26479660 26479684 600457 601478
713152 1610612768 974236 945304 6 6 972776 972668 972160 972200 973060 945664 972664 950488 26479660 26479712 600457 713152
713154 1610612768 974236 945304 6 6 972776 972668 972160 972200 973060 945664 972664 950488 26479660 26479712 600457 713154
606582 1610612768 974236 945304 6 6 972776 972668 972160 972200 973060 945664 972664 950488 26479660 26479720 600457 606582
716324 1610612768 972776 945304 6 6 972776 972668 972160 972200 973060 945664 972664 950488 26479660 26479720 606589 716324
716332 1610612768 977756 945304 6 6 972776 972668 972160 972200 973060 945664 972664 950488 26479660 26479712 606589 716332
701280 1610612768 977756 945304 6 6 972776 972668 972160 972200 973060 945664 972664 950488 26479660 26479712 716337 701280
701286 1610612768 977756 945304 6 18 972776 972668 972160 972200 973060 945664 972664 950488 26479660 26479708 716337 701286
701294 536870944 17 945304 6 18 972776 972668 972160 972200 973060 945664 972664 950488 26479660 26479712 716337 701294
716336 536870944 17 945304 6 18 972776 972668 972160 972200 973060 945664 972664 950488 26479660 26479712 716337 716336
716350 2147483680 975580 28 6 975440 972776 972668 972160 972200 973060 945664 972664 950488 26479660 26479712 716337 716350
716352 2147483680 975580 28 6 975440 972776 972668 972160 972200 973060 945664 972664 950488 26479660 26479712 716337 716352
716360 1073741856 975580 949088 229050 0 972776 972668 972160 972200 973060 945664 972664 950488 26479660 26479712 716337 716360
716364 1073741856 975580 943776 945416 0 972776 972668 972160 972200 973060 945664 972664 950488 26479660 26479712 716337 716364
601352 1073741856 975580 943776 945416 0 972776 972668 972160 972200 973060 945664 972664 950488 26479660 26479712 716369 601352
601362 1073741856 975580 943776 945416 0 972776 975580 944432 972200 973060 945664 972664 950488 26479660 26479640 716369 601362
601376 1073741856 945416 0 945416 0 0 975580 944432 972200 943776 945664 972664 950488 26479660 26479640 16 601376
601382 1073741856 945416 0 945416 0 0 975580 944432 972200 943776 945416 972664 950488 0 26479640 16 601382
601386 1073741856 945416 0 945416 0 0 975580 944432 0 943776 945416 972664 950488 0 26479640 16 601386
601396 1073741856 945416 0 945416 945416 0 975580 939328 0 943776 945416 972664 950488 975580 26479640 16 601396
601402 32 945416 0 6 945416 0 975580 939328 0 943776 945416 972664 950488 975580 26479640 16 601402
601414 32 945416 0 6 945416 0 975580 939328 0 943776 945416 972664 950488 26479660 26479640 16 601414
601424 32 945416 0 6 945416 0 975580 600429 0 943776 945416 972664 950488 26479660 26479640 16 601424
600428 32 945416 0 6 945416 0 975580 600429 0 943776 945416 972664 950488 26479660 26479640 601427 600428
600434 32 945416 0 6 945416 0 975580 600429 0 943776 945416 972664 950488 26479660 26479584 601427 600434
596202 1610612768 945416 945416 6 945416 0 26479660 975580 945416 0 975580 6 945416 26479660 26479584 600457 596202
596242 1610612768 945416 945416 6 945416 0 26479660 975580 945416 0 975580 6 945416 26479660 26479576 600457 596242
600456 536870944 1 945416 6 945416 0 26479660 975580 945416 0 975580 6 945416 26479660 26479584 600457 600456
600472 1610612768 1 945416 6 945416 1 26479660 975580 945416 0 975580 6 945416 26479660 26479584 600457 600472
601426 1610612768 0 945416 6 945416 0 975580 600429 0 943776 945416 972664 950488 26479660 26479640 600457 601426
601430 1610612768 975580 945416 6 945416 0 975580 600429 0 943776 945416 972664 950488 26479660 26479640 600457 601430
601478 1610612768 975580 945416 6 6 6 975580 600429 0 943776 945416 972664 950488 26479660 26479684 600457 601478
606588 32 1 945416 6 6 972776 972668 972160 972200 973060 945664 972664 950488 26479660 26479720 600457 606588
606590 32 1 945416 6 6 972776 972668 972160 972200 973060 945664 972664 950488 26479660 26479720 600457 606590
713176 32 972776 945416 6 6 972776 972668 972160 972200 973060 945664 972664 950488 26479660 26479720 606597 713176
713184 32 977756 945416 6 6 972776 972668 972160 972200 973060 945664 972664 950488 26479660 26479712 606597 713184
701280 32 977756 945416 6 6 972776 972668 972160 972200 973060 945664 972664 950488 26479660 26479712 713189 701280
701286 32 977756 945416 6 18 972776 972668 972160 972200 973060 945664 972664 950488 26479660 26479708 713189 701286
701294 536870944 17 945416 6 18 972776 972668 972160 972200 973060 945664 972664 950488 26479660 26479712 713189 701294
713188 536870944 17 945416 6 18 972776 972668 972160 972200 973060 945664 972664 950488 26479660 26479712 713189 713188
713202 2147483680 975580 28 6 975440 972776 972668 972160 972200 973060 945664 972664 950488 26479660 26479712 713189 713202
713204 2147483680 975580 28 6 975440 972776 972668 972160 972200 973060 945664 972664 950488 26479660 26479712 713189 713204
713212 1073741856 975580 949088 232198 0 972776 972668 972160 972200 973060 945664 972664 950488 26479660 26479712 713189 713212
713216 1073741856 975580 943776 945416 0 972776 972668 972160 972200 973060 945664 972664 950488 26479660 26479712 713189 713216
601352 1073741856 975580 943776 945416 0 972776 972668 972160 972200 973060 945664 972664 950488 26479660 26479712 713221 601352
601362 1073741856 975580 943776 945416 0 972776 975580 944432 972200 973060 945664 972664 950488 26479660 26479640 713221 601362
601376 1073741856 945416 0 945416 0 0 975580 944432 972200 943776 945664 972664 950488 26479660 26479640 16 601376
601382 1073741856 945416 0 945416 0 0 975580 944432 972200 943776 945416 972664 950488 0 26479640 16 601382
601386 1073741856 945416 0 945416 0 0 975580 944432 0 943776 945416 972664 950488 0 26479640 16 601386
601396 1073741856 945416 0 945416 945416 0 975580 939328 0 943776 945416 972664 950488 975580 26479640 16 601396
601402 32 945416 0 6 945416 0 975580 939328 0 943776 945416 972664 950488 975580 26479640 16 601402
601414 32 945416 0 6 945416 0 975580 939328 0 943776 945416 972664 950488 26479660 26479640 16 601414
601424 32 945416 0 6 945416 0 975580 600429 0 943776 945416 972664 950488 26479660 26479640 16 601424
600428 32 945416 0 6 945416 0 975580 600429 0 943776 945416 972664 950488 26479660 26479640 601427 600428
600434 32 945416 0 6 945416 0 975580 600429 0 943776 945416 972664 950488 26479660 26479584 601427 600434
596202 1610612768 945416 945416 6 945416 0 26479660 975580 945416 0 975580 6 945416 26479660 26479584 600457 596202
596242 1610612768 945416 945416 6 945416 0 26479660 975580 945416 0 975580 6 945416 26479660 26479576 600457 596242
600456 536870944 1 945416 6 945416 0 26479660 975580 945416 0 975580 6 945416 26479660 26479584 600457 600456
600472 1610612768 1 945416 6 945416 1 26479660 975580 945416 0 975580 6 945416 26479660 26479584 600457 600472
601426 1610612768 0 945416 6 945416 0 975580 600429 0 943776 945416 972664 950488 26479660 26479640 600457 601426
601430 1610612768 975580 945416 6 945416 0 975580 600429 0 943776 945416 972664 950488 26479660 26479640 600457 601430
601478 1610612768 975580 945416 6 6 6 975580 600429 0 943776 945416 972664 950488 26479660 26479684 600457 601478
713220 1610612768 975580 945416 6 6 972776 972668 972160 972200 973060 945664 972664 950488 26479660 26479712 600457 713220
713222 1610612768 975580 945416 6 6 972776 972668 972160 972200 973060 945664 972664 950488 26479660 26479712 600457 713222
606600 1610612768 975580 945416 6 6 972776 972668 972160 972200 973060 945664 972664 950488 26479660 26479720 600457 606600
606758 2147483680 975580 945416 6 974152 972668 4293995137 972160 972200 973060 945664 972664 950488 26479660 26479736 600457 606758
603960 2147483680 975580 945416 6 0 949572 973816 972160 972200 973060 945664 972664 950488 26479660 26479752 600457 603960
603974 2147483680 975580 945416 6 12290 949572 973816 972160 972200 973060 945664 972664 950488 26479660 26479752 600457 603974
603994 1610612768 974000 945416 2 0 949572 973816 972160 972200 973060 945664 972664 950488 26479660 26479752 600457 603994
604002 1610612768 950488 945416 2 0 949572 973816 972160 972200 973060 945664 972664 950488 26479660 26479772 600457 604002
292836 1610612768 950488 945416 2 0 950488 950492 950272 0 0 0 0 0 26479660 26479808 600457 292836
292844 1610612768 950488 948132 950272 0 950488 950492 950272 0 0 0 0 0 26479660 26479808 600457 292844
602820 1610612768 950488 604281 950272 0 950488 950492 950272 0 0 0 0 0 26479660 26479808 292851 602820
831152 1610612768 604281 950488 950272 950488 950488 950492 950272 0 0 0 0 0 26479660 26479808 292851 831152
292850 1610612768 0 0 950272 950488 950488 950492 950272 0 0 0 0 0 949584 26479808 292851 292850
292858 1610612768 950492 894240 26479812 950488 950488 950492 950272 0 0 0 0 0 949584 26479808 292851 292858
792908 1610612768 950492 894240 26479812 950488 950488 950492 950272 0 0 0 0 0 949584 26479808 292863 792908
792922 1610612768 950492 4294967295 26479812 950488 894240 950492 26479812 0 0 0 0 0 949584 26479792 292863 792922
289652 1610612736 894240 4294967295 26479812 950488 894240 950492 26479812 0 0 0 0 0 949584 26479792 792929 289652
792930 32 1 894241 26479812 950488 894240 950492 26479812 0 0 0 0 0 949664 26479792 792929 792930
792202 2147483680 894240 894241 26479812 0 894240 950492 26479812 0 0 0 0 0 949664 26479792 792943 792202
792210 2147483680 894240 894241 26479812 894241 894240 950492 26479812 0 0 0 0 0 949664 26479776 792943 792210
792214 536870944 894240 894241 26479812 894241 894240 950492 1 0 0 0 0 0 949664 26479776 792943 792214
788088 1610612768 1 0 26479812 894241 894240 950492 1 0 0 0 0 0 949664 26479776 792223 788088
788098 2147483680 1 0 26479812 1073741820 894240 950492 1 0 0 0 0 0 949664 26479776 792223 788098
788154 2147483680 0 0 30 1073741820 1 950492 1 0 0 0 0 0 949664 26479768 792223 788154
599660 2147483680 14 0 30 1073741820 1 950492 1 0 0 0 0 0 949664 26479768 788163 599660
290408 536870912 14 0 30 1073741820 14 950492 949572 0 0 0 0 0 949664 26479752 599681 290408
788162 536870944 26480656 0 30 1073741820 1 950492 1 0 0 0 0 0 949916 26479768 599681 788162
788168 1610612768 26480656 0 0 1073741820 1 950492 1 0 0 0 0 0 949916 26479768 599681 788168
792224 1610612768 26480656 0 0 1073741820 894240 950492 1 0 0 0 0 0 949916 26479776 599681 792224
792236 1610612768 26480656 0 10 26480668 894240 26480656 1 0 0 0 0 0 949916 26479776 599681 792236
792944 536870944 26480668 0 0 26480668 894240 950492 26479812 0 0 0 0 0 949916 26479792 599681 792944
292862 536870944 950492 0 0 26480668 950488 950492 950272 0 0 0 0 0 949916 26479808 599681 292862
292870 536870944 950492 948136 950272 26480668 950488 950492 950272 0 0 0 0 0 949916 26479808 599681 292870
602820 536870944 950492 788333 950272 26480668 950488 950492 950272 0 0 0 0 0 949916 26479808 292877 602820
831152 536870944 788333 950492 950272 950492 950488 950492 950272 0 0 0 0 0 949916 26479808 292877 831152
292878 536870944 0 0 950272 950492 950488 950492 950272 0 0 0 0 0 949584 26479816 292877 292878
292900 32 0 0 0 0 0 0 0 0 0 0 0 0 0 26479832 25227264 292900
292904 32 0 0 0 0 0 0 0 0 0 0 0 0 0 26479808 25227264 292904
292914 32 0 0 0 0 950496 950500 950272 0 0 0 0 0 0 26479808 25227264 292914
602956 32 950496 0 0 0 950496 950500 950272 0 0 0 0 0 0 26479808 292921 602956
602962 32 950496 0 0 0 950496 950500 950272 0 0 0 0 0 0 26479752 292921 602962
602986 32 950496 0 0 974000 949572 950500 950272 0 2 0 0 950496 0 26479752 292921 602986
603008 536870944 3 0 0 974000 949572 950500 950272 0 2 0 0 950496 0 26479752 292921 603008
603012 536870944 950496 0 0 974000 949572 950500 950272 0 2 0 0 950496 0 26479772 292921 603012
292920 536870944 950496 0 0 974000 950496 950500 950272 0 0 0 0 0 0 26479808 292921 292920
292928 536870944 950496 948132 950272 974000 950496 950500 950272 0 0 0 0 0 0 26479808 292921 292928
602820 536870944 950496 604281 950272 974000 950496 950500 950272 0 0 0 0 0 0 26479808 292935 602820
831152 536870944 604281 950496 950272 950496 950496 950500 950272 0 0 0 0 0 0 26479808 292935 831152
292934 536870944 0 0 950272 950496 950496 950500 950272 0 0 0 0 0 949584 26479808 292935 292934
292942 536870944 950500 894240 26479812 950496 950496 950500 950272 0 0 0 0 0 949584 26479808 292935 292942
792908 536870944 950500 894240 26479812 950496 950496 950500 950272 0 0 0 0 0 949584 26479808 292947 792908
792922 536870944 950500 4294967295 26479812 950496 894240 950500 26479812 0 0 0 0 0 949584 26479792 292947 792922
289652 536870912 894240 4294967295 26479812 950496 894240 950500 26479812 0 0 0 0 0 949584 26479792 792929 289652
792930 32 1 894241 26479812 950496 894240 950500 26479812 0 0 0 0 0 949664 26479792 792929 792930
792202 2147483680 894240 894241 26479812 0 894240 950500 26479812 0 0 0 0 0 949664 26479792 792943 792202
792210 2147483680 894240 894241 26479812 894241 894240 950500 26479812 0 0 0 0 0 949664 26479776 792943 792210
792214 536870944 894240 894241 26479812 894241 894240 950500 1 0 0 0 0 0 949664 26479776 792943 792214
788088 1610612768 1 0 26479812 894241 894240 950500 1 0 0 0 0 0 949664 26479776 792223 788088
788098 2147483680 1 0 26479812 1073741820 894240 950500 1 0 0 0 0 0 949664 26479776 792223 788098
788154 2147483680 0 0 30 1073741820 1 950500 1 0 0 0 0 0 949664 26479768 792223 788154
599660 2147483680 14 0 30 1073741820 1 950500 1 0 0 0 0 0 949664 26479768 788163 599660
290408 536870912 14 0 30 1073741820 14 950500 949572 0 0 0 0 0 949664 26479752 599681 290408
788162 536870944 26480680 0 30 1073741820 1 950500 1 0 0 0 0 0 949916 26479768 599681 788162
788168 1610612768 26480680 0 0 1073741820 1 950500 1 0 0 0 0 0 949916 26479768 599681 788168
792224 1610612768 26480680 0 0 1073741820 894240 950500 1 0 0 0 0 0 949916 26479776 599681 792224
792236 1610612768 26480680 0 10 26480692 894240 26480680 1 0 0 0 0 0 949916 26479776 599681 792236
792944 536870944 26480692 0 0 26480692 894240 950500 26479812 0 0 0 0 0 949916 26479792 599681 792944
292946 536870944 950500 0 0 26480692 950496 950500 950272 0 0 0 0 0 949916 26479808 599681 292946
292954 536870944 950500 948136 950272 26480692 950496 950500 950272 0 0 0 0 0 949916 26479808 599681 292954
602820 536870944 950500 788333 950272 26480692 950496 950500 950272 0 0 0 0 0 949916 26479808 292961 602820
831152 536870944 788333 950500 950272 950500 950496 950500 950272 0 0 0 0 0 949916 26479808 292961 831152
292962 536870944 0 0 950272 950500 950496 950500 950272 0 0 0 0 0 949584 26479816 292961 292962
292984 32 0 0 0 0 0 0 0 0 0 0 0 0 0 26479832 25227264 292984
292988 32 0 0 0 0 0 0 0 0 0 0 0 0 0 26479808 25227264 292988
292998 32 0 0 0 0 950504 950508 950272 0 0 0 0 0 0 26479808 25227264 292998
602956 32 950504 0 0 0 950504 950508 950272 0 0 0 0 0 0 26479808 293005 602956
602962 32 950504 0 0 0 950504 950508 950272 0 0 0 0 0 0 26479752 293005 602962
602986 32 950504 0 0 974000 949572 950508 950272 0 3 0 0 950504 0 26479752 293005 602986
603008 536870944 4 0 0 974000 949572 950508 950272 0 3 0 0 950504 0 26479752 293005 603008
603012 536870944 950504 0 0 974000 949572 950508 950272 0 3 0 0 950504 0 26479772 293005 603012
293004 536870944 950504 0 0 974000 950504 950508 950272 0 0 0 0 0 0 26479808 293005 293004
293012 536870944 950504 948132 950272 974000 950504 950508 950272 0 0 0 0 0 0 26479808 293005 293012
602820 536870944 950504 604281 950272 974000 950504 950508 950272 0 0 0 0 0 0 26479808 293019 602820
831152 536870944 604281 950504 950272 950504 950504 950508 950272 0 0 0 0 0 0 26479808 293019 831152
293018 536870944 0 0 950272 950504 950504 950508 950272 0 0 0 0 0 949584 26479808 293019 293018
293026 536870944 950508 894240 26479812 950504 950504 950508 950272 0 0 0 0 0 949584 26479808 293019 293026
792908 536870944 950508 894240 26479812 950504 950504 950508 950272 0 0 0 0 0 949584 26479808 293031 792908
792922 536870944 950508 4294967295 26479812 950504 894240 950508 26479812 0 0 0 0 0 949584 26479792 293031 792922
289652 536870912 894240 4294967295 26479812 950504 894240 950508 26479812 0 0 0 0 0 949584 26479792 792929 289652
792930 32 1 894241 26479812 950504 894240 950508 26479812 0 0 0 0 0 949664 26479792 792929 792930
792202 2147483680 894240 894241 26479812 0 894240 950508 26479812 0 0 0 0 0 949664 26479792 792943 792202
792210 2147483680 894240 894241 26479812 894241 894240 950508 26479812 0 0 0 0 0 949664 26479776 792943 792210
792214 536870944 894240 894241 26479812 894241 894240 950508 1 0 0 0 0 0 949664 26479776 792943 792214
788088 1610612768 1 0 26479812 894241 894240 950508 1 0 0 0 0 0 949664 26479776 792223 788088
788098 2147483680 1 0 26479812 1073741820 894240 950508 1 0 0 0 0 0 949664 26479776 792223 788098
788154 2147483680 0 0 30 1073741820 1 950508 1 0 0 0 0 0 949664 26479768 792223 788154
599660 2147483680 14 0 30 1073741820 1 950508 1 0 0 0 0 0 949664 26479768 788163 599660
290408 536870912 14 0 30 1073741820 14 950508 949572 0 0 0 0 0 949664 26479752 599681 290408
788162 536870944 26480704 0 30 1073741820 1 950508 1 0 0 0 0 0 949916 26479768 599681 788162
788168 1610612768 26480704 0 0 1073741820 1 950508 1 0 0 0 0 0 949916 26479768 599681 788168
792224 1610612768 26480704 0 0 1073741820 894240 950508 1 0 0 0 0 0 949916 26479776 599681 792224
792236 1610612768 26480704 0 10 26480716 894240 26480704 1 0 0 0 0 0 949916 26479776 599681 792236
792944 536870944 26480716 0 0 26480716 894240 950508 26479812 0 0 0 0 0 949916 26479792 599681 792944
293030 536870944 950508 0 0 26480716 950504 950508 950272 0 0 0 0 0 949916 26479808 599681 293030
293038 536870944 950508 948136 950272 26480716 950504 950508 950272 0 0 0 0 0 949916 26479808 599681 293038
602820 536870944 950508 788333 950272 26480716 950504 950508 950272 0 0 0 0 0 949916 26479808 293045 602820
831152 536870944 788333 950508 950272 950508 950504 950508 950272 0 0 0 0 0 949916 26479808 293045 831152
293046 536870944 0 0 950272 950508 950504 950508 950272 0 0 0 0 0 949584 26479816 293045 293046
293068 32 0 0 0 0 0 0 0 0 0 0 0 0 0 26479832 25227264 293068
293072 32 0 0 0 0 0 0 0 0 0 0 0 0 0 26479808 25227264 293072
293082 32 0 0 0 0 950512 950516 950272 0 0 0 0 0 0 26479808 25227264 293082
602956 32 950512 0 0 0 950512 950516 950272 0 0 0 0 0 0 26479808 293089 602956
602962 32 950512 0 0 0 950512 950516 950272 0 0 0 0 0 0 26479752 293089 602962
602986 32 950512 0 0 974000 949572 950516 950272 0 4 0 0 950512 0 26479752 293089 602986
603008 536870944 5 0 0 974000 949572 950516 950272 0 4 0 0 950512 0 26479752 293089 603008
603012 536870944 950512 0 0 974000 949572 950516 950272 0 4 0 0 950512 0 26479772 293089 603012
293088 536870944 950512 0 0 974000 950512 950516 950272 0 0 0 0 0 0 26479808 293089 293088
293096 536870944 950512 948132 950272 974000 950512 950516 950272 0 0 0 0 0 0 26479808 293089 293096
602820 536870944 950512 604281 950272 974000 950512 950516 950272 0 0 0 0 0 0 26479808 293103 602820
831152 536870944 604281 950512 950272 950512 950512 950516 950272 0 0 0 0 0 0 26479808 293103 831152
293102 536870944 0 0 950272 950512 950512 950516 950272 0 0 0 0 0 949584 26479808 293103 293102
293110 536870944 950516 894240 26479812 950512 950512 950516 950272 0 0 0 0 0 949584 26479808 293103 293110
792908 536870944 950516 894240 26479812 950512 950512 950516 950272 0 0 0 0 0 949584 26479808 293115 792908
792922 536870944 950516 4294967295 26479812 950512 894240 950516 26479812 0 0 0 0 0 949584 26479792 293115 792922
289652 536870912 894240 4294967295 26479812 950512 894240 950516 26479812 0 0 0 0 0 949584 26479792 792929 289652
792930 32 1 894241 26479812 950512 894240 950516 26479812 0 0 0 0 0 949664 26479792 792929 792930
792202 2147483680 894240 894241 26479812 0 894240 950516 26479812 0 0 0 0 0 949664 26479792 792943 792202
792210 2147483680 894240 894241 26479812 894241 894240 950516 26479812 0 0 0 0 0 949664 26479776 792943 792210
792214 536870944 894240 894241 26479812 894241 894240 950516 1 0 0 0 0 0 949664 26479776 792943 792214
788088 1610612768 1 0 26479812 894241 894240 950516 1 0 0 0 0 0 949664 26479776 792223 788088
788098 2147483680 1 0 26479812 1073741820 894240 950516 1 0 0 0 0 0 949664 26479776 792223 788098
788154 2147483680 0 0 30 1073741820 1 950516 1 0 0 0 0 0 949664 26479768 792223 788154
599660 2147483680 14 0 30 1073741820 1 950516 1 0 0 0 0 0 949664 26479768 788163 599660
290408 536870912 14 0 30 1073741820 14 950516 949572 0 0 0 0 0 949664 26479752 599681 290408
788162 536870944 26480728 0 30 1073741820 1 950516 1 0 0 0 0 0 949916 26479768 599681 788162
788168 1610612768 26480728 0 0 1073741820 1 950516 1 0 0 0 0 0 949916 26479768 599681 788168
792224 1610612768 26480728 0 0 1073741820 894240 950516 1 0 0 0 0 0 949916 26479776 599681 792224
792236 1610612768 26480728 0 10 26480740 894240 26480728 1 0 0 0 0 0 949916 26479776 599681 792236
792944 536870944 26480740 0 0 26480740 894240 950516 26479812 0 0 0 0 0 949916 26479792 599681 792944
293114 536870944 950516 0 0 26480740 950512 950516 950272 0 0 0 0 0 949916 26479808 599681 293114
293122 536870944 950516 948136 950272 26480740 950512 950516 950272 0 0 0 0 0 949916 26479808 599681 293122
602820 536870944 950516 788333 950272 26480740 950512 950516 950272 0 0 0 0 0 949916 26479808 293129 602820
831152 536870944 788333 950516 950272 950516 950512 950516 950272 0 0 0 0 0 949916 26479808 293129 831152
293130 536870944 0 0 950272 950516 950512 950516 950272 0 0 0 0 0 949584 26479816 293129 293130
293152 32 0 0 0 0 0 0 0 0 0 0 0 0 0 26479832 25227264 293152
293156 32 0 0 0 0 0 0 0 0 0 0 0 0 0 26479808 25227264 293156
293166 32 0 0 0 0 950520 950524 950272 0 0 0 0 0 0 26479808 25227264 293166
602956 32 950520 0 0 0 950520 950524 950272 0 0 0 0 0 0 26479808 293173 602956
602962 32 950520 0 0 0 950520 950524 950272 0 0 0 0 0 0 26479752 293173 602962
602986 32 950520 0 0 974000 949572 950524 950272 0 5 0 0 950520 0 26479752 293173 602986
603008 536870944 6 0 0 974000 949572 950524 950272 0 5 0 0 950520 0 26479752 293173 603008
603012 536870944 950520 0 0 974000 949572 950524 950272 0 5 0 0 950520 0 26479772 293173 603012
293172 536870944 950520 0 0 974000 950520 950524 950272 0 0 0 0 0 0 26479808 293173 293172
293180 536870944 950520 948132 950272 974000 950520 950524 950272 0 0 0 0 0 0 26479808 293173 293180
602820 536870944 950520 604281 950272 974000 950520 950524 950272 0 0 0 0 0 0 26479808 293187 602820
831152 536870944 604281 950520 950272 950520 950520 950524 950272 0 0 0 0 0 0 26479808 293187 831152
293186 536870944 0 0 950272 950520 950520 950524 950272 0 0 0 0 0 949584 26479808 293187 293186
293194 536870944 950524 894240 26479812 950520 950520 950524 950272 0 0 0 0 0 949584 26479808 293187 293194
792908 536870944 950524 894240 26479812 950520 950520 950524 950272 0 0 0 0 0 949584 26479808 293199 792908
792922 536870944 950524 4294967295 26479812 950520 894240 950524 26479812 0 0 0 0 0 949584 26479792 293199 792922
289652 536870912 894240 4294967295 26479812 950520 894240 950524 26479812 0 0 0 0 0 949584 26479792 792929 289652
792930 32 1 894241 26479812 950520 894240 950524 26479812 0 0 0 0 0 949664 26479792 792929 792930
792202 2147483680 894240 894241 26479812 0 894240 950524 26479812 0 0 0 0 0 949664 26479792 792943 792202
792210 2147483680 894240 894241 26479812 894241 894240 950524 26479812 0 0 0 0 0 949664 26479776 792943 792210
792214 536870944 894240 894241 26479812 894241 894240 950524 1 0 0 0 0 0 949664 26479776 792943 792214
788088 1610612768 1 0 26479812 894241 894240 950524 1 0 0 0 0 0 949664 26479776 792223 788088
788098 2147483680 1 0 26479812 1073741820 894240 950524 1 0 0 0 0 0 949664 26479776 792223 788098
788154 2147483680 0 0 30 1073741820 1 950524 1 0 0 0 0 0 949664 26479768 792223 788154
599660 2147483680 14 0 30 1073741820 1 950524 1 0 0 0 0 0 949664 26479768 788163 599660
290408 536870912 14 0 30 1073741820 14 950524 949572 0 0 0 0 0 949664 26479752 599681 290408
788162 536870944 26480752 0 30 1073741820 1 950524 1 0 0 0 0 0 949916 26479768 599681 788162
788168 1610612768 26480752 0 0 1073741820 1 950524 1 0 0 0 0 0 949916 26479768 599681 788168
792224 1610612768 26480752 0 0 1073741820 894240 950524 1 0 0 0 0 0 949916 26479776 599681 792224
792236 1610612768 26480752 0 10 26480764 894240 26480752 1 0 0 0 0 0 949916 26479776 599681 792236
792944 536870944 26480764 0 0 26480764 894240 950524 26479812 0 0 0 0 0 949916 26479792 599681 792944
293198 536870944 950524 0 0 26480764 950520 950524 950272 0 0 0 0 0 949916 26479808 599681 293198
293206 536870944 950524 948136 950272 26480764 950520 950524 950272 0 0 0 0 0 949916 26479808 599681 293206
602820 536870944 950524 788333 950272 26480764 950520 950524 950272 0 0 0 0 0 949916 26479808 293213 602820
831152 536870944 788333 950524 950272 950524 950520 950524 950272 0 0 0 0 0 949916 26479808 293213 831152
293214 536870944 0 0 950272 950524 950520 950524 950272 0 0 0 0 0 949584 26479816 293213 293214
293236 32 0 0 0 0 0 0 0 0 0 0 0 0 0 26479832 25227264 293236
293240 32 0 0 0 0 0 0 0 0 0 0 0 0 0 26479808 25227264 293240
293250 32 0 0 0 0 950528 950532 950272 0 0 0 0 0 0 26479808 25227264 293250
602956 32 950528 0 0 0 950528 950532 950272 0 0 0 0 0 0 26479808 293257 602956
602962 32 950528 0 0 0 950528 950532 950272 0 0 0 0 0 0 26479752 293257 602962
602986 32 950528 0 0 974000 949572 950532 950272 0 6 0 0 950528 0 26479752 293257 602986
603008 536870944 7 0 0 974000 949572 950532 950272 0 6 0 0 950528 0 26479752 293257 603008
603012 536870944 950528 0 0 974000 949572 950532 950272 0 6 0 0 950528 0 26479772 293257 603012
293256 536870944 950528 0 0 974000 950528 950532 950272 0 0 0 0 0 0 26479808 293257 293256
293264 536870944 950528 948132 950272 974000 950528 950532 950272 0 0 0 0 0 0 26479808 293257 293264
602820 536870944 950528 604281 950272 974000 950528 950532 950272 0 0 0 0 0 0 26479808 293271 602820
831152 536870944 604281 950528 950272 950528 950528 950532 950272 0 0 0 0 0 0 26479808 293271 831152
293270 536870944 0 0 950272 950528 950528 950532 950272 0 0 0 0 0 949584 26479808 293271 293270
293278 536870944 950532 894240 26479812 950528 950528 950532 950272 0 0 0 0 0 949584 26479808 293271 293278
792908 536870944 950532 894240 26479812 950528 950528 950532 950272 0 0 0 0 0 949584 26479808 293283 792908
792922 536870944 950532 4294967295 26479812 950528 894240 950532 26479812 0 0 0 0 0 949584 26479792 293283 792922
289652 536870912 894240 4294967295 26479812 950528 894240 950532 26479812 0 0 0 0 0 949584 26479792 792929 289652
792930 32 1 894241 26479812 950528 894240 950532 26479812 0 0 0 0 0 949664 26479792 792929 792930
792202 2147483680 894240 894241 26479812 0 894240 950532 26479812 0 0 0 0 0 949664 26479792 792943 792202
792210 2147483680 894240 894241 26479812 894241 894240 950532 26479812 0 0 0 0 0 949664 26479776 792943 792210
792214 536870944 894240 894241 26479812 894241 894240 950532 1 0 0 0 0 0 949664 26479776 792943 792214
788088 1610612768 1 0 26479812 894241 894240 950532 1 0 0 0 0 0 949664 26479776 792223 788088
788098 2147483680 1 0 26479812 1073741820 894240 950532 1 0 0 0 0 0 949664 26479776 792223 788098
788154 2147483680 0 0 30 1073741820 1 950532 1 0 0 0 0 0 949664 26479768 792223 788154
599660 2147483680 14 0 30 1073741820 1 950532 1 0 0 0 0 0 949664 26479768 788163 599660
290408 536870912 14 0 30 1073741820 14 950532 949572 0 0 0 0 0 949664 26479752 599681 290408
788162 536870944 26480776 0 30 1073741820 1 950532 1 0 0 0 0 0 949916 26479768 599681 788162
788168 1610612768 26480776 0 0 1073741820 1 950532 1 0 0 0 0 0 949916 26479768 599681 788168
792224 1610612768 26480776 0 0 1073741820 894240 950532 1 0 0 0 0 0 949916 26479776 599681 792224
792236 1610612768 26480776 0 10 26480788 894240 26480776 1 0 0 0 0 0 949916 26479776 599681 792236
792944 536870944 26480788 0 0 26480788 894240 950532 26479812 0 0 0 0 0 949916 26479792 599681 792944
293282 536870944 950532 0 0 26480788 950528 950532 950272 0 0 0 0 0 949916 26479808 599681 293282
293290 536870944 950532 948136 950272 26480788 950528 950532 950272 0 0 0 0 0 949916 26479808 599681 293290
602820 536870944 950532 788333 950272 26480788 950528 950532 950272 0 0 0 0 0 949916 26479808 293297 602820
831152 536870944 788333 950532 950272 950532 950528 950532 950272 0 0 0 0 0 949916 26479808 293297 831152
293298 536870944 0 0 950272 950532 950528 950532 950272 0 0 0 0 0 949584 26479816 293297 293298
293320 32 0 0 0 0 0 0 0 0 0 0 0 0 0 26479832 25227264 293320
293324 32 0 0 0 0 0 0 0 0 0 0 0 0 0 26479808 25227264 293324
293334 32 0 0 0 0 950536 950540 950272 0 0 0 0 0 0 26479808 25227264 293334
602956 32 950536 0 0 0 950536 950540 950272 0 0 0 0 0 0 26479808 293341 602956
602962 32 950536 0 0 0 950536 950540 950272 0 0 0 0 0 0 26479752 293341 602962
602986 32 950536 0 0 974000 949572 950540 950272 0 7 0 0 950536 0 26479752 293341 602986
603008 536870944 8 0 0 974000 949572 950540 950272 0 7 0 0 950536 0 26479752 293341 603008
603012 536870944 950536 0 0 974000 949572 950540 950272 0 7 0 0 950536 0 26479772 293341 603012
293340 536870944 950536 0 0 974000 950536 950540 950272 0 0 0 0 0 0 26479808 293341 293340
293348 536870944 950536 948132 950272 974000 950536 950540 950272 0 0 0 0 0 0 26479808 293341 293348
602820 536870944 950536 604281 950272 974000 950536 950540 950272 0 0 0 0 0 0 26479808 293355 602820
831152 536870944 604281 950536 950272 950536 950536 950540 950272 0 0 0 0 0 0 26479808 293355 831152
293354 536870944 0 0 950272 950536 950536 950540 950272 0 0 0 0 0 949584 26479808 293355 293354
293362 536870944 950540 894240 26479812 950536 950536 950540 950272 0 0 0 0 0 949584 26479808 293355 293362
792908 536870944 950540 894240 26479812 950536 950536 950540 950272 0 0 0 0 0 949584 26479808 293367 792908
792922 536870944 950540 4294967295 26479812 950536 894240 950540 26479812 0 0 0 0 0 949584 26479792 293367 792922
289652 536870912 894240 4294967295 26479812 950536 894240 950540 26479812 0 0 0 0 0 949584 26479792 792929 289652
792930 32 1 894241 26479812 950536 894240 950540 26479812 0 0 0 0 0 949664 26479792 792929 792930
792202 2147483680 894240 894241 26479812 0 894240 950540 26479812 0 0 0 0 0 949664 26479792 792943 792202
792210 2147483680 894240 894241 26479812 894241 894240 950540 26479812 0 0 0 0 0 949664 26479776 792943 792210
792214 536870944 894240 894241 26479812 894241 894240 950540 1 0 0 0 0 0 949664 26479776 792943 792214
788088 1610612768 1 0 26479812 894241 894240 950540 1 0 0 0 0 0 949664 26479776 792223 788088
788098 2147483680 1 0 26479812 1073741820 894240 950540 1 0 0 0 0 0 949664 26479776 792223 788098
788154 2147483680 0 0 30 1073741820 1 950540 1 0 0 0 0 0 949664 26479768 792223 788154
599660 2147483680 14 0 30 1073741820 1 950540 1 0 0 0 0 0 949664 26479768 788163 599660
290408 536870912 14 0 30 1073741820 14 950540 949572 0 0 0 0 0 949664 26479752 599681 290408
788162 536870944 26480800 0 30 1073741820 1 950540 1 0 0 0 0 0 949916 26479768 599681 788162
788168 1610612768 26480800 0 0 1073741820 1 950540 1 0 0 0 0 0 949916 26479768 599681 788168
792224 1610612768 26480800 0 0 1073741820 894240 950540 1 0 0 0 0 0 949916 26479776 599681 792224
792236 1610612768 26480800 0 10 26480812 894240 26480800 1 0 0 0 0 0 949916 26479776 599681 792236
792944 536870944 26480812 0 0 26480812 894240 950540 26479812 0 0 0 0 0 949916 26479792 599681 792944
293366 536870944 950540 0 0 26480812 950536 950540 950272 0 0 0 0 0 949916 26479808 599681 293366
293374 536870944 950540 948136 950272 26480812 950536 950540 950272 0 0 0 0 0 949916 26479808 599681 293374
602820 536870944 950540 788333 950272 26480812 950536 950540 950272 0 0 0 0 0 949916 26479808 293381 602820
831152 536870944 788333 950540 950272 950540 950536 950540 950272 0 0 0 0 0 949916 26479808 293381 831152
293382 536870944 0 0 950272 950540 950536 950540 950272 0 0 0 0 0 949584 26479816 293381 293382
293404 32 0 0 0 0 0 0 0 0 0 0 0 0 0 26479832 25227264 293404
293408 32 0 0 0 0 0 0 0 0 0 0 0 0 0 26479808 25227264 293408
293418 32 0 0 0 0 950544 950548 950272 0 0 0 0 0 0 26479808 25227264 293418
602956 32 950544 0 0 0 950544 950548 950272 0 0 0 0 0 0 26479808 293425 602956
602962 32 950544 0 0 0 950544 950548 950272 0 0 0 0 0 0 26479752 293425 602962
602986 32 950544 0 0 974000 949572 950548 950272 0 8 0 0 950544 0 26479752 293425 602986
603008 536870944 9 0 0 974000 949572 950548 950272 0 8 0 0 950544 0 26479752 293425 603008
603012 536870944 950544 0 0 974000 949572 950548 950272 0 8 0 0 950544 0 26479772 293425 603012
293424 536870944 950544 0 0 974000 950544 950548 950272 0 0 0 0 0 0 26479808 293425 293424
293432 536870944 950544 948132 950272 974000 950544 950548 950272 0 0 0 0 0 0 26479808 293425 293432
602820 536870944 950544 604281 950272 974000 950544 950548 950272 0 0 0 0 0 0 26479808 293439 602820
831152 536870944 604281 950544 950272 950544 950544 950548 950272 0 0 0 0 0 0 26479808 293439 831152
293438 536870944 0 0 950272 950544 950544 950548 950272 0 0 0 0 0 949584 26479808 293439 293438
293446 536870944 950548 894240 26479812 950544 950544 950548 950272 0 0 0 0 0 949584 26479808 293439 293446
792908 536870944 950548 894240 26479812 950544 950544 950548 950272 0 0 0 0 0 949584 26479808 293451 792908
792922 536870944 950548 4294967295 26479812 950544 894240 950548 26479812 0 0 0 0 0 949584 26479792 293451 792922
289652 536870912 894240 4294967295 26479812 950544 894240 950548 26479812 0 0 0 0 0 949584 26479792 792929 289652
792930 32 1 894241 26479812 950544 894240 950548 26479812 0 0 0 0 0 949664 26479792 792929 792930
792202 2147483680 894240 894241 26479812 0 894240 950548 26479812 0 0 0 0 0 949664 26479792 792943 792202
792210 2147483680 894240 894241 26479812 894241 894240 950548 26479812 0 0 0 0 0 949664 26479776 792943 792210
792214 536870944 894240 894241 26479812 894241 894240 950548 1 0 0 0 0 0 949664 26479776 792943 792214
788088 1610612768 1 0 26479812 894241 894240 950548 1 0 0 0 0 0 949664 26479776 792223 788088
788098 2147483680 1 0 26479812 1073741820 894240 950548 1 0 0 0 0 0 949664 26479776 792223 788098
788154 2147483680 0 0 30 1073741820 1 950548 1 0 0 0 0 0 949664 26479768 792223 788154
599660 2147483680 14 0 30 1073741820 1 950548 1 0 0 0 0 0 949664 26479768 788163 599660
290408 536870912 14 0 30 1073741820 14 950548 949572 0 0 0 0 0 949664 26479752 599681 290408
788162 536870944 26480824 0 30 1073741820 1 950548 1 0 0 0 0 0 949916 26479768 599681 788162
788168 1610612768 26480824 0 0 1073741820 1 950548 1 0 0 0 0 0 949916 26479768 599681 788168
792224 1610612768 26480824 0 0 1073741820 894240 950548 1 0 0 0 0 0 949916 26479776 599681 792224
792236 1610612768 26480824 0 10 26480836 894240 26480824 1 0 0 0 0 0 949916 26479776 599681 792236
792944 536870944 26480836 0 0 26480836 894240 950548 26479812 0 0 0 0 0 949916 26479792 599681 792944
293450 536870944 950548 0 0 26480836 950544 950548 950272 0 0 0 0 0 949916 26479808 599681 293450
293458 536870944 950548 948136 950272 26480836 950544 950548 950272 0 0 0 0 0 949916 26479808 599681 293458
602820 536870944 950548 788333 950272 26480836 950544 950548 950272 0 0 0 0 0 949916 26479808 293465 602820
831152 536870944 788333 950548 950272 950548 950544 950548 950272 0 0 0 0 0 949916 26479808 293465 831152
293466 536870944 0 0 950272 950548 950544 950548 950272 0 0 0 0 0 949584 26479816 293465 293466
293488 32 0 0 0 0 0 0 0 0 0 0 0 0 0 26479832 25227264 293488
293492 32 0 0 0 0 0 0 0 0 0 0 0 0 0 26479808 25227264 293492
293502 32 0 0 0 0 950552 950556 950272 0 0 0 0 0 0 26479808 25227264 293502
602956 32 950552 0 0 0 950552 950556 950272 0 0 0 0 0 0 26479808 293509 602956
602962 32 950552 0 0 0 950552 950556 950272 0 0 0 0 0 0 26479752 293509 602962
602986 32 950552 0 0 974000 949572 950556 950272 0 9 0 0 950552 0 26479752 293509 602986
603008 536870944 10 0 0 974000 949572 950556 950272 0 9 0 0 950552 0 26479752 293509 603008
603012 536870944 950552 0 0 974000 949572 950556 950272 0 9 0 0 950552 0 26479772 293509 603012
293508 536870944 950552 0 0 974000 950552 950556 950272 0 0 0 0 0 0 26479808 293509 293508
293516 536870944 950552 948132 950272 974000 950552 950556 950272 0 0 0 0 0 0 26479808 293509 293516
602820 536870944 950552 604281 950272 974000 950552 950556 950272 0 0 0 0 0 0 26479808 293523 602820
831152 536870944 604281 950552 950272 950552 950552 950556 950272 0 0 0 0 0 0 26479808 293523 831152
293522 536870944 0 0 950272 950552 950552 950556 950272 0 0 0 0 0 949584 26479808 293523 293522
293530 536870944 950556 894240 26479812 950552 950552 950556 950272 0 0 0 0 0 949584 26479808 293523 293530
792908 536870944 950556 894240 26479812 950552 950552 950556 950272 0 0 0 0 0 949584 26479808 293535 792908
792922 536870944 950556 4294967295 26479812 950552 894240 950556 26479812 0 0 0 0 0 949584 26479792 293535 792922
289652 536870912 894240 4294967295 26479812 950552 894240 950556 26479812 0 0 0 0 0 949584 26479792 792929 289652
792930 32 1 894241 26479812 950552 894240 950556 26479812 0 0 0 0 0 949664 26479792 792929 792930
792202 2147483680 894240 894241 26479812 0 894240 950556 26479812 0 0 0 0 0 949664 26479792 792943 792202
792210 2147483680 894240 894241 26479812 894241 894240 950556 26479812 0 0 0 0 0 949664 26479776 792943 792210
792214 536870944 894240 894241 26479812 894241 894240 950556 1 0 0 0 0 0 949664 26479776 792943 792214
788088 1610612768 1 0 26479812 894241 894240 950556 1 0 0 0 0 0 949664 26479776 792223 788088
788098 2147483680 1 0 26479812 1073741820 894240 950556 1 0 0 0 0 0 949664 26479776 792223 788098
788154 2147483680 0 0 30 1073741820 1 950556 1 0 0 0 0 0 949664 26479768 792223 788154
599660 2147483680 14 0 30 1073741820 1 950556 1 0 0 0 0 0 949664 26479768 788163 599660
290408 536870912 14 0 30 1073741820 14 950556 949572 0 0 0 0 0 949664 26479752 599681 290408
788162 536870944 26480848 0 30 1073741820 1 950556 1 0 0 0 0 0 949916 26479768 599681 788162
788168 1610612768 26480848 0 0 1073741820 1 950556 1 0 0 0 0 0 949916 26479768 599681 788168
792224 1610612768 26480848 0 0 1073741820 894240 950556 1 0 0 0 0 0 949916 26479776 599681 792224
792236 1610612768 26480848 0 10 26480860 894240 26480848 1 0 0 0 0 0 949916 26479776 599681 792236
792944 536870944 26480860 0 0 26480860 894240 950556 26479812 0 0 0 0 0 949916 26479792 599681 792944
293534 536870944 950556 0 0 26480860 950552 950556 950272 0 0 0 0 0 949916 26479808 599681 293534
293542 536870944 950556 948136 950272 26480860 950552 950556 950272 0 0 0 0 0 949916 26479808 599681 293542
602820 536870944 950556 788333 950272 26480860 950552 950556 950272 0 0 0 0 0 949916 26479808 293549 602820
831152 536870944 788333 950556 950272 950556 950552 950556 950272 0 0 0 0 0 949916 26479808 293549 831152
293550 536870944 0 0 950272 950556 950552 950556 950272 0 0 0 0 0 949584 26479816 293549 293550
293572 32 0 0 0 0 0 0 0 0 0 0 0 0 0 26479832 25227264 293572
293576 32 0 0 0 0 0 0 0 0 0 0 0 0 0 26479808 25227264 293576
293586 32 0 0 0 0 950560 950564 950272 0 0 0 0 0 0 26479808 25227264 293586
602956 32 950560 0 0 0 950560 950564 950272 0 0 0 0 0 0 26479808 293593 602956
602962 32 950560 0 0 0 950560 950564 950272 0 0 0 0 0 0 26479752 293593 602962
602986 32 950560 0 0 974000 949572 950564 950272 0 10 0 0 950560 0 26479752 293593 602986
603008 536870944 11 0 0 974000 949572 950564 950272 0 10 0 0 950560 0 26479752 293593 603008
603012 536870944 950560 0 0 974000 949572 950564 950272 0 10 0 0 950560 0 26479772 293593 603012
293592 536870944 950560 0 0 974000 950560 950564 950272 0 0 0 0 0 0 26479808 293593 293592
293600 536870944 950560 948132 950272 974000 950560 950564 950272 0 0 0 0 0 0 26479808 293593 293600
602820 536870944 950560 604281 950272 974000 950560 950564 950272 0 0 0 0 0 0 26479808 293607 602820
831152 536870944 604281 950560 950272 950560 950560 950564 950272 0 0 0 0 0 0 26479808 293607 831152
293606 536870944 0 0 950272 950560 950560 950564 950272 0 0 0 0 0 949584 26479808 293607 293606
293614 536870944 950564 894240 26479812 950560 950560 950564 950272 0 0 0 0 0 949584 26479808 293607 293614
792908 536870944 950564 894240 26479812 950560 950560 950564 950272 0 0 0 0 0 949584 26479808 293619 792908
792922 536870944 950564 4294967295 26479812 950560 894240 950564 26479812 0 0 0 0 0 949584 26479792 293619 792922
289652 536870912 894240 4294967295 26479812 950560 894240 950564 26479812 0 0 0 0 0 949584 26479792 792929 289652
792930 32 1 894241 26479812 950560 894240 950564 26479812 0 0 0 0 0 949664 26479792 792929 792930
792202 2147483680 894240 894241 26479812 0 894240 950564 26479812 0 0 0 0 0 949664 26479792 792943 792202
792210 2147483680 894240 894241 26479812 894241 894240 950564 26479812 0 0 0 0 0 949664 26479776 792943 792210
792214 536870944 894240 894241 26479812 894241 894240 950564 1 0 0 0 0 0 949664 26479776 792943 792214
788088 1610612768 1 0 26479812 894241 894240 950564 1 0 0 0 0 0 949664 26479776 792223 788088
788098 2147483680 1 0 26479812 1073741820 894240 950564 1 0 0 0 0 0 949664 26479776 792223 788098
788154 2147483680 0 0 30 1073741820 1 950564 1 0 0 0 0 0 949664 26479768 792223 788154
599660 2147483680 14 0 30 1073741820 1 950564 1 0 0 0 0 0 949664 26479768 788163 599660
290408 536870912 14 0 30 1073741820 14 950564 949572 0 0 0 0 0 949664 26479752 599681 290408
788162 536870944 26480872 0 30 1073741820 1 950564 1 0 0 0 0 0 949916 26479768 599681 788162
788168 1610612768 26480872 0 0 1073741820 1 950564 1 0 0 0 0 0 949916 26479768 599681 788168
792224 1610612768 26480872 0 0 1073741820 894240 950564 1 0 0 0 0 0 949916 26479776 599681 792224
792236 1610612768 26480872 0 10 26480884 894240 26480872 1 0 0 0 0 0 949916 26479776 599681 792236
792944 536870944 26480884 0 0 26480884 894240 950564 26479812 0 0 0 0 0 949916 26479792 599681 792944
293618 536870944 950564 0 0 26480884 950560 950564 950272 0 0 0 0 0 949916 26479808 599681 293618
293626 536870944 950564 948136 950272 26480884 950560 950564 950272 0 0 0 0 0 949916 26479808 599681 293626
602820 536870944 950564 788333 950272 26480884 950560 950564 950272 0 0 0 0 0 949916 26479808 293633 602820
831152 536870944 788333 950564 950272 950564 950560 950564 950272 0 0 0 0 0 949916 26479808 293633 831152
293634 536870944 0 0 950272 950564 950560 950564 950272 0 0 0 0 0 949584 26479816 293633 293634
293656 32 0 0 0 0 0 0 0 0 0 0 0 0 0 26479832 25227264 293656
293660 32 0 0 0 0 0 0 0 0 0 0 0 0 0 26479808 25227264 293660
293670 32 0 0 0 0 950568 950572 950272 0 0 0 0 0 0 26479808 25227264 293670
602956 32 950568 0 0 0 950568 950572 950272 0 0 0 0 0 0 26479808 293677 602956
602962 32 950568 0 0 0 950568 950572 950272 0 0 0 0 0 0 26479752 293677 602962
602986 32 950568 0 0 974000 949572 950572 950272 0 11 0 0 950568 0 26479752 293677 602986
603008 536870944 12 0 0 974000 949572 950572 950272 0 11 0 0 950568 0 26479752 293677 603008
603012 536870944 950568 0 0 974000 949572 950572 950272 0 11 0 0 950568 0 26479772 293677 603012
293676 536870944 950568 0 0 974000 950568 950572 950272 0 0 0 0 0 0 26479808 293677 293676
293684 536870944 950568 948132 950272 974000 950568 950572 950272 0 0 0 0 0 0 26479808 293677 293684
602820 536870944 950568 604281 950272 974000 950568 950572 950272 0 0 0 0 0 0 26479808 293691 602820
831152 536870944 604281 950568 950272 950568 950568 950572 950272 0 0 0 0 0 0 26479808 293691 831152
293690 536870944 0 0 950272 950568 950568 950572 950272 0 0 0 0 0 949584 26479808 293691 293690
293698 536870944 950572 894240 26479812 950568 950568 950572 950272 0 0 0 0 0 949584 26479808 293691 293698
792908 536870944 950572 894240 26479812 950568 950568 950572 950272 0 0 0 0 0 949584 26479808 293703 792908
792922 536870944 950572 4294967295 26479812 950568 894240 950572 26479812 0 0 0 0 0 949584 26479792 293703 792922
289652 536870912 894240 4294967295 26479812 950568 894240 950572 26479812 0 0 0 0 0 949584 26479792 792929 289652
792930 32 1 894241 26479812 950568 894240 950572 26479812 0 0 0 0 0 949664 26479792 792929 792930
792202 2147483680 894240 894241 26479812 0 894240 950572 26479812 0 0 0 0 0 949664 26479792 792943 792202
792210 2147483680 894240 894241 26479812 894241 894240 950572 26479812 0 0 0 0 0 949664 26479776 792943 792210
792214 536870944 894240 894241 26479812 894241 894240 950572 1 0 0 0 0 0 949664 26479776 792943 792214
788088 1610612768 1 0 26479812 894241 894240 950572 1 0 0 0 0 0 949664 26479776 792223 788088
788098 2147483680 1 0 26479812 1073741820 894240 950572 1 0 0 0 0 0 949664 26479776 792223 788098
788154 2147483680 0 0 30 1073741820 1 950572 1 0 0 0 0 0 949664 26479768 792223 788154
599660 2147483680 14 0 30 1073741820 1 950572 1 0 0 0 0 0 949664 26479768 788163 599660
290408 536870912 14 0 30 1073741820 14 950572 949572 0 0 0 0 0 949664 26479752 599681 290408
788162 536870944 26480896 0 30 1073741820 1 950572 1 0 0 0 0 0 949916 26479768 599681 788162
788168 1610612768 26480896 0 0 1073741820 1 950572 1 0 0 0 0 0 949916 26479768 599681 788168
792224 1610612768 26480896 0 0 1073741820 894240 950572 1 0 0 0 0 0 949916 26479776 599681 792224
792236 1610612768 26480896 0 10 26480908 894240 26480896 1 0 0 0 0 0 949916 26479776 599681 792236
792944 536870944 26480908 0 0 26480908 894240 950572 26479812 0 0 0 0 0 949916 26479792 599681 792944
293702 536870944 950572 0 0 26480908 950568 950572 950272 0 0 0 0 0 949916 26479808 599681 293702
293710 536870944 950572 948136 950272 26480908 950568 950572 950272 0 0 0 0 0 949916 26479808 599681 293710
602820 536870944 950572 788333 950272 26480908 950568 950572 950272 0 0 0 0 0 949916 26479808 293717 602820
831152 536870944 788333 950572 950272 950572 950568 950572 950272 0 0 0 0 0 949916 26479808 293717 831152
293718 536870944 0 0 950272 950572 950568 950572 950272 0 0 0 0 0 949584 26479816 293717 293718
293740 32 0 0 0 0 0 0 0 0 0 0 0 0 0 26479832 25227264 293740
293744 32 0 0 0 0 0 0 0 0 0 0 0 0 0 26479808 25227264 293744
293754 32 0 0 0 0 950576 950580 950272 0 0 0 0 0 0 26479808 25227264 293754
602956 32 950576 0 0 0 950576 950580 950272 0 0 0 0 0 0 26479808 293761 602956
602962 32 950576 0 0 0 950576 950580 950272 0 0 0 0 0 0 26479752 293761 602962
602986 32 950576 0 0 974000 949572 950580 950272 0 12 0 0 950576 0 26479752 293761 602986
603008 536870944 13 0 0 974000 949572 950580 950272 0 12 0 0 950576 0 26479752 293761 603008
603012 536870944 950576 0 0 974000 949572 950580 950272 0 12 0 0 950576 0 26479772 293761 603012
293760 536870944 950576 0 0 974000 950576 950580 950272 0 0 0 0 0 0 26479808 293761 293760
293768 536870944 950576 948132 950272 974000 950576 950580 950272 0 0 0 0 0 0 26479808 293761 293768
602820 536870944 950576 604281 950272 974000 950576 950580 950272 0 0 0 0 0 0 26479808 293775 602820
831152 536870944 604281 950576 950272 950576 950576 950580 950272 0 0 0 0 0 0 26479808 293775 831152
293774 536870944 0 0 950272 950576 950576 950580 950272 0 0 0 0 0 949584 26479808 293775 293774
293782 536870944 950580 894240 26479812 950576 950576 950580 950272 0 0 0 0 0 949584 26479808 293775 293782
792908 536870944 950580 894240 26479812 950576 950576 950580 950272 0 0 0 0 0 949584 26479808 293787 792908
792922 536870944 950580 4294967295 26479812 950576 894240 950580 26479812 0 0 0 0 0 949584 26479792 293787 792922
289652 536870912 894240 4294967295 26479812 950576 894240 950580 26479812 0 0 0 0 0 949584 26479792 792929 289652
792930 32 1 894241 26479812 950576 894240 950580 26479812 0 0 0 0 0 949664 26479792 792929 792930
792202 2147483680 894240 894241 26479812 0 894240 950580 26479812 0 0 0 0 0 949664 26479792 792943 792202
792210 2147483680 894240 894241 26479812 894241 894240 950580 26479812 0 0 0 0 0 949664 26479776 792943 792210
792214 536870944 894240 894241 26479812 894241 894240 950580 1 0 0 0 0 0 949664 26479776 792943 792214
788088 1610612768 1 0 26479812 894241 894240 950580 1 0 0 0 0 0 949664 26479776 792223 788088
788098 2147483680 1 0 26479812 1073741820 894240 950580 1 0 0 0 0 0 949664 26479776 792223 788098
788154 2147483680 0 0 30 1073741820 1 950580 1 0 0 0 0 0 949664 26479768 792223 788154
599660 2147483680 14 0 30 1073741820 1 950580 1 0 0 0 0 0 949664 26479768 788163 599660
290408 536870912 14 0 30 1073741820 14 950580 949572 0 0 0 0 0 949664 26479752 599681 290408
788162 536870944 26480920 0 30 1073741820 1 950580 1 0 0 0 0 0 949916 26479768 599681 788162
788168 1610612768 26480920 0 0 1073741820 1 950580 1 0 0 0 0 0 949916 26479768 599681 788168
792224 1610612768 26480920 0 0 1073741820 894240 950580 1 0 0 0 0 0 949916 26479776 599681 792224
792236 1610612768 26480920 0 10 26480932 894240 26480920 1 0 0 0 0 0 949916 26479776 599681 792236
792944 536870944 26480932 0 0 26480932 894240 950580 26479812 0 0 0 0 0 949916 26479792 599681 792944
293786 536870944 950580 0 0 26480932 950576 950580 950272 0 0 0 0 0 949916 26479808 599681 293786
293794 536870944 950580 948136 950272 26480932 950576 950580 950272 0 0 0 0 0 949916 26479808 599681 293794
602820 536870944 950580 788333 950272 26480932 950576 950580 950272 0 0 0 0 0 949916 26479808 293801 602820
831152 536870944 788333 950580 950272 950580 950576 950580 950272 0 0 0 0 0 949916 26479808 293801 831152
293802 536870944 0 0 950272 950580 950576 950580 950272 0 0 0 0 0 949584 26479816 293801 293802
293824 32 0 0 0 0 0 0 0 0 0 0 0 0 0 26479832 25227264 293824
293828 32 0 0 0 0 0 0 0 0 0 0 0 0 0 26479808 25227264 293828
293838 32 0 0 0 0 950584 950588 950272 0 0 0 0 0 0 26479808 25227264 293838
602956 32 950584 0 0 0 950584 950588 950272 0 0 0 0 0 0 26479808 293845 602956
602962 32 950584 0 0 0 950584 950588 950272 0 0 0 0 0 0 26479752 293845 602962
602986 32 950584 0 0 974000 949572 950588 950272 0 13 0 0 950584 0 26479752 293845 602986
603008 536870944 14 0 0 974000 949572 950588 950272 0 13 0 0 950584 0 26479752 293845 603008
603012 536870944 950584 0 0 974000 949572 950588 950272 0 13 0 0 950584 0 26479772 293845 603012
293844 536870944 950584 0 0 974000 950584 950588 950272 0 0 0 0 0 0 26479808 293845 293844
293852 536870944 950584 948132 950272 974000 950584 950588 950272 0 0 0 0 0 0 26479808 293845 293852
602820 536870944 950584 604281 950272 974000 950584 950588 950272 0 0 0 0 0 0 26479808 293859 602820
831152 536870944 604281 950584 950272 950584 950584 950588 950272 0 0 0 0 0 0 26479808 293859 831152
293858 536870944 0 0 950272 950584 950584 950588 950272 0 0 0 0 0 949584 26479808 293859 293858
293866 536870944 950588 894240 26479812 950584 950584 950588 950272 0 0 0 0 0 949584 26479808 293859 293866
792908 536870944 950588 894240 26479812 950584 950584 950588 950272 0 0 0 0 0 949584 26479808 293871 792908
792922 536870944 950588 4294967295 26479812 950584 894240 950588 26479812 0 0 0 0 0 949584 26479792 293871 792922
289652 536870912 894240 4294967295 26479812 950584 894240 950588 26479812 0 0 0 0 0 949584 26479792 792929 289652
792930 32 1 894241 26479812 950584 894240 950588 26479812 0 0 0 0 0 949664 26479792 792929 792930
792202 2147483680 894240 894241 26479812 0 894240 950588 26479812 0 0 0 0 0 949664 26479792 792943 792202
792210 2147483680 894240 894241 26479812 894241 894240 950588 26479812 0 0 0 0 0 949664 26479776 792943 792210
792214 536870944 894240 894241 26479812 894241 894240 950588 1 0 0 0 0 0 949664 26479776 792943 792214
788088 1610612768 1 0 26479812 894241 894240 950588 1 0 0 0 0 0 949664 26479776 792223 788088
788098 2147483680 1 0 26479812 1073741820 894240 950588 1 0 0 0 0 0 949664 26479776 792223 788098
788154 2147483680 0 0 30 1073741820 1 950588 1 0 0 0 0 0 949664 26479768 792223 788154
599660 2147483680 14 0 30 1073741820 1 950588 1 0 0 0 0 0 949664 26479768 788163 599660
290408 536870912 14 0 30 1073741820 14 950588 949572 0 0 0 0 0 949664 26479752 599681 290408
788162 536870944 26480944 0 30 1073741820 1 950588 1 0 0 0 0 0 949916 26479768 599681 788162
788168 1610612768 26480944 0 0 1073741820 1 950588 1 0 0 0 0 0 949916 26479768 599681 788168
792224 1610612768 26480944 0 0 1073741820 894240 950588 1 0 0 0 0 0 949916 26479776 599681 792224
792236 1610612768 26480944 0 10 26480956 894240 26480944 1 0 0 0 0 0 949916 26479776 599681 792236
792944 536870944 26480956 0 0 26480956 894240 950588 26479812 0 0 0 0 0 949916 26479792 599681 792944
293870 536870944 950588 0 0 26480956 950584 950588 950272 0 0 0 0 0 949916 26479808 599681 293870
293878 536870944 950588 948136 950272 26480956 950584 950588 950272 0 0 0 0 0 949916 26479808 599681 293878
602820 536870944 950588 788333 950272 26480956 950584 950588 950272 0 0 0 0 0 949916 26479808 293885 602820
831152 536870944 788333 950588 950272 950588 950584 950588 950272 0 0 0 0 0 949916 26479808 293885 831152
293886 536870944 0 0 950272 950588 950584 950588 950272 0 0 0 0 0 949584 26479816 293885 293886
293908 32 0 0 0 0 0 0 0 0 0 0 0 0 0 26479832 25227264 293908
293912 32 0 0 0 0 0 0 0 0 0 0 0 0 0 26479808 25227264 293912
293922 32 0 0 0 0 950592 950596 950272 0 0 0 0 0 0 26479808 25227264 293922
602956 32 950592 0 0 0 950592 950596 950272 0 0 0 0 0 0 26479808 293929 602956
602962 32 950592 0 0 0 950592 950596 950272 0 0 0 0 0 0 26479752 293929 602962
602986 32 950592 0 0 974000 949572 950596 950272 0 14 0 0 950592 0 26479752 293929 602986
603008 536870944 15 0 0 974000 949572 950596 950272 0 14 0 0 950592 0 26479752 293929 603008
603012 536870944 950592 0 0 974000 949572 950596 950272 0 14 0 0 950592 0 26479772 293929 603012
293928 536870944 950592 0 0 974000 950592 950596 950272 0 0 0 0 0 0 26479808 293929 293928
293936 536870944 950592 948132 950272 974000 950592 950596 950272 0 0 0 0 0 0 26479808 293929 293936
602820 536870944 950592 604281 950272 974000 950592 950596 950272 0 0 0 0 0 0 26479808 293943 602820
831152 536870944 604281 950592 950272 950592 950592 950596 950272 0 0 0 0 0 0 26479808 293943 831152
293942 536870944 0 0 950272 950592 950592 950596 950272 0 0 0 0 0 949584 26479808 293943 293942
293950 536870944 950596 894240 26479812 950592 950592 950596 950272 0 0 0 0 0 949584 26479808 293943 293950
792908 536870944 950596 894240 26479812 950592 950592 950596 950272 0 0 0 0 0 949584 26479808 293955 792908
792922 536870944 950596 4294967295 26479812 950592 894240 950596 26479812 0 0 0 0 0 949584 26479792 293955 792922
289652 536870912 894240 4294967295 26479812 950592 894240 950596 26479812 0 0 0 0 0 949584 26479792 792929 289652
792930 32 1 894241 26479812 950592 894240 950596 26479812 0 0 0 0 0 949664 26479792 792929 792930
792202 2147483680 894240 894241 26479812 0 894240 950596 26479812 0 0 0 0 0 949664 26479792 792943 792202
792210 2147483680 894240 894241 26479812 894241 894240 950596 26479812 0 0 0 0 0 949664 26479776 792943 792210
792214 536870944 894240 894241 26479812 894241 894240 950596 1 0 0 0 0 0 949664 26479776 792943 792214
788088 1610612768 1 0 26479812 894241 894240 950596 1 0 0 0 0 0 949664 26479776 792223 788088
788098 2147483680 1 0 26479812 1073741820 894240 950596 1 0 0 0 0 0 949664 26479776 792223 788098
788154 2147483680 0 0 30 1073741820 1 950596 1 0 0 0 0 0 949664 26479768 792223 788154
599660 2147483680 14 0 30 1073741820 1 950596 1 0 0 0 0 0 949664 26479768 788163 599660
290408 536870912 14 0 30 1073741820 14 950596 949572 0 0 0 0 0 949664 26479752 599681 290408
788162 536870944 26480968 0 30 1073741820 1 950596 1 0 0 0 0 0 949916 26479768 599681 788162
788168 1610612768 26480968 0 0 1073741820 1 950596 1 0 0 0 0 0 949916 26479768 599681 788168
792224 1610612768 26480968 0 0 1073741820 894240 950596 1 0 0 0 0 0 949916 26479776 599681 792224
792236 1610612768 26480968 0 10 26480980 894240 26480968 1 0 0 0 0 0 949916 26479776 599681 792236
792944 536870944 26480980 0 0 26480980 894240 950596 26479812 0 0 0 0 0 949916 26479792 599681 792944
293954 536870944 950596 0 0 26480980 950592 950596 950272 0 0 0 0 0 949916 26479808 599681 293954
293962 536870944 950596 948136 950272 26480980 950592 950596 950272 0 0 0 0 0 949916 26479808 599681 293962
602820 536870944 950596 788333 950272 26480980 950592 950596 950272 0 0 0 0 0 949916 26479808 293969 602820
831152 536870944 788333 950596 950272 950596 950592 950596 950272 0 0 0 0 0 949916 26479808 293969 831152
293970 536870944 0 0 950272 950596 950592 950596 950272 0 0 0 0 0 949584 26479816 293969 293970
293992 32 0 0 0 0 0 0 0 0 0 0 0 0 0 26479832 25227264 293992
293996 32 0 0 0 0 0 0 0 0 0 0 0 0 0 26479808 25227264 293996
294006 32 0 0 0 0 950600 950604 950272 0 0 0 0 0 0 26479808 25227264 294006
602956 32 950600 0 0 0 950600 950604 950272 0 0 0 0 0 0 26479808 294013 602956
602962 32 950600 0 0 0 950600 950604 950272 0 0 0 0 0 0 26479752 294013 602962
602986 32 950600 0 0 974000 949572 950604 950272 0 15 0 0 950600 0 26479752 294013 602986
603008 536870944 16 0 0 974000 949572 950604 950272 0 15 0 0 950600 0 26479752 294013 603008
603012 536870944 950600 0 0 974000 949572 950604 950272 0 15 0 0 950600 0 26479772 294013 603012
294012 536870944 950600 0 0 974000 950600 950604 950272 0 0 0 0 0 0 26479808 294013 294012
294020 536870944 950600 948132 950272 974000 950600 950604 950272 0 0 0 0 0 0 26479808 294013 294020
602820 536870944 950600 604281 950272 974000 950600 950604 950272 0 0 0 0 0 0 26479808 294027 602820
831152 536870944 604281 950600 950272 950600 950600 950604 950272 0 0 0 0 0 0 26479808 294027 831152
294026 536870944 0 0 950272 950600 950600 950604 950272 0 0 0 0 0 949584 26479808 294027 294026
294034 536870944 950604 894240 26479812 950600 950600 950604 950272 0 0 0 0 0 949584 26479808 294027 294034
792908 536870944 950604 894240 26479812 950600 950600 950604 950272 0 0 0 0 0 949584 26479808 294039 792908
792922 536870944 950604 4294967295 26479812 950600 894240 950604 26479812 0 0 0 0 0 949584 26479792 294039 792922
289652 536870912 894240 4294967295 26479812 950600 894240 950604 26479812 0 0 0 0 0 949584 26479792 792929 289652
792930 32 1 894241 26479812 950600 894240 950604 26479812 0 0 0 0 0 949664 26479792 792929 792930
792202 2147483680 894240 894241 26479812 0 894240 950604 26479812 0 0 0 0 0 949664 26479792 792943 792202
792210 2147483680 894240 894241 26479812 894241 894240 950604 26479812 0 0 0 0 0 949664 26479776 792943 792210
792214 536870944 894240 894241 26479812 894241 894240 950604 1 0 0 0 0 0 949664 26479776 792943 792214
788088 1610612768 1 0 26479812 894241 894240 950604 1 0 0 0 0 0 949664 26479776 792223 788088
788098 2147483680 1 0 26479812 1073741820 894240 950604 1 0 0 0 0 0 949664 26479776 792223 788098
788154 2147483680 0 0 30 1073741820 1 950604 1 0 0 0 0 0 949664 26479768 792223 788154
599660 2147483680 14 0 30 1073741820 1 950604 1 0 0 0 0 0 949664 26479768 788163 599660
290408 536870912 14 0 30 1073741820 14 950604 949572 0 0 0 0 0 949664 26479752 599681 290408
788162 536870944 26480992 0 30 1073741820 1 950604 1 0 0 0 0 0 949916 26479768 599681 788162
788168 1610612768 26480992 0 0 1073741820 1 950604 1 0 0 0 0 0 949916 26479768 599681 788168
792224 1610612768 26480992 0 0 1073741820 894240 950604 1 0 0 0 0 0 949916 26479776 599681 792224
792236 1610612768 26480992 0 10 26481004 894240 26480992 1 0 0 0 0 0 949916 26479776 599681 792236
792944 536870944 26481004 0 0 26481004 894240 950604 26479812 0 0 0 0 0 949916 26479792 599681 792944
294038 536870944 950604 0 0 26481004 950600 950604 950272 0 0 0 0 0 949916 26479808 599681 294038
294046 536870944 950604 948136 950272 26481004 950600 950604 950272 0 0 0 0 0 949916 26479808 599681 294046
602820 536870944 950604 788333 950272 26481004 950600 950604 950272 0 0 0 0 0 949916 26479808 294053 602820
831152 536870944 788333 950604 950272 950604 950600 950604 950272 0 0 0 0 0 949916 26479808 294053 831152
294054 536870944 0 0 950272 950604 950600 950604 950272 0 0 0 0 0 949584 26479816 294053 294054
294076 32 0 0 0 0 0 0 0 0 0 0 0 0 0 26479832 25227264 294076
294080 32 0 0 0 0 0 0 0 0 0 0 0 0 0 26479808 25227264 294080
294090 32 0 0 0 0 950608 950612 950272 0 0 0 0 0 0 26479808 25227264 294090
602956 32 950608 0 0 0 950608 950612 950272 0 0 0 0 0 0 26479808 294097 602956
602962 32 950608 0 0 0 950608 950612 950272 0 0 0 0 0 0 26479752 294097 602962
602986 32 950608 0 0 974000 949572 950612 950272 0 16 0 0 950608 0 26479752 294097 602986
603008 536870944 17 0 0 974000 949572 950612 950272 0 16 0 0 950608 0 26479752 294097 603008
603012 536870944 950608 0 0 974000 949572 950612 950272 0 16 0 0 950608 0 26479772 294097 603012
294096 536870944 950608 0 0 974000 950608 950612 950272 0 0 0 0 0 0 26479808 294097 294096
294104 536870944 950608 948132 950272 974000 950608 950612 950272 0 0 0 0 0 0 26479808 294097 294104
602820 536870944 950608 604281 950272 974000 950608 950612 950272 0 0 0 0 0 0 26479808 294111 602820
831152 536870944 604281 950608 950272 950608 950608 950612 950272 0 0 0 0 0 0 26479808 294111 831152
294110 536870944 0 0 950272 950608 950608 950612 950272 0 0 0 0 0 949584 26479808 294111 294110
294118 536870944 950612 894240 26479812 950608 950608 950612 950272 0 0 0 0 0 949584 26479808 294111 294118
792908 536870944 950612 894240 26479812 950608 950608 950612 950272 0 0 0 0 0 949584 26479808 294123 792908
792922 536870944 950612 4294967295 26479812 950608 894240 950612 26479812 0 0 0 0 0 949584 26479792 294123 792922
289652 536870912 894240 4294967295 26479812 950608 894240 950612 26479812 0 0 0 0 0 949584 26479792 792929 289652
792930 32 1 894241 26479812 950608 894240 950612 26479812 0 0 0 0 0 949664 26479792 792929 792930
792202 2147483680 894240 894241 26479812 0 894240 950612 26479812 0 0 0 0 0 949664 26479792 792943 792202
792210 2147483680 894240 894241 26479812 894241 894240 950612 26479812 0 0 0 0 0 949664 26479776 792943 792210
792214 536870944 894240 894241 26479812 894241 894240 950612 1 0 0 0 0 0 949664 26479776 792943 792214
788088 1610612768 1 0 26479812 894241 894240 950612 1 0 0 0 0 0 949664 26479776 792223 788088
788098 2147483680 1 0 26479812 1073741820 894240 950612 1 0 0 0 0 0 949664 26479776 792223 788098
788154 2147483680 0 0 30 1073741820 1 950612 1 0 0 0 0 0 949664 26479768 792223 788154
599660 2147483680 14 0 30 1073741820 1 950612 1 0 0 0 0 0 949664 26479768 788163 599660
290408 536870912 14 0 30 1073741820 14 950612 949572 0 0 0 0 0 949664 26479752 599681 290408
788162 536870944 26481016 0 30 1073741820 1 950612 1 0 0 0 0 0 949916 26479768 599681 788162
788168 1610612768 26481016 0 0 1073741820 1 950612 1 0 0 0 0 0 949916 26479768 599681 788168
792224 1610612768 26481016 0 0 1073741820 894240 950612 1 0 0 0 0 0 949916 26479776 599681 792224
792236 1610612768 26481016 0 10 26481028 894240 26481016 1 0 0 0 0 0 949916 26479776 599681 792236
792944 536870944 26481028 0 0 26481028 894240 950612 26479812 0 0 0 0 0 949916 26479792 599681 792944
294122 536870944 950612 0 0 26481028 950608 950612 950272 0 0 0 0 0 949916 26479808 599681 294122
294130 536870944 950612 948136 950272 26481028 950608 950612 950272 0 0 0 0 0 949916 26479808 599681 294130
602820 536870944 950612 788333 950272 26481028 950608 950612 950272 0 0 0 0 0 949916 26479808 294137 602820
831152 536870944 788333 950612 950272 950612 950608 950612 950272 0 0 0 0 0 949916 26479808 294137 831152
294138 536870944 0 0 950272 950612 950608 950612 950272 0 0 0 0 0 949584 26479816 294137 294138
294160 32 0 0 0 0 0 0 0 0 0 0 0 0 0 26479832 25227264 294160
294164 32 0 0 0 0 0 0 0 0 0 0 0 0 0 26479808 25227264 294164
294174 32 0 0 0 0 950616 950620 950272 0 0 0 0 0 0 26479808 25227264 294174
602956 32 950616 0 0 0 950616 950620 950272 0 0 0 0 0 0 26479808 294181 602956
602962 32 950616 0 0 0 950616 950620 950272 0 0 0 0 0 0 26479752 294181 602962
602986 32 950616 0 0 974000 949572 950620 950272 0 17 0 0 950616 0 26479752 294181 602986
603008 536870944 18 0 0 974000 949572 950620 950272 0 17 0 0 950616 0 26479752 294181 603008
603012 536870944 950616 0 0 974000 949572 950620 950272 0 17 0 0 950616 0 26479772 294181 603012
294180 536870944 950616 0 0 974000 950616 950620 950272 0 0 0 0 0 0 26479808 294181 294180
294188 536870944 950616 948132 950272 974000 950616 950620 950272 0 0 0 0 0 0 26479808 294181 294188
602820 536870944 950616 604281 950272 974000 950616 950620 950272 0 0 0 0 0 0 26479808 294195 602820
831152 536870944 604281 950616 950272 950616 950616 950620 950272 0 0 0 0 0 0 26479808 294195 831152
294194 536870944 0 0 950272 950616 950616 950620 950272 0 0 0 0 0 949584 26479808 294195 294194
294202 536870944 950620 894240 26479812 950616 950616 950620 950272 0 0 0 0 0 949584 26479808 294195 294202
792908 536870944 950620 894240 26479812 950616 950616 950620 950272 0 0 0 0 0 949584 26479808 294207 792908
792922 536870944 950620 4294967295 26479812 950616 894240 950620 26479812 0 0 0 0 0 949584 26479792 294207 792922
289652 536870912 894240 4294967295 26479812 950616 894240 950620 26479812 0 0 0 0 0 949584 26479792 792929 289652
792930 32 1 894241 26479812 950616 894240 950620 26479812 0 0 0 0 0 949664 26479792 792929 792930
792202 2147483680 894240 894241 26479812 0 894240 950620 26479812 0 0 0 0 0 949664 26479792 792943 792202
792210 2147483680 894240 894241 26479812 894241 894240 950620 26479812 0 0 0 0 0 949664 26479776 792943 792210
792214 536870944 894240 894241 26479812 894241 894240 950620 1 0 0 0 0 0 949664 26479776 792943 792214
788088 1610612768 1 0 26479812 894241 894240 950620 1 0 0 0 0 0 949664 26479776 792223 788088
788098 2147483680 1 0 26479812 1073741820 894240 950620 1 0 0 0 0 0 949664 26479776 792223 788098
788154 2147483680 0 0 30 1073741820 1 950620 1 0 0 0 0 0 949664 26479768 792223 788154
599660 2147483680 14 0 30 1073741820 1 950620 1 0 0 0 0 0 949664 26479768 788163 599660
290408 536870912 14 0 30 1073741820 14 950620 949572 0 0 0 0 0 949664 26479752 599681 290408
788162 536870944 26481040 0 30 1073741820 1 950620 1 0 0 0 0 0 949916 26479768 599681 788162
788168 1610612768 26481040 0 0 1073741820 1 950620 1 0 0 0 0 0 949916 26479768 599681 788168
792224 1610612768 26481040 0 0 1073741820 894240 950620 1 0 0 0 0 0 949916 26479776 599681 792224
792236 1610612768 26481040 0 10 26481052 894240 26481040 1 0 0 0 0 0 949916 26479776 599681 792236
792944 536870944 26481052 0 0 26481052 894240 950620 26479812 0 0 0 0 0 949916 26479792 599681 792944
294206 536870944 950620 0 0 26481052 950616 950620 950272 0 0 0 0 0 949916 26479808 599681 294206
294214 536870944 950620 948136 950272 26481052 950616 950620 950272 0 0 0 0 0 949916 26479808 599681 294214
602820 536870944 950620 788333 950272 26481052 950616 950620 950272 0 0 0 0 0 949916 26479808 294221 602820
831152 536870944 788333 950620 950272 950620 950616 950620 950272 0 0 0 0 0 949916 26479808 294221 831152
294222 536870944 0 0 950272 950620 950616 950620 950272 0 0 0 0 0 949584 26479816 294221 294222
294244 32 0 0 0 0 0 0 0 0 0 0 0 0 0 26479832 25227264 294244
294248 32 0 0 0 0 0 0 0 0 0 0 0 0 0 26479808 25227264 294248
294258 32 0 0 0 0 950624 950628 950272 0 0 0 0 0 0 26479808 25227264 294258
602956 32 950624 0 0 0 950624 950628 950272 0 0 0 0 0 0 26479808 294265 602956
602962 32 950624 0 0 0 950624 950628 950272 0 0 0 0 0 0 26479752 294265 602962
602986 32 950624 0 0 974000 949572 950628 950272 0 18 0 0 950624 0 26479752 294265 602986
603008 536870944 19 0 0 974000 949572 950628 950272 0 18 0 0 950624 0 26479752 294265 603008
603012 536870944 950624 0 0 974000 949572 950628 950272 0 18 0 0 950624 0 26479772 294265 603012
294264 536870944 950624 0 0 974000 950624 950628 950272 0 0 0 0 0 0 26479808 294265 294264
294272 536870944 950624 948132 950272 974000 950624 950628 950272 0 0 0 0 0 0 26479808 294265 294272
602820 536870944 950624 604281 950272 974000 950624 950628 950272 0 0 0 0 0 0 26479808 294279 602820
831152 536870944 604281 950624 950272 950624 950624 950628 950272 0 0 0 0 0 0 26479808 294279 831152
294278 536870944 0 0 950272 950624 950624 950628 950272 0 0 0 0 0 949584 26479808 294279 294278
294286 536870944 950628 894240 26479812 950624 950624 950628 950272 0 0 0 0 0 949584 26479808 294279 294286
792908 536870944 950628 894240 26479812 950624 950624 950628 950272 0 0 0 0 0 949584 26479808 294291 792908
792922 536870944 950628 4294967295 26479812 950624 894240 950628 26479812 0 0 0 0 0 949584 26479792 294291 792922
289652 536870912 894240 4294967295 26479812 950624 894240 950628 26479812 0 0 0 0 0 949584 26479792 792929 289652
792930 32 1 894241 26479812 950624 894240 950628 26479812 0 0 0 0 0 949664 26479792 792929 792930
792202 2147483680 894240 894241 26479812 0 894240 950628 26479812 0 0 0 0 0 949664 26479792 792943 792202
792210 2147483680 894240 894241 26479812 894241 894240 950628 26479812 0 0 0 0 0 949664 26479776 792943 792210
792214 536870944 894240 894241 26479812 894241 894240 950628 1 0 0 0 0 0 949664 26479776 792943 792214
788088 1610612768 1 0 26479812 894241 894240 950628 1 0 0 0 0 0 949664 26479776 792223 788088
788098 2147483680 1 0 26479812 1073741820 894240 950628 1 0 0 0 0 0 949664 26479776 792223 788098
788154 2147483680 0 0 30 1073741820 1 950628 1 0 0 0 0 0 949664 26479768 792223 788154
599660 2147483680 14 0 30 1073741820 1 950628 1 0 0 0 0 0 949664 26479768 788163 599660
290408 536870912 14 0 30 1073741820 14 950628 949572 0 0 0 0 0 949664 26479752 599681 290408
788162 536870944 26481064 0 30 1073741820 1 950628 1 0 0 0 0 0 949916 26479768 599681 788162
788168 1610612768 26481064 0 0 1073741820 1 950628 1 0 0 0 0 0 949916 26479768 599681 788168
792224 1610612768 26481064 0 0 1073741820 894240 950628 1 0 0 0 0 0 949916 26479776 599681 792224
792236 1610612768 26481064 0 10 26481076 894240 26481064 1 0 0 0 0 0 949916 26479776 599681 792236
792944 536870944 26481076 0 0 26481076 894240 950628 26479812 0 0 0 0 0 949916 26479792 599681 792944
294290 536870944 950628 0 0 26481076 950624 950628 950272 0 0 0 0 0 949916 26479808 599681 294290
294298 536870944 950628 948136 950272 26481076 950624 950628 950272 0 0 0 0 0 949916 26479808 599681 294298
602820 536870944 950628 788333 950272 26481076 950624 950628 950272 0 0 0 0 0 949916 26479808 294305 602820
831152 536870944 788333 950628 950272 950628 950624 950628 950272 0 0 0 0 0 949916 26479808 294305 831152
294306 536870944 0 0 950272 950628 950624 950628 950272 0 0 0 0 0 949584 26479816 294305 294306
294328 32 0 0 0 0 0 0 0 0 0 0 0 0 0 26479832 25227264 294328
294332 32 0 0 0 0 0 0 0 0 0 0 0 0 0 26479808 25227264 294332
294342 32 0 0 0 0 950632 950636 950272 0 0 0 0 0 0 26479808 25227264 294342
602956 32 950632 0 0 0 950632 950636 950272 0 0 0 0 0 0 26479808 294349 602956
602962 32 950632 0 0 0 950632 950636 950272 0 0 0 0 0 0 26479752 294349 602962
602986 32 950632 0 0 974000 949572 950636 950272 0 19 0 0 950632 0 26479752 294349 602986
603008 536870944 20 0 0 974000 949572 950636 950272 0 19 0 0 950632 0 26479752 294349 603008
603012 536870944 950632 0 0 974000 949572 950636 950272 0 19 0 0 950632 0 26479772 294349 603012
294348 536870944 950632 0 0 974000 950632 950636 950272 0 0 0 0 0 0 26479808 294349 294348
294356 536870944 950632 948132 950272 974000 950632 950636 950272 0 0 0 0 0 0 26479808 294349 294356
602820 536870944 950632 604281 950272 974000 950632 950636 950272 0 0 0 0 0 0 26479808 294363 602820
831152 536870944 604281 950632 950272 950632 950632 950636 950272 0 0 0 0 0 0 26479808 294363 831152
294362 536870944 0 0 950272 950632 950632 950636 950272 0 0 0 0 0 949584 26479808 294363 294362
294370 536870944 950636 894240 26479812 950632 950632 950636 950272 0 0 0 0 0 949584 26479808 294363 294370
792908 536870944 950636 894240 26479812 950632 950632 950636 950272 0 0 0 0 0 949584 26479808 294375 792908
792922 536870944 950636 4294967295 26479812 950632 894240 950636 26479812 0 0 0 0 0 949584 26479792 294375 792922
289652 536870912 894240 4294967295 26479812 950632 894240 950636 26479812 0 0 0 0 0 949584 26479792 792929 289652
792930 32 1 894241 26479812 950632 894240 950636 26479812 0 0 0 0 0 949664 26479792 792929 792930
792202 2147483680 894240 894241 26479812 0 894240 950636 26479812 0 0 0 0 0 949664 26479792 792943 792202
792210 2147483680 894240 894241 26479812 894241 894240 950636 26479812 0 0 0 0 0 949664 26479776 792943 792210
792214 536870944 894240 894241 26479812 894241 894240 950636 1 0 0 0 0 0 949664 26479776 792943 792214
788088 1610612768 1 0 26479812 894241 894240 950636 1 0 0 0 0 0 949664 26479776 792223 788088
788098 2147483680 1 0 26479812 1073741820 894240 950636 1 0 0 0 0 0 949664 26479776 792223 788098
788154 2147483680 0 0 30 1073741820 1 950636 1 0 0 0 0 0 949664 26479768 792223 788154
599660 2147483680 14 0 30 1073741820 1 950636 1 0 0 0 0 0 949664 26479768 788163 599660
290408 536870912 14 0 30 1073741820 14 950636 949572 0 0 0 0 0 949664 26479752 599681 290408
788162 536870944 26481088 0 30 1073741820 1 950636 1 0 0 0 0 0 949916 26479768 599681 788162
788168 1610612768 26481088 0 0 1073741820 1 950636 1 0 0 0 0 0 949916 26479768 599681 788168
792224 1610612768 26481088 0 0 1073741820 894240 950636 1 0 0 0 0 0 949916 26479776 599681 792224
792236 1610612768 26481088 0 10 26481100 894240 26481088 1 0 0 0 0 0 949916 26479776 599681 792236
792944 536870944 26481100 0 0 26481100 894240 950636 26479812 0 0 0 0 0 949916 26479792 599681 792944
294374 536870944 950636 0 0 26481100 950632 950636 950272 0 0 0 0 0 949916 26479808 599681 294374
294382 536870944 950636 948136 950272 26481100 950632 950636 950272 0 0 0 0 0 949916 26479808 599681 294382
602820 536870944 950636 788333 950272 26481100 950632 950636 950272 0 0 0 0 0 949916 26479808 294389 602820
831152 536870944 788333 950636 950272 950636 950632 950636 950272 0 0 0 0 0 949916 26479808 294389 831152
294390 536870944 0 0 950272 950636 950632 950636 950272 0 0 0 0 0 949584 26479816 294389 294390
294412 32 0 0 0 0 0 0 0 0 0 0 0 0 0 26479832 25227264 294412
294416 32 0 0 0 0 0 0 0 0 0 0 0 0 0 26479808 25227264 294416
294426 32 0 0 0 0 950640 950644 950272 0 0 0 0 0 0 26479808 25227264 294426
602956 32 950640 0 0 0 950640 950644 950272 0 0 0 0 0 0 26479808 294433 602956
602962 32 950640 0 0 0 950640 950644 950272 0 0 0 0 0 0 26479752 294433 602962
602986 32 950640 0 0 974000 949572 950644 950272 0 20 0 0 950640 0 26479752 294433 602986
603008 536870944 21 0 0 974000 949572 950644 950272 0 20 0 0 950640 0 26479752 294433 603008
603012 536870944 950640 0 0 974000 949572 950644 950272 0 20 0 0 950640 0 26479772 294433 603012
294432 536870944 950640 0 0 974000 950640 950644 950272 0 0 0 0 0 0 26479808 294433 294432
294440 536870944 950640 948132 950272 974000 950640 950644 950272 0 0 0 0 0 0 26479808 294433 294440
602820 536870944 950640 604281 950272 974000 950640 950644 950272 0 0 0 0 0 0 26479808 294447 602820
831152 536870944 604281 950640 950272 950640 950640 950644 950272 0 0 0 0 0 0 26479808 294447 831152
294446 536870944 0 0 950272 950640 950640 950644 950272 0 0 0 0 0 949584 26479808 294447 294446
294454 536870944 950644 894240 26479812 950640 950640 950644 950272 0 0 0 0 0 949584 26479808 294447 294454
792908 536870944 950644 894240 26479812 950640 950640 950644 950272 0 0 0 0 0 949584 26479808 294459 792908
792922 536870944 950644 4294967295 26479812 950640 894240 950644 26479812 0 0 0 0 0 949584 26479792 294459 792922
289652 536870912 894240 4294967295 26479812 950640 894240 950644 26479812 0 0 0 0 0 949584 26479792 792929 289652
792930 32 1 894241 26479812 950640 894240 950644 26479812 0 0 0 0 0 949664 26479792 792929 792930
792202 2147483680 894240 894241 26479812 0 894240 950644 26479812 0 0 0 0 0 949664 26479792 792943 792202
792210 2147483680 894240 894241 26479812 894241 894240 950644 26479812 0 0 0 0 0 949664 26479776 792943 792210
792214 536870944 894240 894241 26479812 894241 894240 950644 1 0 0 0 0 0 949664 26479776 792943 792214
788088 1610612768 1 0 26479812 894241 894240 950644 1 0 0 0 0 0 949664 26479776 792223 788088
788098 2147483680 1 0 26479812 1073741820 894240 950644 1 0 0 0 0 0 949664 26479776 792223 788098
788154 2147483680 0 0 30 1073741820 1 950644 1 0 0 0 0 0 949664 26479768 792223 788154
599660 2147483680 14 0 30 1073741820 1 950644 1 0 0 0 0 0 949664 26479768 788163 599660
290408 536870912 14 0 30 1073741820 14 950644 949572 0 0 0 0 0 949664 26479752 599681 290408
788162 536870944 26481112 0 30 1073741820 1 950644 1 0 0 0 0 0 949916 26479768 599681 788162
788168 1610612768 26481112 0 0 1073741820 1 950644 1 0 0 0 0 0 949916 26479768 599681 788168
792224 1610612768 26481112 0 0 1073741820 894240 950644 1 0 0 0 0 0 949916 26479776 599681 792224
792236 1610612768 26481112 0 10 26481124 894240 26481112 1 0 0 0 0 0 949916 26479776 599681 792236
792944 536870944 26481124 0 0 26481124 894240 950644 26479812 0 0 0 0 0 949916 26479792 599681 792944
294458 536870944 950644 0 0 26481124 950640 950644 950272 0 0 0 0 0 949916 26479808 599681 294458
294466 536870944 950644 948136 950272 26481124 950640 950644 950272 0 0 0 0 0 949916 26479808 599681 294466
602820 536870944 950644 788333 950272 26481124 950640 950644 950272 0 0 0 0 0 949916 26479808 294473 602820
831152 536870944 788333 950644 950272 950644 950640 950644 950272 0 0 0 0 0 949916 26479808 294473 831152
294474 536870944 0 0 950272 950644 950640 950644 950272 0 0 0 0 0 949584 26479816 294473 294474
294496 32 0 0 0 0 0 0 0 0 0 0 0 0 0 26479832 25227264 294496
294500 32 0 0 0 0 0 0 0 0 0 0 0 0 0 26479808 25227264 294500
294510 32 0 0 0 0 950648 950652 950272 0 0 0 0 0 0 26479808 25227264 294510
602956 32 950648 0 0 0 950648 950652 950272 0 0 0 0 0 0 26479808 294517 602956
602962 32 950648 0 0 0 950648 950652 950272 0 0 0 0 0 0 26479752 294517 602962
602986 32 950648 0 0 974000 949572 950652 950272 0 21 0 0 950648 0 26479752 294517 602986
603008 536870944 22 0 0 974000 949572 950652 950272 0 21 0 0 950648 0 26479752 294517 603008
603012 536870944 950648 0 0 974000 949572 950652 950272 0 21 0 0 950648 0 26479772 294517 603012
294516 536870944 950648 0 0 974000 950648 950652 950272 0 0 0 0 0 0 26479808 294517 294516
294524 536870944 950648 948132 950272 974000 950648 950652 950272 0 0 0 0 0 0 26479808 294517 294524
602820 536870944 950648 604281 950272 974000 950648 950652 950272 0 0 0 0 0 0 26479808 294531 602820
831152 536870944 604281 950648 950272 950648 950648 950652 950272 0 0 0 0 0 0 26479808 294531 831152
294530 536870944 0 0 950272 950648 950648 950652 950272 0 0 0 0 0 949584 26479808 294531 294530
294538 536870944 950652 894240 26479812 950648 950648 950652 950272 0 0 0 0 0 949584 26479808 294531 294538
792908 536870944 950652 894240 26479812 950648 950648 950652 950272 0 0 0 0 0 949584 26479808 294543 792908
792922 536870944 950652 4294967295 26479812 950648 894240 950652 26479812 0 0 0 0 0 949584 26479792 294543 792922
289652 536870912 894240 4294967295 26479812 950648 894240 950652 26479812 0 0 0 0 0 949584 26479792 792929 289652
792930 32 1 894241 26479812 950648 894240 950652 26479812 0 0 0 0 0 949664 26479792 792929 792930
792202 2147483680 894240 894241 26479812 0 894240 950652 26479812 0 0 0 0 0 949664 26479792 792943 792202
792210 2147483680 894240 894241 26479812 894241 894240 950652 26479812 0 0 0 0 0 949664 26479776 792943 792210
792214 536870944 894240 894241 26479812 894241 894240 950652 1 0 0 0 0 0 949664 26479776 792943 792214
788088 1610612768 1 0 26479812 894241 894240 950652 1 0 0 0 0 0 949664 26479776 792223 788088
788098 2147483680 1 0 26479812 1073741820 894240 950652 1 0 0 0 0 0 949664 26479776 792223 788098
788154 2147483680 0 0 30 1073741820 1 950652 1 0 0 0 0 0 949664 26479768 792223 788154
599660 2147483680 14 0 30 1073741820 1 950652 1 0 0 0 0 0 949664 26479768 788163 599660
290408 536870912 14 0 30 1073741820 14 950652 949572 0 0 0 0 0 949664 26479752 599681 290408
788162 536870944 26481136 0 30 1073741820 1 950652 1 0 0 0 0 0 949916 26479768 599681 788162
788168 1610612768 26481136 0 0 1073741820 1 950652 1 0 0 0 0 0 949916 26479768 599681 788168
792224 1610612768 26481136 0 0 1073741820 894240 950652 1 0 0 0 0 0 949916 26479776 599681 792224
792236 1610612768 26481136 0 10 26481148 894240 26481136 1 0 0 0 0 0 949916 26479776 599681 792236
792944 536870944 26481148 0 0 26481148 894240 950652 26479812 0 0 0 0 0 949916 26479792 599681 792944
294542 536870944 950652 0 0 26481148 950648 950652 950272 0 0 0 0 0 949916 26479808 599681 294542
294550 536870944 950652 948136 950272 26481148 950648 950652 950272 0 0 0 0 0 949916 26479808 599681 294550
602820 536870944 950652 788333 950272 26481148 950648 950652 950272 0 0 0 0 0 949916 26479808 294557 602820
831152 536870944 788333 950652 950272 950652 950648 950652 950272 0 0 0 0 0 949916 26479808 294557 831152
294558 536870944 0 0 950272 950652 950648 950652 950272 0 0 0 0 0 949584 26479816 294557 294558
294580 32 0 0 0 0 0 0 0 0 0 0 0 0 0 26479832 25227264 294580
294584 32 0 0 0 0 0 0 0 0 0 0 0 0 0 26479808 25227264 294584
294594 32 0 0 0 0 950656 950660 950272 0 0 0 0 0 0 26479808 25227264 294594
602956 32 950656 0 0 0 950656 950660 950272 0 0 0 0 0 0 26479808 294601 602956
602962 32 950656 0 0 0 950656 950660 950272 0 0 0 0 0 0 26479752 294601 602962
602986 32 950656 0 0 974000 949572 950660 950272 0 22 0 0 950656 0 26479752 294601 602986
603008 536870944 23 0 0 974000 949572 950660 950272 0 22 0 0 950656 0 26479752 294601 603008
603012 536870944 950656 0 0 974000 949572 950660 950272 0 22 0 0 950656 0 26479772 294601 603012
294600 536870944 950656 0 0 974000 950656 950660 950272 0 0 0 0 0 0 26479808 294601 294600
294608 536870944 950656 948132 950272 974000 950656 950660 950272 0 0 0 0 0 0 26479808 294601 294608
602820 536870944 950656 604281 950272 974000 950656 950660 950272 0 0 0 0 0 0 26479808 294615 602820
831152 536870944 604281 950656 950272 950656 950656 950660 950272 0 0 0 0 0 0 26479808 294615 831152
294614 536870944 0 0 950272 950656 950656 950660 950272 0 0 0 0 0 949584 26479808 294615 294614
294622 536870944 950660 894240 26479812 950656 950656 950660 950272 0 0 0 0 0 949584 26479808 294615 294622
792908 536870944 950660 894240 26479812 950656 950656 950660 950272 0 0 0 0 0 949584 26479808 294627 792908
792922 536870944 950660 4294967295 26479812 950656 894240 950660 26479812 0 0 0 0 0 949584 26479792 294627 792922
289652 536870912 894240 4294967295 26479812 950656 894240 950660 26479812 0 0 0 0 0 949584 26479792 792929 289652
792930 32 1 894241 26479812 950656 894240 950660 26479812 0 0 0 0 0 949664 26479792 792929 792930
792202 2147483680 894240 894241 26479812 0 894240 950660 26479812 0 0 0 0 0 949664 26479792 792943 792202
792210 2147483680 894240 894241 26479812 894241 894240 950660 26479812 0 0 0 0 0 949664 26479776 792943 792210
792214 536870944 894240 894241 26479812 894241 894240 950660 1 0 0 0 0 0 949664 26479776 792943 792214
788088 1610612768 1 0 26479812 894241 894240 950660 1 0 0 0 0 0 949664 26479776 792223 788088
788098 2147483680 1 0 26479812 1073741820 894240 950660 1 0 0 0 0 0 949664 26479776 792223 788098
788154 2147483680 0 0 30 1073741820 1 950660 1 0 0 0 0 0 949664 26479768 792223 788154
599660 2147483680 14 0 30 1073741820 1 950660 1 0 0 0 0 0 949664 26479768 788163 599660
290408 536870912 14 0 30 1073741820 14 950660 949572 0 0 0 0 0 949664 26479752 599681 290408
788162 536870944 26481160 0 30 1073741820 1 950660 1 0 0 0 0 0 949916 26479768 599681 788162
788168 1610612768 26481160 0 0 1073741820 1 950660 1 0 0 0 0 0 949916 26479768 599681 788168
792224 1610612768 26481160 0 0 1073741820 894240 950660 1 0 0 0 0 0 949916 26479776 599681 792224
792236 1610612768 26481160 0 10 26481172 894240 26481160 1 0 0 0 0 0 949916 26479776 599681 792236
792944 536870944 26481172 0 0 26481172 894240 950660 26479812 0 0 0 0 0 949916 26479792 599681 792944
294626 536870944 950660 0 0 26481172 950656 950660 950272 0 0 0 0 0 949916 26479808 599681 294626
294634 536870944 950660 948136 950272 26481172 950656 950660 950272 0 0 0 0 0 949916 26479808 599681 294634
602820 536870944 950660 788333 950272 26481172 950656 950660 950272 0 0 0 0 0 949916 26479808 294641 602820
831152 536870944 788333 950660 950272 950660 950656 950660 950272 0 0 0 0 0 949916 26479808 294641 831152
294642 536870944 0 0 950272 950660 950656 950660 950272 0 0 0 0 0 949584 26479816 294641 294642
294664 32 0 0 0 0 0 0 0 0 0 0 0 0 0 26479832 25227264 294664
294668 32 0 0 0 0 0 0 0 0 0 0 0 0 0 26479808 25227264 294668
294678 32 0 0 0 0 950664 950668 950272 0 0 0 0 0 0 26479808 25227264 294678
602956 32 950664 0 0 0 950664 950668 950272 0 0 0 0 0 0 26479808 294685 602956
602962 32 950664 0 0 0 950664 950668 950272 0 0 0 0 0 0 26479752 294685 602962
602986 32 950664 0 0 974000 949572 950668 950272 0 23 0 0 950664 0 26479752 294685 602986
603008 536870944 24 0 0 974000 949572 950668 950272 0 23 0 0 950664 0 26479752 294685 603008
603012 536870944 950664 0 0 974000 949572 950668 950272 0 23 0 0 950664 0 26479772 294685 603012
294684 536870944 950664 0 0 974000 950664 950668 950272 0 0 0 0 0 0 26479808 294685 294684
294692 536870944 950664 948132 950272 974000 950664 950668 950272 0 0 0 0 0 0 26479808 294685 294692
602820 536870944 950664 604281 950272 974000 950664 950668 950272 0 0 0 0 0 0 26479808 294699 602820
831152 536870944 604281 950664 950272 950664 950664 950668 950272 0 0 0 0 0 0 26479808 294699 831152
294698 536870944 0 0 950272 950664 950664 950668 950272 0 0 0 0 0 949584 26479808 294699 294698
294706 536870944 950668 894240 26479812 950664 950664 950668 950272 0 0 0 0 0 949584 26479808 294699 294706
792908 536870944 950668 894240 26479812 950664 950664 950668 950272 0 0 0 0 0 949584 26479808 294711 792908
792922 536870944 950668 4294967295 26479812 950664 894240 950668 26479812 0 0 0 0 0 949584 26479792 294711 792922
289652 536870912 894240 4294967295 26479812 950664 894240 950668 26479812 0 0 0 0 0 949584 26479792 792929 289652
792930 32 1 894241 26479812 950664 894240 950668 26479812 0 0 0 0 0 949664 26479792 792929 792930
792202 2147483680 894240 894241 26479812 0 894240 950668 26479812 0 0 0 0 0 949664 26479792 792943 792202
792210 2147483680 894240 894241 26479812 894241 894240 950668 26479812 0 0 0 0 0 949664 26479776 792943 792210
792214 536870944 894240 894241 26479812 894241 894240 950668 1 0 0 0 0 0 949664 26479776 792943 792214
788088 1610612768 1 0 26479812 894241 894240 950668 1 0 0 0 0 0 949664 26479776 792223 788088
788098 2147483680 1 0 26479812 1073741820 894240 950668 1 0 0 0 0 0 949664 26479776 792223 788098
788154 2147483680 0 0 30 1073741820 1 950668 1 0 0 0 0 0 949664 26479768 792223 788154
599660 2147483680 14 0 30 1073741820 1 950668 1 0 0 0 0 0 949664 26479768 788163 599660
290408 536870912 14 0 30 1073741820 14 950668 949572 0 0 0 0 0 949664 26479752 599681 290408
788162 536870944 26481184 0 30 1073741820 1 950668 1 0 0 0 0 0 949916 26479768 599681 788162
788168 1610612768 26481184 0 0 1073741820 1 950668 1 0 0 0 0 0 949916 26479768 599681 788168
792224 1610612768 26481184 0 0 1073741820 894240 950668 1 0 0 0 0 0 949916 26479776 599681 792224
792236 1610612768 26481184 0 10 26481196 894240 26481184 1 0 0 0 0 0 949916 26479776 599681 792236
792944 536870944 26481196 0 0 26481196 894240 950668 26479812 0 0 0 0 0 949916 26479792 599681 792944
294710 536870944 950668 0 0 26481196 950664 950668 950272 0 0 0 0 0 949916 26479808 599681 294710
294718 536870944 950668 948136 950272 26481196 950664 950668 950272 0 0 0 0 0 949916 26479808 599681 294718
602820 536870944 950668 788333 950272 26481196 950664 950668 950272 0 0 0 0 0 949916 26479808 294725 602820
831152 536870944 788333 950668 950272 950668 950664 950668 950272 0 0 0 0 0 949916 26479808 294725 831152
294726 536870944 0 0 950272 950668 950664 950668 950272 0 0 0 0 0 949584 26479816 294725 294726
294748 32 0 0 0 0 0 0 0 0 0 0 0 0 0 26479832 25227264 294748
294752 32 0 0 0 0 0 0 0 0 0 0 0 0 0 26479808 25227264 294752
294762 32 0 0 0 0 950672 950676 950272 0 0 0 0 0 0 26479808 25227264 294762
602956 32 950672 0 0 0 950672 950676 950272 0 0 0 0 0 0 26479808 294769 602956
602962 32 950672 0 0 0 950672 950676 950272 0 0 0 0 0 0 26479752 294769 602962
602986 32 950672 0 0 974000 949572 950676 950272 0 24 0 0 950672 0 26479752 294769 602986
603008 536870944 25 0 0 974000 949572 950676 950272 0 24 0 0 950672 0 26479752 294769 603008
603012 536870944 950672 0 0 974000 949572 950676 950272 0 24 0 0 950672 0 26479772 294769 603012
294768 536870944 950672 0 0 974000 950672 950676 950272 0 0 0 0 0 0 26479808 294769 294768
294776 536870944 950672 948132 950272 974000 950672 950676 950272 0 0 0 0 0 0 26479808 294769 294776
602820 536870944 950672 604281 950272 974000 950672 950676 950272 0 0 0 0 0 0 26479808 294783 602820
831152 536870944 604281 950672 950272 950672 950672 950676 950272 0 0 0 0 0 0 26479808 294783 831152
294782 536870944 0 0 950272 950672 950672 950676 950272 0 0 0 0 0 949584 26479808 294783 294782
294790 536870944 950676 894240 26479812 950672 950672 950676 950272 0 0 0 0 0 949584 26479808 294783 294790
792908 536870944 950676 894240 26479812 950672 950672 950676 950272 0 0 0 0 0 949584 26479808 294795 792908
792922 536870944 950676 4294967295 26479812 950672 894240 950676 26479812 0 0 0 0 0 949584 26479792 294795 792922
289652 536870912 894240 4294967295 26479812 950672 894240 950676 26479812 0 0 0 0 0 949584 26479792 792929 289652
792930 32 1 894241 26479812 950672 894240 950676 26479812 0 0 0 0 0 949664 26479792 792929 792930
792202 2147483680 894240 894241 26479812 0 894240 950676 26479812 0 0 0 0 0 949664 26479792 792943 792202
792210 2147483680 894240 894241 26479812 894241 894240 950676 26479812 0 0 0 0 0 949664 26479776 792943 792210
792214 536870944 894240 894241 26479812 894241 894240 950676 1 0 0 0 0 0 949664 26479776 792943 792214
788088 1610612768 1 0 26479812 894241 894240 950676 1 0 0 0 0 0 949664 26479776 792223 788088
788098 2147483680 1 0 26479812 1073741820 894240 950676 1 0 0 0 0 0 949664 26479776 792223 788098
788154 2147483680 0 0 30 1073741820 1 950676 1 0 0 0 0 0 949664 26479768 792223 788154
599660 2147483680 14 0 30 1073741820 1 950676 1 0 0 0 0 0 949664 26479768 788163 599660
290408 536870912 14 0 30 1073741820 14 950676 949572 0 0 0 0 0 949664 26479752 599681 290408
788162 536870944 26481208 0 30 1073741820 1 950676 1 0 0 0 0 0 949916 26479768 599681 788162
788168 1610612768 26481208 0 0 1073741820 1 950676 1 0 0 0 0 0 949916 26479768 599681 788168
792224 1610612768 26481208 0 0 1073741820 894240 950676 1 0 0 0 0 0 949916 26479776 599681 792224
792236 1610612768 26481208 0 10 26481220 894240 26481208 1 0 0 0 0 0 949916 26479776 599681 792236
792944 536870944 26481220 0 0 26481220 894240 950676 26479812 0 0 0 0 0 949916 26479792 599681 792944
294794 536870944 950676 0 0 26481220 950672 950676 950272 0 0 0 0 0 949916 26479808 599681 294794
294802 536870944 950676 948136 950272 26481220 950672 950676 950272 0 0 0 0 0 949916 26479808 599681 294802
602820 536870944 950676 788333 950272 26481220 950672 950676 950272 0 0 0 0 0 949916 26479808 294809 602820
831152 536870944 788333 950676 950272 950676 950672 950676 950272 0 0 0 0 0 949916 26479808 294809 831152
294810 536870944 0 0 950272 950676 950672 950676 950272 0 0 0 0 0 949584 26479816 294809 294810
294832 32 0 0 0 0 0 0 0 0 0 0 0 0 0 26479832 25227264 294832
294836 32 0 0 0 0 0 0 0 0 0 0 0 0 0 26479808 25227264 294836
294846 32 0 0 0 0 950680 950684 950272 0 0 0 0 0 0 26479808 25227264 294846
602956 32 950680 0 0 0 950680 950684 950272 0 0 0 0 0 0 26479808 294853 602956
602962 32 950680 0 0 0 950680 950684 950272 0 0 0 0 0 0 26479752 294853 602962
602986 32 950680 0 0 974000 949572 950684 950272 0 25 0 0 950680 0 26479752 294853 602986
603008 536870944 26 0 0 974000 949572 950684 950272 0 25 0 0 950680 0 26479752 294853 603008
603012 536870944 950680 0 0 974000 949572 950684 950272 0 25 0 0 950680 0 26479772 294853 603012
294852 536870944 950680 0 0 974000 950680 950684 950272 0 0 0 0 0 0 26479808 294853 294852
294860 536870944 950680 948132 950272 974000 950680 950684 950272 0 0 0 0 0 0 26479808 294853 294860
602820 536870944 950680 604281 950272 974000 950680 950684 950272 0 0 0 0 0 0 26479808 294867 602820
831152 536870944 604281 950680 950272 950680 950680 950684 950272 0 0 0 0 0 0 26479808 294867 831152
294866 536870944 0 0 950272 950680 950680 950684 950272 0 0 0 0 0 949584 26479808 294867 294866
294874 536870944 950684 894240 26479812 950680 950680 950684 950272 0 0 0 0 0 949584 26479808 294867 294874
792908 536870944 950684 894240 26479812 950680 950680 950684 950272 0 0 0 0 0 949584 26479808 294879 792908
792922 536870944 950684 4294967295 26479812 950680 894240 950684 26479812 0 0 0 0 0 949584 26479792 294879 792922
289652 536870912 894240 4294967295 26479812 950680 894240 950684 26479812 0 0 0 0 0 949584 26479792 792929 289652
792930 32 1 894241 26479812 950680 894240 950684 26479812 0 0 0 0 0 949664 26479792 792929 792930
792202 2147483680 894240 894241 26479812 0 894240 950684 26479812 0 0 0 0 0 949664 26479792 792943 792202
792210 2147483680 894240 894241 26479812 894241 894240 950684 26479812 0 0 0 0 0 949664 26479776 792943 792210
792214 536870944 894240 894241 26479812 894241 894240 950684 1 0 0 0 0 0 949664 26479776 792943 792214
788088 1610612768 1 0 26479812 894241 894240 950684 1 0 0 0 0 0 949664 26479776 792223 788088
788098 2147483680 1 0 26479812 1073741820 894240 950684 1 0 0 0 0 0 949664 26479776 792223 788098
788154 2147483680 0 0 30 1073741820 1 950684 1 0 0 0 0 0 949664 26479768 792223 788154
599660 2147483680 14 0 30 1073741820 1 950684 1 0 0 0 0 0 949664 26479768 788163 599660
290408 536870912 14 0 30 1073741820 14 950684 949572 0 0 0 0 0 949664 26479752 599681 290408
788162 536870944 26481232 0 30 1073741820 1 950684 1 0 0 0 0 0 949916 26479768 599681 788162
788168 1610612768 26481232 0 0 1073741820 1 950684 1 0 0 0 0 0 949916 26479768 599681 788168
792224 1610612768 26481232 0 0 1073741820 894240 950684 1 0 0 0 0 0 949916 26479776 599681 792224
792236 1610612768 26481232 0 10 26481244 894240 26481232 1 0 0 0 0 0 949916 26479776 599681 792236
792944 536870944 26481244 0 0 26481244 894240 950684 26479812 0 0 0 0 0 949916 26479792 599681 792944
294878 536870944 950684 0 0 26481244 950680 950684 950272 0 0 0 0 0 949916 26479808 599681 294878
294886 536870944 950684 948136 950272 26481244 950680 950684 950272 0 0 0 0 0 949916 26479808 599681 294886
602820 536870944 950684 788333 950272 26481244 950680 950684 950272 0 0 0 0 0 949916 26479808 294893 602820
831152 536870944 788333 950684 950272 950684 950680 950684 950272 0 0 0 0 0 949916 26479808 294893 831152
294894 536870944 0 0 950272 950684 950680 950684 950272 0 0 0 0 0 949584 26479816 294893 294894
294916 32 0 0 0 0 0 0 0 0 0 0 0 0 0 26479832 25227264 294916
294920 32 0 0 0 0 0 0 0 0 0 0 0 0 0 26479808 25227264 294920
294930 32 0 0 0 0 950688 950692 950272 0 0 0 0 0 0 26479808 25227264 294930
602956 32 950688 0 0 0 950688 950692 950272 0 0 0 0 0 0 26479808 294937 602956
602962 32 950688 0 0 0 950688 950692 950272 0 0 0 0 0 0 26479752 294937 602962
602986 32 950688 0 0 974000 949572 950692 950272 0 26 0 0 950688 0 26479752 294937 602986
603008 536870944 27 0 0 974000 949572 950692 950272 0 26 0 0 950688 0 26479752 294937 603008
603012 536870944 950688 0 0 974000 949572 950692 950272 0 26 0 0 950688 0 26479772 294937 603012
294936 536870944 950688 0 0 974000 950688 950692 950272 0 0 0 0 0 0 26479808 294937 294936
294944 536870944 950688 948132 950272 974000 950688 950692 950272 0 0 0 0 0 0 26479808 294937 294944
602820 536870944 950688 604281 950272 974000 950688 950692 950272 0 0 0 0 0 0 26479808 294951 602820
831152 536870944 604281 950688 950272 950688 950688 950692 950272 0 0 0 0 0 0 26479808 294951 831152
294950 536870944 0 0 950272 950688 950688 950692 950272 0 0 0 0 0 949584 26479808 294951 294950
294958 536870944 950692 894240 26479812 950688 950688 950692 950272 0 0 0 0 0 949584 26479808 294951 294958
792908 536870944 950692 894240 26479812 950688 950688 950692 950272 0 0 0 0 0 949584 26479808 294963 792908
792922 536870944 950692 4294967295 26479812 950688 894240 950692 26479812 0 0 0 0 0 949584 26479792 294963 792922
289652 536870912 894240 4294967295 26479812 950688 894240 950692 26479812 0 0 0 0 0 949584 26479792 792929 289652
792930 32 1 894241 26479812 950688 894240 950692 26479812 0 0 0 0 0 949664 26479792 792929 792930
792202 2147483680 894240 894241 26479812 0 894240 950692 26479812 0 0 0 0 0 949664 26479792 792943 792202
792210 2147483680 894240 894241 26479812 894241 894240 950692 26479812 0 0 0 0 0 949664 26479776 792943 792210
792214 536870944 894240 894241 26479812 894241 894240 950692 1 0 0 0 0 0 949664 26479776 792943 792214
788088 1610612768 1 0 26479812 894241 894240 950692 1 0 0 0 0 0 949664 26479776 792223 788088
788098 2147483680 1 0 26479812 1073741820 894240 950692 1 0 0 0 0 0 949664 26479776 792223 788098
788154 2147483680 0 0 30 1073741820 1 950692 1 0 0 0 0 0 949664 26479768 792223 788154
599660 2147483680 14 0 30 1073741820 1 950692 1 0 0 0 0 0 949664 26479768 788163 599660
290408 536870912 14 0 30 1073741820 14 950692 949572 0 0 0 0 0 949664 26479752 599681 290408
788162 536870944 26481256 0 30 1073741820 1 950692 1 0 0 0 0 0 949916 26479768 599681 788162
788168 1610612768 26481256 0 0 1073741820 1 950692 1 0 0 0 0 0 949916 26479768 599681 788168
792224 1610612768 26481256 0 0 1073741820 894240 950692 1 0 0 0 0 0 949916 26479776 599681 792224
792236 1610612768 26481256 0 10 26481268 894240 26481256 1 0 0 0 0 0 949916 26479776 599681 792236
792944 536870944 26481268 0 0 26481268 894240 950692 26479812 0 0 0 0 0 949916 26479792 599681 792944
294962 536870944 950692 0 0 26481268 950688 950692 950272 0 0 0 0 0 949916 26479808 599681 294962
294970 536870944 950692 948136 950272 26481268 950688 950692 950272 0 0 0 0 0 949916 26479808 599681 294970
602820 536870944 950692 788333 950272 26481268 950688 950692 950272 0 0 0 0 0 949916 26479808 294977 602820
831152 536870944 788333 950692 950272 950692 950688 950692 950272 0 0 0 0 0 949916 26479808 294977 831152
294978 536870944 0 0 950272 950692 950688 950692 950272 0 0 0 0 0 949584 26479816 294977 294978
295000 32 0 0 0 0 0 0 0 0 0 0 0 0 0 26479832 25227264 295000
295004 32 0 0 0 0 0 0 0 0 0 0 0 0 0 26479808 25227264 295004
295014 32 0 0 0 0 950696 950700 950272 0 0 0 0 0 0 26479808 25227264 295014
602956 32 950696 0 0 0 950696 950700 950272 0 0 0 0 0 0 26479808 295021 602956
602962 32 950696 0 0 0 950696 950700 950272 0 0 0 0 0 0 26479752 295021 602962
602986 32 950696 0 0 974000 949572 950700 950272 0 27 0 0 950696 0 26479752 295021 602986
603008 536870944 28 0 0 974000 949572 950700 950272 0 27 0 0 950696 0 26479752 295021 603008
603012 536870944 950696 0 0 974000 949572 950700 950272 0 27 0 0 950696 0 26479772 295021 603012
295020 536870944 950696 0 0 974000 950696 950700 950272 0 0 0 0 0 0 26479808 295021 295020
295028 536870944 950696 948132 950272 974000 950696 950700 950272 0 0 0 0 0 0 26479808 295021 295028
602820 536870944 950696 604281 950272 974000 950696 950700 950272 0 0 0 0 0 0 26479808 295035 602820
831152 536870944 604281 950696 950272 950696 950696 950700 950272 0 0 0 0 0 0 26479808 295035 831152
295034 536870944 0 0 950272 950696 950696 950700 950272 0 0 0 0 0 949584 26479808 295035 295034
295042 536870944 950700 894240 26479812 950696 950696 950700 950272 0 0 0 0 0 949584 26479808 295035 295042
792908 536870944 950700 894240 26479812 950696 950696 950700 950272 0 0 0 0 0 949584 26479808 295047 792908
792922 536870944 950700 4294967295 26479812 950696 894240 950700 26479812 0 0 0 0 0 949584 26479792 295047 792922
289652 536870912 894240 4294967295 26479812 950696 894240 950700 26479812 0 0 0 0 0 949584 26479792 792929 289652
792930 32 1 894241 26479812 950696 894240 950700 26479812 0 0 0 0 0 949664 26479792 792929 792930
792202 2147483680 894240 894241 26479812 0 894240 950700 26479812 0 0 0 0 0 949664 26479792 792943 792202
792210 2147483680 894240 894241 26479812 894241 894240 950700 26479812 0 0 0 0 0 949664 26479776 792943 792210
792214 536870944 894240 894241 26479812 894241 894240 950700 1 0 0 0 0 0 949664 26479776 792943 792214
788088 1610612768 1 0 26479812 894241 894240 950700 1 0 0 0 0 0 949664 26479776 792223 788088
788098 2147483680 1 0 26479812 1073741820 894240 950700 1 0 0 0 0 0 949664 26479776 792223 788098
788154 2147483680 0 0 30 1073741820 1 950700 1 0 0 0 0 0 949664 26479768 792223 788154
599660 2147483680 14 0 30 1073741820 1 950700 1 0 0 0 0 0 949664 26479768 788163 599660
290408 536870912 14 0 30 1073741820 14 950700 949572 0 0 0 0 0 949664 26479752 599681 290408
788162 536870944 26481280 0 30 1073741820 1 950700 1 0 0 0 0 0 949916 26479768 599681 788162
788168 1610612768 26481280 0 0 1073741820 1 950700 1 0 0 0 0 0 949916 26479768 599681 788168
792224 1610612768 26481280 0 0 1073741820 894240 950700 1 0 0 0 0 0 949916 26479776 599681 792224
792236 1610612768 26481280 0 10 26481292 894240 26481280 1 0 0 0 0 0 949916 26479776 599681 792236
792944 536870944 26481292 0 0 26481292 894240 950700 26479812 0 0 0 0 0 949916 26479792 599681 792944
295046 536870944 950700 0 0 26481292 950696 950700 950272 0 0 0 0 0 949916 26479808 599681 295046
295054 536870944 950700 948136 950272 26481292 950696 950700 950272 0 0 0 0 0 949916 26479808 599681 295054
602820 536870944 950700 788333 950272 26481292 950696 950700 950272 0 0 0 0 0 949916 26479808 295061 602820
831152 536870944 788333 950700 950272 950700 950696 950700 950272 0 0 0 0 0 949916 26479808 295061 831152
295062 536870944 0 0 950272 950700 950696 950700 950272 0 0 0 0 0 949584 26479816 295061 295062
295084 32 0 0 0 0 0 0 0 0 0 0 0 0 0 26479832 25227264 295084
295088 32 0 0 0 0 0 0 0 0 0 0 0 0 0 26479808 25227264 295088
295098 32 0 0 0 0 950704 950708 950272 0 0 0 0 0 0 26479808 25227264 295098
602956 32 950704 0 0 0 950704 950708 950272 0 0 0 0 0 0 26479808 295105 602956
602962 32 950704 0 0 0 950704 950708 950272 0 0 0 0 0 0 26479752 295105 602962
602986 32 950704 0 0 974000 949572 950708 950272 0 28 0 0 950704 0 26479752 295105 602986
603008 536870944 29 0 0 974000 949572 950708 950272 0 28 0 0 950704 0 26479752 295105 603008
603012 536870944 950704 0 0 974000 949572 950708 950272 0 28 0 0 950704 0 26479772 295105 603012
295104 536870944 950704 0 0 974000 950704 950708 950272 0 0 0 0 0 0 26479808 295105 295104
295112 536870944 950704 948132 950272 974000 950704 950708 950272 0 0 0 0 0 0 26479808 295105 295112
602820 536870944 950704 604281 950272 974000 950704 950708 950272 0 0 0 0 0 0 26479808 295119 602820
831152 536870944 604281 950704 950272 950704 950704 950708 950272 0 0 0 0 0 0 26479808 295119 831152
295118 536870944 0 0 950272 950704 950704 950708 950272 0 0 0 0 0 949584 26479808 295119 295118
295126 536870944 950708 894240 26479812 950704 950704 950708 950272 0 0 0 0 0 949584 26479808 295119 295126
792908 536870944 950708 894240 26479812 950704 950704 950708 950272 0 0 0 0 0 949584 26479808 295131 792908
792922 536870944 950708 4294967295 26479812 950704 894240 950708 26479812 0 0 0 0 0 949584 26479792 295131 792922
289652 536870912 894240 4294967295 26479812 950704 894240 950708 26479812 0 0 0 0 0 949584 26479792 792929 289652
792930 32 1 894241 26479812 950704 894240 950708 26479812 0 0 0 0 0 949664 26479792 792929 792930
792202 2147483680 894240 894241 26479812 0 894240 950708 26479812 0 0 0 0 0 949664 26479792 792943 792202
792210 2147483680 894240 894241 26479812 894241 894240 950708 26479812 0 0 0 0 0 949664 26479776 792943 792210
792214 536870944 894240 894241 26479812 894241 894240 950708 1 0 0 0 0 0 949664 26479776 792943 792214
788088 1610612768 1 0 26479812 894241 894240 950708 1 0 0 0 0 0 949664 26479776 792223 788088
788098 2147483680 1 0 26479812 1073741820 894240 950708 1 0 0 0 0 0 949664 26479776 792223 788098
788154 2147483680 0 0 30 1073741820 1 950708 1 0 0 0 0 0 949664 26479768 792223 788154
599660 2147483680 14 0 30 1073741820 1 950708 1 0 0 0 0 0 949664 26479768 788163 599660
290408 536870912 14 0 30 1073741820 14 950708 949572 0 0 0 0 0 949664 26479752 599681 290408
788162 536870944 26481304 0 30 1073741820 1 950708 1 0 0 0 0 0 949916 26479768 599681 788162
788168 1610612768 26481304 0 0 1073741820 1 950708 1 0 0 0 0 0 949916 26479768 599681 788168
792224 1610612768 26481304 0 0 1073741820 894240 950708 1 0 0 0 0 0 949916 26479776 599681 792224
792236 1610612768 26481304 0 10 26481316 894240 26481304 1 0 0 0 0 0 949916 26479776 599681 792236
792944 536870944 26481316 0 0 26481316 894240 950708 26479812 0 0 0 0 0 949916 26479792 599681 792944
295130 536870944 950708 0 0 26481316 950704 950708 950272 0 0 0 0 0 949916 26479808 599681 295130
295138 536870944 950708 948136 950272 26481316 950704 950708 950272 0 0 0 0 0 949916 26479808 599681 295138
602820 536870944 950708 788333 950272 26481316 950704 950708 950272 0 0 0 0 0 949916 26479808 295145 602820
831152 536870944 788333 950708 950272 950708 950704 950708 950272 0 0 0 0 0 949916 26479808 295145 831152
295146 536870944 0 0 950272 950708 950704 950708 950272 0 0 0 0 0 949584 26479816 295145 295146
295168 32 0 0 0 0 0 0 0 0 0 0 0 0 0 26479832 25227264 295168
295172 32 0 0 0 0 0 0 0 0 0 0 0 0 0 26479808 25227264 295172
295182 32 0 0 0 0 950712 950716 950272 0 0 0 0 0 0 26479808 25227264 295182
602956 32 950712 0 0 0 950712 950716 950272 0 0 0 0 0 0 26479808 295189 602956
602962 32 950712 0 0 0 950712 950716 950272 0 0 0 0 0 0 26479752 295189 602962
602986 32 950712 0 0 974000 949572 950716 950272 0 29 0 0 950712 0 26479752 295189 602986
603008 536870944 30 0 0 974000 949572 950716 950272 0 29 0 0 950712 0 26479752 295189 603008
603012 536870944 950712 0 0 974000 949572 950716 950272 0 29 0 0 950712 0 26479772 295189 603012
295188 536870944 950712 0 0 974000 950712 950716 950272 0 0 0 0 0 0 26479808 295189 295188
295196 536870944 950712 948132 950272 974000 950712 950716 950272 0 0 0 0 0 0 26479808 295189 295196
602820 536870944 950712 604281 950272 974000 950712 950716 950272 0 0 0 0 0 0 26479808 295203 602820
831152 536870944 604281 950712 950272 950712 950712 950716 950272 0 0 0 0 0 0 26479808 295203 831152
295202 536870944 0 0 950272 950712 950712 950716 950272 0 0 0 0 0 949584 26479808 295203 295202
295210 536870944 950716 894240 26479812 950712 950712 950716 950272 0 0 0 0 0 949584 26479808 295203 295210
792908 536870944 950716 894240 26479812 950712 950712 950716 950272 0 0 0 0 0 949584 26479808 295215 792908
792922 536870944 950716 4294967295 26479812 950712 894240 950716 26479812 0 0 0 0 0 949584 26479792 295215 792922
289652 536870912 894240 4294967295 26479812 950712 894240 950716 26479812 0 0 0 0 0 949584 26479792 792929 289652
792930 32 1 894241 26479812 950712 894240 950716 26479812 0 0 0 0 0 949664 26479792 792929 792930
792202 2147483680 894240 894241 26479812 0 894240 950716 26479812 0 0 0 0 0 949664 26479792 792943 792202
792210 2147483680 894240 894241 26479812 894241 894240 950716 26479812 0 0 0 0 0 949664 26479776 792943 792210
792214 536870944 894240 894241 26479812 894241 894240 950716 1 0 0 0 0 0 949664 26479776 792943 792214
788088 1610612768 1 0 26479812 894241 894240 950716 1 0 0 0 0 0 949664 26479776 792223 788088
788098 2147483680 1 0 26479812 1073741820 894240 950716 1 0 0 0 0 0 949664 26479776 792223 788098
788154 2147483680 0 0 30 1073741820 1 950716 1 0 0 0 0 0 949664 26479768 792223 788154
599660 2147483680 14 0 30 1073741820 1 950716 1 0 0 0 0 0 949664 26479768 788163 599660
290408 536870912 14 0 30 1073741820 14 950716 949572 0 0 0 0 0 949664 26479752 599681 290408
788162 536870944 26481328 0 30 1073741820 1 950716 1 0 0 0 0 0 949916 26479768 599681 788162
788168 1610612768 26481328 0 0 1073741820 1 950716 1 0 0 0 0 0 949916 26479768 599681 788168
792224 1610612768 26481328 0 0 1073741820 894240 950716 1 0 0 0 0 0 949916 26479776 599681 792224
792236 1610612768 26481328 0 10 26481340 894240 26481328 1 0 0 0 0 0 949916 26479776 599681 792236
792944 536870944 26481340 0 0 26481340 894240 950716 26479812 0 0 0 0 0 949916 26479792 599681 792944
295214 536870944 950716 0 0 26481340 950712 950716 950272 0 0 0 0 0 949916 26479808 599681 295214
295222 536870944 950716 948136 950272 26481340 950712 950716 950272 0 0 0 0 0 949916 26479808 599681 295222
602820 536870944 950716 788333 950272 26481340 950712 950716 950272 0 0 0 0 0 949916 26479808 295229 602820
831152 536870944 788333 950716 950272 950716 950712 950716 950272 0 0 0 0 0 949916 26479808 295229 831152
295230 536870944 0 0 950272 950716 950712 950716 950272 0 0 0 0 0 949584 26479816 295229 295230
295252 32 0 0 0 0 0 0 0 0 0 0 0 0 0 26479832 25227264 295252
295256 32 0 0 0 0 0 0 0 0 0 0 0 0 0 26479808 25227264 295256
295266 32 0 0 0 0 950720 950724 950272 0 0 0 0 0 0 26479808 25227264 295266
602956 32 950720 0 0 0 950720 950724 950272 0 0 0 0 0 0 26479808 295273 602956
602962 32 950720 0 0 0 950720 950724 950272 0 0 0 0 0 0 26479752 295273 602962
602986 32 950720 0 0 974000 949572 950724 950272 0 30 0 0 950720 0 26479752 295273 602986
603008 536870944 31 0 0 974000 949572 950724 950272 0 30 0 0 950720 0 26479752 295273 603008
603012 536870944 950720 0 0 974000 949572 950724 950272 0 30 0 0 950720 0 26479772 295273 603012
295272 536870944 950720 0 0 974000 950720 950724 950272 0 0 0 0 0 0 26479808 295273 295272
295280 536870944 950720 948132 950272 974000 950720 950724 950272 0 0 0 0 0 0 26479808 295273 295280
602820 536870944 950720 604281 950272 974000 950720 950724 950272 0 0 0 0 0 0 26479808 295287 602820
831152 536870944 604281 950720 950272 950720 950720 950724 950272 0 0 0 0 0 0 26479808 295287 831152
295286 536870944 0 0 950272 950720 950720 950724 950272 0 0 0 0 0 949584 26479808 295287 295286
295294 536870944 950724 894240 26479812 950720 950720 950724 950272 0 0 0 0 0 949584 26479808 295287 295294
792908 536870944 950724 894240 26479812 950720 950720 950724 950272 0 0 0 0 0 949584 26479808 295299 792908
792922 536870944 950724 4294967295 26479812 950720 894240 950724 26479812 0 0 0 0 0 949584 26479792 295299 792922
289652 536870912 894240 4294967295 26479812 950720 894240 950724 26479812 0 0 0 0 0 949584 26479792 792929 289652
792930 32 1 894241 26479812 950720 894240 950724 26479812 0 0 0 0 0 949664 26479792 792929 792930
792202 2147483680 894240 894241 26479812 0 894240 950724 26479812 0 0 0 0 0 949664 26479792 792943 792202
792210 2147483680 894240 894241 26479812 894241 894240 950724 26479812 0 0 0 0 0 949664 26479776 792943 792210
792214 536870944 894240 894241 26479812 894241 894240 950724 1 0 0 0 0 0 949664 26479776 792943 792214
788088 1610612768 1 0 26479812 894241 894240 950724 1 0 0 0 0 0 949664 26479776 792223 788088
788098 2147483680 1 0 26479812 1073741820 894240 950724 1 0 0 0 0 0 949664 26479776 792223 788098
788154 2147483680 0 0 30 1073741820 1 950724 1 0 0 0 0 0 949664 26479768 792223 788154
599660 2147483680 14 0 30 1073741820 1 950724 1 0 0 0 0 0 949664 26479768 788163 599660
290408 536870912 14 0 30 1073741820 14 950724 949572 0 0 0 0 0 949664 26479752 599681 290408
788162 536870944 26481352 0 30 1073741820 1 950724 1 0 0 0 0 0 949916 26479768 599681 788162
788168 1610612768 26481352 0 0 1073741820 1 950724 1 0 0 0 0 0 949916 26479768 599681 788168
792224 1610612768 26481352 0 0 1073741820 894240 950724 1 0 0 0 0 0 949916 26479776 599681 792224
792236 1610612768 26481352 0 10 26481364 894240 26481352 1 0 0 0 0 0 949916 26479776 599681 792236
792944 536870944 26481364 0 0 26481364 894240 950724 26479812 0 0 0 0 0 949916 26479792 599681 792944
295298 536870944 950724 0 0 26481364 950720 950724 950272 0 0 0 0 0 949916 26479808 599681 295298
295306 536870944 950724 948136 950272 26481364 950720 950724 950272 0 0 0 0 0 949916 26479808 599681 295306
602820 536870944 950724 788333 950272 26481364 950720 950724 950272 0 0 0 0 0 949916 26479808 295313 602820
831152 536870944 788333 950724 950272 950724 950720 950724 950272 0 0 0 0 0 949916 26479808 295313 831152
295314 536870944 0 0 950272 950724 950720 950724 950272 0 0 0 0 0 949584 26479816 295313 295314
295336 32 0 0 0 0 0 0 0 0 0 0 0 0 0 26479832 25227264 295336
295340 32 0 0 0 0 0 0 0 0 0 0 0 0 0 26479808 25227264 295340
295350 32 0 0 0 0 950728 950732 950272 0 0 0 0 0 0 26479808 25227264 295350
602956 32 950728 0 0 0 950728 950732 950272 0 0 0 0 0 0 26479808 295357 602956
602962 32 950728 0 0 0 950728 950732 950272 0 0 0 0 0 0 26479752 295357 602962
602986 32 950728 0 0 974000 949572 950732 950272 0 31 0 0 950728 0 26479752 295357 602986
603008 536870944 32 0 0 974000 949572 950732 950272 0 31 0 0 950728 0 26479752 295357 603008
603012 536870944 950728 0 0 974000 949572 950732 950272 0 31 0 0 950728 0 26479772 295357 603012
295356 536870944 950728 0 0 974000 950728 950732 950272 0 0 0 0 0 0 26479808 295357 295356
295364 536870944 950728 948132 950272 974000 950728 950732 950272 0 0 0 0 0 0 26479808 295357 295364
602820 536870944 950728 604281 950272 974000 950728 950732 950272 0 0 0 0 0 0 26479808 295371 602820
831152 536870944 604281 950728 950272 950728 950728 950732 950272 0 0 0 0 0 0 26479808 295371 831152
295370 536870944 0 0 950272 950728 950728 950732 950272 0 0 0 0 0 949584 26479808 295371 295370
295378 536870944 950732 894240 26479812 950728 950728 950732 950272 0 0 0 0 0 949584 26479808 295371 295378
792908 536870944 950732 894240 26479812 950728 950728 950732 950272 0 0 0 0 0 949584 26479808 295383 792908
792922 536870944 950732 4294967295 26479812 950728 894240 950732 26479812 0 0 0 0 0 949584 26479792 295383 792922
289652 536870912 894240 4294967295 26479812 950728 894240 950732 26479812 0 0 0 0 0 949584 26479792 792929 289652
792930 32 1 894241 26479812 950728 894240 950732 26479812 0 0 0 0 0 949664 26479792 792929 792930
792202 2147483680 894240 894241 26479812 0 894240 950732 26479812 0 0 0 0 0 949664 26479792 792943 792202
792210 2147483680 894240 894241 26479812 894241 894240 950732 26479812 0 0 0 0 0 949664 26479776 792943 792210
792214 536870944 894240 894241 26479812 894241 894240 950732 1 0 0 0 0 0 949664 26479776 792943 792214
788088 1610612768 1 0 26479812 894241 894240 950732 1 0 0 0 0 0 949664 26479776 792223 788088
788098 2147483680 1 0 26479812 1073741820 894240 950732 1 0 0 0 0 0 949664 26479776 792223 788098
788154 2147483680 0 0 30 1073741820 1 950732 1 0 0 0 0 0 949664 26479768 792223 788154
599660 2147483680 14 0 30 1073741820 1 950732 1 0 0 0 0 0 949664 26479768 788163 599660
290408 536870912 14 0 30 1073741820 14 950732 949572 0 0 0 0 0 949664 26479752 599681 290408
788162 536870944 26481376 0 30 1073741820 1 950732 1 0 0 0 0 0 949916 26479768 599681 788162
788168 1610612768 26481376 0 0 1073741820 1 950732 1 0 0 0 0 0 949916 26479768 599681 788168
792224 1610612768 26481376 0 0 1073741820 894240 950732 1 0 0 0 0 0 949916 26479776 599681 792224
792236 1610612768 26481376 0 10 26481388 894240 26481376 1 0 0 0 0 0 949916 26479776 599681 792236
792944 536870944 26481388 0 0 26481388 894240 950732 26479812 0 0 0 0 0 949916 26479792 599681 792944
295382 536870944 950732 0 0 26481388 950728 950732 950272 0 0 0 0 0 949916 26479808 599681 295382
295390 536870944 950732 948136 950272 26481388 950728 950732 950272 0 0 0 0 0 949916 26479808 599681 295390
602820 536870944 950732 788333 950272 26481388 950728 950732 950272 0 0 0 0 0 949916 26479808 295397 602820
831152 536870944 788333 950732 950272 950732 950728 950732 950272 0 0 0 0 0 949916 26479808 295397 831152
295398 536870944 0 0 950272 950732 950728 950732 950272 0 0 0 0 0 949584 26479816 295397 295398
295420 32 0 0 0 0 0 0 0 0 0 0 0 0 0 26479832 25227264 295420
295424 32 0 0 0 0 0 0 0 0 0 0 0 0 0 26479808 25227264 295424
295434 32 0 0 0 0 950736 950740 950272 0 0 0 0 0 0 26479808 25227264 295434
602956 32 950736 0 0 0 950736 950740 950272 0 0 0 0 0 0 26479808 295441 602956
602962 32 950736 0 0 0 950736 950740 950272 0 0 0 0 0 0 26479752 295441 602962
602986 32 950736 0 0 974000 949572 950740 950272 0 32 0 0 950736 0 26479752 295441 602986
603008 536870944 33 0 0 974000 949572 950740 950272 0 32 0 0 950736 0 26479752 295441 603008
603012 536870944 950736 0 0 974000 949572 950740 950272 0 32 0 0 950736 0 26479772 295441 603012
295440 536870944 950736 0 0 974000 950736 950740 950272 0 0 0 0 0 0 26479808 295441 295440
295448 536870944 950736 948132 950272 974000 950736 950740 950272 0 0 0 0 0 0 26479808 295441 295448
602820 536870944 950736 604281 950272 974000 950736 950740 950272 0 0 0 0 0 0 26479808 295455 602820
831152 536870944 604281 950736 950272 950736 950736 950740 950272 0 0 0 0 0 0 26479808 295455 831152
295454 536870944 0 0 950272 950736 950736 950740 950272 0 0 0 0 0 949584 26479808 295455 295454
295462 536870944 950740 894240 26479812 950736 950736 950740 950272 0 0 0 0 0 949584 26479808 295455 295462
792908 536870944 950740 894240 26479812 950736 950736 950740 950272 0 0 0 0 0 949584 26479808 295467 792908
792922 536870944 950740 4294967295 26479812 950736 894240 950740 26479812 0 0 0 0 0 949584 26479792 295467 792922
289652 536870912 894240 4294967295 26479812 950736 894240 950740 26479812 0 0 0 0 0 949584 26479792 792929 289652
792930 32 1 894241 26479812 950736 894240 950740 26479812 0 0 0 0 0 949664 26479792 792929 792930
792202 2147483680 894240 894241 26479812 0 894240 950740 26479812 0 0 0 0 0 949664 26479792 792943 792202
792210 2147483680 894240 894241 26479812 894241 894240 950740 26479812 0 0 0 0 0 949664 26479776 792943 792210
792214 536870944 894240 894241 26479812 894241 894240 950740 1 0 0 0 0 0 949664 26479776 792943 792214
788088 1610612768 1 0 26479812 894241 894240 950740 1 0 0 0 0 0 949664 26479776 792223 788088
788098 2147483680 1 0 26479812 1073741820 894240 950740 1 0 0 0 0 0 949664 26479776 792223 788098
788154 2147483680 0 0 30 1073741820 1 950740 1 0 0 0 0 0 949664 26479768 792223 788154
599660 2147483680 14 0 30 1073741820 1 950740 1 0 0 0 0 0 949664 26479768 788163 599660
290408 536870912 14 0 30 1073741820 14 950740 949572 0 0 0 0 0 949664 26479752 599681 290408
788162 536870944 26481400 0 30 1073741820 1 950740 1 0 0 0 0 0 949916 26479768 599681 788162
788168 1610612768 26481400 0 0 1073741820 1 950740 1 0 0 0 0 0 949916 26479768 599681 788168
792224 1610612768 26481400 0 0 1073741820 894240 950740 1 0 0 0 0 0 949916 26479776 599681 792224
792236 1610612768 26481400 0 10 26481412 894240 26481400 1 0 0 0 0 0 949916 26479776 599681 792236
792944 536870944 26481412 0 0 26481412 894240 950740 26479812 0 0 0 0 0 949916 26479792 599681 792944
295466 536870944 950740 0 0 26481412 950736 950740 950272 0 0 0 0 0 949916 26479808 599681 295466
295474 536870944 950740 948136 950272 26481412 950736 950740 950272 0 0 0 0 0 949916 26479808 599681 295474
602820 536870944 950740 788333 950272 26481412 950736 950740 950272 0 0 0 0 0 949916 26479808 295481 602820
831152 536870944 788333 950740 950272 950740 950736 950740 950272 0 0 0 0 0 949916 26479808 295481 831152
295482 536870944 0 0 950272 950740 950736 950740 950272 0 0 0 0 0 949584 26479816 295481 295482
295504 32 0 0 0 0 0 0 0 0 0 0 0 0 0 26479832 25227264 295504
295510 32 0 0 0 0 950744 0 0 0 0 0 0 0 0 26479824 25227264 295510
602956 32 950744 0 0 0 950744 0 0 0 0 0 0 0 0 26479824 295517 602956
602962 32 950744 0 0 0 950744 0 0 0 0 0 0 0 0 26479768 295517 602962
602986 32 950744 0 0 974000 949572 0 0 0 33 0 0 950744 0 26479768 295517 602986
603008 536870944 34 0 0 974000 949572 0 0 0 33 0 0 950744 0 26479768 295517 603008
603012 536870944 950744 0 0 974000 949572 0 0 0 33 0 0 950744 0 26479788 295517 603012
295516 536870944 950744 0 0 974000 950744 0 0 0 0 0 0 0 0 26479824 295517 295516
295524 536870944 950744 948132 654742 974000 950744 0 0 0 0 0 0 0 0 26479824 295517 295524
295528 536870944 950744 604281 950272 974000 950744 0 0 0 0 0 0 0 0 26479824 295517 295528
602820 536870944 950744 604281 950272 974000 0 0 0 0 0 0 0 0 0 26479832 25227264 602820
831152 536870944 604281 950744 950272 950744 0 0 0 0 0 0 0 0 0 26479832 25227264 831152
295548 32 0 0 0 0 0 0 0 0 0 0 0 0 0 26479832 25227264 295548
295552 32 0 0 0 0 0 0 0 0 0 0 0 0 0 26479808 25227264 295552
295562 32 0 0 0 0 950748 950752 950272 0 0 0 0 0 0 26479808 25227264 295562
602956 32 950748 0 0 0 950748 950752 950272 0 0 0 0 0 0 26479808 295569 602956
602962 32 950748 0 0 0 950748 950752 950272 0 0 0 0 0 0 26479752 295569 602962
602986 32 950748 0 0 974000 949572 950752 950272 0 34 0 0 950748 0 26479752 295569 602986
603008 536870944 35 0 0 974000 949572 950752 950272 0 34 0 0 950748 0 26479752 295569 603008
603012 536870944 950748 0 0 974000 949572 950752 950272 0 34 0 0 950748 0 26479772 295569 603012
295568 536870944 950748 0 0 974000 950748 950752 950272 0 0 0 0 0 0 26479808 295569 295568
295576 536870944 950748 948132 950272 974000 950748 950752 950272 0 0 0 0 0 0 26479808 295569 295576
602820 536870944 950748 604281 950272 974000 950748 950752 950272 0 0 0 0 0 0 26479808 295583 602820
831152 536870944 604281 950748 950272 950748 950748 950752 950272 0 0 0 0 0 0 26479808 295583 831152
295582 536870944 0 0 950272 950748 950748 950752 950272 0 0 0 0 0 949584 26479808 295583 295582
295590 536870944 950752 894240 26479812 950748 950748 950752 950272 0 0 0 0 0 949584 26479808 295583 295590
792908 536870944 950752 894240 26479812 950748 950748 950752 950272 0 0 0 0 0 949584 26479808 295595 792908
792922 536870944 950752 4294967295 26479812 950748 894240 950752 26479812 0 0 0 0 0 949584 26479792 295595 792922
289652 536870912 894240 4294967295 26479812 950748 894240 950752 26479812 0 0 0 0 0 949584 26479792 792929 289652
792930 32 1 894241 26479812 950748 894240 950752 26479812 0 0 0 0 0 949664 26479792 792929 792930
792202 2147483680 894240 894241 26479812 0 894240 950752 26479812 0 0 0 0 0 949664 26479792 792943 792202
792210 2147483680 894240 894241 26479812 894241 894240 950752 26479812 0 0 0 0 0 949664 26479776 792943 792210
792214 536870944 894240 894241 26479812 894241 894240 950752 1 0 0 0 0 0 949664 26479776 792943 792214
788088 1610612768 1 0 26479812 894241 894240 950752 1 0 0 0 0 0 949664 26479776 792223 788088
788098 2147483680 1 0 26479812 1073741820 894240 950752 1 0 0 0 0 0 949664 26479776 792223 788098
788154 2147483680 0 0 30 1073741820 1 950752 1 0 0 0 0 0 949664 26479768 792223 788154
599660 2147483680 14 0 30 1073741820 1 950752 1 0 0 0 0 0 949664 26479768 788163 599660
290408 536870912 14 0 30 1073741820 14 950752 949572 0 0 0 0 0 949664 26479752 599681 290408
788162 536870944 26481424 0 30 1073741820 1 950752 1 0 0 0 0 0 949916 26479768 599681 788162
788168 1610612768 26481424 0 0 1073741820 1 950752 1 0 0 0 0 0 949916 26479768 599681 788168
792224 1610612768 26481424 0 0 1073741820 894240 950752 1 0 0 0 0 0 949916 26479776 599681 792224
792236 1610612768 26481424 0 10 26481436 894240 26481424 1 0 0 0 0 0 949916 26479776 599681 792236
792944 536870944 26481436 0 0 26481436 894240 950752 26479812 0 0 0 0 0 949916 26479792 599681 792944
295594 536870944 950752 0 0 26481436 950748 950752 950272 0 0 0 0 0 949916 26479808 599681 295594
295602 536870944 950752 948136 950272 26481436 950748 950752 950272 0 0 0 0 0 949916 26479808 599681 295602
602820 536870944 950752 788333 950272 26481436 950748 950752 950272 0 0 0 0 0 949916 26479808 295609 602820
831152 536870944 788333 950752 950272 950752 950748 950752 950272 0 0 0 0 0 949916 26479808 295609 831152
295610 536870944 0 0 950272 950752 950748 950752 950272 0 0 0 0 0 949584 26479816 295609 295610
295632 32 0 0 0 0 0 0 0 0 0 0 0 0 0 26479832 25227264 295632
295636 32 0 0 0 0 0 0 0 0 0 0 0 0 0 26479808 25227264 295636
295646 32 0 0 0 0 950756 950760 950272 0 0 0 0 0 0 26479808 25227264 295646
602956 32 950756 0 0 0 950756 950760 950272 0 0 0 0 0 0 26479808 295653 602956
602962 32 950756 0 0 0 950756 950760 950272 0 0 0 0 0 0 26479752 295653 602962
602986 32 950756 0 0 974000 949572 950760 950272 0 35 0 0 950756 0 26479752 295653 602986
603008 536870944 36 0 0 974000 949572 950760 950272 0 35 0 0 950756 0 26479752 295653 603008
603012 536870944 950756 0 0 974000 949572 950760 950272 0 35 0 0 950756 0 26479772 295653 603012
295652 536870944 950756 0 0 974000 950756 950760 950272 0 0 0 0 0 0 26479808 295653 295652
295660 536870944 950756 948132 950272 974000 950756 950760 950272 0 0 0 0 0 0 26479808 295653 295660
602820 536870944 950756 604281 950272 974000 950756 950760 950272 0 0 0 0 0 0 26479808 295667 602820
831152 536870944 604281 950756 950272 950756 950756 950760 950272 0 0 0 0 0 0 26479808 295667 831152
295666 536870944 0 0 950272 950756 950756 950760 950272 0 0 0 0 0 949584 26479808 295667 295666
295674 536870944 950760 894240 26479812 950756 950756 950760 950272 0 0 0 0 0 949584 26479808 295667 295674
792908 536870944 950760 894240 26479812 950756 950756 950760 950272 0 0 0 0 0 949584 26479808 295679 792908
792922 536870944 950760 4294967295 26479812 950756 894240 950760 26479812 0 0 0 0 0 949584 26479792 295679 792922
289652 536870912 894240 4294967295 26479812 950756 894240 950760 26479812 0 0 0 0 0 949584 26479792 792929 289652
792930 32 1 894241 26479812 950756 894240 950760 26479812 0 0 0 0 0 949664 26479792 792929 792930
792202 2147483680 894240 894241 26479812 0 894240 950760 26479812 0 0 0 0 0 949664 26479792 792943 792202
792210 2147483680 894240 894241 26479812 894241 894240 950760 26479812 0 0 0 0 0 949664 26479776 792943 792210
792214 536870944 894240 894241 26479812 894241 894240 950760 1 0 0 0 0 0 949664 26479776 792943 792214
788088 1610612768 1 0 26479812 894241 894240 950760 1 0 0 0 0 0 949664 26479776 792223 788088
788098 2147483680 1 0 26479812 1073741820 894240 950760 1 0 0 0 0 0 949664 26479776 792223 788098
788154 2147483680 0 0 30 1073741820 1 950760 1 0 0 0 0 0 949664 26479768 792223 788154
599660 2147483680 14 0 30 1073741820 1 950760 1 0 0 0 0 0 949664 26479768 788163 599660
290408 536870912 14 0 30 1073741820 14 950760 949572 0 0 0 0 0 949664 26479752 599681 290408
788162 536870944 26481448 0 30 1073741820 1 950760 1 0 0 0 0 0 949916 26479768 599681 788162
788168 1610612768 26481448 0 0 1073741820 1 950760 1 0 0 0 0 0 949916 26479768 599681 788168
792224 1610612768 26481448 0 0 1073741820 894240 950760 1 0 0 0 0 0 949916 26479776 599681 792224
792236 1610612768 26481448 0 10 26481460 894240 26481448 1 0 0 0 0 0 949916 26479776 599681 792236
792944 536870944 26481460 0 0 26481460 894240 950760 26479812 0 0 0 0 0 949916 26479792 599681 792944
295678 536870944 950760 0 0 26481460 950756 950760 950272 0 0 0 0 0 949916 26479808 599681 295678
295686 536870944 950760 948136 950272 26481460 950756 950760 950272 0 0 0 0 0 949916 26479808 599681 295686
602820 536870944 950760 788333 950272 26481460 950756 950760 950272 0 0 0 0 0 949916 26479808 295693 602820
831152 536870944 788333 950760 950272 950760 950756 950760 950272 0 0 0 0 0 949916 26479808 295693 831152
295694 536870944 0 0 950272 950760 950756 950760 950272 0 0 0 0 0 949584 26479816 295693 295694
295716 32 0 0 0 0 0 0 0 0 0 0 0 0 0 26479832 25227264 295716
295722 32 0 0 0 0 950764 0 0 0 0 0 0 0 0 26479824 25227264 295722
602956 32 950764 0 0 0 950764 0 0 0 0 0 0 0 0 26479824 295729 602956
602962 32 950764 0 0 0 950764 0 0 0 0 0 0 0 0 26479768 295729 602962
602986 32 950764 0 0 974000 949572 0 0 0 36 0 0 950764 0 26479768 295729 602986
603008 536870944 37 0 0 974000 949572 0 0 0 36 0 0 950764 0 26479768 295729 603008
603012 536870944 950764 0 0 974000 949572 0 0 0 36 0 0 950764 0 26479788 295729 603012
295728 536870944 950764 0 0 974000 950764 0 0 0 0 0 0 0 0 26479824 295729 295728
295736 536870944 950764 948132 654530 974000 950764 0 0 0 0 0 0 0 0 26479824 295729 295736
295740 536870944 950764 604281 950272 974000 950764 0 0 0 0 0 0 0 0 26479824 295729 295740
602820 536870944 950764 604281 950272 974000 0 0 0 0 0 0 0 0 0 26479832 25227264 602820
831152 536870944 604281 950764 950272 950764 0 0 0 0 0 0 0 0 0 26479832 25227264 831152
295760 32 0 0 0 0 0 0 0 0 0 0 0 0 0 26479832 25227264 295760
295764 32 0 0 0 0 0 0 0 0 0 0 0 0 0 26479808 25227264 295764
295774 32 0 0 0 0 950768 950772 950272 0 0 0 0 0 0 26479808 25227264 295774
602956 32 950768 0 0 0 950768 950772 950272 0 0 0 0 0 0 26479808 295781 602956
602962 32 950768 0 0 0 950768 950772 950272 0 0 0 0 0 0 26479752 295781 602962
602986 32 950768 0 0 974000 949572 950772 950272 0 37 0 0 950768 0 26479752 295781 602986
603008 536870944 38 0 0 974000 949572 950772 950272 0 37 0 0 950768 0 26479752 295781 603008
603012 536870944 950768 0 0 974000 949572 950772 950272 0 37 0 0 950768 0 26479772 295781 603012
295780 536870944 950768 0 0 974000 950768 950772 950272 0 0 0 0 0 0 26479808 295781 295780
295788 536870944 950768 948132 950272 974000 950768 950772 950272 0 0 0 0 0 0 26479808 295781 295788
602820 536870944 950768 604281 950272 974000 950768 950772 950272 0 0 0 0 0 0 26479808 295795 602820
831152 536870944 604281 950768 950272 950768 950768 950772 950272 0 0 0 0 0 0 26479808 295795 831152
295794 536870944 0 0 950272 950768 950768 950772 950272 0 0 0 0 0 949584 26479808 295795 295794
295802 536870944 950772 894240 26479812 950768 950768 950772 950272 0 0 0 0 0 949584 26479808 295795 295802
792908 536870944 950772 894240 26479812 950768 950768 950772 950272 0 0 0 0 0 949584 26479808 295807 792908
792922 536870944 950772 4294967295 26479812 950768 894240 950772 26479812 0 0 0 0 0 949584 26479792 295807 792922
289652 536870912 894240 4294967295 26479812 950768 894240 950772 26479812 0 0 0 0 0 949584 26479792 792929 289652
792930 32 1 894241 26479812 950768 894240 950772 26479812 0 0 0 0 0 949664 26479792 792929 792930
792202 2147483680 894240 894241 26479812 0 894240 950772 26479812 0 0 0 0 0 949664 26479792 792943 792202
792210 2147483680 894240 894241 26479812 894241 894240 950772 26479812 0 0 0 0 0 949664 26479776 792943 792210
792214 536870944 894240 894241 26479812 894241 894240 950772 1 0 0 0 0 0 949664 26479776 792943 792214
788088 1610612768 1 0 26479812 894241 894240 950772 1 0 0 0 0 0 949664 26479776 792223 788088
788098 2147483680 1 0 26479812 1073741820 894240 950772 1 0 0 0 0 0 949664 26479776 792223 788098
788154 2147483680 0 0 30 1073741820 1 950772 1 0 0 0 0 0 949664 26479768 792223 788154
599660 2147483680 14 0 30 1073741820 1 950772 1 0 0 0 0 0 949664 26479768 788163 599660
290408 536870912 14 0 30 1073741820 14 950772 949572 0 0 0 0 0 949664 26479752 599681 290408
788162 536870944 26481472 0 30 1073741820 1 950772 1 0 0 0 0 0 949916 26479768 599681 788162
788168 1610612768 26481472 0 0 1073741820 1 950772 1 0 0 0 0 0 949916 26479768 599681 788168
792224 1610612768 26481472 0 0 1073741820 894240 950772 1 0 0 0 0 0 949916 26479776 599681 792224
792236 1610612768 26481472 0 10 26481484 894240 26481472 1 0 0 0 0 0 949916 26479776 599681 792236
792944 536870944 26481484 0 0 26481484 894240 950772 26479812 0 0 0 0 0 949916 26479792 599681 792944
295806 536870944 950772 0 0 26481484 950768 950772 950272 0 0 0 0 0 949916 26479808 599681 295806
295814 536870944 950772 948136 950272 26481484 950768 950772 950272 0 0 0 0 0 949916 26479808 599681 295814
602820 536870944 950772 788333 950272 26481484 950768 950772 950272 0 0 0 0 0 949916 26479808 295821 602820
831152 536870944 788333 950772 950272 950772 950768 950772 950272 0 0 0 0 0 949916 26479808 295821 831152
295822 536870944 0 0 950272 950772 950768 950772 950272 0 0 0 0 0 949584 26479816 295821 295822
295844 32 0 0 0 0 0 0 0 0 0 0 0 0 0 26479832 25227264 295844
295848 32 0 0 0 0 0 0 0 0 0 0 0 0 0 26479808 25227264 295848
295858 32 0 0 0 0 950776 950780 950272 0 0 0 0 0 0 26479808 25227264 295858
602956 32 950776 0 0 0 950776 950780 950272 0 0 0 0 0 0 26479808 295865 602956
602962 32 950776 0 0 0 950776 950780 950272 0 0 0 0 0 0 26479752 295865 602962
602986 32 950776 0 0 974000 949572 950780 950272 0 38 0 0 950776 0 26479752 295865 602986
603008 536870944 39 0 0 974000 949572 950780 950272 0 38 0 0 950776 0 26479752 295865 603008
603012 536870944 950776 0 0 974000 949572 950780 950272 0 38 0 0 950776 0 26479772 295865 603012
295864 536870944 950776 0 0 974000 950776 950780 950272 0 0 0 0 0 0 26479808 295865 295864
295872 536870944 950776 948132 950272 974000 950776 950780 950272 0 0 0 0 0 0 26479808 295865 295872
602820 536870944 950776 604281 950272 974000 950776 950780 950272 0 0 0 0 0 0 26479808 295879 602820
831152 536870944 604281 950776 950272 950776 950776 950780 950272 0 0 0 0 0 0 26479808 295879 831152
295878 536870944 0 0 950272 950776 950776 950780 950272 0 0 0 0 0 949584 26479808 295879 295878
295886 536870944 950780 894240 26479812 950776 950776 950780 950272 0 0 0 0 0 949584 26479808 295879 295886
792908 536870944 950780 894240 26479812 950776 950776 950780 950272 0 0 0 0 0 949584 26479808 295891 792908
792922 536870944 950780 4294967295 26479812 950776 894240 950780 26479812 0 0 0 0 0 949584 26479792 295891 792922
289652 536870912 894240 4294967295 26479812 950776 894240 950780 26479812 0 0 0 0 0 949584 26479792 792929 289652
792930 32 1 894241 26479812 950776 894240 950780 26479812 0 0 0 0 0 949664 26479792 792929 792930
792202 2147483680 894240 894241 26479812 0 894240 950780 26479812 0 0 0 0 0 949664 26479792 792943 792202
792210 2147483680 894240 894241 26479812 894241 894240 950780 26479812 0 0 0 0 0 949664 26479776 792943 792210
792214 536870944 894240 894241 26479812 894241 894240 950780 1 0 0 0 0 0 949664 26479776 792943 792214
788088 1610612768 1 0 26479812 894241 894240 950780 1 0 0 0 0 0 949664 26479776 792223 788088
788098 2147483680 1 0 26479812 1073741820 894240 950780 1 0 0 0 0 0 949664 26479776 792223 788098
788154 2147483680 0 0 30 1073741820 1 950780 1 0 0 0 0 0 949664 26479768 792223 788154
599660 2147483680 14 0 30 1073741820 1 950780 1 0 0 0 0 0 949664 26479768 788163 599660
290408 536870912 14 0 30 1073741820 14 950780 949572 0 0 0 0 0 949664 26479752 599681 290408
788162 536870944 26481496 0 30 1073741820 1 950780 1 0 0 0 0 0 949916 26479768 599681 788162
788168 1610612768 26481496 0 0 1073741820 1 950780 1 0 0 0 0 0 949916 26479768 599681 788168
792224 1610612768 26481496 0 0 1073741820 894240 950780 1 0 0 0 0 0 949916 26479776 599681 792224
792236 1610612768 26481496 0 10 26481508 894240 26481496 1 0 0 0 0 0 949916 26479776 599681 792236
792944 536870944 26481508 0 0 26481508 894240 950780 26479812 0 0 0 0 0 949916 26479792 599681 792944
295890 536870944 950780 0 0 26481508 950776 950780 950272 0 0 0 0 0 949916 26479808 599681 295890
295898 536870944 950780 948136 950272 26481508 950776 950780 950272 0 0 0 0 0 949916 26479808 599681 295898
602820 536870944 950780 788333 950272 26481508 950776 950780 950272 0 0 0 0 0 949916 26479808 295905 602820
831152 536870944 788333 950780 950272 950780 950776 950780 950272 0 0 0 0 0 949916 26479808 295905 831152
295906 536870944 0 0 950272 950780 950776 950780 950272 0 0 0 0 0 949584 26479816 295905 295906
295928 32 0 0 0 0 0 0 0 0 0 0 0 0 0 26479832 25227264 295928
295934 32 0 0 0 0 950784 0 0 0 0 0 0 0 0 26479824 25227264 295934
602956 32 950784 0 0 0 950784 0 0 0 0 0 0 0 0 26479824 295941 602956
602962 32 950784 0 0 0 950784 0 0 0 0 0 0 0 0 26479768 295941 602962
602986 32 950784 0 0 974000 949572 0 0 0 39 0 0 950784 0 26479768 295941 602986
603008 536870944 40 0 0 974000 949572 0 0 0 39 0 0 950784 0 26479768 295941 603008
603012 536870944 950784 0 0 974000 949572 0 0 0 39 0 0 950784 0 26479788 295941 603012
295940 536870944 950784 0 0 974000 950784 0 0 0 0 0 0 0 0 26479824 295941 295940
295948 536870944 950784 948132 654318 974000 950784 0 0 0 0 0 0 0 0 26479824 295941 295948
295952 536870944 950784 604281 950272 974000 950784 0 0 0 0 0 0 0 0 26479824 295941 295952
602820 536870944 950784 604281 950272 974000 0 0 0 0 0 0 0 0 0 26479832 25227264 602820
831152 536870944 604281 950784 950272 950784 0 0 0 0 0 0 0 0 0 26479832 25227264 831152
295972 32 0 0 0 0 0 0 0 0 0 0 0 0 0 26479832 25227264 295972
295976 32 0 0 0 0 0 0 0 0 0 0 0 0 0 26479808 25227264 295976
295986 32 0 0 0 0 950788 950792 950272 0 0 0 0 0 0 26479808 25227264 295986
602956 32 950788 0 0 0 950788 950792 950272 0 0 0 0 0 0 26479808 295993 602956
602962 32 950788 0 0 0 950788 950792 950272 0 0 0 0 0 0 26479752 295993 602962
602986 32 950788 0 0 974000 949572 950792 950272 0 40 0 0 950788 0 26479752 295993 602986
603008 536870944 41 0 0 974000 949572 950792 950272 0 40 0 0 950788 0 26479752 295993 603008
603012 536870944 950788 0 0 974000 949572 950792 950272 0 40 0 0 950788 0 26479772 295993 603012
295992 536870944 950788 0 0 974000 950788 950792 950272 0 0 0 0 0 0 26479808 295993 295992
296000 536870944 950788 948132 950272 974000 950788 950792 950272 0 0 0 0 0 0 26479808 295993 296000
602820 536870944 950788 604281 950272 974000 950788 950792 950272 0 0 0 0 0 0 26479808 296007 602820
831152 536870944 604281 950788 950272 950788 950788 950792 950272 0 0 0 0 0 0 26479808 296007 831152
296006 536870944 0 0 950272 950788 950788 950792 950272 0 0 0 0 0 949584 26479808 296007 296006
296014 536870944 950792 894240 26479812 950788 950788 950792 950272 0 0 0 0 0 949584 26479808 296007 296014
792908 536870944 950792 894240 26479812 950788 950788 950792 950272 0 0 0 0 0 949584 26479808 296019 792908
792922 536870944 950792 4294967295 26479812 950788 894240 950792 26479812 0 0 0 0 0 949584 26479792 296019 792922
289652 536870912 894240 4294967295 26479812 950788 894240 950792 26479812 0 0 0 0 0 949584 26479792 792929 289652
792930 32 1 894241 26479812 950788 894240 950792 26479812 0 0 0 0 0 949664 26479792 792929 792930
792202 2147483680 894240 894241 26479812 0 894240 950792 26479812 0 0 0 0 0 949664 26479792 792943 792202
792210 2147483680 894240 894241 26479812 894241 894240 950792 26479812 0 0 0 0 0 949664 26479776 792943 792210
792214 536870944 894240 894241 26479812 894241 894240 950792 1 0 0 0 0 0 949664 26479776 792943 792214
788088 1610612768 1 0 26479812 894241 894240 950792 1 0 0 0 0 0 949664 26479776 792223 788088
788098 2147483680 1 0 26479812 1073741820 894240 950792 1 0 0 0 0 0 949664 26479776 792223 788098
788154 2147483680 0 0 30 1073741820 1 950792 1 0 0 0 0 0 949664 26479768 792223 788154
599660 2147483680 14 0 30 1073741820 1 950792 1 0 0 0 0 0 949664 26479768 788163 599660
290408 536870912 14 0 30 1073741820 14 950792 949572 0 0 0 0 0 949664 26479752 599681 290408
788162 536870944 26481520 0 30 1073741820 1 950792 1 0 0 0 0 0 949916 26479768 599681 788162
788168 1610612768 26481520 0 0 1073741820 1 950792 1 0 0 0 0 0 949916 26479768 599681 788168
792224 1610612768 26481520 0 0 1073741820 894240 950792 1 0 0 0 0 0 949916 26479776 599681 792224
792236 1610612768 26481520 0 10 26481532 894240 26481520 1 0 0 0 0 0 949916 26479776 599681 792236
792944 536870944 26481532 0 0 26481532 894240 950792 26479812 0 0 0 0 0 949916 26479792 599681 792944
296018 536870944 950792 0 0 26481532 950788 950792 950272 0 0 0 0 0 949916 26479808 599681 296018
296026 536870944 950792 948136 950272 26481532 950788 950792 950272 0 0 0 0 0 949916 26479808 599681 296026
602820 536870944 950792 788333 950272 26481532 950788 950792 950272 0 0 0 0 0 949916 26479808 296033 602820
831152 536870944 788333 950792 950272 950792 950788 950792 950272 0 0 0 0 0 949916 26479808 296033 831152
296034 536870944 0 0 950272 950792 950788 950792 950272 0 0 0 0 0 949584 26479816 296033 296034
296056 32 0 0 0 0 0 0 0 0 0 0 0 0 0 26479832 25227264 296056
296060 32 0 0 0 0 0 0 0 0 0 0 0 0 0 26479808 25227264 296060
296070 32 0 0 0 0 950796 950800 950272 0 0 0 0 0 0 26479808 25227264 296070
602956 32 950796 0 0 0 950796 950800 950272 0 0 0 0 0 0 26479808 296077 602956
602962 32 950796 0 0 0 950796 950800 950272 0 0 0 0 0 0 26479752 296077 602962
602986 32 950796 0 0 974000 949572 950800 950272 0 41 0 0 950796 0 26479752 296077 602986
603008 536870944 42 0 0 974000 949572 950800 950272 0 41 0 0 950796 0 26479752 296077 603008
603012 536870944 950796 0 0 974000 949572 950800 950272 0 41 0 0 950796 0 26479772 296077 603012
296076 536870944 950796 0 0 974000 950796 950800 950272 0 0 0 0 0 0 26479808 296077 296076
296084 536870944 950796 948132 950272 974000 950796 950800 950272 0 0 0 0 0 0 26479808 296077 296084
602820 536870944 950796 604281 950272 974000 950796 950800 950272 0 0 0 0 0 0 26479808 296091 602820
831152 536870944 604281 950796 950272 950796 950796 950800 950272 0 0 0 0 0 0 26479808 296091 831152
296090 536870944 0 0 950272 950796 950796 950800 950272 0 0 0 0 0 949584 26479808 296091 296090
296098 536870944 950800 894240 26479812 950796 950796 950800 950272 0 0 0 0 0 949584 26479808 296091 296098
792908 536870944 950800 894240 26479812 950796 950796 950800 950272 0 0 0 0 0 949584 26479808 296103 792908
792922 536870944 950800 4294967295 26479812 950796 894240 950800 26479812 0 0 0 0 0 949584 26479792 296103 792922
289652 536870912 894240 4294967295 26479812 950796 894240 950800 26479812 0 0 0 0 0 949584 26479792 792929 289652
792930 32 1 894241 26479812 950796 894240 950800 26479812 0 0 0 0 0 949664 26479792 792929 792930
792202 2147483680 894240 894241 26479812 0 894240 950800 26479812 0 0 0 0 0 949664 26479792 792943 792202
792210 2147483680 894240 894241 26479812 894241 894240 950800 26479812 0 0 0 0 0 949664 26479776 792943 792210
792214 536870944 894240 894241 26479812 894241 894240 950800 1 0 0 0 0 0 949664 26479776 792943 792214
788088 1610612768 1 0 26479812 894241 894240 950800 1 0 0 0 0 0 949664 26479776 792223 788088
788098 2147483680 1 0 26479812 1073741820 894240 950800 1 0 0 0 0 0 949664 26479776 792223 788098
788154 2147483680 0 0 30 1073741820 1 950800 1 0 0 0 0 0 949664 26479768 792223 788154
599660 2147483680 14 0 30 1073741820 1 950800 1 0 0 0 0 0 949664 26479768 788163 599660
290408 536870912 14 0 30 1073741820 14 950800 949572 0 0 0 0 0 949664 26479752 599681 290408
788162 536870944 26481544 0 30 1073741820 1 950800 1 0 0 0 0 0 949916 26479768 599681 788162
788168 1610612768 26481544 0 0 1073741820 1 950800 1 0 0 0 0 0 949916 26479768 599681 788168
792224 1610612768 26481544 0 0 1073741820 894240 950800 1 0 0 0 0 0 949916 26479776 599681 792224
792236 1610612768 26481544 0 10 26481556 894240 26481544 1 0 0 0 0 0 949916 26479776 599681 792236
792944 536870944 26481556 0 0 26481556 894240 950800 26479812 0 0 0 0 0 949916 26479792 599681 792944
296102 536870944 950800 0 0 26481556 950796 950800 950272 0 0 0 0 0 949916 26479808 599681 296102
296110 536870944 950800 948136 950272 26481556 950796 950800 950272 0 0 0 0 0 949916 26479808 599681 296110
602820 536870944 950800 788333 950272 26481556 950796 950800 950272 0 0 0 0 0 949916 26479808 296117 602820
831152 536870944 788333 950800 950272 950800 950796 950800 950272 0 0 0 0 0 949916 26479808 296117 831152
296118 536870944 0 0 950272 950800 950796 950800 950272 0 0 0 0 0 949584 26479816 296117 296118
296140 32 0 0 0 0 0 0 0 0 0 0 0 0 0 26479832 25227264 296140
296144 32 0 0 0 0 0 0 0 0 0 0 0 0 0 26479808 25227264 296144
296154 32 0 0 0 0 950804 950808 950272 0 0 0 0 0 0 26479808 25227264 296154
602956 32 950804 0 0 0 950804 950808 950272 0 0 0 0 0 0 26479808 296161 602956
602962 32 950804 0 0 0 950804 950808 950272 0 0 0 0 0 0 26479752 296161 602962
602986 32 950804 0 0 974000 949572 950808 950272 0 42 0 0 950804 0 26479752 296161 602986
603008 536870944 43 0 0 974000 949572 950808 950272 0 42 0 0 950804 0 26479752 296161 603008
603012 536870944 950804 0 0 974000 949572 950808 950272 0 42 0 0 950804 0 26479772 296161 603012
296160 536870944 950804 0 0 974000 950804 950808 950272 0 0 0 0 0 0 26479808 296161 296160
296168 536870944 950804 948132 950272 974000 950804 950808 950272 0 0 0 0 0 0 26479808 296161 296168
602820 536870944 950804 604281 950272 974000 950804 950808 950272 0 0 0 0 0 0 26479808 296175 602820
831152 536870944 604281 950804 950272 950804 950804 950808 950272 0 0 0 0 0 0 26479808 296175 831152
296174 536870944 0 0 950272 950804 950804 950808 950272 0 0 0 0 0 949584 26479808 296175 296174
296182 536870944 950808 894240 26479812 950804 950804 950808 950272 0 0 0 0 0 949584 26479808 296175 296182
792908 536870944 950808 894240 26479812 950804 950804 950808 950272 0 0 0 0 0 949584 26479808 296187 792908
792922 536870944 950808 4294967295 26479812 950804 894240 950808 26479812 0 0 0 0 0 949584 26479792 296187 792922
289652 536870912 894240 4294967295 26479812 950804 894240 950808 26479812 0 0 0 0 0 949584 26479792 792929 289652
792930 32 1 894241 26479812 950804 894240 950808 26479812 0 0 0 0 0 949664 26479792 792929 792930
792202 2147483680 894240 894241 26479812 0 894240 950808 26479812 0 0 0 0 0 949664 26479792 792943 792202
792210 2147483680 894240 894241 26479812 894241 894240 950808 26479812 0 0 0 0 0 949664 26479776 792943 792210
792214 536870944 894240 894241 26479812 894241 894240 950808 1 0 0 0 0 0 949664 26479776 792943 792214
788088 1610612768 1 0 26479812 894241 894240 950808 1 0 0 0 0 0 949664 26479776 792223 788088
788098 2147483680 1 0 26479812 1073741820 894240 950808 1 0 0 0 0 0 949664 26479776 792223 788098
788154 2147483680 0 0 30 1073741820 1 950808 1 0 0 0 0 0 949664 26479768 792223 788154
599660 2147483680 14 0 30 1073741820 1 950808 1 0 0 0 0 0 949664 26479768 788163 599660
290408 536870912 14 0 30 1073741820 14 950808 949572 0 0 0 0 0 949664 26479752 599681 290408
788162 536870944 26481568 0 30 1073741820 1 950808 1 0 0 0 0 0 949916 26479768 599681 788162
788168 1610612768 26481568 0 0 1073741820 1 950808 1 0 0 0 0 0 949916 26479768 599681 788168
792224 1610612768 26481568 0 0 1073741820 894240 950808 1 0 0 0 0 0 949916 26479776 599681 792224
792236 1610612768 26481568 0 10 26481580 894240 26481568 1 0 0 0 0 0 949916 26479776 599681 792236
792944 536870944 26481580 0 0 26481580 894240 950808 26479812 0 0 0 0 0 949916 26479792 599681 792944
296186 536870944 950808 0 0 26481580 950804 950808 950272 0 0 0 0 0 949916 26479808 599681 296186
296194 536870944 950808 948136 950272 26481580 950804 950808 950272 0 0 0 0 0 949916 26479808 599681 296194
602820 536870944 950808 788333 950272 26481580 950804 950808 950272 0 0 0 0 0 949916 26479808 296201 602820
831152 536870944 788333 950808 950272 950808 950804 950808 950272 0 0 0 0 0 949916 26479808 296201 831152
296202 536870944 0 0 950272 950808 950804 950808 950272 0 0 0 0 0 949584 26479816 296201 296202
296224 32 0 0 0 0 0 0 0 0 0 0 0 0 0 26479832 25227264 296224
296230 1073741856 0 0 0 948612 0 0 0 0 0 0 0 0 0 26479832 25227264 296230
296236 1073741856 0 0 0 950812 0 0 0 0 0 0 0 0 0 26479832 25227264 296236
296244 32 0 0 0 0 0 0 0 0 0 0 0 0 0 26479832 25227264 296244
296252 32 652402 0 0 0 950272 0 0 0 0 0 0 0 0 26479824 25227264 296252
296256 32 948660 652408 0 0 950272 0 0 0 0 0 0 0 0 26479824 25227264 296256
296262 32 950280 948672 950272 0 950272 0 0 0 0 0 0 0 0 26479824 25227264 296262
602820 32 950280 511345 950272 0 950272 0 0 0 0 0 0 0 0 26479824 296269 602820
831152 32 511345 950280 950272 950280 950272 0 0 0 0 0 0 0 0 26479824 296269 831152
296268 32 0 0 950272 950280 950272 0 0 0 0 0 0 0 949584 26479824 296269 296268
296276 32 948664 652394 950272 950280 950272 0 0 0 0 0 0 0 949584 26479824 296269 296276
296280 32 950276 948676 950272 950280 950272 0 0 0 0 0 0 0 949584 26479824 296269 296280
602820 32 950276 511361 950272 950280 0 0 0 0 0 0 0 0 949584 26479832 25227264 602820
831152 32 511361 950276 950272 950276 0 0 0 0 0 0 0 0 949584 26479832 25227264 831152
296312 32 0 0 0 0 0 0 0 0 0 0 0 0 0 26479832 25227264 296312
296316 32 0 0 0 0 0 0 0 0 0 0 0 0 0 26479808 25227264 296316
296326 32 0 0 0 0 950860 950864 950272 0 0 0 0 0 0 26479808 25227264 296326
602956 32 950860 0 0 0 950860 950864 950272 0 0 0 0 0 0 26479808 296333 602956
602962 32 950860 0 0 0 950860 950864 950272 0 0 0 0 0 0 26479752 296333 602962
602986 32 950860 0 0 974000 949572 950864 950272 0 43 0 0 950860 0 26479752 296333 602986
603008 536870944 44 0 0 974000 949572 950864 950272 0 43 0 0 950860 0 26479752 296333 603008
603012 536870944 950860 0 0 974000 949572 950864 950272 0 43 0 0 950860 0 26479772 296333 603012
296332 536870944 950860 0 0 974000 950860 950864 950272 0 0 0 0 0 0 26479808 296333 296332
296340 536870944 950860 948132 950272 974000 950860 950864 950272 0 0 0 0 0 0 26479808 296333 296340
602820 536870944 950860 604281 950272 974000 950860 950864 950272 0 0 0 0 0 0 26479808 296347 602820
831152 536870944 604281 950860 950272 950860 950860 950864 950272 0 0 0 0 0 0 26479808 296347 831152
296346 536870944 0 0 950272 950860 950860 950864 950272 0 0 0 0 0 949584 26479808 296347 296346
296354 536870944 950864 894240 26479812 950860 950860 950864 950272 0 0 0 0 0 949584 26479808 296347 296354
792908 536870944 950864 894240 26479812 950860 950860 950864 950272 0 0 0 0 0 949584 26479808 296359 792908
792922 536870944 950864 4294967295 26479812 950860 894240 950864 26479812 0 0 0 0 0 949584 26479792 296359 792922
289652 536870912 894240 4294967295 26479812 950860 894240 950864 26479812 0 0 0 0 0 949584 26479792 792929 289652
792930 32 1 894241 26479812 950860 894240 950864 26479812 0 0 0 0 0 949664 26479792 792929 792930
792202 2147483680 894240 894241 26479812 0 894240 950864 26479812 0 0 0 0 0 949664 26479792 792943 792202
792210 2147483680 894240 894241 26479812 894241 894240 950864 26479812 0 0 0 0 0 949664 26479776 792943 792210
792214 536870944 894240 894241 26479812 894241 894240 950864 1 0 0 0 0 0 949664 26479776 792943 792214
788088 1610612768 1 0 26479812 894241 894240 950864 1 0 0 0 0 0 949664 26479776 792223 788088
788098 2147483680 1 0 26479812 1073741820 894240 950864 1 0 0 0 0 0 949664 26479776 792223 788098
788154 2147483680 0 0 30 1073741820 1 950864 1 0 0 0 0 0 949664 26479768 792223 788154
599660 2147483680 14 0 30 1073741820 1 950864 1 0 0 0 0 0 949664 26479768 788163 599660
290408 536870912 14 0 30 1073741820 14 950864 949572 0 0 0 0 0 949664 26479752 599681 290408
788162 536870944 26481592 0 30 1073741820 1 950864 1 0 0 0 0 0 949916 26479768 599681 788162
788168 1610612768 26481592 0 0 1073741820 1 950864 1 0 0 0 0 0 949916 26479768 599681 788168
792224 1610612768 26481592 0 0 1073741820 894240 950864 1 0 0 0 0 0 949916 26479776 599681 792224
792236 1610612768 26481592 0 10 26481604 894240 26481592 1 0 0 0 0 0 949916 26479776 599681 792236
792944 536870944 26481604 0 0 26481604 894240 950864 26479812 0 0 0 0 0 949916 26479792 599681 792944
296358 536870944 950864 0 0 26481604 950860 950864 950272 0 0 0 0 0 949916 26479808 599681 296358
296366 536870944 950864 948136 950272 26481604 950860 950864 950272 0 0 0 0 0 949916 26479808 599681 296366
602820 536870944 950864 788333 950272 26481604 950860 950864 950272 0 0 0 0 0 949916 26479808 296373 602820
831152 536870944 788333 950864 950272 950864 950860 950864 950272 0 0 0 0 0 949916 26479808 296373 831152
296374 536870944 0 0 950272 950864 950860 950864 950272 0 0 0 0 0 949584 26479816 296373 296374
296396 32 0 0 0 0 0 0 0 0 0 0 0 0 0 26479832 25227264 296396
296400 32 0 0 0 0 0 0 0 0 0 0 0 0 0 26479808 25227264 296400
296410 32 0 0 0 0 950868 950872 950272 0 0 0 0 0 0 26479808 25227264 296410
602956 32 950868 0 0 0 950868 950872 950272 0 0 0 0 0 0 26479808 296417 602956
602962 32 950868 0 0 0 950868 950872 950272 0 0 0 0 0 0 26479752 296417 602962
602986 32 950868 0 0 974000 949572 950872 950272 0 44 0 0 950868 0 26479752 296417 602986
603008 536870944 45 0 0 974000 949572 950872 950272 0 44 0 0 950868 0 26479752 296417 603008
603012 536870944 950868 0 0 974000 949572 950872 950272 0 44 0 0 950868 0 26479772 296417 603012
296416 536870944 950868 0 0 974000 950868 950872 950272 0 0 0 0 0 0 26479808 296417 296416
296424 536870944 950868 948132 950272 974000 950868 950872 950272 0 0 0 0 0 0 26479808 296417 296424
602820 536870944 950868 604281 950272 974000 950868 950872 950272 0 0 0 0 0 0 26479808 296431 602820
831152 536870944 604281 950868 950272 950868 950868 950872 950272 0 0 0 0 0 0 26479808 296431 831152
296430 536870944 0 0 950272 950868 950868 950872 950272 0 0 0 0 0 949584 26479808 296431 296430
296438 536870944 950872 894240 26479812 950868 950868 950872 950272 0 0 0 0 0 949584 26479808 296431 296438
792908 536870944 950872 894240 26479812 950868 950868 950872 950272 0 0 0 0 0 949584 26479808 296443 792908
792922 536870944 950872 4294967295 26479812 950868 894240 950872 26479812 0 0 0 0 0 949584 26479792 296443 792922
289652 536870912 894240 4294967295 26479812 950868 894240 950872 26479812 0 0 0 0 0 949584 26479792 792929 289652
792930 32 1 894241 26479812 950868 894240 950872 26479812 0 0 0 0 0 949664 26479792 792929 792930
792202 2147483680 894240 894241 26479812 0 894240 950872 26479812 0 0 0 0 0 949664 26479792 792943 792202
792210 2147483680 894240 894241 26479812 894241 894240 950872 26479812 0 0 0 0 0 949664 26479776 792943 792210
792214 536870944 894240 894241 26479812 894241 894240 950872 1 0 0 0 0 0 949664 26479776 792943 792214
788088 1610612768 1 0 26479812 894241 894240 950872 1 0 0 0 0 0 949664 26479776 792223 788088
788098 2147483680 1 0 26479812 1073741820 894240 950872 1 0 0 0 0 0 949664 26479776 792223 788098
788154 2147483680 0 0 30 1073741820 1 950872 1 0 0 0 0 0 949664 26479768 792223 788154
599660 2147483680 14 0 30 1073741820 1 950872 1 0 0 0 0 0 949664 26479768 788163 599660
290408 536870912 14 0 30 1073741820 14 950872 949572 0 0 0 0 0 949664 26479752 599681 290408
788162 536870944 26481616 0 30 1073741820 1 950872 1 0 0 0 0 0 949916 26479768 599681 788162
788168 1610612768 26481616 0 0 1073741820 1 950872 1 0 0 0 0 0 949916 26479768 599681 788168
792224 1610612768 26481616 0 0 1073741820 894240 950872 1 0 0 0 0 0 949916 26479776 599681 792224
792236 1610612768 26481616 0 10 26481628 894240 26481616 1 0 0 0 0 0 949916 26479776 599681 792236
792944 536870944 26481628 0 0 26481628 894240 950872 26479812 0 0 0 0 0 949916 26479792 599681 792944
296442 536870944 950872 0 0 26481628 950868 950872 950272 0 0 0 0 0 949916 26479808 599681 296442
296450 536870944 950872 948136 950272 26481628 950868 950872 950272 0 0 0 0 0 949916 26479808 599681 296450
602820 536870944 950872 788333 950272 26481628 950868 950872 950272 0 0 0 0 0 949916 26479808 296457 602820
831152 536870944 788333 950872 950272 950872 950868 950872 950272 0 0 0 0 0 949916 26479808 296457 831152
296458 536870944 0 0 950272 950872 950868 950872 950272 0 0 0 0 0 949584 26479816 296457 296458
296480 32 0 0 0 0 0 0 0 0 0 0 0 0 0 26479832 25227264 296480
296492 1073741856 0 600153 0 0 951720 0 0 0 0 0 0 0 0 26479824 25227264 296492
296496 1073741856 951720 600153 0 0 951720 0 0 0 0 0 0 0 0 26479824 25227264 296496
290852 1073741824 951720 600153 0 0 951720 0 0 0 0 0 0 0 0 26479824 296501 290852
296500 1073741856 0 0 0 0 951720 0 0 0 0 0 0 0 950064 26479824 296501 296500
296512 536870944 0 600125 950272 1 951720 0 0 0 0 0 0 0 950064 26479824 296501 296512
602820 536870944 951720 600125 950272 1 0 0 0 0 0 0 0 0 950064 26479832 25227264 602820
831152 536870944 600125 951720 950272 951720 0 0 0 0 0 0 0 0 950064 26479832 25227264 831152
296544 32 0 0 0 0 0 0 0 0 0 0 0 0 0 26479832 25227264 296544
296552 1073741856 0 0 0 955584 0 0 0 0 0 0 0 0 0 26479832 25227264 296552
296560 32 0 0 0 0 0 0 0 0 0 0 0 0 0 26479832 25227264 296560
296564 32 0 0 0 974052 0 0 0 0 0 0 0 0 0 26479832 25227264 296564
296780 32 0 0 0 0 0 0 0 0 0 0 0 0 0 26479832 25227264 296780
296784 32 0 0 0 977728 0 0 0 0 0 0 0 0 0 26479832 25227264 296784
297000 32 0 0 0 0 0 0 0 0 0 0 0 0 0 26479832 25227264 297000
297008 32 0 0 0 977824 653258 0 0 0 0 0 0 0 0 26479816 25227264 297008
297012 32 0 0 0 977824 950272 650332 0 0 0 0 0 0 0 26479816 25227264 297012
297018 32 977824 501313 0 977824 950272 947352 0 0 0 0 0 0 0 26479816 25227264 297018
297026 32 977824 798337 950272 977824 950272 947360 0 0 0 0 0 0 0 26479816 25227264 297026
602820 32 977824 798337 950272 977824 950272 947360 0 0 0 0 0 0 0 26479816 297031 602820
831152 32 798337 977824 950272 977824 950272 947360 0 0 0 0 0 0 0 26479816 297031 831152
297030 32 0 0 950272 977824 950272 947360 0 0 0 0 0 0 949584 26479816 297031 297030
297038 32 0 0 950272 977820 650372 947360 0 0 0 0 0 0 949584 26479816 297031 297038
297044 32 0 501269 950272 977820 947424 947360 0 0 0 0 0 0 949584 26479816 297031 297044
297050 32 977820 798321 950272 977820 947424 947360 0 0 0 0 0 0 949584 26479816 297031 297050
602820 32 977820 798321 950272 0 0 0 0 0 0 0 0 0 949584 26479832 25227264 602820
831152 32 798321 977820 950272 977820 0 0 0 0 0 0 0 0 949584 26479832 25227264 831152
595788 32 16811868 0 0 0 0 0 0 0 0 0 0 0 0 26479832 25227264 595788
595798 32 16811868 0 0 16810268 0 0 0 0 0 0 0 0 0 26479768 25227264 595798
595808 32 16811868 0 595167 16810268 16811868 0 0 0 0 0 0 0 0 26479768 25227264 595808
595816 32 16811868 0 595089 16810268 16811868 0 0 0 0 0 0 0 0 26479768 25227264 595816
595824 32 16811868 0 595081 16810268 16811868 0 0 0 0 0 0 0 0 26479768 25227264 595824
595832 32 16811868 0 595097 16810268 16811868 0 0 0 0 0 0 0 0 26479768 25227264 595832
595840 32 16811868 0 595073 16810268 16811868 0 0 0 0 0 0 0 0 26479768 25227264 595840
595848 32 16811868 0 595065 16810268 16811868 0 0 0 0 0 0 0 0 26479768 25227264 595848
595856 32 16811868 0 595003 16810268 16811868 0 0 0 0 0 0 0 0 26479768 25227264 595856
595864 32 16811868 0 594995 16810268 16811868 0 0 0 0 0 0 0 0 26479768 25227264 595864
595872 32 16811868 0 594981 16810268 16811868 0 0 0 0 0 0 0 0 26479768 25227264 595872
595880 32 16811868 0 594975 16810268 16811868 0 0 0 0 0 0 0 0 26479768 25227264 595880
595888 32 16811868 0 594967 16810268 16811868 0 0 0 0 0 0 0 0 26479768 25227264 595888
595896 32 16811868 0 594883 16810268 16811868 0 0 0 0 0 0 0 0 26479768 25227264 595896
595906 32 148 0 594875 16810268 16811868 0 0 0 0 0 0 0 0 26479768 25227264 595906
290408 0 148 0 594875 16810268 16811868 0 0 0 0 0 0 0 0 26479768 595911 290408
595910 32 26481640 0 594875 16810268 16811868 0 0 0 0 0 0 0 949916 26479768 595911 595910
289460 0 26481640 0 148 16810268 16811868 26481640 26481704 0 26481708 0 0 0 949916 26479768 595929 289460
595928 32 26481640 0 148 16810268 16811868 26481640 26481704 0 26481708 0 0 0 949600 26479768 595929 595928
595932 1073741856 26481640 0 148 16810268 16811868 26481640 26481704 0 26481708 0 0 0 949600 26479768 595929 595932
290732 1073741824 26481704 0 148 16810268 16811868 26481640 26481704 0 26481708 0 0 0 949600 26479768 595939 290732
595938 1073741856 0 0 148 16810268 16811868 26481640 26481704 0 26481708 0 0 0 950024 26479768 595939 595938
290744 1073741824 26481708 0 148 16810268 16811868 26481640 26481704 0 26481708 0 0 0 950024 26479768 595947 290744
595970 1610612768 0 0 148 16810268 16811868 26481640 26481704 0 26481708 0 0 0 950028 26479768 595947 595970
290756 1610612736 26479768 0 148 16810268 16811868 26481640 26481704 0 26481708 0 0 0 950028 26479768 595977 290756
595976 1610612768 0 0 148 16810268 16811868 26481640 26481704 0 26481708 0 0 0 950032 26479768 595977 595976
596008 1610612768 0 0 148 16810268 16811868 26481640 26481704 0 26481708 0 0 0 950032 26479768 595977 596008
596016 1610612768 26479776 0 148 100 16811868 26481640 26481704 26479776 26481708 0 0 0 950032 26479768 595977 596016
596020 1610612768 26479776 0 148 101 16811868 26481640 26481704 26479776 26481708 0 0 0 950032 26479768 595977 596020
290768 1610612736 26479776 0 148 101 16811868 26481640 26481704 26479776 26481708 0 0 0 950032 26479768 596025 290768
596024 1610612768 0 0 148 101 16811868 26481640 26481704 26479776 26481708 0 0 0 950036 26479768 596025 596024
290780 536870912 26479776 1 148 101 16811868 26481640 26481704 26479776 26481708 0 0 0 950036 26479768 596033 290780
596032 536870944 0 0 148 101 16811868 26481640 26481704 26479776 26481708 0 0 0 950040 26479768 596033 596032
596042 536870944 26481720 26479776 595249 101 16811868 26481640 26481704 26479776 26481708 0 0 0 950040 26479768 596033 596042
290792 536870912 26481720 26479776 595249 26481640 16811868 26481640 26481704 26479776 26481708 0 0 0 950040 26479768 596049 290792
