2026-09-27T17:41:13.5856610Z Current runner version: '2.337.0'
2026-09-27T17:41:13.5871930Z ##[group]Runner Image Provisioner
2026-09-27T17:41:13.5872460Z Hosted Compute Agent
2026-09-27T17:41:13.5872820Z Version: 20260828.587
2026-09-27T17:41:13.5873220Z Commit: abac92662cab4cc7352de4f9f9d2e2419aad9c29
2026-09-27T17:41:13.5873680Z Build Date: 2026-08-28T16:44:25Z
2026-09-27T17:41:13.5874120Z Worker ID: {d86e7430-274e-48e6-b3ea-bb9fb0875a41}
2026-09-27T17:41:13.5874570Z Azure Region: westus
2026-09-27T17:41:13.5874930Z ##[endgroup]
2026-09-27T17:41:13.5875740Z ##[group]Operating System
2026-09-27T17:41:13.5876120Z macOS
2026-09-27T17:41:13.5876430Z 27.0
2026-09-27T17:41:13.5876750Z 26A428
2026-09-27T17:41:13.5877070Z ##[endgroup]
2026-09-27T17:41:13.5877500Z ##[group]Runner Image
2026-09-27T17:41:13.5877970Z Image: xcode-27-arm64
2026-09-27T17:41:13.5878350Z Version: 20260921.0210.1
2026-09-27T17:41:13.5879210Z Included Software: https://github.com/actions/runner-images/blob/xcode-27-arm64/20260921.0210/images/macos/xcode-27-arm64-Readme.md
2026-09-27T17:41:13.5880260Z Image Release: https://github.com/actions/runner-images/releases/tag/xcode-27-arm64%2F20260921.0210
2026-09-27T17:41:13.5880930Z ##[endgroup]
2026-09-27T17:41:13.5881720Z ##[group]GITHUB_TOKEN Permissions
2026-09-27T17:41:13.5882940Z Contents: read
2026-09-27T17:41:13.5883300Z Metadata: read
2026-09-27T17:41:13.5883640Z Packages: read
2026-09-27T17:41:13.5883990Z ##[endgroup]
2026-09-27T17:41:13.5885310Z Secret source: Actions
2026-09-27T17:41:13.5885900Z Cache mode: write
2026-09-27T17:41:13.5886340Z Prepare workflow directory
2026-09-27T17:41:13.6105010Z Prepare all required actions
2026-09-27T17:41:13.6138890Z Getting action download info
2026-09-27T17:41:13.8926570Z Download action repository 'actions/checkout@v4' (SHA:11d5960a326750d5838078e36cf38b85af677262)
2026-09-27T17:41:14.2104780Z Download action repository 'dtolnay/rust-toolchain@stable' (SHA:6bed0761d98439e5a578e2877258200ad565ba87)
2026-09-27T17:41:14.6248470Z Download action repository 'actions/upload-artifact@v4' (SHA:ea165f8d65b6e75b540449e92b4886f43607fa02)
2026-09-27T17:41:14.8306590Z Complete job name: kungfoo-armv7-interpreter-probe
2026-09-27T17:41:14.8756350Z ##[group]Run actions/checkout@v4
2026-09-27T17:41:14.8756970Z with:
2026-09-27T17:41:14.8757370Z   repository: xwc9527/early-android-game-runtime
2026-09-27T17:41:14.8760590Z   token: ***
2026-09-27T17:41:14.8760940Z   ssh-strict: true
2026-09-27T17:41:14.8761340Z   ssh-user: git
2026-09-27T17:41:14.8761690Z   persist-credentials: true
2026-09-27T17:41:14.8762120Z   clean: true
2026-09-27T17:41:14.8762510Z   sparse-checkout-cone-mode: true
2026-09-27T17:41:14.8762920Z   fetch-depth: 1
2026-09-27T17:41:14.8763280Z   fetch-tags: false
2026-09-27T17:41:14.8763650Z   show-progress: true
2026-09-27T17:41:14.8764010Z   lfs: false
2026-09-27T17:41:14.8764350Z   submodules: false
2026-09-27T17:41:14.8764720Z   set-safe-directory: true
2026-09-27T17:41:14.8765120Z   allow-unsafe-pr-checkout: false
2026-09-27T17:41:14.8765650Z ##[endgroup]
2026-09-27T17:41:15.0514390Z Syncing repository: xwc9527/early-android-game-runtime
2026-09-27T17:41:15.0516120Z ##[group]Getting Git version info
2026-09-27T17:41:15.0516910Z Working directory is '/Users/runner/work/early-android-game-runtime/early-android-game-runtime'
2026-09-27T17:41:15.0518080Z [command]/opt/homebrew/bin/git version
2026-09-27T17:41:15.0728140Z git version 2.55.0
2026-09-27T17:41:15.0738450Z ##[endgroup]
2026-09-27T17:41:15.0744990Z Copying '/Users/runner/.gitconfig' to '/Users/runner/work/_temp/3b299aee-45ed-4f4a-b1f3-8c62bc9c962a/.gitconfig'
2026-09-27T17:41:15.0752220Z Temporarily overriding HOME='/Users/runner/work/_temp/3b299aee-45ed-4f4a-b1f3-8c62bc9c962a' before making global git config changes
2026-09-27T17:41:15.0753290Z Adding repository directory to the temporary git global config as a safe directory
2026-09-27T17:41:15.0755520Z [command]/opt/homebrew/bin/git config --global --add safe.directory /Users/runner/work/early-android-game-runtime/early-android-game-runtime
2026-09-27T17:41:15.0857340Z Deleting the contents of '/Users/runner/work/early-android-game-runtime/early-android-game-runtime'
2026-09-27T17:41:15.0859740Z ##[group]Initializing the repository
2026-09-27T17:41:15.0863750Z [command]/opt/homebrew/bin/git init /Users/runner/work/early-android-game-runtime/early-android-game-runtime
2026-09-27T17:41:15.1060030Z hint: Using 'master' as the name for the initial branch. This default branch name
2026-09-27T17:41:15.1061070Z hint: will change to "main" in Git 3.0. To configure the initial branch name
2026-09-27T17:41:15.1062240Z hint: to use in all of your new repositories, which will suppress this warning,
2026-09-27T17:41:15.1062900Z hint: call:
2026-09-27T17:41:15.1063310Z hint:
2026-09-27T17:41:15.1063750Z hint: 	git config --global init.defaultBranch <name>
2026-09-27T17:41:15.1064260Z hint:
2026-09-27T17:41:15.1064730Z hint: Names commonly chosen instead of 'master' are 'main', 'trunk' and
2026-09-27T17:41:15.1065480Z hint: 'development'. The just-created branch can be renamed via this command:
2026-09-27T17:41:15.1066180Z hint:
2026-09-27T17:41:15.1066610Z hint: 	git branch -m <name>
2026-09-27T17:41:15.1067150Z hint:
2026-09-27T17:41:15.1067710Z hint: Disable this message with "git config set advice.defaultBranchName false"
2026-09-27T17:41:15.1068730Z Initialized empty Git repository in /Users/runner/work/early-android-game-runtime/early-android-game-runtime/.git/
2026-09-27T17:41:15.1070610Z [command]/opt/homebrew/bin/git remote add origin https://github.com/xwc9527/early-android-game-runtime
2026-09-27T17:41:15.1144250Z ##[endgroup]
2026-09-27T17:41:15.1144930Z ##[group]Disabling automatic garbage collection
2026-09-27T17:41:15.1145510Z [command]/opt/homebrew/bin/git config --local gc.auto 0
2026-09-27T17:41:15.1496090Z ##[endgroup]
2026-09-27T17:41:15.1708000Z ##[group]Setting up auth
2026-09-27T17:41:15.2048870Z [command]/opt/homebrew/bin/git config --local --name-only --get-regexp core\.sshCommand
2026-09-27T17:41:15.2646600Z [command]/opt/homebrew/bin/git submodule foreach --recursive sh -c "git config --local --name-only --get-regexp 'core\.sshCommand' && git config --local --unset-all 'core.sshCommand' || :"
2026-09-27T17:41:15.4635620Z [command]/opt/homebrew/bin/git config --local --name-only --get-regexp http\.https\:\/\/github\.com\/\.extraheader
2026-09-27T17:41:15.4942400Z [command]/opt/homebrew/bin/git submodule foreach --recursive sh -c "git config --local --name-only --get-regexp 'http\.https\:\/\/github\.com\/\.extraheader' && git config --local --unset-all 'http.https://github.com/.extraheader' || :"
2026-09-27T17:41:15.6360510Z [command]/opt/homebrew/bin/git config --local --name-only --get-regexp ^includeIf\.gitdir:
2026-09-27T17:41:15.6666320Z [command]/opt/homebrew/bin/git submodule foreach --recursive git config --local --show-origin --name-only --get-regexp remote.origin.url
2026-09-27T17:41:15.7954340Z [command]/opt/homebrew/bin/git config --local http.https://github.com/.extraheader AUTHORIZATION: basic ***
2026-09-27T17:41:15.8260170Z ##[endgroup]
2026-09-27T17:41:15.8458970Z ##[group]Fetching the repository
2026-09-27T17:41:15.8474980Z [command]/opt/homebrew/bin/git -c protocol.version=2 fetch --no-tags --prune --no-recurse-submodules --depth=1 origin +fe0e1cfc5d8505f11806b290274d8ef18f423358:refs/remotes/origin/validation/aot-route-evidence
2026-09-27T17:41:17.2583850Z From https://github.com/xwc9527/early-android-game-runtime
2026-09-27T17:41:17.2587980Z  * [new ref]         fe0e1cfc5d8505f11806b290274d8ef18f423358 -> origin/validation/aot-route-evidence
2026-09-27T17:41:17.2591740Z ##[endgroup]
2026-09-27T17:41:17.2592710Z ##[group]Determining the checkout info
2026-09-27T17:41:17.2594160Z ##[endgroup]
2026-09-27T17:41:17.2595260Z [command]/opt/homebrew/bin/git sparse-checkout disable
2026-09-27T17:41:17.2680960Z [command]/opt/homebrew/bin/git config --local --unset-all extensions.worktreeConfig
2026-09-27T17:41:17.2763750Z ##[group]Checking out the ref
2026-09-27T17:41:17.2781210Z [command]/opt/homebrew/bin/git checkout --progress --force -B validation/aot-route-evidence refs/remotes/origin/validation/aot-route-evidence
2026-09-27T17:41:17.6798240Z Switched to a new branch 'validation/aot-route-evidence'
2026-09-27T17:41:17.6808510Z branch 'validation/aot-route-evidence' set up to track 'origin/validation/aot-route-evidence'.
2026-09-27T17:41:17.6898270Z ##[endgroup]
2026-09-27T17:41:17.6931660Z [command]/opt/homebrew/bin/git log -1 --format=%H
2026-09-27T17:41:17.6990800Z fe0e1cfc5d8505f11806b290274d8ef18f423358
2026-09-27T17:41:17.7502160Z ##[group]Run dtolnay/rust-toolchain@stable
2026-09-27T17:41:17.7503120Z with:
2026-09-27T17:41:17.7503800Z   toolchain: stable
2026-09-27T17:41:17.7504520Z ##[endgroup]
2026-09-27T17:41:17.7587990Z ##[start-action display=Parse toolchain version;id=__dtolnay_rust-toolchain.parse]
2026-09-27T17:41:17.7654220Z ##[group]Run if [[ -z $toolchain ]]; then
2026-09-27T17:41:17.7655280Z [36;1mif [[ -z $toolchain ]]; then[0m
2026-09-27T17:41:17.7656590Z [36;1m  # GitHub does not enforce `required: true` inputs itself. https://github.com/actions/runner/issues/1070[0m
2026-09-27T17:41:17.7658040Z [36;1m  echo "'toolchain' is a required input" >&2[0m
2026-09-27T17:41:17.7659020Z [36;1m  exit 1[0m
2026-09-27T17:41:17.7660020Z [36;1melif [[ $toolchain =~ ^stable' '[0-9]+' '(year|month|week|day)s?' 'ago$ ]]; then[0m
2026-09-27T17:41:17.7661210Z [36;1m  if [[ macOS == macOS ]]; then[0m
2026-09-27T17:41:17.7662710Z [36;1m    echo "toolchain=1.$((($(date -v-$(sed 's/stable \([0-9]*\) \(.\).*/\1\2/' <<< $toolchain) +%s)/60/60/24-16569)/7/6))" >> $GITHUB_OUTPUT[0m
2026-09-27T17:41:17.7664140Z [36;1m  else[0m
2026-09-27T17:41:17.7665260Z [36;1m    echo "toolchain=1.$((($(date --date "${toolchain#stable }" +%s)/60/60/24-16569)/7/6))" >> $GITHUB_OUTPUT[0m
2026-09-27T17:41:17.7666640Z [36;1m  fi[0m
2026-09-27T17:41:17.7667490Z [36;1melif [[ $toolchain =~ ^stable' 'minus' '[0-9]+' 'releases?$ ]]; then[0m
2026-09-27T17:41:17.7669370Z [36;1m  echo "toolchain=1.$((($(date +%s)/60/60/24-16569)/7/6-${toolchain//[^0-9]/}))" >> $GITHUB_OUTPUT[0m
2026-09-27T17:41:17.7670710Z [36;1melif [[ $toolchain =~ ^1\.[0-9]+$ ]]; then[0m
2026-09-27T17:41:17.7672120Z [36;1m  echo "toolchain=1.$((i=${toolchain#1.}, c=($(date +%s)/60/60/24-16569)/7/6, i+9*i*(10*i<=c)+90*i*(100*i<=c)))" >> $GITHUB_OUTPUT[0m
2026-09-27T17:41:17.7673500Z [36;1melse[0m
2026-09-27T17:41:17.7674220Z [36;1m  echo "toolchain=$toolchain" >> $GITHUB_OUTPUT[0m
2026-09-27T17:41:17.7675080Z [36;1mfi[0m
2026-09-27T17:41:17.7721320Z shell: /bin/bash --noprofile --norc -e -o pipefail {0}
2026-09-27T17:41:17.7722270Z env:
2026-09-27T17:41:17.7722900Z   toolchain: stable
2026-09-27T17:41:17.7723580Z ##[endgroup]
2026-09-27T17:41:17.8101410Z ##[end-action id=__dtolnay_rust-toolchain.parse;outcome=success;conclusion=success;duration_ms=51]
2026-09-27T17:41:17.8113980Z ##[start-action display=Construct rustup command line;id=__dtolnay_rust-toolchain.flags]
2026-09-27T17:41:17.8160130Z ##[group]Run echo "targets=$(for t in ${targets//,/ }; do echo -n ' --target' $t; done)" >> $GITHUB_OUTPUT
2026-09-27T17:41:17.8161860Z [36;1mecho "targets=$(for t in ${targets//,/ }; do echo -n ' --target' $t; done)" >> $GITHUB_OUTPUT[0m
2026-09-27T17:41:17.8163520Z [36;1mecho "components=$(for c in ${components//,/ }; do echo -n ' --component' $c; done)" >> $GITHUB_OUTPUT[0m
2026-09-27T17:41:17.8164830Z [36;1mecho "downgrade=" >> $GITHUB_OUTPUT[0m
2026-09-27T17:41:17.8200780Z shell: /bin/bash --noprofile --norc -e -o pipefail {0}
2026-09-27T17:41:17.8201700Z env:
2026-09-27T17:41:17.8202280Z   targets: 
2026-09-27T17:41:17.8202860Z   components: 
2026-09-27T17:41:17.8203470Z ##[endgroup]
2026-09-27T17:41:17.8527600Z ##[end-action id=__dtolnay_rust-toolchain.flags;outcome=success;conclusion=success;duration_ms=41]
2026-09-27T17:41:17.8532650Z ##[start-action display=Set $CARGO_HOME;id=__dtolnay_rust-toolchain.__run]
2026-09-27T17:41:17.8583170Z ##[group]Run echo CARGO_HOME=${CARGO_HOME:-"$HOME/.cargo"} >> $GITHUB_ENV
2026-09-27T17:41:17.8584370Z [36;1mecho CARGO_HOME=${CARGO_HOME:-"$HOME/.cargo"} >> $GITHUB_ENV[0m
2026-09-27T17:41:17.8620440Z shell: /bin/bash --noprofile --norc -e -o pipefail {0}
2026-09-27T17:41:17.8621350Z ##[endgroup]
2026-09-27T17:41:17.8931600Z ##[end-action id=__dtolnay_rust-toolchain.__run;outcome=success;conclusion=success;duration_ms=39]
2026-09-27T17:41:17.8936670Z ##[start-action display=Install rustup if needed;id=__dtolnay_rust-toolchain.__run_2]
2026-09-27T17:41:17.8980280Z ##[group]Run if ! command -v rustup &>/dev/null; then
2026-09-27T17:41:17.8981270Z [36;1mif ! command -v rustup &>/dev/null; then[0m
2026-09-27T17:41:17.8983090Z [36;1m  curl --proto '=https' --tlsv1.2 --retry 10 --retry-connrefused --location --silent --show-error --fail https://sh.rustup.rs | sh -s -- --default-toolchain none -y[0m
2026-09-27T17:41:17.8984910Z [36;1m  echo "$CARGO_HOME/bin" >> $GITHUB_PATH[0m
2026-09-27T17:41:17.8985730Z [36;1mfi[0m
2026-09-27T17:41:17.9021800Z shell: /bin/bash --noprofile --norc -e -o pipefail {0}
2026-09-27T17:41:17.9022940Z env:
2026-09-27T17:41:17.9023570Z   CARGO_HOME: /Users/runner/.cargo
2026-09-27T17:41:17.9024340Z ##[endgroup]
2026-09-27T17:41:17.9335620Z ##[end-action id=__dtolnay_rust-toolchain.__run_2;outcome=success;conclusion=success;duration_ms=39]
2026-09-27T17:41:17.9341200Z ##[start-action display=Install rustup if needed on windows;id=__dtolnay_rust-toolchain.__run_3]
2026-09-27T17:41:17.9354010Z ##[end-action id=__dtolnay_rust-toolchain.__run_3;outcome=skipped;conclusion=skipped;duration_ms=0]
2026-09-27T17:41:17.9365340Z ##[start-action display=rustup toolchain install stable;id=__dtolnay_rust-toolchain.__run_4]
2026-09-27T17:41:17.9401400Z ##[group]Run rustup toolchain install stable --profile minimal --no-self-update
2026-09-27T17:41:17.9402900Z [36;1mrustup toolchain install stable --profile minimal --no-self-update[0m
2026-09-27T17:41:17.9439840Z shell: /bin/bash --noprofile --norc -e -o pipefail {0}
2026-09-27T17:41:17.9440760Z env:
2026-09-27T17:41:17.9441420Z   CARGO_HOME: /Users/runner/.cargo
2026-09-27T17:41:17.9442230Z   RUSTUP_PERMIT_COPY_RENAME: 1
2026-09-27T17:41:17.9442990Z ##[endgroup]
2026-09-27T17:41:18.3684510Z info: syncing channel updates for stable-aarch64-apple-darwin
2026-09-27T17:41:18.5042060Z 
2026-09-27T17:41:18.5342970Z info: self-update is disabled for this build of rustup
2026-09-27T17:41:18.5344370Z   stable-aarch64-apple-darwin unchanged - rustc 1.98.1 (48a229cea 2026-09-01)
2026-09-27T17:41:18.5366260Z info: any updates to rustup will need to be fetched with your system package manager
2026-09-27T17:41:18.5367120Z 
2026-09-27T17:41:18.5376360Z ##[end-action id=__dtolnay_rust-toolchain.__run_4;outcome=success;conclusion=success;duration_ms=600]
2026-09-27T17:41:18.5382590Z ##[start-action display=rustup default stable;id=__dtolnay_rust-toolchain.__run_5]
2026-09-27T17:41:18.5462520Z ##[group]Run rustup default stable
2026-09-27T17:41:18.5463250Z [36;1mrustup default stable[0m
2026-09-27T17:41:18.5501730Z shell: /bin/bash --noprofile --norc -e -o pipefail {0}
2026-09-27T17:41:18.5502630Z env:
2026-09-27T17:41:18.5503190Z   CARGO_HOME: /Users/runner/.cargo
2026-09-27T17:41:18.5503860Z ##[endgroup]
2026-09-27T17:41:18.5938400Z info: using existing install for stable-aarch64-apple-darwin
2026-09-27T17:41:18.5960700Z info: default toolchain set to stable-aarch64-apple-darwin
2026-09-27T17:41:18.5961340Z 
2026-09-27T17:41:18.6241910Z   stable-aarch64-apple-darwin unchanged - rustc 1.98.1 (48a229cea 2026-09-01)
2026-09-27T17:41:18.6244530Z 
2026-09-27T17:41:18.6259080Z ##[end-action id=__dtolnay_rust-toolchain.__run_5;outcome=success;conclusion=success;duration_ms=87]
2026-09-27T17:41:18.6263820Z ##[start-action display=Create cachekey;id=__dtolnay_rust-toolchain.rustc-version]
2026-09-27T17:41:18.6297690Z ##[group]Run DATE=$(rustc +stable --version --verbose | sed -ne 's/^commit-date: \(20[0-9][0-9]\)-\([01][0-9]\)-\([0-3][0-9]\)$/\1\2\3/p')
2026-09-27T17:41:18.6299600Z [36;1mDATE=$(rustc +stable --version --verbose | sed -ne 's/^commit-date: \(20[0-9][0-9]\)-\([01][0-9]\)-\([0-3][0-9]\)$/\1\2\3/p')[0m
2026-09-27T17:41:18.6301470Z [36;1mHASH=$(rustc +stable --version --verbose | sed -ne 's/^commit-hash: //p')[0m
2026-09-27T17:41:18.6302650Z [36;1mecho "cachekey=$(echo $DATE$HASH | head -c12)" >> $GITHUB_OUTPUT[0m
2026-09-27T17:41:18.6340080Z shell: /bin/bash --noprofile --norc -e -o pipefail {0}
2026-09-27T17:41:18.6340910Z env:
2026-09-27T17:41:18.6341480Z   CARGO_HOME: /Users/runner/.cargo
2026-09-27T17:41:18.6342180Z ##[endgroup]
2026-09-27T17:41:18.7760820Z ##[end-action id=__dtolnay_rust-toolchain.rustc-version;outcome=success;conclusion=success;duration_ms=149]
2026-09-27T17:41:18.7766090Z ##[start-action display=Disable incremental compilation;id=__dtolnay_rust-toolchain.__run_6]
2026-09-27T17:41:18.7798550Z ##[group]Run if [ -z "${CARGO_INCREMENTAL+set}" ]; then
2026-09-27T17:41:18.7799470Z [36;1mif [ -z "${CARGO_INCREMENTAL+set}" ]; then[0m
2026-09-27T17:41:18.7800330Z [36;1m  echo CARGO_INCREMENTAL=0 >> $GITHUB_ENV[0m
2026-09-27T17:41:18.7801110Z [36;1mfi[0m
2026-09-27T17:41:18.7838470Z shell: /bin/bash --noprofile --norc -e -o pipefail {0}
2026-09-27T17:41:18.7839380Z env:
2026-09-27T17:41:18.7839970Z   CARGO_HOME: /Users/runner/.cargo
2026-09-27T17:41:18.7840640Z ##[endgroup]
2026-09-27T17:41:18.8160120Z ##[end-action id=__dtolnay_rust-toolchain.__run_6;outcome=success;conclusion=success;duration_ms=39]
2026-09-27T17:41:18.8165010Z ##[start-action display=Enable colors in Cargo output;id=__dtolnay_rust-toolchain.__run_7]
2026-09-27T17:41:18.8197470Z ##[group]Run if [ -z "${CARGO_TERM_COLOR+set}" ]; then
2026-09-27T17:41:18.8198540Z [36;1mif [ -z "${CARGO_TERM_COLOR+set}" ]; then[0m
2026-09-27T17:41:18.8199400Z [36;1m  echo CARGO_TERM_COLOR=always >> $GITHUB_ENV[0m
2026-09-27T17:41:18.8200170Z [36;1mfi[0m
2026-09-27T17:41:18.8237310Z shell: /bin/bash --noprofile --norc -e -o pipefail {0}
2026-09-27T17:41:18.8238170Z env:
2026-09-27T17:41:18.8238750Z   CARGO_HOME: /Users/runner/.cargo
2026-09-27T17:41:18.8239450Z   CARGO_INCREMENTAL: 0
2026-09-27T17:41:18.8240040Z ##[endgroup]
2026-09-27T17:41:18.8580200Z ##[end-action id=__dtolnay_rust-toolchain.__run_7;outcome=success;conclusion=success;duration_ms=41]
2026-09-27T17:41:18.8585110Z ##[start-action display=Enable Cargo sparse registry;id=__dtolnay_rust-toolchain.__run_8]
2026-09-27T17:41:18.8619360Z ##[group]Run # implemented in 1.66, stabilized in 1.68, made default in 1.70
2026-09-27T17:41:18.8620760Z [36;1m# implemented in 1.66, stabilized in 1.68, made default in 1.70[0m
2026-09-27T17:41:18.8622440Z [36;1mif [ -z "${CARGO_REGISTRIES_CRATES_IO_PROTOCOL+set}" -o -f "/Users/runner/work/_temp"/.implicit_cargo_registries_crates_io_protocol ]; then[0m
2026-09-27T17:41:18.8624120Z [36;1m  if rustc +stable --version --verbose | grep -q '^release: 1\.6[89]\.'; then[0m
2026-09-27T17:41:18.8625460Z [36;1m    touch "/Users/runner/work/_temp"/.implicit_cargo_registries_crates_io_protocol || true[0m
2026-09-27T17:41:18.8626770Z [36;1m    echo CARGO_REGISTRIES_CRATES_IO_PROTOCOL=sparse >> $GITHUB_ENV[0m
2026-09-27T17:41:18.8628050Z [36;1m  elif rustc +stable --version --verbose | grep -q '^release: 1\.6[67]\.'; then[0m
2026-09-27T17:41:18.8629420Z [36;1m    touch "/Users/runner/work/_temp"/.implicit_cargo_registries_crates_io_protocol || true[0m
2026-09-27T17:41:18.8630720Z [36;1m    echo CARGO_REGISTRIES_CRATES_IO_PROTOCOL=git >> $GITHUB_ENV[0m
2026-09-27T17:41:18.8631600Z [36;1m  fi[0m
2026-09-27T17:41:18.8632140Z [36;1mfi[0m
2026-09-27T17:41:18.8668700Z shell: /bin/bash --noprofile --norc -e -o pipefail {0}
2026-09-27T17:41:18.8669580Z env:
2026-09-27T17:41:18.8670220Z   CARGO_HOME: /Users/runner/.cargo
2026-09-27T17:41:18.8671000Z   CARGO_INCREMENTAL: 0
2026-09-27T17:41:18.8671700Z   CARGO_TERM_COLOR: always
2026-09-27T17:41:18.8672320Z ##[endgroup]
2026-09-27T17:41:18.9814110Z ##[end-action id=__dtolnay_rust-toolchain.__run_8;outcome=success;conclusion=success;duration_ms=122]
2026-09-27T17:41:18.9818500Z ##[start-action display=Work around spurious network errors in curl 8.0;id=__dtolnay_rust-toolchain.__run_9]
2026-09-27T17:41:18.9847710Z ##[group]Run # https://rust-lang.zulipchat.com/#narrow/stream/246057-t-cargo/topic/timeout.20investigation
2026-09-27T17:41:18.9849050Z [36;1m# https://rust-lang.zulipchat.com/#narrow/stream/246057-t-cargo/topic/timeout.20investigation[0m
2026-09-27T17:41:18.9849970Z [36;1mif rustc +stable --version --verbose | grep -q '^release: 1\.7[01]\.'; then[0m
2026-09-27T17:41:18.9850730Z [36;1m  echo CARGO_HTTP_MULTIPLEXING=false >> $GITHUB_ENV[0m
2026-09-27T17:41:18.9852190Z [36;1mfi[0m
2026-09-27T17:41:18.9890590Z shell: /bin/bash --noprofile --norc -e -o pipefail {0}
2026-09-27T17:41:18.9891210Z env:
2026-09-27T17:41:18.9891720Z   CARGO_HOME: /Users/runner/.cargo
2026-09-27T17:41:18.9892350Z   CARGO_INCREMENTAL: 0
2026-09-27T17:41:18.9892900Z   CARGO_TERM_COLOR: always
2026-09-27T17:41:18.9893440Z ##[endgroup]
2026-09-27T17:41:19.0532110Z ##[end-action id=__dtolnay_rust-toolchain.__run_9;outcome=success;conclusion=success;duration_ms=71]
2026-09-27T17:41:19.0537350Z ##[start-action display=rustc +stable --version --verbose;id=__dtolnay_rust-toolchain.__run_10]
2026-09-27T17:41:19.0561630Z ##[group]Run rustc +stable --version --verbose
2026-09-27T17:41:19.0562240Z [36;1mrustc +stable --version --verbose[0m
2026-09-27T17:41:19.0593710Z shell: /bin/bash --noprofile --norc -e -o pipefail {0}
2026-09-27T17:41:19.0594290Z env:
2026-09-27T17:41:19.0594760Z   CARGO_HOME: /Users/runner/.cargo
2026-09-27T17:41:19.0595280Z   CARGO_INCREMENTAL: 0
2026-09-27T17:41:19.0595780Z   CARGO_TERM_COLOR: always
2026-09-27T17:41:19.0596270Z ##[endgroup]
2026-09-27T17:41:19.1163050Z rustc 1.98.1 (48a229cea 2026-09-01)
2026-09-27T17:41:19.1164860Z binary: rustc
2026-09-27T17:41:19.1165430Z commit-hash: 48a229ceaefd4985c50990b14116b6d856af0985
2026-09-27T17:41:19.1166160Z commit-date: 2026-09-01
2026-09-27T17:41:19.1166750Z host: aarch64-apple-darwin
2026-09-27T17:41:19.1167310Z release: 1.98.1
2026-09-27T17:41:19.1167830Z LLVM version: 22.1.8
2026-09-27T17:41:19.1178560Z ##[end-action id=__dtolnay_rust-toolchain.__run_10;outcome=success;conclusion=success;duration_ms=64]
2026-09-27T17:41:19.1243510Z ##[group]Run set -o pipefail
2026-09-27T17:41:19.1244140Z [36;1mset -o pipefail[0m
2026-09-27T17:41:19.1244850Z [36;1mmkdir -p build/kungfoo-aot-probe[0m
2026-09-27T17:41:19.1245560Z [36;1mbash tools/aot-lab/run_kungfoo_probe.sh 2>&1 |[0m
2026-09-27T17:41:19.1246200Z [36;1m  tee build/kungfoo-aot-probe/ci-log.txt[0m
2026-09-27T17:41:19.1280590Z shell: /bin/bash -e {0}
2026-09-27T17:41:19.1281160Z env:
2026-09-27T17:41:19.1281660Z   CARGO_HOME: /Users/runner/.cargo
2026-09-27T17:41:19.1282280Z   CARGO_INCREMENTAL: 0
2026-09-27T17:41:19.1282820Z   CARGO_TERM_COLOR: always
2026-09-27T17:41:19.1283420Z ##[endgroup]
2026-09-27T17:41:19.1712210Z AGR_SMOKE_PHASE 2026-09-27T17:41:19Z prepare sample profile aot-kungfoo
2026-09-27T17:41:27.2792740Z   % Total    % Received % Xferd  Average Speed   Time    Time     Time  Current
2026-09-27T17:41:27.2793420Z                                  Dload  Upload   Total   Spent    Left  Speed
2026-09-27T17:41:27.2793870Z 
2026-09-27T17:41:27.6155490Z   0     0    0     0    0     0      0      0 --:--:-- --:--:-- --:--:--     0
2026-09-27T17:41:27.6162810Z   0     0    0     0    0     0      0      0 --:--:-- --:--:-- --:--:--     0
2026-09-27T17:41:27.7880890Z 
2026-09-27T17:41:27.7881340Z 100 11.9M  100 11.9M    0     0  23.4M      0 --:--:-- --:--:-- --:--:-- 23.4M
2026-09-27T17:41:27.8822270Z /Users/runner/work/early-android-game-runtime/early-android-game-runtime/build/angle-xcframeworks-v2.1.28252.zip: OK
2026-09-27T17:41:28.2558020Z info: downloading component rust-std
2026-09-27T17:41:34.3509350Z AGR_SMOKE_PHASE 2026-09-27T17:41:34Z compile Runtime and host
2026-09-27T17:41:34.8832550Z [1m[92m    Updating[0m crates.io index
2026-09-27T17:41:35.0229180Z [1m[92m     Locking[0m 1 package to latest compatible version
2026-09-27T17:41:35.0238120Z [1m[92m Downloading[0m crates ...
2026-09-27T17:41:35.1742980Z [1m[92m  Downloaded[0m libc v0.2.189
2026-09-27T17:41:35.2803550Z [1m[92m   Compiling[0m libc v0.2.189
2026-09-27T17:41:38.6495240Z [1m[92m   Compiling[0m touchhle-arm-interpreter v0.1.0 (/Users/runner/work/early-android-game-runtime/early-android-game-runtime/Runtime/ArmInterpreter)
2026-09-27T17:41:39.5966130Z [1m[92m    Finished[0m `release` profile [optimized] target(s) in 5.20s
2026-09-27T17:41:44.9162480Z /Users/runner/work/early-android-game-runtime/early-android-game-runtime/Runtime/GuestRuntime/agr_guest_runtime.c:656:61: warning: expression which evaluates to zero treated as a null pointer constant of type 'void *' [-Wnon-literal-null-conversion]
2026-09-27T17:41:44.9176810Z   656 |             g->display = get ? get(EGL_PLATFORM_ANGLE_ANGLE,EGL_DEFAULT_DISPLAY,attributes) : EGL_NO_DISPLAY;
2026-09-27T17:41:44.9182800Z       |                                                             ^~~~~~~~~~~~~~~~~~~
2026-09-27T17:41:44.9183600Z /Users/runner/work/early-android-game-runtime/early-android-game-runtime/Vendor/ANGLE-Headers/EGL/egl.h:251:43: note: expanded from macro 'EGL_DEFAULT_DISPLAY'
2026-09-27T17:41:44.9184690Z   251 | #define EGL_DEFAULT_DISPLAY               EGL_CAST(EGLNativeDisplayType,0)
2026-09-27T17:41:44.9187620Z       |                                           ^~~~~~~~~~~~~~~~~~~~~~~~~~~~~~~~
2026-09-27T17:41:44.9218760Z /Users/runner/work/early-android-game-runtime/early-android-game-runtime/Vendor/ANGLE-Headers/EGL/eglplatform.h:178:31: note: expanded from macro 'EGL_CAST'
2026-09-27T17:41:44.9219780Z   178 | #define EGL_CAST(type, value) ((type) (value))
2026-09-27T17:41:44.9220330Z       |                               ^~~~~~~~~~~~~~~~
2026-09-27T17:41:44.9250420Z /Users/runner/work/early-android-game-runtime/early-android-game-runtime/Runtime/GuestRuntime/agr_guest_runtime.c:1491:84: warning: expression which evaluates to zero treated as a null pointer constant of type 'void *' [-Wnon-literal-null-conversion]
2026-09-27T17:41:44.9252370Z  1491 |     g->display = getPlatformDisplay ? getPlatformDisplay(EGL_PLATFORM_ANGLE_ANGLE, EGL_DEFAULT_DISPLAY, da) : EGL_NO_DISPLAY;
2026-09-27T17:41:44.9253740Z       |                                                                                    ^~~~~~~~~~~~~~~~~~~
2026-09-27T17:41:44.9254810Z /Users/runner/work/early-android-game-runtime/early-android-game-runtime/Vendor/ANGLE-Headers/EGL/egl.h:251:43: note: expanded from macro 'EGL_DEFAULT_DISPLAY'
2026-09-27T17:41:44.9255760Z   251 | #define EGL_DEFAULT_DISPLAY               EGL_CAST(EGLNativeDisplayType,0)
2026-09-27T17:41:44.9256540Z       |                                           ^~~~~~~~~~~~~~~~~~~~~~~~~~~~~~~~
2026-09-27T17:41:44.9257350Z /Users/runner/work/early-android-game-runtime/early-android-game-runtime/Vendor/ANGLE-Headers/EGL/eglplatform.h:178:31: note: expanded from macro 'EGL_CAST'
2026-09-27T17:41:44.9258070Z   178 | #define EGL_CAST(type, value) ((type) (value))
2026-09-27T17:41:44.9258560Z       |                               ^~~~~~~~~~~~~~~~
2026-09-27T17:41:45.2369650Z 2 warnings generated.
2026-09-27T17:41:45.4799820Z In file included from /Users/runner/work/early-android-game-runtime/early-android-game-runtime/Runtime/AndroidFw/agr_androidfw.cpp:5:
2026-09-27T17:41:45.4804090Z /Users/runner/work/early-android-game-runtime/early-android-game-runtime/Vendor/AOSP/frameworks-base/include/androidfw/AssetManager.h:40:1: warning: empty struct has size 0 in C, size 1 in C++ [-Wextern-c-compat]
2026-09-27T17:41:45.4805050Z    40 | struct AAssetManager { };
2026-09-27T17:41:45.4805720Z       | ^
2026-09-27T17:41:45.5069970Z 1 warning generated.
2026-09-27T17:41:45.6135700Z /Users/runner/work/early-android-game-runtime/early-android-game-runtime/Vendor/AOSP/frameworks-base/libs/androidfw/Asset.cpp:70:13: warning: 'sprintf' is deprecated: This function is provided for compatibility reasons only.  Due to security concerns inherent in the design of sprintf(3), it is highly recommended that you use snprintf(3) instead. [-Wdeprecated-declarations]
2026-09-27T17:41:45.6137450Z    70 |             sprintf(buf, ": %dK\n", (int)size);
2026-09-27T17:41:45.6137810Z       |             ^
2026-09-27T17:41:45.6138940Z /Applications/Xcode_27.app/Contents/Developer/Platforms/iPhoneSimulator.platform/Developer/SDKs/iPhoneSimulator27.0.sdk/usr/include/_stdio.h:278:1: note: 'sprintf' has been explicitly marked deprecated here
2026-09-27T17:41:45.6140170Z   278 | __deprecated_msg("This function is provided for compatibility reasons only.  Due to security concerns inherent in the design of sprintf(3), it is highly recommended that you use snprintf(3) instead.")
2026-09-27T17:41:45.6140810Z       | ^
2026-09-27T17:41:45.6141470Z /Applications/Xcode_27.app/Contents/Developer/Platforms/iPhoneSimulator.platform/Developer/SDKs/iPhoneSimulator27.0.sdk/usr/include/sys/cdefs.h:227:48: note: expanded from macro '__deprecated_msg'
2026-09-27T17:41:45.6142350Z   227 |         #define __deprecated_msg(_msg) __attribute__((__deprecated__(_msg)))
2026-09-27T17:41:45.6142700Z       |                                                       ^
2026-09-27T17:41:45.6167000Z /Users/runner/work/early-android-game-runtime/early-android-game-runtime/Vendor/AOSP/frameworks-base/libs/androidfw/Asset.cpp:388:16: warning: implicit conversion from 'android::(unnamed enum at /Users/runner/work/early-android-game-runtime/early-android-game-runtime/Vendor/AOSP/system-core/include/utils/Errors.h:45:1)' to 'status_t' (aka 'int') changes value from 2147483648 to -2147483648 [-Wconstant-conversion]
2026-09-27T17:41:45.6168430Z   388 |         return UNKNOWN_ERROR;
2026-09-27T17:41:45.6168920Z       |         ~~~~~~ ^~~~~~~~~~~~~
2026-09-27T17:41:45.6170320Z /Users/runner/work/early-android-game-runtime/early-android-game-runtime/Vendor/AOSP/frameworks-base/libs/androidfw/Asset.cpp:400:16: warning: implicit conversion from 'android::(unnamed enum at /Users/runner/work/early-android-game-runtime/early-android-game-runtime/Vendor/AOSP/system-core/include/utils/Errors.h:45:1)' to 'status_t' (aka 'int') changes value from 2147483648 to -2147483648 [-Wconstant-conversion]
2026-09-27T17:41:45.6171720Z   400 |         return UNKNOWN_ERROR;
2026-09-27T17:41:45.6172340Z       |         ~~~~~~ ^~~~~~~~~~~~~
2026-09-27T17:41:45.6185640Z /Users/runner/work/early-android-game-runtime/early-android-game-runtime/Vendor/AOSP/frameworks-base/libs/androidfw/Asset.cpp:709:16: warning: implicit conversion from 'android::(unnamed enum at /Users/runner/work/early-android-game-runtime/early-android-game-runtime/Vendor/AOSP/system-core/include/utils/Errors.h:45:1)' to 'status_t' (aka 'int') changes value from 2147483648 to -2147483648 [-Wconstant-conversion]
2026-09-27T17:41:45.6186970Z   709 |         return UNKNOWN_ERROR;
2026-09-27T17:41:45.6187230Z       |         ~~~~~~ ^~~~~~~~~~~~~
2026-09-27T17:41:45.6188560Z /Users/runner/work/early-android-game-runtime/early-android-game-runtime/Vendor/AOSP/frameworks-base/libs/androidfw/Asset.cpp:740:16: warning: implicit conversion from 'android::(unnamed enum at /Users/runner/work/early-android-game-runtime/early-android-game-runtime/Vendor/AOSP/system-core/include/utils/Errors.h:45:1)' to 'status_t' (aka 'int') changes value from 2147483648 to -2147483648 [-Wconstant-conversion]
2026-09-27T17:41:45.6189860Z   740 |         return UNKNOWN_ERROR;
2026-09-27T17:41:45.6190170Z       |         ~~~~~~ ^~~~~~~~~~~~~
2026-09-27T17:41:45.6596850Z 5 warnings generated.
2026-09-27T17:41:45.7395230Z In file included from /Users/runner/work/early-android-game-runtime/early-android-game-runtime/Vendor/AOSP/frameworks-base/libs/androidfw/AssetManager.cpp:27:
2026-09-27T17:41:45.7396340Z /Users/runner/work/early-android-game-runtime/early-android-game-runtime/Vendor/AOSP/frameworks-base/include/androidfw/AssetManager.h:40:1: warning: empty struct has size 0 in C, size 1 in C++ [-Wextern-c-compat]
2026-09-27T17:41:45.7397040Z    40 | struct AAssetManager { };
2026-09-27T17:41:45.7397310Z       | ^
2026-09-27T17:41:45.7607460Z In file included from /Users/runner/work/early-android-game-runtime/early-android-game-runtime/Vendor/AOSP/frameworks-base/libs/androidfw/AssetManager.cpp:25:
2026-09-27T17:41:45.7608660Z In file included from /Users/runner/work/early-android-game-runtime/early-android-game-runtime/Vendor/AOSP/frameworks-base/include/androidfw/Asset.h:30:
2026-09-27T17:41:45.7610170Z In file included from /Users/runner/work/early-android-game-runtime/early-android-game-runtime/Vendor/AOSP/system-core/include/utils/String8.h:23:
2026-09-27T17:41:45.7611510Z /Users/runner/work/early-android-game-runtime/early-android-game-runtime/Vendor/AOSP/system-core/include/utils/TypeHelpers.h:181:17: warning: first argument in call to 'memmove' is a pointer to non-trivially copyable type 'android::String8' [-Wnontrivial-memcall]
2026-09-27T17:41:45.7612770Z   181 |         memmove(d,s,n*sizeof(TYPE));
2026-09-27T17:41:45.7613030Z       |                 ^
2026-09-27T17:41:45.7613870Z /Users/runner/work/early-android-game-runtime/early-android-game-runtime/Vendor/AOSP/system-core/include/utils/Vector.h:410:5: note: in instantiation of function template specialization 'android::move_forward_type<android::String8>' requested here
2026-09-27T17:41:45.7614860Z   410 |     move_forward_type( reinterpret_cast<TYPE*>(dest), reinterpret_cast<const TYPE*>(from), num );
2026-09-27T17:41:45.7615300Z       |     ^
2026-09-27T17:41:45.7615990Z /Users/runner/work/early-android-game-runtime/early-android-game-runtime/Vendor/AOSP/system-core/include/utils/Vector.h:219:15: note: in instantiation of member function 'android::Vector<android::String8>::do_move_forward' requested here
2026-09-27T17:41:45.7616880Z   219 | Vector<TYPE>::Vector()
2026-09-27T17:41:45.7617060Z       |               ^
2026-09-27T17:41:45.7618140Z /Users/runner/work/early-android-game-runtime/early-android-game-runtime/Vendor/AOSP/frameworks-base/libs/androidfw/AssetManager.cpp:1456:21: note: in instantiation of member function 'android::Vector<android::String8>::Vector' requested here
2026-09-27T17:41:45.7618920Z  1456 |     Vector<String8> dirs;
2026-09-27T17:41:45.7619180Z       |                     ^
2026-09-27T17:41:45.7624960Z /Users/runner/work/early-android-game-runtime/early-android-game-runtime/Vendor/AOSP/system-core/include/utils/TypeHelpers.h:181:17: note: explicitly cast the pointer to silence this warning
2026-09-27T17:41:45.7626600Z   181 |         memmove(d,s,n*sizeof(TYPE));
2026-09-27T17:41:45.7627460Z       |                 ^
2026-09-27T17:41:45.7627810Z       |                 (void*)
2026-09-27T17:41:45.7628790Z /Users/runner/work/early-android-game-runtime/early-android-game-runtime/Vendor/AOSP/system-core/include/utils/TypeHelpers.h:204:17: warning: first argument in call to 'memmove' is a pointer to non-trivially copyable type 'android::String8' [-Wnontrivial-memcall]
2026-09-27T17:41:45.7629900Z   204 |         memmove(d,s,n*sizeof(TYPE));
2026-09-27T17:41:45.7630280Z       |                 ^
2026-09-27T17:41:45.7631170Z /Users/runner/work/early-android-game-runtime/early-android-game-runtime/Vendor/AOSP/system-core/include/utils/Vector.h:415:5: note: in instantiation of function template specialization 'android::move_backward_type<android::String8>' requested here
2026-09-27T17:41:45.7632350Z   415 |     move_backward_type( reinterpret_cast<TYPE*>(dest), reinterpret_cast<const TYPE*>(from), num );
2026-09-27T17:41:45.7632850Z       |     ^
2026-09-27T17:41:45.7633730Z /Users/runner/work/early-android-game-runtime/early-android-game-runtime/Vendor/AOSP/system-core/include/utils/Vector.h:219:15: note: in instantiation of member function 'android::Vector<android::String8>::do_move_backward' requested here
2026-09-27T17:41:45.7634650Z   219 | Vector<TYPE>::Vector()
2026-09-27T17:41:45.7634970Z       |               ^
2026-09-27T17:41:45.7635800Z /Users/runner/work/early-android-game-runtime/early-android-game-runtime/Vendor/AOSP/frameworks-base/libs/androidfw/AssetManager.cpp:1456:21: note: in instantiation of member function 'android::Vector<android::String8>::Vector' requested here
2026-09-27T17:41:45.7636840Z  1456 |     Vector<String8> dirs;
2026-09-27T17:41:45.7637230Z       |                     ^
2026-09-27T17:41:45.7638040Z /Users/runner/work/early-android-game-runtime/early-android-game-runtime/Vendor/AOSP/system-core/include/utils/TypeHelpers.h:204:17: note: explicitly cast the pointer to silence this warning
2026-09-27T17:41:45.7639160Z   204 |         memmove(d,s,n*sizeof(TYPE));
2026-09-27T17:41:45.7639570Z       |                 ^
2026-09-27T17:41:45.7639960Z       |                 (void*)
2026-09-27T17:41:45.7643040Z In file included from /Users/runner/work/early-android-game-runtime/early-android-game-runtime/Vendor/AOSP/frameworks-base/libs/androidfw/AssetManager.cpp:27:
2026-09-27T17:41:45.7644850Z In file included from /Users/runner/work/early-android-game-runtime/early-android-game-runtime/Vendor/AOSP/frameworks-base/include/androidfw/AssetManager.h:25:
2026-09-27T17:41:45.7645950Z In file included from /Users/runner/work/early-android-game-runtime/early-android-game-runtime/Vendor/AOSP/frameworks-base/include/androidfw/ZipFileRO.h:36:
2026-09-27T17:41:45.7647010Z In file included from /Users/runner/work/early-android-game-runtime/early-android-game-runtime/Vendor/AOSP/system-core/include/utils/threads.h:35:
2026-09-27T17:41:45.7648020Z In file included from /Users/runner/work/early-android-game-runtime/early-android-game-runtime/Vendor/AOSP/system-core/include/utils/Thread.h:31:
2026-09-27T17:41:45.7649410Z /Users/runner/work/early-android-game-runtime/early-android-game-runtime/Vendor/AOSP/system-core/include/utils/RefBase.h:490:17: warning: first argument in call to 'memmove' is a pointer to non-trivially copyable type 'sp<android::AssetManager::SharedZip>' [-Wnontrivial-memcall]
2026-09-27T17:41:45.7650710Z   490 |         memmove(d, s, n*sizeof(sp<TYPE>));
2026-09-27T17:41:45.7651060Z       |                 ^
2026-09-27T17:41:45.7652120Z /Users/runner/work/early-android-game-runtime/early-android-game-runtime/Vendor/AOSP/system-core/include/utils/RefBase.h:523:21: note: in instantiation of function template specialization 'android::ReferenceMover::move_references<android::AssetManager::SharedZip>' requested here
2026-09-27T17:41:45.7653380Z   523 |     ReferenceMover::move_references(d, s, n);
2026-09-27T17:41:45.7653900Z       |                     ^
2026-09-27T17:41:45.7654850Z /Users/runner/work/early-android-game-runtime/early-android-game-runtime/Vendor/AOSP/system-core/include/utils/Vector.h:410:5: note: in instantiation of function template specialization 'android::move_forward_type<android::AssetManager::SharedZip>' requested here
2026-09-27T17:41:45.7655980Z   410 |     move_forward_type( reinterpret_cast<TYPE*>(dest), reinterpret_cast<const TYPE*>(from), num );
2026-09-27T17:41:45.7656490Z       |     ^
2026-09-27T17:41:45.7657880Z /Users/runner/work/early-android-game-runtime/early-android-game-runtime/Vendor/AOSP/system-core/include/utils/Vector.h:219:15: note: in instantiation of member function 'android::Vector<android::sp<android::AssetManager::SharedZip> >::do_move_forward' requested here
2026-09-27T17:41:45.7660400Z   219 | Vector<TYPE>::Vector()
2026-09-27T17:41:45.7660790Z       |               ^
2026-09-27T17:41:45.7661710Z /Users/runner/work/early-android-game-runtime/early-android-game-runtime/Vendor/AOSP/frameworks-base/libs/androidfw/AssetManager.cpp:1916:23: note: in instantiation of member function 'android::Vector<android::sp<android::AssetManager::SharedZip> >::Vector' requested here
2026-09-27T17:41:45.7662760Z  1916 | AssetManager::ZipSet::ZipSet(void)
2026-09-27T17:41:45.7663510Z       |                       ^
2026-09-27T17:41:45.7664240Z /Users/runner/work/early-android-game-runtime/early-android-game-runtime/Vendor/AOSP/system-core/include/utils/RefBase.h:490:17: note: explicitly cast the pointer to silence this warning
2026-09-27T17:41:45.7664870Z   490 |         memmove(d, s, n*sizeof(sp<TYPE>));
2026-09-27T17:41:45.7665160Z       |                 ^
2026-09-27T17:41:45.7665440Z       |                 (void*)
2026-09-27T17:41:45.9345540Z 4 warnings generated.
2026-09-27T17:41:46.0203350Z /Users/runner/work/early-android-game-runtime/early-android-game-runtime/Vendor/AOSP/frameworks-base/libs/androidfw/ResourceTypes.cpp:110:28: warning: cast to 'void *' from smaller integer type 'uint32_t' (aka 'unsigned int') [-Wint-to-void-pointer-cast]
2026-09-27T17:41:46.0206560Z   110 |                      name, (void*)size,
2026-09-27T17:41:46.0207160Z       |                            ^~~~~~~~~~~
2026-09-27T17:41:46.0208320Z /Users/runner/work/early-android-game-runtime/early-android-game-runtime/Vendor/AOSP/system-core/include/log/log.h:129:51: note: expanded from macro 'ALOGW'
2026-09-27T17:41:46.0209570Z   129 | #define ALOGW(...) ((void)ALOG(LOG_WARN, LOG_TAG, __VA_ARGS__))
2026-09-27T17:41:46.0210130Z       |                                                   ^~~~~~~~~~~
2026-09-27T17:41:46.0210810Z /Users/runner/work/early-android-game-runtime/early-android-game-runtime/Vendor/AOSP/system-core/include/log/log.h:430:38: note: expanded from macro 'ALOG'
2026-09-27T17:41:46.0211490Z   430 |     LOG_PRI(ANDROID_##priority, tag, __VA_ARGS__)
2026-09-27T17:41:46.0211880Z       |                                      ^~~~~~~~~~~
2026-09-27T17:41:46.0212670Z /Users/runner/work/early-android-game-runtime/early-android-game-runtime/Vendor/AOSP/system-core/include/log/log.h:438:37: note: expanded from macro 'LOG_PRI'
2026-09-27T17:41:46.0213300Z   438 |     android_printLog(priority, tag, __VA_ARGS__)
2026-09-27T17:41:46.0213600Z       |                                     ^~~~~~~~~~~
2026-09-27T17:41:46.0214320Z /Users/runner/work/early-android-game-runtime/early-android-game-runtime/Vendor/AOSP/system-core/include/log/log.h:502:36: note: expanded from macro 'android_printLog'
2026-09-27T17:41:46.0214950Z   502 |     __android_log_print(prio, tag, fmt)
2026-09-27T17:41:46.0215280Z       |                                    ^~~
2026-09-27T17:41:46.0216790Z /Users/runner/work/early-android-game-runtime/early-android-game-runtime/Vendor/AOSP/frameworks-base/libs/androidfw/ResourceTypes.cpp:112:24: warning: implicit conversion from 'android::(unnamed enum at /Users/runner/work/early-android-game-runtime/early-android-game-runtime/Vendor/AOSP/system-core/include/utils/Errors.h:45:1)' to 'status_t' (aka 'int') changes value from 2147483649 to -2147483647 [-Wconstant-conversion]
2026-09-27T17:41:46.0218150Z   112 |                 return BAD_TYPE;
2026-09-27T17:41:46.0218450Z       |                 ~~~~~~ ^~~~~~~~
2026-09-27T17:41:46.0219690Z /Users/runner/work/early-android-game-runtime/early-android-game-runtime/Vendor/AOSP/frameworks-base/libs/androidfw/ResourceTypes.cpp:116:20: warning: implicit conversion from 'android::(unnamed enum at /Users/runner/work/early-android-game-runtime/early-android-game-runtime/Vendor/AOSP/system-core/include/utils/Errors.h:45:1)' to 'status_t' (aka 'int') changes value from 2147483649 to -2147483647 [-Wconstant-conversion]
2026-09-27T17:41:46.0221070Z   116 |             return BAD_TYPE;
2026-09-27T17:41:46.0221540Z       |             ~~~~~~ ^~~~~~~~
2026-09-27T17:41:46.0222550Z /Users/runner/work/early-android-game-runtime/early-android-game-runtime/Vendor/AOSP/frameworks-base/libs/androidfw/ResourceTypes.cpp:119:20: warning: cast to 'void *' from smaller integer type 'uint32_t' (aka 'unsigned int') [-Wint-to-void-pointer-cast]
2026-09-27T17:41:46.0223820Z   119 |              name, (void*)size, (void*)(int)headerSize);
2026-09-27T17:41:46.0224270Z       |                    ^~~~~~~~~~~
2026-09-27T17:41:46.0225060Z /Users/runner/work/early-android-game-runtime/early-android-game-runtime/Vendor/AOSP/system-core/include/log/log.h:129:51: note: expanded from macro 'ALOGW'
2026-09-27T17:41:46.0237710Z   129 | #define ALOGW(...) ((void)ALOG(LOG_WARN, LOG_TAG, __VA_ARGS__))
2026-09-27T17:41:46.0238050Z       |                                                   ^~~~~~~~~~~
2026-09-27T17:41:46.0238670Z /Users/runner/work/early-android-game-runtime/early-android-game-runtime/Vendor/AOSP/system-core/include/log/log.h:430:38: note: expanded from macro 'ALOG'
2026-09-27T17:41:46.0239310Z   430 |     LOG_PRI(ANDROID_##priority, tag, __VA_ARGS__)
2026-09-27T17:41:46.0239560Z       |                                      ^~~~~~~~~~~
2026-09-27T17:41:46.0240500Z /Users/runner/work/early-android-game-runtime/early-android-game-runtime/Vendor/AOSP/system-core/include/log/log.h:438:37: note: expanded from macro 'LOG_PRI'
2026-09-27T17:41:46.0241140Z   438 |     android_printLog(priority, tag, __VA_ARGS__)
2026-09-27T17:41:46.0241400Z       |                                     ^~~~~~~~~~~
2026-09-27T17:41:46.0242040Z /Users/runner/work/early-android-game-runtime/early-android-game-runtime/Vendor/AOSP/system-core/include/log/log.h:502:36: note: expanded from macro 'android_printLog'
2026-09-27T17:41:46.0242680Z   502 |     __android_log_print(prio, tag, fmt)
2026-09-27T17:41:46.0243020Z       |                                    ^~~
2026-09-27T17:41:46.0243900Z /Users/runner/work/early-android-game-runtime/early-android-game-runtime/Vendor/AOSP/frameworks-base/libs/androidfw/ResourceTypes.cpp:119:33: warning: cast to 'void *' from smaller integer type 'int' [-Wint-to-void-pointer-cast]
2026-09-27T17:41:46.0244820Z   119 |              name, (void*)size, (void*)(int)headerSize);
2026-09-27T17:41:46.0245130Z       |                                 ^~~~~~~~~~~~~~~~~~~~~~
2026-09-27T17:41:46.0245700Z /Users/runner/work/early-android-game-runtime/early-android-game-runtime/Vendor/AOSP/system-core/include/log/log.h:129:51: note: expanded from macro 'ALOGW'
2026-09-27T17:41:46.0246320Z   129 | #define ALOGW(...) ((void)ALOG(LOG_WARN, LOG_TAG, __VA_ARGS__))
2026-09-27T17:41:46.0246710Z       |                                                   ^~~~~~~~~~~
2026-09-27T17:41:46.0247340Z /Users/runner/work/early-android-game-runtime/early-android-game-runtime/Vendor/AOSP/system-core/include/log/log.h:430:38: note: expanded from macro 'ALOG'
2026-09-27T17:41:46.0247930Z   430 |     LOG_PRI(ANDROID_##priority, tag, __VA_ARGS__)
2026-09-27T17:41:46.0248300Z       |                                      ^~~~~~~~~~~
2026-09-27T17:41:46.0248900Z /Users/runner/work/early-android-game-runtime/early-android-game-runtime/Vendor/AOSP/system-core/include/log/log.h:438:37: note: expanded from macro 'LOG_PRI'
2026-09-27T17:41:46.0249730Z   438 |     android_printLog(priority, tag, __VA_ARGS__)
2026-09-27T17:41:46.0250010Z       |                                     ^~~~~~~~~~~
2026-09-27T17:41:46.0250630Z /Users/runner/work/early-android-game-runtime/early-android-game-runtime/Vendor/AOSP/system-core/include/log/log.h:502:36: note: expanded from macro 'android_printLog'
2026-09-27T17:41:46.0251320Z   502 |     __android_log_print(prio, tag, fmt)
2026-09-27T17:41:46.0251550Z       |                                    ^~~
2026-09-27T17:41:46.0252890Z /Users/runner/work/early-android-game-runtime/early-android-game-runtime/Vendor/AOSP/frameworks-base/libs/androidfw/ResourceTypes.cpp:120:16: warning: implicit conversion from 'android::(unnamed enum at /Users/runner/work/early-android-game-runtime/early-android-game-runtime/Vendor/AOSP/system-core/include/utils/Errors.h:45:1)' to 'status_t' (aka 'int') changes value from 2147483649 to -2147483647 [-Wconstant-conversion]
2026-09-27T17:41:46.0254140Z   120 |         return BAD_TYPE;
2026-09-27T17:41:46.0254310Z       |         ~~~~~~ ^~~~~~~~
2026-09-27T17:41:46.0255050Z /Users/runner/work/early-android-game-runtime/early-android-game-runtime/Vendor/AOSP/frameworks-base/libs/androidfw/ResourceTypes.cpp:123:16: warning: cast to 'void *' from smaller integer type 'int' [-Wint-to-void-pointer-cast]
2026-09-27T17:41:46.0255780Z   123 |          name, (void*)(int)headerSize);
2026-09-27T17:41:46.0256000Z       |                ^~~~~~~~~~~~~~~~~~~~~~
2026-09-27T17:41:46.0256550Z /Users/runner/work/early-android-game-runtime/early-android-game-runtime/Vendor/AOSP/system-core/include/log/log.h:129:51: note: expanded from macro 'ALOGW'
2026-09-27T17:41:46.0257260Z   129 | #define ALOGW(...) ((void)ALOG(LOG_WARN, LOG_TAG, __VA_ARGS__))
2026-09-27T17:41:46.0257580Z       |                                                   ^~~~~~~~~~~
2026-09-27T17:41:46.0258240Z /Users/runner/work/early-android-game-runtime/early-android-game-runtime/Vendor/AOSP/system-core/include/log/log.h:430:38: note: expanded from macro 'ALOG'
2026-09-27T17:41:46.0259020Z   430 |     LOG_PRI(ANDROID_##priority, tag, __VA_ARGS__)
2026-09-27T17:41:46.0259270Z       |                                      ^~~~~~~~~~~
2026-09-27T17:41:46.0259820Z /Users/runner/work/early-android-game-runtime/early-android-game-runtime/Vendor/AOSP/system-core/include/log/log.h:438:37: note: expanded from macro 'LOG_PRI'
2026-09-27T17:41:46.0260430Z   438 |     android_printLog(priority, tag, __VA_ARGS__)
2026-09-27T17:41:46.0260690Z       |                                     ^~~~~~~~~~~
2026-09-27T17:41:46.0261260Z /Users/runner/work/early-android-game-runtime/early-android-game-runtime/Vendor/AOSP/system-core/include/log/log.h:502:36: note: expanded from macro 'android_printLog'
2026-09-27T17:41:46.0261910Z   502 |     __android_log_print(prio, tag, fmt)
2026-09-27T17:41:46.0262140Z       |                                    ^~~
2026-09-27T17:41:46.0263380Z /Users/runner/work/early-android-game-runtime/early-android-game-runtime/Vendor/AOSP/frameworks-base/libs/androidfw/ResourceTypes.cpp:124:12: warning: implicit conversion from 'android::(unnamed enum at /Users/runner/work/early-android-game-runtime/early-android-game-runtime/Vendor/AOSP/system-core/include/utils/Errors.h:45:1)' to 'status_t' (aka 'int') changes value from 2147483649 to -2147483647 [-Wconstant-conversion]
2026-09-27T17:41:46.0264610Z   124 |     return BAD_TYPE;
2026-09-27T17:41:46.0264860Z       |     ~~~~~~ ^~~~~~~~
2026-09-27T17:41:46.0266060Z /Users/runner/work/early-android-game-runtime/early-android-game-runtime/Vendor/AOSP/frameworks-base/libs/androidfw/ResourceTypes.cpp:238:16: warning: implicit conversion from 'android::(unnamed enum at /Users/runner/work/early-android-game-runtime/early-android-game-runtime/Vendor/AOSP/system-core/include/utils/Errors.h:45:1)' to 'status_t' (aka 'int') changes value from 2147483648 to -2147483648 [-Wconstant-conversion]
2026-09-27T17:41:46.0267320Z   238 |         return UNKNOWN_ERROR;
2026-09-27T17:41:46.0267690Z       |         ~~~~~~ ^~~~~~~~~~~~~
2026-09-27T17:41:46.0268920Z /Users/runner/work/early-android-game-runtime/early-android-game-runtime/Vendor/AOSP/frameworks-base/libs/androidfw/ResourceTypes.cpp:249:16: warning: implicit conversion from 'android::(unnamed enum at /Users/runner/work/early-android-game-runtime/early-android-game-runtime/Vendor/AOSP/system-core/include/utils/Errors.h:45:1)' to 'status_t' (aka 'int') changes value from 2147483648 to -2147483648 [-Wconstant-conversion]
2026-09-27T17:41:46.0270170Z   249 |         return UNKNOWN_ERROR;
2026-09-27T17:41:46.0270430Z       |         ~~~~~~ ^~~~~~~~~~~~~
2026-09-27T17:41:46.0271710Z /Users/runner/work/early-android-game-runtime/early-android-game-runtime/Vendor/AOSP/frameworks-base/libs/androidfw/ResourceTypes.cpp:253:16: warning: implicit conversion from 'android::(unnamed enum at /Users/runner/work/early-android-game-runtime/early-android-game-runtime/Vendor/AOSP/system-core/include/utils/Errors.h:45:1)' to 'status_t' (aka 'int') changes value from 2147483648 to -2147483648 [-Wconstant-conversion]
2026-09-27T17:41:46.0273330Z   253 |         return UNKNOWN_ERROR;
2026-09-27T17:41:46.0273620Z       |         ~~~~~~ ^~~~~~~~~~~~~
2026-09-27T17:41:46.0275130Z /Users/runner/work/early-android-game-runtime/early-android-game-runtime/Vendor/AOSP/frameworks-base/libs/androidfw/ResourceTypes.cpp:263:16: warning: implicit conversion from 'android::(unnamed enum at /Users/runner/work/early-android-game-runtime/early-android-game-runtime/Vendor/AOSP/system-core/include/utils/Errors.h:45:1)' to 'status_t' (aka 'int') changes value from 2147483648 to -2147483648 [-Wconstant-conversion]
2026-09-27T17:41:46.0276560Z   263 |         return UNKNOWN_ERROR;
2026-09-27T17:41:46.0276740Z       |         ~~~~~~ ^~~~~~~~~~~~~
2026-09-27T17:41:46.0277960Z /Users/runner/work/early-android-game-runtime/early-android-game-runtime/Vendor/AOSP/frameworks-base/libs/androidfw/ResourceTypes.cpp:285:16: warning: implicit conversion from 'android::(unnamed enum at /Users/runner/work/early-android-game-runtime/early-android-game-runtime/Vendor/AOSP/system-core/include/utils/Errors.h:45:1)' to 'status_t' (aka 'int') changes value from 2147483648 to -2147483648 [-Wconstant-conversion]
2026-09-27T17:41:46.0279470Z   285 |         return UNKNOWN_ERROR;
2026-09-27T17:41:46.0279660Z       |         ~~~~~~ ^~~~~~~~~~~~~
2026-09-27T17:41:46.0280980Z /Users/runner/work/early-android-game-runtime/early-android-game-runtime/Vendor/AOSP/frameworks-base/libs/androidfw/ResourceTypes.cpp:328:24: warning: implicit conversion from 'android::(unnamed enum at /Users/runner/work/early-android-game-runtime/early-android-game-runtime/Vendor/AOSP/system-core/include/utils/Errors.h:45:1)' to 'status_t' (aka 'int') changes value from 2147483649 to -2147483647 [-Wconstant-conversion]
2026-09-27T17:41:46.0282200Z   328 |         return (mError=BAD_TYPE);
2026-09-27T17:41:46.0282390Z       |                       ~^~~~~~~~
2026-09-27T17:41:46.0283670Z /Users/runner/work/early-android-game-runtime/early-android-game-runtime/Vendor/AOSP/frameworks-base/libs/androidfw/ResourceTypes.cpp:362:24: warning: implicit conversion from 'android::(unnamed enum at /Users/runner/work/early-android-game-runtime/early-android-game-runtime/Vendor/AOSP/system-core/include/utils/Errors.h:45:1)' to 'status_t' (aka 'int') changes value from 2147483649 to -2147483647 [-Wconstant-conversion]
2026-09-27T17:41:46.0284890Z   362 |         return (mError=BAD_TYPE);
2026-09-27T17:41:46.0285070Z       |                       ~^~~~~~~~
2026-09-27T17:41:46.0286240Z /Users/runner/work/early-android-game-runtime/early-android-game-runtime/Vendor/AOSP/frameworks-base/libs/androidfw/ResourceTypes.cpp:375:28: warning: implicit conversion from 'android::(unnamed enum at /Users/runner/work/early-android-game-runtime/early-android-game-runtime/Vendor/AOSP/system-core/include/utils/Errors.h:45:1)' to 'status_t' (aka 'int') changes value from 2147483649 to -2147483647 [-Wconstant-conversion]
2026-09-27T17:41:46.0287420Z   375 |             return (mError=BAD_TYPE);
2026-09-27T17:41:46.0287880Z       |                           ~^~~~~~~~
2026-09-27T17:41:46.0289180Z /Users/runner/work/early-android-game-runtime/early-android-game-runtime/Vendor/AOSP/frameworks-base/libs/androidfw/ResourceTypes.cpp:390:28: warning: implicit conversion from 'android::(unnamed enum at /Users/runner/work/early-android-game-runtime/early-android-game-runtime/Vendor/AOSP/system-core/include/utils/Errors.h:45:1)' to 'status_t' (aka 'int') changes value from 2147483649 to -2147483647 [-Wconstant-conversion]
2026-09-27T17:41:46.0290650Z   390 |             return (mError=BAD_TYPE);
2026-09-27T17:41:46.0290880Z       |                           ~^~~~~~~~
2026-09-27T17:41:46.0292160Z /Users/runner/work/early-android-game-runtime/early-android-game-runtime/Vendor/AOSP/frameworks-base/libs/androidfw/ResourceTypes.cpp:400:32: warning: implicit conversion from 'android::(unnamed enum at /Users/runner/work/early-android-game-runtime/early-android-game-runtime/Vendor/AOSP/system-core/include/utils/Errors.h:45:1)' to 'status_t' (aka 'int') changes value from 2147483649 to -2147483647 [-Wconstant-conversion]
2026-09-27T17:41:46.0293400Z   400 |                 return (mError=BAD_TYPE);
2026-09-27T17:41:46.0293680Z       |                               ~^~~~~~~~
2026-09-27T17:41:46.0295120Z /Users/runner/work/early-android-game-runtime/early-android-game-runtime/Vendor/AOSP/frameworks-base/libs/androidfw/ResourceTypes.cpp:406:32: warning: implicit conversion from 'android::(unnamed enum at /Users/runner/work/early-android-game-runtime/early-android-game-runtime/Vendor/AOSP/system-core/include/utils/Errors.h:45:1)' to 'status_t' (aka 'int') changes value from 2147483649 to -2147483647 [-Wconstant-conversion]
2026-09-27T17:41:46.0296440Z   406 |                 return (mError=BAD_TYPE);
2026-09-27T17:41:46.0296700Z       |                               ~^~~~~~~~
2026-09-27T17:41:46.0297920Z /Users/runner/work/early-android-game-runtime/early-android-game-runtime/Vendor/AOSP/frameworks-base/libs/androidfw/ResourceTypes.cpp:415:28: warning: implicit conversion from 'android::(unnamed enum at /Users/runner/work/early-android-game-runtime/early-android-game-runtime/Vendor/AOSP/system-core/include/utils/Errors.h:45:1)' to 'status_t' (aka 'int') changes value from 2147483649 to -2147483647 [-Wconstant-conversion]
2026-09-27T17:41:46.0299390Z   415 |             return (mError=BAD_TYPE);
2026-09-27T17:41:46.0299590Z       |                           ~^~~~~~~~
2026-09-27T17:41:46.0300370Z /Users/runner/work/early-android-game-runtime/early-android-game-runtime/Vendor/AOSP/frameworks-base/libs/androidfw/ResourceTypes.cpp:435:18: warning: logical not is only applied to the left hand side of this bitwise operator [-Wlogical-not-parentheses]
2026-09-27T17:41:46.0301340Z   435 |                 (!mHeader->flags&ResStringPool_header::UTF8_FLAG &&
2026-09-27T17:41:46.0301600Z       |                  ^              ~
2026-09-27T17:41:46.0302290Z /Users/runner/work/early-android-game-runtime/early-android-game-runtime/Vendor/AOSP/frameworks-base/libs/androidfw/ResourceTypes.cpp:435:18: note: add parentheses after the '!' to evaluate the bitwise operator first
2026-09-27T17:41:46.0303040Z   435 |                 (!mHeader->flags&ResStringPool_header::UTF8_FLAG &&
2026-09-27T17:41:46.0303280Z       |                  ^
2026-09-27T17:41:46.0303460Z       |                   (                                             )
2026-09-27T17:41:46.0304170Z /Users/runner/work/early-android-game-runtime/early-android-game-runtime/Vendor/AOSP/frameworks-base/libs/androidfw/ResourceTypes.cpp:435:18: note: add parentheses around left hand side expression to silence this warning
2026-09-27T17:41:46.0304890Z   435 |                 (!mHeader->flags&ResStringPool_header::UTF8_FLAG &&
2026-09-27T17:41:46.0305130Z       |                  ^              
2026-09-27T17:41:46.0305310Z       |                  (              )
2026-09-27T17:41:46.0306660Z /Users/runner/work/early-android-game-runtime/early-android-game-runtime/Vendor/AOSP/frameworks-base/libs/androidfw/ResourceTypes.cpp:438:28: warning: implicit conversion from 'android::(unnamed enum at /Users/runner/work/early-android-game-runtime/early-android-game-runtime/Vendor/AOSP/system-core/include/utils/Errors.h:45:1)' to 'status_t' (aka 'int') changes value from 2147483649 to -2147483647 [-Wconstant-conversion]
2026-09-27T17:41:46.0307860Z   438 |             return (mError=BAD_TYPE);
2026-09-27T17:41:46.0308060Z       |                           ~^~~~~~~~
2026-09-27T17:41:46.0309230Z /Users/runner/work/early-android-game-runtime/early-android-game-runtime/Vendor/AOSP/frameworks-base/libs/androidfw/ResourceTypes.cpp:450:28: warning: implicit conversion from 'android::(unnamed enum at /Users/runner/work/early-android-game-runtime/early-android-game-runtime/Vendor/AOSP/system-core/include/utils/Errors.h:45:1)' to 'status_t' (aka 'int') changes value from 2147483649 to -2147483647 [-Wconstant-conversion]
2026-09-27T17:41:46.0310410Z   450 |             return (mError=BAD_TYPE);
2026-09-27T17:41:46.0310610Z       |                           ~^~~~~~~~
2026-09-27T17:41:46.0311790Z /Users/runner/work/early-android-game-runtime/early-android-game-runtime/Vendor/AOSP/frameworks-base/libs/androidfw/ResourceTypes.cpp:457:28: warning: implicit conversion from 'android::(unnamed enum at /Users/runner/work/early-android-game-runtime/early-android-game-runtime/Vendor/AOSP/system-core/include/utils/Errors.h:45:1)' to 'status_t' (aka 'int') changes value from 2147483649 to -2147483647 [-Wconstant-conversion]
2026-09-27T17:41:46.0312970Z   457 |             return (mError=BAD_TYPE);
2026-09-27T17:41:46.0313160Z       |                           ~^~~~~~~~
2026-09-27T17:41:46.0314520Z /Users/runner/work/early-android-game-runtime/early-android-game-runtime/Vendor/AOSP/frameworks-base/libs/androidfw/ResourceTypes.cpp:464:28: warning: implicit conversion from 'android::(unnamed enum at /Users/runner/work/early-android-game-runtime/early-android-game-runtime/Vendor/AOSP/system-core/include/utils/Errors.h:45:1)' to 'status_t' (aka 'int') changes value from 2147483649 to -2147483647 [-Wconstant-conversion]
2026-09-27T17:41:46.0315840Z   464 |             return (mError=BAD_TYPE);
2026-09-27T17:41:46.0316040Z       |                           ~^~~~~~~~
2026-09-27T17:41:46.0317210Z /Users/runner/work/early-android-game-runtime/early-android-game-runtime/Vendor/AOSP/frameworks-base/libs/androidfw/ResourceTypes.cpp:488:28: warning: implicit conversion from 'android::(unnamed enum at /Users/runner/work/early-android-game-runtime/early-android-game-runtime/Vendor/AOSP/system-core/include/utils/Errors.h:45:1)' to 'status_t' (aka 'int') changes value from 2147483649 to -2147483647 [-Wconstant-conversion]
2026-09-27T17:41:46.0318400Z   488 |             return (mError=BAD_TYPE);
2026-09-27T17:41:46.0318590Z       |                           ~^~~~~~~~
2026-09-27T17:41:46.0319780Z /Users/runner/work/early-android-game-runtime/early-android-game-runtime/Vendor/AOSP/frameworks-base/libs/androidfw/ResourceTypes.cpp:1349:24: warning: implicit conversion from 'android::(unnamed enum at /Users/runner/work/early-android-game-runtime/early-android-game-runtime/Vendor/AOSP/system-core/include/utils/Errors.h:45:1)' to 'status_t' (aka 'int') changes value from 2147483649 to -2147483647 [-Wconstant-conversion]
2026-09-27T17:41:46.0320970Z  1349 |         return (mError=BAD_TYPE);
2026-09-27T17:41:46.0321150Z       |                       ~^~~~~~~~
2026-09-27T17:41:46.0322330Z /Users/runner/work/early-android-game-runtime/early-android-game-runtime/Vendor/AOSP/frameworks-base/libs/androidfw/ResourceTypes.cpp:1367:18: warning: implicit conversion from 'android::(unnamed enum at /Users/runner/work/early-android-game-runtime/early-android-game-runtime/Vendor/AOSP/system-core/include/utils/Errors.h:45:1)' to 'status_t' (aka 'int') changes value from 2147483649 to -2147483647 [-Wconstant-conversion]
2026-09-27T17:41:46.0323490Z  1367 |         mError = BAD_TYPE;
2026-09-27T17:41:46.0323670Z       |                ~ ^~~~~~~~
2026-09-27T17:41:46.0324930Z /Users/runner/work/early-android-game-runtime/early-android-game-runtime/Vendor/AOSP/frameworks-base/libs/androidfw/ResourceTypes.cpp:1403:26: warning: implicit conversion from 'android::(unnamed enum at /Users/runner/work/early-android-game-runtime/early-android-game-runtime/Vendor/AOSP/system-core/include/utils/Errors.h:45:1)' to 'status_t' (aka 'int') changes value from 2147483649 to -2147483647 [-Wconstant-conversion]
2026-09-27T17:41:46.0326140Z  1403 |                 mError = BAD_TYPE;
2026-09-27T17:41:46.0326330Z       |                        ~ ^~~~~~~~
2026-09-27T17:41:46.0327520Z /Users/runner/work/early-android-game-runtime/early-android-game-runtime/Vendor/AOSP/frameworks-base/libs/androidfw/ResourceTypes.cpp:1408:26: warning: implicit conversion from 'android::(unnamed enum at /Users/runner/work/early-android-game-runtime/early-android-game-runtime/Vendor/AOSP/system-core/include/utils/Errors.h:45:1)' to 'status_t' (aka 'int') changes value from 2147483649 to -2147483647 [-Wconstant-conversion]
2026-09-27T17:41:46.0328700Z  1408 |                 mError = BAD_TYPE;
2026-09-27T17:41:46.0328890Z       |                        ~ ^~~~~~~~
2026-09-27T17:41:46.0330130Z /Users/runner/work/early-android-game-runtime/early-android-game-runtime/Vendor/AOSP/frameworks-base/libs/androidfw/ResourceTypes.cpp:1425:18: warning: implicit conversion from 'android::(unnamed enum at /Users/runner/work/early-android-game-runtime/early-android-game-runtime/Vendor/AOSP/system-core/include/utils/Errors.h:45:1)' to 'status_t' (aka 'int') changes value from 2147483649 to -2147483647 [-Wconstant-conversion]
2026-09-27T17:41:46.0331300Z  1425 |         mError = BAD_TYPE;
2026-09-27T17:41:46.0331470Z       |                ~ ^~~~~~~~
2026-09-27T17:41:46.0332640Z /Users/runner/work/early-android-game-runtime/early-android-game-runtime/Vendor/AOSP/frameworks-base/libs/androidfw/ResourceTypes.cpp:1486:16: warning: implicit conversion from 'android::(unnamed enum at /Users/runner/work/early-android-game-runtime/early-android-game-runtime/Vendor/AOSP/system-core/include/utils/Errors.h:45:1)' to 'status_t' (aka 'int') changes value from 2147483649 to -2147483647 [-Wconstant-conversion]
2026-09-27T17:41:46.0333980Z  1486 |         return BAD_TYPE;
2026-09-27T17:41:46.0334160Z       |         ~~~~~~ ^~~~~~~~
2026-09-27T17:41:46.0360240Z /Users/runner/work/early-android-game-runtime/early-android-game-runtime/Vendor/AOSP/frameworks-base/libs/androidfw/ResourceTypes.cpp:2895:16: warning: implicit conversion from 'android::(unnamed enum at /Users/runner/work/early-android-game-runtime/early-android-game-runtime/Vendor/AOSP/system-core/include/utils/Errors.h:45:1)' to 'status_t' (aka 'int') changes value from 2147483648 to -2147483648 [-Wconstant-conversion]
2026-09-27T17:41:46.0361470Z  2895 |         return UNKNOWN_ERROR;
2026-09-27T17:41:46.0361650Z       |         ~~~~~~ ^~~~~~~~~~~~~
2026-09-27T17:41:46.0363530Z /Users/runner/work/early-android-game-runtime/early-android-game-runtime/Vendor/AOSP/frameworks-base/libs/androidfw/ResourceTypes.cpp:2972:24: warning: implicit conversion from 'android::(unnamed enum at /Users/runner/work/early-android-game-runtime/early-android-game-runtime/Vendor/AOSP/system-core/include/utils/Errors.h:45:1)' to 'status_t' (aka 'int') changes value from 2147483649 to -2147483647 [-Wconstant-conversion]
2026-09-27T17:41:46.0364800Z  2972 |         return (mError=BAD_TYPE);
2026-09-27T17:41:46.0364990Z       |                       ~^~~~~~~~
2026-09-27T17:41:46.0366290Z /Users/runner/work/early-android-game-runtime/early-android-game-runtime/Vendor/AOSP/frameworks-base/libs/androidfw/ResourceTypes.cpp:2978:24: warning: implicit conversion from 'android::(unnamed enum at /Users/runner/work/early-android-game-runtime/early-android-game-runtime/Vendor/AOSP/system-core/include/utils/Errors.h:45:1)' to 'status_t' (aka 'int') changes value from 2147483649 to -2147483647 [-Wconstant-conversion]
2026-09-27T17:41:46.0367620Z  2978 |         return (mError=BAD_TYPE);
2026-09-27T17:41:46.0367820Z       |                       ~^~~~~~~~
2026-09-27T17:41:46.0369330Z /Users/runner/work/early-android-game-runtime/early-android-game-runtime/Vendor/AOSP/frameworks-base/libs/androidfw/ResourceTypes.cpp:3014:32: warning: implicit conversion from 'android::(unnamed enum at /Users/runner/work/early-android-game-runtime/early-android-game-runtime/Vendor/AOSP/system-core/include/utils/Errors.h:45:1)' to 'status_t' (aka 'int') changes value from 2147483649 to -2147483647 [-Wconstant-conversion]
2026-09-27T17:41:46.0370640Z  3014 |                 return (mError=BAD_TYPE);
2026-09-27T17:41:46.0370850Z       |                               ~^~~~~~~~
2026-09-27T17:41:46.0371550Z /Users/runner/work/early-android-game-runtime/early-android-game-runtime/Vendor/AOSP/frameworks-base/libs/androidfw/ResourceTypes.cpp:3031:18: warning: cast to 'void *' from smaller integer type 'int' [-Wint-to-void-pointer-cast]
2026-09-27T17:41:46.0372260Z  3031 |                  (void*)(int)(ctype),
2026-09-27T17:41:46.0372450Z       |                  ^~~~~~~~~~~~~~~~~~~
2026-09-27T17:41:46.0372980Z /Users/runner/work/early-android-game-runtime/early-android-game-runtime/Vendor/AOSP/system-core/include/log/log.h:129:51: note: expanded from macro 'ALOGW'
2026-09-27T17:41:46.0373560Z   129 | #define ALOGW(...) ((void)ALOG(LOG_WARN, LOG_TAG, __VA_ARGS__))
2026-09-27T17:41:46.0373840Z       |                                                   ^~~~~~~~~~~
2026-09-27T17:41:46.0374380Z /Users/runner/work/early-android-game-runtime/early-android-game-runtime/Vendor/AOSP/system-core/include/log/log.h:430:38: note: expanded from macro 'ALOG'
2026-09-27T17:41:46.0374920Z   430 |     LOG_PRI(ANDROID_##priority, tag, __VA_ARGS__)
2026-09-27T17:41:46.0375160Z       |                                      ^~~~~~~~~~~
2026-09-27T17:41:46.0375690Z /Users/runner/work/early-android-game-runtime/early-android-game-runtime/Vendor/AOSP/system-core/include/log/log.h:438:37: note: expanded from macro 'LOG_PRI'
2026-09-27T17:41:46.0376240Z   438 |     android_printLog(priority, tag, __VA_ARGS__)
2026-09-27T17:41:46.0376710Z       |                                     ^~~~~~~~~~~
2026-09-27T17:41:46.0377260Z /Users/runner/work/early-android-game-runtime/early-android-game-runtime/Vendor/AOSP/system-core/include/log/log.h:502:36: note: expanded from macro 'android_printLog'
2026-09-27T17:41:46.0377890Z   502 |     __android_log_print(prio, tag, fmt)
2026-09-27T17:41:46.0378100Z       |                                    ^~~
2026-09-27T17:41:46.0379360Z /Users/runner/work/early-android-game-runtime/early-android-game-runtime/Vendor/AOSP/frameworks-base/libs/androidfw/ResourceTypes.cpp:3041:24: warning: implicit conversion from 'android::(unnamed enum at /Users/runner/work/early-android-game-runtime/early-android-game-runtime/Vendor/AOSP/system-core/include/utils/Errors.h:45:1)' to 'status_t' (aka 'int') changes value from 2147483649 to -2147483647 [-Wconstant-conversion]
2026-09-27T17:41:46.0380600Z  3041 |         return (mError=BAD_TYPE);
2026-09-27T17:41:46.0380780Z       |                       ~^~~~~~~~
2026-09-27T17:41:46.0381530Z /Users/runner/work/early-android-game-runtime/early-android-game-runtime/Vendor/AOSP/frameworks-base/libs/androidfw/ResourceTypes.cpp:3248:22: warning: cast to 'void *' from smaller integer type 'uint32_t' (aka 'unsigned int') [-Wint-to-void-pointer-cast]
2026-09-27T17:41:46.0382430Z  3248 |                      (void*)resID);
2026-09-27T17:41:46.0382660Z       |                      ^~~~~~~~~~~~
2026-09-27T17:41:46.0383160Z /Users/runner/work/early-android-game-runtime/early-android-game-runtime/Vendor/AOSP/system-core/include/log/log.h:129:51: note: expanded from macro 'ALOGW'
2026-09-27T17:41:46.0383730Z   129 | #define ALOGW(...) ((void)ALOG(LOG_WARN, LOG_TAG, __VA_ARGS__))
2026-09-27T17:41:46.0384010Z       |                                                   ^~~~~~~~~~~
2026-09-27T17:41:46.0384550Z /Users/runner/work/early-android-game-runtime/early-android-game-runtime/Vendor/AOSP/system-core/include/log/log.h:430:38: note: expanded from macro 'ALOG'
2026-09-27T17:41:46.0385260Z   430 |     LOG_PRI(ANDROID_##priority, tag, __VA_ARGS__)
2026-09-27T17:41:46.0385510Z       |                                      ^~~~~~~~~~~
2026-09-27T17:41:46.0386030Z /Users/runner/work/early-android-game-runtime/early-android-game-runtime/Vendor/AOSP/system-core/include/log/log.h:438:37: note: expanded from macro 'LOG_PRI'
2026-09-27T17:41:46.0386570Z   438 |     android_printLog(priority, tag, __VA_ARGS__)
2026-09-27T17:41:46.0386810Z       |                                     ^~~~~~~~~~~
2026-09-27T17:41:46.0387350Z /Users/runner/work/early-android-game-runtime/early-android-game-runtime/Vendor/AOSP/system-core/include/log/log.h:502:36: note: expanded from macro 'android_printLog'
2026-09-27T17:41:46.0387900Z   502 |     __android_log_print(prio, tag, fmt)
2026-09-27T17:41:46.0388110Z       |                                    ^~~
2026-09-27T17:41:46.0389150Z /Users/runner/work/early-android-game-runtime/early-android-game-runtime/Vendor/AOSP/frameworks-base/libs/androidfw/ResourceTypes.cpp:3509:40: warning: format specifies type 'int' but the argument has type 'ssize_t' (aka 'long') [-Wformat]
2026-09-27T17:41:46.0389940Z  3509 |         ALOGV("Resulting offset=%d\n", offset);
2026-09-27T17:41:46.0390360Z       |                                 ~~     ^~~~~~
2026-09-27T17:41:46.0390660Z       |                                 %ld
2026-09-27T17:41:46.0391410Z /Users/runner/work/early-android-game-runtime/early-android-game-runtime/Vendor/AOSP/system-core/include/log/log.h:80:54: note: expanded from macro 'ALOGV'
2026-09-27T17:41:46.0392050Z    80 | #define ALOGV(...) ((void)ALOG(LOG_VERBOSE, LOG_TAG, __VA_ARGS__))
2026-09-27T17:41:46.0393570Z       |                                                      ^~~~~~~~~~~
2026-09-27T17:41:46.0394370Z /Users/runner/work/early-android-game-runtime/early-android-game-runtime/Vendor/AOSP/system-core/include/log/log.h:430:38: note: expanded from macro 'ALOG'
2026-09-27T17:41:46.0395010Z   430 |     LOG_PRI(ANDROID_##priority, tag, __VA_ARGS__)
2026-09-27T17:41:46.0395380Z       |                                      ^~~~~~~~~~~
2026-09-27T17:41:46.0396080Z /Users/runner/work/early-android-game-runtime/early-android-game-runtime/Vendor/AOSP/system-core/include/log/log.h:438:37: note: expanded from macro 'LOG_PRI'
2026-09-27T17:41:46.0396870Z   438 |     android_printLog(priority, tag, __VA_ARGS__)
2026-09-27T17:41:46.0397150Z       |                                     ^~~~~~~~~~~
2026-09-27T17:41:46.0397720Z /Users/runner/work/early-android-game-runtime/early-android-game-runtime/Vendor/AOSP/system-core/include/log/log.h:502:36: note: expanded from macro 'android_printLog'
2026-09-27T17:41:46.0398470Z   502 |     __android_log_print(prio, tag, fmt)
2026-09-27T17:41:46.0398730Z       |                                    ^~~
2026-09-27T17:41:46.0399520Z /Users/runner/work/early-android-game-runtime/early-android-game-runtime/Vendor/AOSP/frameworks-base/libs/androidfw/ResourceTypes.cpp:3524:18: warning: cast to 'void *' from smaller integer type 'uint32_t' (aka 'unsigned int') [-Wint-to-void-pointer-cast]
2026-09-27T17:41:46.0400500Z  3524 |                  (void*)resID, (int)ip);
2026-09-27T17:41:46.0400770Z       |                  ^~~~~~~~~~~~
2026-09-27T17:41:46.0401350Z /Users/runner/work/early-android-game-runtime/early-android-game-runtime/Vendor/AOSP/system-core/include/log/log.h:129:51: note: expanded from macro 'ALOGW'
2026-09-27T17:41:46.0401970Z   129 | #define ALOGW(...) ((void)ALOG(LOG_WARN, LOG_TAG, __VA_ARGS__))
2026-09-27T17:41:46.0402270Z       |                                                   ^~~~~~~~~~~
2026-09-27T17:41:46.0402840Z /Users/runner/work/early-android-game-runtime/early-android-game-runtime/Vendor/AOSP/system-core/include/log/log.h:430:38: note: expanded from macro 'ALOG'
2026-09-27T17:41:46.0403590Z   430 |     LOG_PRI(ANDROID_##priority, tag, __VA_ARGS__)
2026-09-27T17:41:46.0403840Z       |                                      ^~~~~~~~~~~
2026-09-27T17:41:46.0404620Z /Users/runner/work/early-android-game-runtime/early-android-game-runtime/Vendor/AOSP/system-core/include/log/log.h:438:37: note: expanded from macro 'LOG_PRI'
2026-09-27T17:41:46.0405280Z   438 |     android_printLog(priority, tag, __VA_ARGS__)
2026-09-27T17:41:46.0405520Z       |                                     ^~~~~~~~~~~
2026-09-27T17:41:46.0406110Z /Users/runner/work/early-android-game-runtime/early-android-game-runtime/Vendor/AOSP/system-core/include/log/log.h:502:36: note: expanded from macro 'android_printLog'
2026-09-27T17:41:46.0406690Z   502 |     __android_log_print(prio, tag, fmt)
2026-09-27T17:41:46.0406910Z       |                                    ^~~
2026-09-27T17:41:46.0459140Z /Users/runner/work/early-android-game-runtime/early-android-game-runtime/Vendor/AOSP/frameworks-base/libs/androidfw/ResourceTypes.cpp:5121:14: warning: cast to 'void *' from smaller integer type 'uint32_t' (aka 'unsigned int') [-Wint-to-void-pointer-cast]
2026-09-27T17:41:46.0460120Z  5120 |         ALOGW("ResTable_package type strings at %p are past chunk size %p.",
2026-09-27T17:41:46.0460730Z       |         ~~~~~~~~~~~~~~~~~~~~~~~~~~~~~~~~~~~~~~~~~~~~~~~~~~~~~~~~~~~~~~~~~~~~
2026-09-27T17:41:46.0461070Z  5121 |              (void*)dtohl(pkg->typeStrings), (void*)pkgSize);
2026-09-27T17:41:46.0461390Z       |              ^~~~~~~~~~~~~~~~~~~~~~~~~~~~~~~~~~~~~~~~~~~~~~~
2026-09-27T17:41:46.0461990Z /Users/runner/work/early-android-game-runtime/early-android-game-runtime/Vendor/AOSP/system-core/include/log/log.h:129:51: note: expanded from macro 'ALOGW'
2026-09-27T17:41:46.0462590Z   129 | #define ALOGW(...) ((void)ALOG(LOG_WARN, LOG_TAG, __VA_ARGS__))
2026-09-27T17:41:46.0462880Z       |                           ~~~~~~~~~~~~~~~~~~~~~~~~^~~~~~~~~~~~
2026-09-27T17:41:46.0463460Z /Users/runner/work/early-android-game-runtime/early-android-game-runtime/Vendor/AOSP/system-core/include/log/log.h:430:38: note: expanded from macro 'ALOG'
2026-09-27T17:41:46.0464100Z   430 |     LOG_PRI(ANDROID_##priority, tag, __VA_ARGS__)
2026-09-27T17:41:46.0464380Z       |     ~~~~~~~~~~~~~~~~~~~~~~~~~~~~~~~~~^~~~~~~~~~~~
2026-09-27T17:41:46.0465150Z /Users/runner/work/early-android-game-runtime/early-android-game-runtime/Vendor/AOSP/system-core/include/log/log.h:438:37: note: expanded from macro 'LOG_PRI'
2026-09-27T17:41:46.0465730Z   438 |     android_printLog(priority, tag, __VA_ARGS__)
2026-09-27T17:41:46.0465980Z       |     ~~~~~~~~~~~~~~~~~~~~~~~~~~~~~~~~^~~~~~~~~~~~
2026-09-27T17:41:46.0466600Z /Users/runner/work/early-android-game-runtime/early-android-game-runtime/Vendor/AOSP/system-core/include/log/log.h:502:36: note: expanded from macro 'android_printLog'
2026-09-27T17:41:46.0467240Z   502 |     __android_log_print(prio, tag, fmt)
2026-09-27T17:41:46.0467460Z       |                                    ^~~
2026-09-27T17:41:46.0468740Z /Users/runner/work/early-android-game-runtime/early-android-game-runtime/Vendor/AOSP/frameworks-base/libs/androidfw/ResourceTypes.cpp:5122:24: warning: implicit conversion from 'android::(unnamed enum at /Users/runner/work/early-android-game-runtime/early-android-game-runtime/Vendor/AOSP/system-core/include/utils/Errors.h:45:1)' to 'status_t' (aka 'int') changes value from 2147483649 to -2147483647 [-Wconstant-conversion]
2026-09-27T17:41:46.0470110Z  5122 |         return (mError=BAD_TYPE);
2026-09-27T17:41:46.0470310Z       |                       ~^~~~~~~~
2026-09-27T17:41:46.0471080Z /Users/runner/work/early-android-game-runtime/early-android-game-runtime/Vendor/AOSP/frameworks-base/libs/androidfw/ResourceTypes.cpp:5126:14: warning: cast to 'void *' from smaller integer type 'uint32_t' (aka 'unsigned int') [-Wint-to-void-pointer-cast]
2026-09-27T17:41:46.0472240Z  5125 |         ALOGW("ResTable_package type strings at %p is not on an integer boundary.",
2026-09-27T17:41:46.0472720Z       |         ~~~~~~~~~~~~~~~~~~~~~~~~~~~~~~~~~~~~~~~~~~~~~~~~~~~~~~~~~~~~~~~~~~~~~~~~~~~
2026-09-27T17:41:46.0473250Z  5126 |              (void*)dtohl(pkg->typeStrings));
2026-09-27T17:41:46.0473640Z       |              ^~~~~~~~~~~~~~~~~~~~~~~~~~~~~~~
2026-09-27T17:41:46.0474530Z /Users/runner/work/early-android-game-runtime/early-android-game-runtime/Vendor/AOSP/system-core/include/log/log.h:129:51: note: expanded from macro 'ALOGW'
2026-09-27T17:41:46.0475290Z   129 | #define ALOGW(...) ((void)ALOG(LOG_WARN, LOG_TAG, __VA_ARGS__))
2026-09-27T17:41:46.0482070Z       |                           ~~~~~~~~~~~~~~~~~~~~~~~~^~~~~~~~~~~~
2026-09-27T17:41:46.0482710Z /Users/runner/work/early-android-game-runtime/early-android-game-runtime/Vendor/AOSP/system-core/include/log/log.h:430:38: note: expanded from macro 'ALOG'
2026-09-27T17:41:46.0483340Z   430 |     LOG_PRI(ANDROID_##priority, tag, __VA_ARGS__)
2026-09-27T17:41:46.0483610Z       |     ~~~~~~~~~~~~~~~~~~~~~~~~~~~~~~~~~^~~~~~~~~~~~
2026-09-27T17:41:46.0484220Z /Users/runner/work/early-android-game-runtime/early-android-game-runtime/Vendor/AOSP/system-core/include/log/log.h:438:37: note: expanded from macro 'LOG_PRI'
2026-09-27T17:41:46.0484840Z   438 |     android_printLog(priority, tag, __VA_ARGS__)
2026-09-27T17:41:46.0485080Z       |     ~~~~~~~~~~~~~~~~~~~~~~~~~~~~~~~~^~~~~~~~~~~~
2026-09-27T17:41:46.0485650Z /Users/runner/work/early-android-game-runtime/early-android-game-runtime/Vendor/AOSP/system-core/include/log/log.h:502:36: note: expanded from macro 'android_printLog'
2026-09-27T17:41:46.0486330Z   502 |     __android_log_print(prio, tag, fmt)
2026-09-27T17:41:46.0486570Z       |                                    ^~~
2026-09-27T17:41:46.0487870Z /Users/runner/work/early-android-game-runtime/early-android-game-runtime/Vendor/AOSP/frameworks-base/libs/androidfw/ResourceTypes.cpp:5127:24: warning: implicit conversion from 'android::(unnamed enum at /Users/runner/work/early-android-game-runtime/early-android-game-runtime/Vendor/AOSP/system-core/include/utils/Errors.h:45:1)' to 'status_t' (aka 'int') changes value from 2147483649 to -2147483647 [-Wconstant-conversion]
2026-09-27T17:41:46.0489100Z  5127 |         return (mError=BAD_TYPE);
2026-09-27T17:41:46.0489290Z       |                       ~^~~~~~~~
2026-09-27T17:41:46.0490180Z /Users/runner/work/early-android-game-runtime/early-android-game-runtime/Vendor/AOSP/frameworks-base/libs/androidfw/ResourceTypes.cpp:5131:14: warning: cast to 'void *' from smaller integer type 'uint32_t' (aka 'unsigned int') [-Wint-to-void-pointer-cast]
2026-09-27T17:41:46.0491030Z  5130 |         ALOGW("ResTable_package key strings at %p are past chunk size %p.",
2026-09-27T17:41:46.0491360Z       |         ~~~~~~~~~~~~~~~~~~~~~~~~~~~~~~~~~~~~~~~~~~~~~~~~~~~~~~~~~~~~~~~~~~~
2026-09-27T17:41:46.0491660Z  5131 |              (void*)dtohl(pkg->keyStrings), (void*)pkgSize);
2026-09-27T17:41:46.0491930Z       |              ^~~~~~~~~~~~~~~~~~~~~~~~~~~~~~~~~~~~~~~~~~~~~~
2026-09-27T17:41:46.0492460Z /Users/runner/work/early-android-game-runtime/early-android-game-runtime/Vendor/AOSP/system-core/include/log/log.h:129:51: note: expanded from macro 'ALOGW'
2026-09-27T17:41:46.0493060Z   129 | #define ALOGW(...) ((void)ALOG(LOG_WARN, LOG_TAG, __VA_ARGS__))
2026-09-27T17:41:46.0493380Z       |                           ~~~~~~~~~~~~~~~~~~~~~~~~^~~~~~~~~~~~
2026-09-27T17:41:46.0494000Z /Users/runner/work/early-android-game-runtime/early-android-game-runtime/Vendor/AOSP/system-core/include/log/log.h:430:38: note: expanded from macro 'ALOG'
2026-09-27T17:41:46.0494560Z   430 |     LOG_PRI(ANDROID_##priority, tag, __VA_ARGS__)
2026-09-27T17:41:46.0494800Z       |     ~~~~~~~~~~~~~~~~~~~~~~~~~~~~~~~~~^~~~~~~~~~~~
2026-09-27T17:41:46.0495380Z /Users/runner/work/early-android-game-runtime/early-android-game-runtime/Vendor/AOSP/system-core/include/log/log.h:438:37: note: expanded from macro 'LOG_PRI'
2026-09-27T17:41:46.0496030Z   438 |     android_printLog(priority, tag, __VA_ARGS__)
2026-09-27T17:41:46.0496270Z       |     ~~~~~~~~~~~~~~~~~~~~~~~~~~~~~~~~^~~~~~~~~~~~
2026-09-27T17:41:46.0496830Z /Users/runner/work/early-android-game-runtime/early-android-game-runtime/Vendor/AOSP/system-core/include/log/log.h:502:36: note: expanded from macro 'android_printLog'
2026-09-27T17:41:46.0497410Z   502 |     __android_log_print(prio, tag, fmt)
2026-09-27T17:41:46.0497790Z       |                                    ^~~
2026-09-27T17:41:46.0499100Z /Users/runner/work/early-android-game-runtime/early-android-game-runtime/Vendor/AOSP/frameworks-base/libs/androidfw/ResourceTypes.cpp:5132:24: warning: implicit conversion from 'android::(unnamed enum at /Users/runner/work/early-android-game-runtime/early-android-game-runtime/Vendor/AOSP/system-core/include/utils/Errors.h:45:1)' to 'status_t' (aka 'int') changes value from 2147483649 to -2147483647 [-Wconstant-conversion]
2026-09-27T17:41:46.0500280Z  5132 |         return (mError=BAD_TYPE);
2026-09-27T17:41:46.0500470Z       |                       ~^~~~~~~~
2026-09-27T17:41:46.0501210Z /Users/runner/work/early-android-game-runtime/early-android-game-runtime/Vendor/AOSP/frameworks-base/libs/androidfw/ResourceTypes.cpp:5136:14: warning: cast to 'void *' from smaller integer type 'uint32_t' (aka 'unsigned int') [-Wint-to-void-pointer-cast]
2026-09-27T17:41:46.0502080Z  5135 |         ALOGW("ResTable_package key strings at %p is not on an integer boundary.",
2026-09-27T17:41:46.0502450Z       |         ~~~~~~~~~~~~~~~~~~~~~~~~~~~~~~~~~~~~~~~~~~~~~~~~~~~~~~~~~~~~~~~~~~~~~~~~~~
2026-09-27T17:41:46.0502730Z  5136 |              (void*)dtohl(pkg->keyStrings));
2026-09-27T17:41:46.0502940Z       |              ^~~~~~~~~~~~~~~~~~~~~~~~~~~~~~
2026-09-27T17:41:46.0503460Z /Users/runner/work/early-android-game-runtime/early-android-game-runtime/Vendor/AOSP/system-core/include/log/log.h:129:51: note: expanded from macro 'ALOGW'
2026-09-27T17:41:46.0504030Z   129 | #define ALOGW(...) ((void)ALOG(LOG_WARN, LOG_TAG, __VA_ARGS__))
2026-09-27T17:41:46.0504320Z       |                           ~~~~~~~~~~~~~~~~~~~~~~~~^~~~~~~~~~~~
2026-09-27T17:41:46.0504850Z /Users/runner/work/early-android-game-runtime/early-android-game-runtime/Vendor/AOSP/system-core/include/log/log.h:430:38: note: expanded from macro 'ALOG'
2026-09-27T17:41:46.0505390Z   430 |     LOG_PRI(ANDROID_##priority, tag, __VA_ARGS__)
2026-09-27T17:41:46.0505730Z       |     ~~~~~~~~~~~~~~~~~~~~~~~~~~~~~~~~~^~~~~~~~~~~~
2026-09-27T17:41:46.0506260Z /Users/runner/work/early-android-game-runtime/early-android-game-runtime/Vendor/AOSP/system-core/include/log/log.h:438:37: note: expanded from macro 'LOG_PRI'
2026-09-27T17:41:46.0506800Z   438 |     android_printLog(priority, tag, __VA_ARGS__)
2026-09-27T17:41:46.0507040Z       |     ~~~~~~~~~~~~~~~~~~~~~~~~~~~~~~~~^~~~~~~~~~~~
2026-09-27T17:41:46.0507590Z /Users/runner/work/early-android-game-runtime/early-android-game-runtime/Vendor/AOSP/system-core/include/log/log.h:502:36: note: expanded from macro 'android_printLog'
2026-09-27T17:41:46.0508180Z   502 |     __android_log_print(prio, tag, fmt)
2026-09-27T17:41:46.0508420Z       |                                    ^~~
2026-09-27T17:41:46.0509750Z /Users/runner/work/early-android-game-runtime/early-android-game-runtime/Vendor/AOSP/frameworks-base/libs/androidfw/ResourceTypes.cpp:5137:24: warning: implicit conversion from 'android::(unnamed enum at /Users/runner/work/early-android-game-runtime/early-android-game-runtime/Vendor/AOSP/system-core/include/utils/Errors.h:45:1)' to 'status_t' (aka 'int') changes value from 2147483649 to -2147483647 [-Wconstant-conversion]
2026-09-27T17:41:46.0511030Z  5137 |         return (mError=BAD_TYPE);
2026-09-27T17:41:46.0511220Z       |                       ~^~~~~~~~
2026-09-27T17:41:46.0512570Z /Users/runner/work/early-android-game-runtime/early-android-game-runtime/Vendor/AOSP/frameworks-base/libs/androidfw/ResourceTypes.cpp:5192:32: warning: implicit conversion from 'android::(unnamed enum at /Users/runner/work/early-android-game-runtime/early-android-game-runtime/Vendor/AOSP/system-core/include/utils/Errors.h:45:1)' to 'status_t' (aka 'int') changes value from 2147483648 to -2147483648 [-Wconstant-conversion]
2026-09-27T17:41:46.0513840Z  5192 |                 return (mError=UNKNOWN_ERROR);
2026-09-27T17:41:46.0514120Z       |                               ~^~~~~~~~~~~~~
2026-09-27T17:41:46.0515600Z /Users/runner/work/early-android-game-runtime/early-android-game-runtime/Vendor/AOSP/frameworks-base/libs/androidfw/ResourceTypes.cpp:5242:32: warning: implicit conversion from 'android::(unnamed enum at /Users/runner/work/early-android-game-runtime/early-android-game-runtime/Vendor/AOSP/system-core/include/utils/Errors.h:45:1)' to 'status_t' (aka 'int') changes value from 2147483649 to -2147483647 [-Wconstant-conversion]
2026-09-27T17:41:46.0517010Z  5242 |                 return (mError=BAD_TYPE);
2026-09-27T17:41:46.0517220Z       |                               ~^~~~~~~~
2026-09-27T17:41:46.0518510Z /Users/runner/work/early-android-game-runtime/early-android-game-runtime/Vendor/AOSP/frameworks-base/libs/androidfw/ResourceTypes.cpp:5247:32: warning: implicit conversion from 'android::(unnamed enum at /Users/runner/work/early-android-game-runtime/early-android-game-runtime/Vendor/AOSP/system-core/include/utils/Errors.h:45:1)' to 'status_t' (aka 'int') changes value from 2147483649 to -2147483647 [-Wconstant-conversion]
2026-09-27T17:41:46.0519750Z  5247 |                 return (mError=BAD_TYPE);
2026-09-27T17:41:46.0519970Z       |                               ~^~~~~~~~
2026-09-27T17:41:46.0521190Z /Users/runner/work/early-android-game-runtime/early-android-game-runtime/Vendor/AOSP/frameworks-base/libs/androidfw/ResourceTypes.cpp:5260:32: warning: implicit conversion from 'android::(unnamed enum at /Users/runner/work/early-android-game-runtime/early-android-game-runtime/Vendor/AOSP/system-core/include/utils/Errors.h:45:1)' to 'status_t' (aka 'int') changes value from 2147483649 to -2147483647 [-Wconstant-conversion]
2026-09-27T17:41:46.0522380Z  5260 |                 return (mError=BAD_TYPE);
2026-09-27T17:41:46.0522590Z       |                               ~^~~~~~~~
2026-09-27T17:41:46.0523770Z /Users/runner/work/early-android-game-runtime/early-android-game-runtime/Vendor/AOSP/frameworks-base/libs/androidfw/ResourceTypes.cpp:5287:32: warning: implicit conversion from 'android::(unnamed enum at /Users/runner/work/early-android-game-runtime/early-android-game-runtime/Vendor/AOSP/system-core/include/utils/Errors.h:45:1)' to 'status_t' (aka 'int') changes value from 2147483649 to -2147483647 [-Wconstant-conversion]
2026-09-27T17:41:46.0525070Z  5287 |                 return (mError=BAD_TYPE);
2026-09-27T17:41:46.0525280Z       |                               ~^~~~~~~~
2026-09-27T17:41:46.0526040Z /Users/runner/work/early-android-game-runtime/early-android-game-runtime/Vendor/AOSP/frameworks-base/libs/androidfw/ResourceTypes.cpp:5292:22: warning: cast to 'void *' from smaller integer type 'uint32_t' (aka 'unsigned int') [-Wint-to-void-pointer-cast]
2026-09-27T17:41:46.0526900Z  5291 |                 ALOGW("ResTable_type entriesStart at %p extends beyond chunk end %p.",
2026-09-27T17:41:46.0527270Z       |                 ~~~~~~~~~~~~~~~~~~~~~~~~~~~~~~~~~~~~~~~~~~~~~~~~~~~~~~~~~~~~~~~~~~~~~~
2026-09-27T17:41:46.0527580Z  5292 |                      (void*)dtohl(type->entriesStart), (void*)typeSize);
2026-09-27T17:41:46.0527880Z       |                      ^~~~~~~~~~~~~~~~~~~~~~~~~~~~~~~~~~~~~~~~~~~~~~~~~~
2026-09-27T17:41:46.0528440Z /Users/runner/work/early-android-game-runtime/early-android-game-runtime/Vendor/AOSP/system-core/include/log/log.h:129:51: note: expanded from macro 'ALOGW'
2026-09-27T17:41:46.0529010Z   129 | #define ALOGW(...) ((void)ALOG(LOG_WARN, LOG_TAG, __VA_ARGS__))
2026-09-27T17:41:46.0529290Z       |                           ~~~~~~~~~~~~~~~~~~~~~~~~^~~~~~~~~~~~
2026-09-27T17:41:46.0529890Z /Users/runner/work/early-android-game-runtime/early-android-game-runtime/Vendor/AOSP/system-core/include/log/log.h:430:38: note: expanded from macro 'ALOG'
2026-09-27T17:41:46.0530440Z   430 |     LOG_PRI(ANDROID_##priority, tag, __VA_ARGS__)
2026-09-27T17:41:46.0530690Z       |     ~~~~~~~~~~~~~~~~~~~~~~~~~~~~~~~~~^~~~~~~~~~~~
2026-09-27T17:41:46.0531230Z /Users/runner/work/early-android-game-runtime/early-android-game-runtime/Vendor/AOSP/system-core/include/log/log.h:438:37: note: expanded from macro 'LOG_PRI'
2026-09-27T17:41:46.0531990Z   438 |     android_printLog(priority, tag, __VA_ARGS__)
2026-09-27T17:41:46.0532240Z       |     ~~~~~~~~~~~~~~~~~~~~~~~~~~~~~~~~^~~~~~~~~~~~
2026-09-27T17:41:46.0532800Z /Users/runner/work/early-android-game-runtime/early-android-game-runtime/Vendor/AOSP/system-core/include/log/log.h:502:36: note: expanded from macro 'android_printLog'
2026-09-27T17:41:46.0533430Z   502 |     __android_log_print(prio, tag, fmt)
2026-09-27T17:41:46.0533640Z       |                                    ^~~
2026-09-27T17:41:46.0534870Z /Users/runner/work/early-android-game-runtime/early-android-game-runtime/Vendor/AOSP/frameworks-base/libs/androidfw/ResourceTypes.cpp:5293:32: warning: implicit conversion from 'android::(unnamed enum at /Users/runner/work/early-android-game-runtime/early-android-game-runtime/Vendor/AOSP/system-core/include/utils/Errors.h:45:1)' to 'status_t' (aka 'int') changes value from 2147483649 to -2147483647 [-Wconstant-conversion]
2026-09-27T17:41:46.0536110Z  5293 |                 return (mError=BAD_TYPE);
2026-09-27T17:41:46.0536340Z       |                               ~^~~~~~~~
2026-09-27T17:41:46.0537530Z /Users/runner/work/early-android-game-runtime/early-android-game-runtime/Vendor/AOSP/frameworks-base/libs/androidfw/ResourceTypes.cpp:5297:32: warning: implicit conversion from 'android::(unnamed enum at /Users/runner/work/early-android-game-runtime/early-android-game-runtime/Vendor/AOSP/system-core/include/utils/Errors.h:45:1)' to 'status_t' (aka 'int') changes value from 2147483649 to -2147483647 [-Wconstant-conversion]
2026-09-27T17:41:46.0538720Z  5297 |                 return (mError=BAD_TYPE);
2026-09-27T17:41:46.0538920Z       |                               ~^~~~~~~~
2026-09-27T17:41:46.0540110Z /Users/runner/work/early-android-game-runtime/early-android-game-runtime/Vendor/AOSP/frameworks-base/libs/androidfw/ResourceTypes.cpp:5310:32: warning: implicit conversion from 'android::(unnamed enum at /Users/runner/work/early-android-game-runtime/early-android-game-runtime/Vendor/AOSP/system-core/include/utils/Errors.h:45:1)' to 'status_t' (aka 'int') changes value from 2147483649 to -2147483647 [-Wconstant-conversion]
2026-09-27T17:41:46.0541400Z  5310 |                 return (mError=BAD_TYPE);
2026-09-27T17:41:46.0541610Z       |                               ~^~~~~~~~
2026-09-27T17:41:46.0542790Z /Users/runner/work/early-android-game-runtime/early-android-game-runtime/Vendor/AOSP/frameworks-base/libs/androidfw/ResourceTypes.cpp:5342:16: warning: implicit conversion from 'android::(unnamed enum at /Users/runner/work/early-android-game-runtime/early-android-game-runtime/Vendor/AOSP/system-core/include/utils/Errors.h:45:1)' to 'status_t' (aka 'int') changes value from 2147483648 to -2147483648 [-Wconstant-conversion]
2026-09-27T17:41:46.0543970Z  5342 |         return UNKNOWN_ERROR;
2026-09-27T17:41:46.0544150Z       |         ~~~~~~ ^~~~~~~~~~~~~
2026-09-27T17:41:46.0545320Z /Users/runner/work/early-android-game-runtime/early-android-game-runtime/Vendor/AOSP/frameworks-base/libs/androidfw/ResourceTypes.cpp:5345:16: warning: implicit conversion from 'android::(unnamed enum at /Users/runner/work/early-android-game-runtime/early-android-game-runtime/Vendor/AOSP/system-core/include/utils/Errors.h:45:1)' to 'status_t' (aka 'int') changes value from 2147483648 to -2147483648 [-Wconstant-conversion]
2026-09-27T17:41:46.0546500Z  5345 |         return UNKNOWN_ERROR;
2026-09-27T17:41:46.0546680Z       |         ~~~~~~ ^~~~~~~~~~~~~
2026-09-27T17:41:46.0547390Z /Users/runner/work/early-android-game-runtime/early-android-game-runtime/Vendor/AOSP/frameworks-base/libs/androidfw/ResourceTypes.cpp:5452:84: warning: format specifies type 'int' but the argument has type 'size_t' (aka 'unsigned long') [-Wformat]
2026-09-27T17:41:46.0548250Z  5452 |             ALOGW("idmap: type %d supposedly has entries, but no entries found\n", i);
2026-09-27T17:41:46.0548670Z       |                                ~~                                                  ^
2026-09-27T17:41:46.0548920Z       |                                %lu
2026-09-27T17:41:46.0549530Z /Users/runner/work/early-android-game-runtime/early-android-game-runtime/Vendor/AOSP/system-core/include/log/log.h:129:51: note: expanded from macro 'ALOGW'
2026-09-27T17:41:46.0550110Z   129 | #define ALOGW(...) ((void)ALOG(LOG_WARN, LOG_TAG, __VA_ARGS__))
2026-09-27T17:41:46.0550390Z       |                                                   ^~~~~~~~~~~
2026-09-27T17:41:46.0550920Z /Users/runner/work/early-android-game-runtime/early-android-game-runtime/Vendor/AOSP/system-core/include/log/log.h:430:38: note: expanded from macro 'ALOG'
2026-09-27T17:41:46.0551450Z   430 |     LOG_PRI(ANDROID_##priority, tag, __VA_ARGS__)
2026-09-27T17:41:46.0551690Z       |                                      ^~~~~~~~~~~
2026-09-27T17:41:46.0552210Z /Users/runner/work/early-android-game-runtime/early-android-game-runtime/Vendor/AOSP/system-core/include/log/log.h:438:37: note: expanded from macro 'LOG_PRI'
2026-09-27T17:41:46.0552760Z   438 |     android_printLog(priority, tag, __VA_ARGS__)
2026-09-27T17:41:46.0552990Z       |                                     ^~~~~~~~~~~
2026-09-27T17:41:46.0553550Z /Users/runner/work/early-android-game-runtime/early-android-game-runtime/Vendor/AOSP/system-core/include/log/log.h:502:36: note: expanded from macro 'android_printLog'
2026-09-27T17:41:46.0554100Z   502 |     __android_log_print(prio, tag, fmt)
2026-09-27T17:41:46.0554300Z       |                                    ^~~
2026-09-27T17:41:46.0555500Z /Users/runner/work/early-android-game-runtime/early-android-game-runtime/Vendor/AOSP/frameworks-base/libs/androidfw/ResourceTypes.cpp:5453:20: warning: implicit conversion from 'android::(unnamed enum at /Users/runner/work/early-android-game-runtime/early-android-game-runtime/Vendor/AOSP/system-core/include/utils/Errors.h:45:1)' to 'status_t' (aka 'int') changes value from 2147483648 to -2147483648 [-Wconstant-conversion]
2026-09-27T17:41:46.0556830Z  5453 |             return UNKNOWN_ERROR;
2026-09-27T17:41:46.0557020Z       |             ~~~~~~ ^~~~~~~~~~~~~
2026-09-27T17:41:46.0557870Z /Users/runner/work/early-android-game-runtime/early-android-game-runtime/Vendor/AOSP/frameworks-base/libs/androidfw/ResourceTypes.cpp:5673:93: warning: cast to 'void *' from smaller integer type 'uint32_t' (aka 'unsigned int') [-Wint-to-void-pointer-cast]
2026-09-27T17:41:46.0558970Z  5673 |                         printf("      NON-INTEGER ResTable_type entriesStart OFFSET: %p\n", (void*)entriesStart);
2026-09-27T17:41:46.0559390Z       |                                                                                             ^~~~~~~~~~~~~~~~~~~
2026-09-27T17:41:46.0560220Z /Users/runner/work/early-android-game-runtime/early-android-game-runtime/Vendor/AOSP/frameworks-base/libs/androidfw/ResourceTypes.cpp:5678:85: warning: cast to 'void *' from smaller integer type 'uint32_t' (aka 'unsigned int') [-Wint-to-void-pointer-cast]
2026-09-27T17:41:46.0561180Z  5678 |                         printf("      NON-INTEGER ResTable_type header.size: %p\n", (void*)typeSize);
2026-09-27T17:41:46.0561680Z       |                                                                                     ^~~~~~~~~~~~~~~
2026-09-27T17:41:46.0562540Z /Users/runner/work/early-android-game-runtime/early-android-game-runtime/Vendor/AOSP/frameworks-base/libs/androidfw/ResourceTypes.cpp:5717:64: warning: cast to 'void *' from smaller integer type 'uint32_t' (aka 'unsigned int') [-Wint-to-void-pointer-cast]
2026-09-27T17:41:46.0563370Z  5717 |                             printf("NON-INTEGER OFFSET: %p\n", (void*)thisOffset);
2026-09-27T17:41:46.0563690Z       |                                                                ^~~~~~~~~~~~~~~~~
2026-09-27T17:41:46.0564670Z /Users/runner/work/early-android-game-runtime/early-android-game-runtime/Vendor/AOSP/frameworks-base/libs/androidfw/ResourceTypes.cpp:5722:36: warning: cast to 'void *' from smaller integer type 'uint32_t' (aka 'unsigned int') [-Wint-to-void-pointer-cast]
2026-09-27T17:41:46.0565670Z  5722 |                                    (void*)entriesStart, (void*)thisOffset,
2026-09-27T17:41:46.0565960Z       |                                    ^~~~~~~~~~~~~~~~~~~
2026-09-27T17:41:46.0566740Z /Users/runner/work/early-android-game-runtime/early-android-game-runtime/Vendor/AOSP/frameworks-base/libs/androidfw/ResourceTypes.cpp:5722:57: warning: cast to 'void *' from smaller integer type 'uint32_t' (aka 'unsigned int') [-Wint-to-void-pointer-cast]
2026-09-27T17:41:46.0567530Z  5722 |                                    (void*)entriesStart, (void*)thisOffset,
2026-09-27T17:41:46.0567820Z       |                                                         ^~~~~~~~~~~~~~~~~
2026-09-27T17:41:46.0568600Z /Users/runner/work/early-android-game-runtime/early-android-game-runtime/Vendor/AOSP/frameworks-base/libs/androidfw/ResourceTypes.cpp:5723:36: warning: cast to 'void *' from smaller integer type 'uint32_t' (aka 'unsigned int') [-Wint-to-void-pointer-cast]
2026-09-27T17:41:46.0569400Z  5723 |                                    (void*)typeSize);
2026-09-27T17:41:46.0569630Z       |                                    ^~~~~~~~~~~~~~~
2026-09-27T17:41:46.0570390Z /Users/runner/work/early-android-game-runtime/early-android-game-runtime/Vendor/AOSP/frameworks-base/libs/androidfw/ResourceTypes.cpp:5731:34: warning: cast to 'void *' from smaller integer type 'uint32_t' (aka 'unsigned int') [-Wint-to-void-pointer-cast]
2026-09-27T17:41:46.0571190Z  5731 |                                  (void*)(entriesStart + thisOffset));
2026-09-27T17:41:46.0571460Z       |                                  ^~~~~~~~~~~~~~~~~~~~~~~~~~~~~~~~~~
2026-09-27T17:41:46.0572250Z /Users/runner/work/early-android-game-runtime/early-android-game-runtime/Vendor/AOSP/frameworks-base/libs/androidfw/ResourceTypes.cpp:5737:77: warning: cast to 'void *' from smaller integer type 'uint16_t' (aka 'unsigned short') [-Wint-to-void-pointer-cast]
2026-09-27T17:41:46.0573110Z  5737 |                             printf("NON-INTEGER ResTable_entry SIZE: %p\n", (void*)esize);
2026-09-27T17:41:46.0573450Z       |                                                                             ^~~~~~~~~~~~
2026-09-27T17:41:46.0574390Z /Users/runner/work/early-android-game-runtime/early-android-game-runtime/Vendor/AOSP/frameworks-base/libs/androidfw/ResourceTypes.cpp:5742:36: warning: cast to 'void *' from smaller integer type 'uint32_t' (aka 'unsigned int') [-Wint-to-void-pointer-cast]
2026-09-27T17:41:46.0575190Z  5742 |                                    (void*)entriesStart, (void*)thisOffset,
2026-09-27T17:41:46.0575460Z       |                                    ^~~~~~~~~~~~~~~~~~~
2026-09-27T17:41:46.0576230Z /Users/runner/work/early-android-game-runtime/early-android-game-runtime/Vendor/AOSP/frameworks-base/libs/androidfw/ResourceTypes.cpp:5742:57: warning: cast to 'void *' from smaller integer type 'uint32_t' (aka 'unsigned int') [-Wint-to-void-pointer-cast]
2026-09-27T17:41:46.0577030Z  5742 |                                    (void*)entriesStart, (void*)thisOffset,
2026-09-27T17:41:46.0577310Z       |                                                         ^~~~~~~~~~~~~~~~~
2026-09-27T17:41:46.0578110Z /Users/runner/work/early-android-game-runtime/early-android-game-runtime/Vendor/AOSP/frameworks-base/libs/androidfw/ResourceTypes.cpp:5743:36: warning: cast to 'void *' from smaller integer type 'uint16_t' (aka 'unsigned short') [-Wint-to-void-pointer-cast]
2026-09-27T17:41:46.0578910Z  5743 |                                    (void*)esize, (void*)typeSize);
2026-09-27T17:41:46.0579160Z       |                                    ^~~~~~~~~~~~
2026-09-27T17:41:46.0579930Z /Users/runner/work/early-android-game-runtime/early-android-game-runtime/Vendor/AOSP/frameworks-base/libs/androidfw/ResourceTypes.cpp:5743:50: warning: cast to 'void *' from smaller integer type 'uint32_t' (aka 'unsigned int') [-Wint-to-void-pointer-cast]
2026-09-27T17:41:46.0580710Z  5743 |                                    (void*)esize, (void*)typeSize);
2026-09-27T17:41:46.0580980Z       |                                                  ^~~~~~~~~~~~~~~
2026-09-27T17:41:46.0653870Z In file included from /Users/runner/work/early-android-game-runtime/early-android-game-runtime/Vendor/AOSP/frameworks-base/libs/androidfw/ResourceTypes.cpp:20:
2026-09-27T17:41:46.0655020Z In file included from /Users/runner/work/early-android-game-runtime/early-android-game-runtime/Vendor/AOSP/frameworks-base/include/androidfw/ResourceTypes.h:23:
2026-09-27T17:41:46.0655930Z In file included from /Users/runner/work/early-android-game-runtime/early-android-game-runtime/Vendor/AOSP/frameworks-base/include/androidfw/Asset.h:30:
2026-09-27T17:41:46.0656880Z In file included from /Users/runner/work/early-android-game-runtime/early-android-game-runtime/Vendor/AOSP/system-core/include/utils/String8.h:23:
2026-09-27T17:41:46.0658160Z /Users/runner/work/early-android-game-runtime/early-android-game-runtime/Vendor/AOSP/system-core/include/utils/TypeHelpers.h:181:17: warning: destination for this 'memmove' call is a pointer to dynamic class 'Vector<unsigned int>'; vtable pointer will be overwritten [-Wdynamic-class-memaccess]
2026-09-27T17:41:46.0659100Z   181 |         memmove(d,s,n*sizeof(TYPE));
2026-09-27T17:41:46.0659310Z       |         ~~~~~~~ ^
2026-09-27T17:41:46.0660120Z /Users/runner/work/early-android-game-runtime/early-android-game-runtime/Vendor/AOSP/system-core/include/utils/Vector.h:410:5: note: in instantiation of function template specialization 'android::move_forward_type<android::Vector<unsigned int> >' requested here
2026-09-27T17:41:46.0661080Z   410 |     move_forward_type( reinterpret_cast<TYPE*>(dest), reinterpret_cast<const TYPE*>(from), num );
2026-09-27T17:41:46.0661430Z       |     ^
2026-09-27T17:41:46.0662150Z /Users/runner/work/early-android-game-runtime/early-android-game-runtime/Vendor/AOSP/system-core/include/utils/Vector.h:219:15: note: in instantiation of member function 'android::Vector<android::Vector<unsigned int> >::do_move_forward' requested here
2026-09-27T17:41:46.0662920Z   219 | Vector<TYPE>::Vector()
2026-09-27T17:41:46.0663090Z       |               ^
2026-09-27T17:41:46.0664030Z /Users/runner/work/early-android-game-runtime/early-android-game-runtime/Vendor/AOSP/frameworks-base/libs/androidfw/ResourceTypes.cpp:5348:31: note: in instantiation of member function 'android::Vector<android::Vector<unsigned int> >::Vector' requested here
2026-09-27T17:41:46.0664830Z  5348 |     Vector<Vector<uint32_t> > map;
2026-09-27T17:41:46.0665040Z       |                               ^
2026-09-27T17:41:46.0665650Z /Users/runner/work/early-android-game-runtime/early-android-game-runtime/Vendor/AOSP/system-core/include/utils/TypeHelpers.h:181:17: note: explicitly cast the pointer to silence this warning
2026-09-27T17:41:46.0666270Z   181 |         memmove(d,s,n*sizeof(TYPE));
2026-09-27T17:41:46.0666470Z       |                 ^
2026-09-27T17:41:46.0666630Z       |                 (void*)
2026-09-27T17:41:46.0667520Z /Users/runner/work/early-android-game-runtime/early-android-game-runtime/Vendor/AOSP/system-core/include/utils/TypeHelpers.h:204:17: warning: destination for this 'memmove' call is a pointer to dynamic class 'Vector<unsigned int>'; vtable pointer will be overwritten [-Wdynamic-class-memaccess]
2026-09-27T17:41:46.0668430Z   204 |         memmove(d,s,n*sizeof(TYPE));
2026-09-27T17:41:46.0668620Z       |         ~~~~~~~ ^
2026-09-27T17:41:46.0669400Z /Users/runner/work/early-android-game-runtime/early-android-game-runtime/Vendor/AOSP/system-core/include/utils/Vector.h:415:5: note: in instantiation of function template specialization 'android::move_backward_type<android::Vector<unsigned int> >' requested here
2026-09-27T17:41:46.0670380Z   415 |     move_backward_type( reinterpret_cast<TYPE*>(dest), reinterpret_cast<const TYPE*>(from), num );
2026-09-27T17:41:46.0670740Z       |     ^
2026-09-27T17:41:46.0671470Z /Users/runner/work/early-android-game-runtime/early-android-game-runtime/Vendor/AOSP/system-core/include/utils/Vector.h:219:15: note: in instantiation of member function 'android::Vector<android::Vector<unsigned int> >::do_move_backward' requested here
2026-09-27T17:41:46.0672400Z   219 | Vector<TYPE>::Vector()
2026-09-27T17:41:46.0672580Z       |               ^
2026-09-27T17:41:46.0673340Z /Users/runner/work/early-android-game-runtime/early-android-game-runtime/Vendor/AOSP/frameworks-base/libs/androidfw/ResourceTypes.cpp:5348:31: note: in instantiation of member function 'android::Vector<android::Vector<unsigned int> >::Vector' requested here
2026-09-27T17:41:46.0674160Z  5348 |     Vector<Vector<uint32_t> > map;
2026-09-27T17:41:46.0674360Z       |                               ^
2026-09-27T17:41:46.0674960Z /Users/runner/work/early-android-game-runtime/early-android-game-runtime/Vendor/AOSP/system-core/include/utils/TypeHelpers.h:204:17: note: explicitly cast the pointer to silence this warning
2026-09-27T17:41:46.0675590Z   204 |         memmove(d,s,n*sizeof(TYPE));
2026-09-27T17:41:46.0675780Z       |                 ^
2026-09-27T17:41:46.0675940Z       |                 (void*)
2026-09-27T17:41:46.5194210Z 76 warnings generated.
2026-09-27T17:41:46.6218960Z /Users/runner/work/early-android-game-runtime/early-android-game-runtime/Vendor/AOSP/frameworks-base/libs/androidfw/ZipFileRO.cpp:140:16: warning: implicit conversion from 'android::(unnamed enum at /Users/runner/work/early-android-game-runtime/early-android-game-runtime/Vendor/AOSP/system-core/include/utils/Errors.h:45:1)' to 'status_t' (aka 'int') changes value from 2147483648 to -2147483648 [-Wconstant-conversion]
2026-09-27T17:41:46.6229400Z   140 |         return UNKNOWN_ERROR;
2026-09-27T17:41:46.6234790Z       |         ~~~~~~ ^~~~~~~~~~~~~
2026-09-27T17:41:46.6236690Z /Users/runner/work/early-android-game-runtime/early-android-game-runtime/Vendor/AOSP/frameworks-base/libs/androidfw/ZipFileRO.cpp:170:12: warning: implicit conversion from 'android::(unnamed enum at /Users/runner/work/early-android-game-runtime/early-android-game-runtime/Vendor/AOSP/system-core/include/utils/Errors.h:45:1)' to 'status_t' (aka 'int') changes value from 2147483648 to -2147483648 [-Wconstant-conversion]
2026-09-27T17:41:46.6248220Z   170 |     return UNKNOWN_ERROR;
2026-09-27T17:41:46.6254830Z       |     ~~~~~~ ^~~~~~~~~~~~~
2026-09-27T17:41:46.6698360Z 2 warnings generated.
2026-09-27T17:41:47.2646750Z /Users/runner/work/early-android-game-runtime/early-android-game-runtime/Vendor/AOSP/system-core/libutils/Threads.cpp:717:19: warning: implicit conversion from 'android::(unnamed enum at /Users/runner/work/early-android-game-runtime/early-android-game-runtime/Vendor/AOSP/system-core/include/utils/Errors.h:45:1)' to 'status_t' (aka 'int') changes value from 2147483648 to -2147483648 [-Wconstant-conversion]
2026-09-27T17:41:47.2648250Z   717 |         mStatus = UNKNOWN_ERROR;   // something happened!
2026-09-27T17:41:47.2648710Z       |                 ~ ^~~~~~~~~~~~~
2026-09-27T17:41:47.2650130Z /Users/runner/work/early-android-game-runtime/early-android-game-runtime/Vendor/AOSP/system-core/libutils/Threads.cpp:722:16: warning: implicit conversion from 'android::(unnamed enum at /Users/runner/work/early-android-game-runtime/early-android-game-runtime/Vendor/AOSP/system-core/include/utils/Errors.h:45:1)' to 'status_t' (aka 'int') changes value from 2147483648 to -2147483648 [-Wconstant-conversion]
2026-09-27T17:41:47.2651460Z   722 |         return UNKNOWN_ERROR;
2026-09-27T17:41:47.2651740Z       |         ~~~~~~ ^~~~~~~~~~~~~
2026-09-27T17:41:47.2838100Z 2 warnings generated.
2026-09-27T17:41:50.2332480Z   % Total    % Received % Xferd  Average Speed   Time    Time     Time  Current
2026-09-27T17:41:50.2333030Z                                  Dload  Upload   Total   Spent    Left  Speed
2026-09-27T17:41:50.2333260Z 
2026-09-27T17:41:51.1546590Z   0     0    0     0    0     0      0      0 --:--:-- --:--:-- --:--:--     0
2026-09-27T17:41:51.4228000Z  21 1022k   21  223k    0     0   242k      0  0:00:04 --:--:--  0:00:04  242k
2026-09-27T17:41:51.4228400Z 100 1022k  100 1022k    0     0   859k      0  0:00:01  0:00:01 --:--:--  859k
2026-09-27T17:41:51.4713720Z /Users/runner/work/early-android-game-runtime/early-android-game-runtime/build/image-codec-src/jpegsrc.v9e.tar.gz: OK
2026-09-27T17:41:51.4814020Z   % Total    % Received % Xferd  Average Speed   Time    Time     Time  Current
2026-09-27T17:41:51.4815030Z                                  Dload  Upload   Total   Spent    Left  Speed
2026-09-27T17:41:51.4815640Z 
2026-09-27T17:41:51.9432740Z   0     0    0     0    0     0      0      0 --:--:-- --:--:-- --:--:--     0
2026-09-27T17:41:51.9433400Z 100   623  100   623    0     0   1348      0 --:--:-- --:--:-- --:--:--  1351
2026-09-27T17:41:52.0698780Z 
2026-09-27T17:41:52.0699370Z 100   509  100   509    0     0    864      0 --:--:-- --:--:-- --:--:--   864
2026-09-27T17:41:52.1836790Z 
2026-09-27T17:41:52.4181390Z   0     0    0     0    0     0      0      0 --:--:-- --:--:-- --:--:--     0
2026-09-27T17:41:52.4200030Z 100  436k  100  436k    0     0   466k      0 --:--:-- --:--:-- --:--:-- 1866k
2026-09-27T17:41:52.4406060Z /Users/runner/work/early-android-game-runtime/early-android-game-runtime/build/image-codec-src/giflib-5.2.2.tar.gz: OK
2026-09-27T17:41:56.2296840Z arm64-apple-ios15.0-simulator image codecs:       52 objects
2026-09-27T17:42:03.6370570Z /Users/runner/work/early-android-game-runtime/early-android-game-runtime/Runtime/AotLab/aot_blocks.c:32:1: warning: non-void function does not return a value in all control paths [-Wreturn-type]
2026-09-27T17:42:03.6389310Z    32 | }
2026-09-27T17:42:03.6392150Z       | ^
2026-09-27T17:42:03.6392980Z /Users/runner/work/early-android-game-runtime/early-android-game-runtime/Runtime/AotLab/aot_blocks.c:63:1: warning: non-void function does not return a value in all control paths [-Wreturn-type]
2026-09-27T17:42:03.6395420Z    63 | }
2026-09-27T17:42:03.6395640Z       | ^
2026-09-27T17:42:03.6396370Z /Users/runner/work/early-android-game-runtime/early-android-game-runtime/Runtime/AotLab/aot_blocks.c:94:1: warning: non-void function does not return a value in all control paths [-Wreturn-type]
2026-09-27T17:42:03.6397130Z    94 | }
2026-09-27T17:42:03.6397330Z       | ^
2026-09-27T17:42:03.6398360Z /Users/runner/work/early-android-game-runtime/early-android-game-runtime/Runtime/AotLab/aot_blocks.c:125:1: warning: non-void function does not return a value in all control paths [-Wreturn-type]
2026-09-27T17:42:03.6399070Z   125 | }
2026-09-27T17:42:03.6399280Z       | ^
2026-09-27T17:42:03.6399920Z /Users/runner/work/early-android-game-runtime/early-android-game-runtime/Runtime/AotLab/aot_blocks.c:156:1: warning: non-void function does not return a value in all control paths [-Wreturn-type]
2026-09-27T17:42:03.6400610Z   156 | }
2026-09-27T17:42:03.6400800Z       | ^
2026-09-27T17:42:03.6401440Z /Users/runner/work/early-android-game-runtime/early-android-game-runtime/Runtime/AotLab/aot_blocks.c:187:1: warning: non-void function does not return a value in all control paths [-Wreturn-type]
2026-09-27T17:42:03.6402130Z   187 | }
2026-09-27T17:42:03.6402330Z       | ^
2026-09-27T17:42:03.6402970Z /Users/runner/work/early-android-game-runtime/early-android-game-runtime/Runtime/AotLab/aot_blocks.c:218:1: warning: non-void function does not return a value in all control paths [-Wreturn-type]
2026-09-27T17:42:03.6403670Z   218 | }
2026-09-27T17:42:03.6403870Z       | ^
2026-09-27T17:42:03.6404510Z /Users/runner/work/early-android-game-runtime/early-android-game-runtime/Runtime/AotLab/aot_blocks.c:249:1: warning: non-void function does not return a value in all control paths [-Wreturn-type]
2026-09-27T17:42:03.6405190Z   249 | }
2026-09-27T17:42:03.6405390Z       | ^
2026-09-27T17:42:03.6406020Z /Users/runner/work/early-android-game-runtime/early-android-game-runtime/Runtime/AotLab/aot_blocks.c:280:1: warning: non-void function does not return a value in all control paths [-Wreturn-type]
2026-09-27T17:42:03.6406720Z   280 | }
2026-09-27T17:42:03.6406920Z       | ^
2026-09-27T17:42:03.6407550Z /Users/runner/work/early-android-game-runtime/early-android-game-runtime/Runtime/AotLab/aot_blocks.c:311:1: warning: non-void function does not return a value in all control paths [-Wreturn-type]
2026-09-27T17:42:03.6408490Z   311 | }
2026-09-27T17:42:03.6408720Z       | ^
2026-09-27T17:42:03.6472720Z /Users/runner/work/early-android-game-runtime/early-android-game-runtime/Runtime/AotLab/aot_blocks.c:5035:1: warning: non-void function does not return a value in all control paths [-Wreturn-type]
2026-09-27T17:42:03.6473620Z  5035 | }
2026-09-27T17:42:03.6473900Z       | ^
2026-09-27T17:42:03.6477350Z /Users/runner/work/early-android-game-runtime/early-android-game-runtime/Runtime/AotLab/aot_blocks.c:5280:1: warning: non-void function does not return a value in all control paths [-Wreturn-type]
2026-09-27T17:42:03.6478180Z  5280 | }
2026-09-27T17:42:03.6478390Z       | ^
2026-09-27T17:42:03.6481240Z /Users/runner/work/early-android-game-runtime/early-android-game-runtime/Runtime/AotLab/aot_blocks.c:5461:1: warning: non-void function does not return a value in all control paths [-Wreturn-type]
2026-09-27T17:42:03.6482090Z  5461 | }
2026-09-27T17:42:03.6482300Z       | ^
2026-09-27T17:42:03.6483470Z /Users/runner/work/early-android-game-runtime/early-android-game-runtime/Runtime/AotLab/aot_blocks.c:5558:1: warning: non-void function does not return a value in all control paths [-Wreturn-type]
2026-09-27T17:42:03.6484850Z  5558 | }
2026-09-27T17:42:03.6485080Z       | ^
2026-09-27T17:42:03.6496220Z /Users/runner/work/early-android-game-runtime/early-android-game-runtime/Runtime/AotLab/aot_blocks.c:6150:1: warning: non-void function does not return a value in all control paths [-Wreturn-type]
2026-09-27T17:42:03.6497180Z  6150 | }
2026-09-27T17:42:03.6497450Z       | ^
2026-09-27T17:42:03.6528120Z /Users/runner/work/early-android-game-runtime/early-android-game-runtime/Runtime/AotLab/aot_blocks.c:7676:1: warning: non-void function does not return a value in all control paths [-Wreturn-type]
2026-09-27T17:42:03.6528890Z  7676 | }
2026-09-27T17:42:03.6529260Z       | ^
2026-09-27T17:42:03.6534300Z /Users/runner/work/early-android-game-runtime/early-android-game-runtime/Runtime/AotLab/aot_blocks.c:7938:1: warning: non-void function does not return a value in all control paths [-Wreturn-type]
2026-09-27T17:42:03.6535610Z  7938 | }
2026-09-27T17:42:03.6535870Z       | ^
2026-09-27T17:42:03.6589400Z /Users/runner/work/early-android-game-runtime/early-android-game-runtime/Runtime/AotLab/aot_blocks.c:10486:1: warning: non-void function does not return a value in all control paths [-Wreturn-type]
2026-09-27T17:42:03.6689260Z  10486 | }
2026-09-27T17:42:03.6790210Z        | ^
2026-09-27T17:42:03.6893430Z /Users/runner/work/early-android-game-runtime/early-android-game-runtime/Runtime/AotLab/aot_blocks.c:11053:1: warning: non-void function does not return a value in all control paths [-Wreturn-type]
2026-09-27T17:42:03.7001370Z  11053 | }
2026-09-27T17:42:03.7109520Z        | ^
2026-09-27T17:42:03.7210880Z /Users/runner/work/early-android-game-runtime/early-android-game-runtime/Runtime/AotLab/aot_blocks.c:12927:1: warning: non-void function does not return a value in all control paths [-Wreturn-type]
2026-09-27T17:42:03.7211640Z  12927 | }
2026-09-27T17:42:03.7312460Z        | ^
2026-09-27T17:42:03.7414140Z /Users/runner/work/early-android-game-runtime/early-android-game-runtime/Runtime/AotLab/aot_blocks.c:13066:1: warning: non-void function does not return a value in all control paths [-Wreturn-type]
2026-09-27T17:42:03.7515590Z  13066 | }
2026-09-27T17:42:03.7520150Z        | ^
2026-09-27T17:42:04.6360110Z 21 warnings generated.
2026-09-27T17:42:05.6228470Z /Users/runner/work/early-android-game-runtime/early-android-game-runtime/App/main.m:125:46: warning: expression which evaluates to zero treated as a null pointer constant of type 'void *' [-Wnon-literal-null-conversion]
2026-09-27T17:42:05.6229430Z   125 |                                              EGL_DEFAULT_DISPLAY,
2026-09-27T17:42:05.6229800Z       |                                              ^~~~~~~~~~~~~~~~~~~
2026-09-27T17:42:05.6230780Z /Users/runner/work/early-android-game-runtime/early-android-game-runtime/Vendor/ANGLE-Headers/EGL/egl.h:251:43: note: expanded from macro 'EGL_DEFAULT_DISPLAY'
2026-09-27T17:42:05.6231560Z   251 | #define EGL_DEFAULT_DISPLAY               EGL_CAST(EGLNativeDisplayType,0)
2026-09-27T17:42:05.6231980Z       |                                           ^~~~~~~~~~~~~~~~~~~~~~~~~~~~~~~~
2026-09-27T17:42:05.6232660Z /Users/runner/work/early-android-game-runtime/early-android-game-runtime/Vendor/ANGLE-Headers/EGL/eglplatform.h:178:31: note: expanded from macro 'EGL_CAST'
2026-09-27T17:42:05.6233320Z   178 | #define EGL_CAST(type, value) ((type) (value))
2026-09-27T17:42:05.6233610Z       |                               ^~~~~~~~~~~~~~~~
2026-09-27T17:42:05.6245570Z /Users/runner/work/early-android-game-runtime/early-android-game-runtime/App/main.m:300:91: warning: expression which evaluates to zero treated as a null pointer constant of type 'void *' [-Wnon-literal-null-conversion]
2026-09-27T17:42:05.6246830Z   300 |     EGLDisplay display = getPlatformDisplay ? getPlatformDisplay(EGL_PLATFORM_ANGLE_ANGLE,EGL_DEFAULT_DISPLAY,da) : EGL_NO_DISPLAY;
2026-09-27T17:42:05.6247420Z       |                                                                                           ^~~~~~~~~~~~~~~~~~~
2026-09-27T17:42:05.6248040Z /Users/runner/work/early-android-game-runtime/early-android-game-runtime/Vendor/ANGLE-Headers/EGL/egl.h:251:43: note: expanded from macro 'EGL_DEFAULT_DISPLAY'
2026-09-27T17:42:05.6248660Z   251 | #define EGL_DEFAULT_DISPLAY               EGL_CAST(EGLNativeDisplayType,0)
2026-09-27T17:42:05.6249030Z       |                                           ^~~~~~~~~~~~~~~~~~~~~~~~~~~~~~~~
2026-09-27T17:42:05.6249580Z /Users/runner/work/early-android-game-runtime/early-android-game-runtime/Vendor/ANGLE-Headers/EGL/eglplatform.h:178:31: note: expanded from macro 'EGL_CAST'
2026-09-27T17:42:05.6250230Z   178 | #define EGL_CAST(type, value) ((type) (value))
2026-09-27T17:42:05.6250470Z       |                               ^~~~~~~~~~~~~~~~
2026-09-27T17:42:05.6443290Z /Users/runner/work/early-android-game-runtime/early-android-game-runtime/App/main.m:2402:16: warning: @available does not guard availability here; use if (@available) instead [-Wunsupported-availability-guard]
2026-09-27T17:42:05.6444530Z  2402 |     if (gpu && @available(iOS 16.0, *)) workingSet = gpu.recommendedMaxWorkingSetSize;
2026-09-27T17:42:05.6444880Z       |                ^
2026-09-27T17:42:05.6445620Z /Users/runner/work/early-android-game-runtime/early-android-game-runtime/App/main.m:2402:58: warning: 'recommendedMaxWorkingSetSize' is only available on iOS 16.0 or newer [-Wunguarded-availability-new]
2026-09-27T17:42:05.6446480Z  2402 |     if (gpu && @available(iOS 16.0, *)) workingSet = gpu.recommendedMaxWorkingSetSize;
2026-09-27T17:42:05.6446970Z       |                                                          ^~~~~~~~~~~~~~~~~~~~~~~~~~~~
2026-09-27T17:42:05.6448140Z /Applications/Xcode_27.app/Contents/Developer/Platforms/iPhoneSimulator.platform/Developer/SDKs/iPhoneSimulator27.0.sdk/System/Library/Frameworks/Metal.framework/Headers/MTLDevice.h:428:31: note: 'recommendedMaxWorkingSetSize' has been marked as being introduced in iOS 16.0 here, but the deployment target is iOS 15.0.0
2026-09-27T17:42:05.6449500Z   428 | @property (readonly) uint64_t recommendedMaxWorkingSetSize API_AVAILABLE(macos(10.12), macCatalyst(13.0), ios(16.0));
2026-09-27T17:42:05.6449970Z       |                               ^
2026-09-27T17:42:05.6450580Z /Users/runner/work/early-android-game-runtime/early-android-game-runtime/App/main.m:2402:58: note: enclose 'recommendedMaxWorkingSetSize' in an @available check to silence this warning
2026-09-27T17:42:05.6451350Z  2402 |     if (gpu && @available(iOS 16.0, *)) workingSet = gpu.recommendedMaxWorkingSetSize;
2026-09-27T17:42:05.6451710Z       |                                                          ^~~~~~~~~~~~~~~~~~~~~~~~~~~~ 
2026-09-27T17:42:06.4152440Z 4 warnings generated.
2026-09-27T17:42:06.4233570Z AGR_SMOKE_PHASE 2026-09-27T17:42:06Z compiled main.m
2026-09-27T17:42:06.7667060Z ld: warning: building for iOS-simulator-15.0, but linking with dylib '@rpath/libEGL.framework/libEGL' which was built for newer version 16.0
2026-09-27T17:42:06.7667910Z ld: warning: building for iOS-simulator-15.0, but linking with dylib '@rpath/libGLESv2.framework/libGLESv2' which was built for newer version 16.0
2026-09-27T17:42:06.8653300Z /Users/runner/work/early-android-game-runtime/early-android-game-runtime/build/AGRSimulator.app/Frameworks/libEGL.framework: replacing existing signature
2026-09-27T17:42:06.8967810Z /Users/runner/work/early-android-game-runtime/early-android-game-runtime/build/AGRSimulator.app/Frameworks/libGLESv2.framework: replacing existing signature
2026-09-27T17:42:06.9851560Z /Users/runner/work/early-android-game-runtime/early-android-game-runtime/build/AGRSimulator.app: replacing existing signature
2026-09-27T17:42:07.0680400Z AGR_SMOKE_PHASE 2026-09-27T17:42:07Z Runtime app linked and signed
2026-09-27T17:43:38.8636010Z Monitoring boot status for iPhone 17 (1B12DE9B-2634-4BCA-AB72-CF1B196DD2D1).
2026-09-27T17:43:39.0265630Z Device already booted, nothing to do.
2026-09-27T17:43:39.0267210Z 
2026-09-27T17:45:39.8532600Z dev.agr.simulator: 34204
2026-09-27T17:45:49.8679100Z aot-result {"trace_incomplete": false, "aot_instructions": 0, "interpreter_instructions": 29578, "boundary_seconds": 0.0336570000000002, "native_so_bytes": 882136, "workload": "kungfoo-armv7-native-loader-stage", "dex_loaded": 1, "miss_pc": "00000000", "mounted": 1, "jni_version": 0, "fallback_count": 0, "seconds": 0.062121033668518066, "elf_registered": 1, "jni_onload_status": 0, "trace_seen": 29578, "boundary_count": 0, "error": "", "passed": true, "mode": "interpreter-trace", "aot_blocks": 0}
2026-09-27T17:46:03.7557500Z Monitoring boot status for iPhone 17 (1B12DE9B-2634-4BCA-AB72-CF1B196DD2D1).
2026-09-27T17:46:03.7660380Z Device already booted, nothing to do.
2026-09-27T17:46:03.7761910Z 
2026-09-27T17:46:05.9895060Z dev.agr.simulator: 34775
2026-09-27T17:46:07.3643010Z aot-result {"trace_incomplete": false, "aot_instructions": 0, "interpreter_instructions": 29578, "boundary_seconds": 0.0009550000000000024, "native_so_bytes": 882136, "workload": "kungfoo-armv7-native-loader-stage", "dex_loaded": 1, "miss_pc": "00000000", "mounted": 1, "jni_version": 0, "fallback_count": 0, "seconds": 0.0039310455322265625, "elf_registered": 1, "jni_onload_status": 0, "trace_seen": 0, "boundary_count": 0, "error": "", "passed": true, "mode": "interpreter-baseline", "aot_blocks": 0}
2026-09-27T17:46:09.1807390Z Monitoring boot status for iPhone 17 (1B12DE9B-2634-4BCA-AB72-CF1B196DD2D1).
2026-09-27T17:46:09.1908670Z Device already booted, nothing to do.
2026-09-27T17:46:09.2012390Z 
2026-09-27T17:46:11.2820180Z dev.agr.simulator: 34879
2026-09-27T17:46:12.5080910Z aot-result {"trace_incomplete": false, "aot_instructions": 9137, "interpreter_instructions": 20441, "boundary_seconds": 0.008825999999999912, "native_so_bytes": 882136, "workload": "kungfoo-armv7-native-loader-stage", "dex_loaded": 1, "miss_pc": "000caeb8", "mounted": 1, "jni_version": 0, "fallback_count": 19785, "seconds": 0.023885011672973633, "elf_registered": 1, "jni_onload_status": 0, "trace_seen": 0, "boundary_count": 656, "error": "", "passed": true, "mode": "aot", "aot_blocks": 9137}
2026-09-27T17:46:12.7703430Z {
2026-09-27T17:46:12.7812210Z   "schema_version": 1,
2026-09-27T17:46:12.7916040Z   "workload": "kungfoo-armv7-native-loader-stage",
2026-09-27T17:46:12.8025710Z   "semantic_pass": true,
2026-09-27T17:46:12.8154240Z   "observable_fields_equal": {
2026-09-27T17:46:12.8262560Z     "passed": true,
2026-09-27T17:46:12.8374070Z     "mounted": true,
2026-09-27T17:46:12.8524140Z     "elf_registered": true,
2026-09-27T17:46:12.8630350Z     "dex_loaded": true,
2026-09-27T17:46:12.8733960Z     "jni_onload_status": true,
2026-09-27T17:46:12.8835260Z     "jni_version": true,
2026-09-27T17:46:12.8937840Z     "native_so_bytes": true,
2026-09-27T17:46:12.9040320Z     "error": true
2026-09-27T17:46:12.9156940Z   },
2026-09-27T17:46:12.9259040Z   "host_sequence_equal": true,
2026-09-27T17:46:12.9382680Z   "host_call_count": 603,
2026-09-27T17:46:12.9501280Z   "checkpoint_count": 9137,
2026-09-27T17:46:12.9598200Z   "checkpoint_mismatches": [],
2026-09-27T17:46:12.9713770Z   "interpreter_instructions": 29578,
2026-09-27T17:46:12.9844470Z   "aot_instructions": 9137,
2026-09-27T17:46:12.9946340Z   "aot_blocks": 9137,
2026-09-27T17:46:13.0062420Z   "fallback_count": 19785,
2026-09-27T17:46:13.0165250Z   "miss_pc": "000caeb8",
2026-09-27T17:46:13.0284180Z   "interpreter_seconds": 0.0039310455322265625,
2026-09-27T17:46:13.0406420Z   "aot_seconds": 0.023885011672973633,
2026-09-27T17:46:13.0569670Z   "interpreter_boundary_seconds": 0.0009550000000000024,
2026-09-27T17:46:13.0725720Z   "aot_boundary_seconds": 0.008825999999999912,
2026-09-27T17:46:13.0850730Z   "interpreter_guest_seconds": 0.00297604553222656,
2026-09-27T17:46:13.0958710Z   "aot_guest_seconds": 0.01505901167297372,
2026-09-27T17:46:13.1063260Z   "guest_speedup": 0.19762555450884228,
2026-09-27T17:46:13.1190270Z   "preparation_wall_seconds": 1.988975666999977,
2026-09-27T17:46:13.1302770Z   "generated_c_bytes": 434579,
2026-09-27T17:46:13.1410260Z   "generated_block_count": 1218,
2026-09-27T17:46:13.1522900Z   "partial_baseline_trace_sha256": "12eaddf3c382326b7abe9fe8630ffdf4df4dccc7dde45ea96175a1fef7bfaa73",
2026-09-27T17:46:13.1629200Z   "input_trace_sha256": "c8240bcf870a26c53bdcf1d9b5309bdebc9fd47e6c47f390687b699be73222d6"
2026-09-27T17:46:13.1739480Z }
2026-09-27T17:46:13.2734190Z ##[group]Run actions/upload-artifact@v4
2026-09-27T17:46:13.2734900Z with:
2026-09-27T17:46:13.2735240Z   name: kungfoo-armv7-aot-probe
2026-09-27T17:46:13.2735660Z   path: build/kungfoo-aot-probe
2026-09-27T17:46:13.2736250Z   if-no-files-found: error
2026-09-27T17:46:13.2736490Z   compression-level: 6
2026-09-27T17:46:13.2737040Z   overwrite: false
2026-09-27T17:46:13.2737430Z   include-hidden-files: false
2026-09-27T17:46:13.2738130Z env:
2026-09-27T17:46:13.2738900Z   CARGO_HOME: /Users/runner/.cargo
2026-09-27T17:46:13.2739150Z   CARGO_INCREMENTAL: 0
2026-09-27T17:46:13.2739500Z   CARGO_TERM_COLOR: always
2026-09-27T17:46:13.2740310Z ##[endgroup]
2026-09-27T17:46:14.2427470Z (node:35015) [DEP0040] DeprecationWarning: The `punycode` module is deprecated. Please use a userland alternative instead.
2026-09-27T17:46:14.2639120Z (Use `node --trace-deprecation ...` to show where the warning was created)
2026-09-27T17:46:14.6802380Z With the provided path, there will be 22 files uploaded
2026-09-27T17:46:14.7170670Z Artifact name is valid!
2026-09-27T17:46:14.7294630Z Root directory input is valid!
2026-09-27T17:46:15.1465610Z Beginning upload of artifact content to blob storage
2026-09-27T17:46:15.7388530Z (node:35015) [DEP0169] DeprecationWarning: `url.parse()` behavior is not standardized and prone to errors that have security implications. Use the WHATWG URL API instead. CVEs are not issued for `url.parse()` vulnerabilities.
2026-09-27T17:46:15.9998240Z Uploaded bytes 337063
2026-09-27T17:46:16.0492140Z Finished uploading artifact content to blob storage!
2026-09-27T17:46:16.0618960Z SHA256 digest of uploaded artifact zip is 73792f94b07c475bc725e7ede25392f89bff4a17e2d8fb4caaa5219efcb0d3c9
2026-09-27T17:46:16.0730450Z Finalizing artifact upload
2026-09-27T17:46:16.3214880Z Artifact kungfoo-armv7-aot-probe.zip successfully finalized. Artifact ID 10937568766
2026-09-27T17:46:16.3337100Z Artifact kungfoo-armv7-aot-probe has been successfully uploaded! Final size is 337063 bytes. Artifact ID is 10937568766
2026-09-27T17:46:16.3455760Z Artifact download URL: https://github.com/xwc9527/early-android-game-runtime/actions/runs/36337852280/artifacts/10937568766
2026-09-27T17:46:16.3890320Z Post job cleanup.
2026-09-27T17:46:16.6973750Z [command]/opt/homebrew/bin/git version
2026-09-27T17:46:16.7250380Z git version 2.55.0
2026-09-27T17:46:16.7819040Z Copying '/Users/runner/.gitconfig' to '/Users/runner/work/_temp/f3656b26-3af6-4250-912e-e578ebaf0db3/.gitconfig'
2026-09-27T17:46:16.7947430Z Temporarily overriding HOME='/Users/runner/work/_temp/f3656b26-3af6-4250-912e-e578ebaf0db3' before making global git config changes
2026-09-27T17:46:16.8048110Z Adding repository directory to the temporary git global config as a safe directory
2026-09-27T17:46:16.8149530Z [command]/opt/homebrew/bin/git config --global --add safe.directory /Users/runner/work/early-android-game-runtime/early-android-game-runtime
2026-09-27T17:46:16.8542000Z [command]/opt/homebrew/bin/git config --local --name-only --get-regexp core\.sshCommand
2026-09-27T17:46:16.9029660Z [command]/opt/homebrew/bin/git submodule foreach --recursive sh -c "git config --local --name-only --get-regexp 'core\.sshCommand' && git config --local --unset-all 'core.sshCommand' || :"
2026-09-27T17:46:17.2338040Z [command]/opt/homebrew/bin/git config --local --name-only --get-regexp http\.https\:\/\/github\.com\/\.extraheader
2026-09-27T17:46:17.2470260Z http.https://github.com/.extraheader
2026-09-27T17:46:17.2896820Z [command]/opt/homebrew/bin/git config --local --unset-all http.https://github.com/.extraheader
2026-09-27T17:46:17.3203990Z [command]/opt/homebrew/bin/git submodule foreach --recursive sh -c "git config --local --name-only --get-regexp 'http\.https\:\/\/github\.com\/\.extraheader' && git config --local --unset-all 'http.https://github.com/.extraheader' || :"
2026-09-27T17:46:17.5902630Z [command]/opt/homebrew/bin/git config --local --name-only --get-regexp ^includeIf\.gitdir:
2026-09-27T17:46:17.6308610Z [command]/opt/homebrew/bin/git submodule foreach --recursive git config --local --show-origin --name-only --get-regexp remote.origin.url
2026-09-27T17:46:17.9898490Z Cleaning up orphan processes
2026-09-27T17:46:37.6828360Z ##[warning]Node.js 20 is deprecated. The following actions target Node.js 20 but are being forced to run on Node.js 24: actions/checkout@v4, actions/upload-artifact@v4. For more information see: https://github.blog/changelog/2025-09-19-deprecation-of-node-20-on-github-actions-runners/
