2026-09-27T16:45:04.4147360Z Current runner version: '2.337.0'
2026-09-27T16:45:04.4167290Z ##[group]Runner Image Provisioner
2026-09-27T16:45:04.4167920Z Hosted Compute Agent
2026-09-27T16:45:04.4168280Z Version: 20260828.587
2026-09-27T16:45:04.4168710Z Commit: abac92662cab4cc7352de4f9f9d2e2419aad9c29
2026-09-27T16:45:04.4169430Z Build Date: 2026-08-28T16:44:25Z
2026-09-27T16:45:04.4169870Z Worker ID: {e8e06a9e-516e-448f-8516-fb2429587687}
2026-09-27T16:45:04.4170410Z Azure Region: westus
2026-09-27T16:45:04.4170810Z ##[endgroup]
2026-09-27T16:45:04.4171900Z ##[group]Operating System
2026-09-27T16:45:04.4172280Z macOS
2026-09-27T16:45:04.4172660Z 27.0
2026-09-27T16:45:04.4173010Z 26A428
2026-09-27T16:45:04.4173330Z ##[endgroup]
2026-09-27T16:45:04.4173690Z ##[group]Runner Image
2026-09-27T16:45:04.4174090Z Image: xcode-27-arm64
2026-09-27T16:45:04.4174460Z Version: 20260921.0210.1
2026-09-27T16:45:04.4175460Z Included Software: https://github.com/actions/runner-images/blob/xcode-27-arm64/20260921.0210/images/macos/xcode-27-arm64-Readme.md
2026-09-27T16:45:04.4176580Z Image Release: https://github.com/actions/runner-images/releases/tag/xcode-27-arm64%2F20260921.0210
2026-09-27T16:45:04.4177290Z ##[endgroup]
2026-09-27T16:45:04.4178170Z ##[group]GITHUB_TOKEN Permissions
2026-09-27T16:45:04.4179500Z Contents: read
2026-09-27T16:45:04.4179860Z Metadata: read
2026-09-27T16:45:04.4180200Z Packages: read
2026-09-27T16:45:04.4180540Z ##[endgroup]
2026-09-27T16:45:04.4182060Z Secret source: Actions
2026-09-27T16:45:04.4182620Z Cache mode: write
2026-09-27T16:45:04.4183070Z Prepare workflow directory
2026-09-27T16:45:04.4470140Z Prepare all required actions
2026-09-27T16:45:04.4509580Z Getting action download info
2026-09-27T16:45:04.6137160Z Download action repository 'actions/checkout@v4' (SHA:11d5960a326750d5838078e36cf38b85af677262)
2026-09-27T16:45:05.0098230Z Download action repository 'dtolnay/rust-toolchain@stable' (SHA:6bed0761d98439e5a578e2877258200ad565ba87)
2026-09-27T16:45:05.5214890Z Download action repository 'actions/upload-artifact@v4' (SHA:ea165f8d65b6e75b540449e92b4886f43607fa02)
2026-09-27T16:45:05.7919030Z Complete job name: kungfoo-armv7-interpreter-probe
2026-09-27T16:45:05.8382530Z ##[group]Run actions/checkout@v4
2026-09-27T16:45:05.8383180Z with:
2026-09-27T16:45:05.8383620Z   repository: xwc9527/early-android-game-runtime
2026-09-27T16:45:05.8386850Z   token: ***
2026-09-27T16:45:05.8387190Z   ssh-strict: true
2026-09-27T16:45:05.8387540Z   ssh-user: git
2026-09-27T16:45:05.8387890Z   persist-credentials: true
2026-09-27T16:45:05.8388270Z   clean: true
2026-09-27T16:45:05.8388620Z   sparse-checkout-cone-mode: true
2026-09-27T16:45:05.8389040Z   fetch-depth: 1
2026-09-27T16:45:05.8389380Z   fetch-tags: false
2026-09-27T16:45:05.8389730Z   show-progress: true
2026-09-27T16:45:05.8390100Z   lfs: false
2026-09-27T16:45:05.8390440Z   submodules: false
2026-09-27T16:45:05.8390790Z   set-safe-directory: true
2026-09-27T16:45:05.8391200Z   allow-unsafe-pr-checkout: false
2026-09-27T16:45:05.8391720Z ##[endgroup]
2026-09-27T16:45:06.0692980Z Syncing repository: xwc9527/early-android-game-runtime
2026-09-27T16:45:06.0706470Z ##[group]Getting Git version info
2026-09-27T16:45:06.0707490Z Working directory is '/Users/runner/work/early-android-game-runtime/early-android-game-runtime'
2026-09-27T16:45:06.0709150Z [command]/opt/homebrew/bin/git version
2026-09-27T16:45:06.0942460Z git version 2.55.0
2026-09-27T16:45:06.1012870Z ##[endgroup]
2026-09-27T16:45:06.1026950Z Copying '/Users/runner/.gitconfig' to '/Users/runner/work/_temp/61a728b7-7cd6-4a0a-926e-e86436a08a6a/.gitconfig'
2026-09-27T16:45:06.1031280Z Temporarily overriding HOME='/Users/runner/work/_temp/61a728b7-7cd6-4a0a-926e-e86436a08a6a' before making global git config changes
2026-09-27T16:45:06.1036310Z Adding repository directory to the temporary git global config as a safe directory
2026-09-27T16:45:06.1039300Z [command]/opt/homebrew/bin/git config --global --add safe.directory /Users/runner/work/early-android-game-runtime/early-android-game-runtime
2026-09-27T16:45:06.1219180Z Deleting the contents of '/Users/runner/work/early-android-game-runtime/early-android-game-runtime'
2026-09-27T16:45:06.1246550Z ##[group]Initializing the repository
2026-09-27T16:45:06.1247760Z [command]/opt/homebrew/bin/git init /Users/runner/work/early-android-game-runtime/early-android-game-runtime
2026-09-27T16:45:06.1468380Z hint: Using 'master' as the name for the initial branch. This default branch name
2026-09-27T16:45:06.1469940Z hint: will change to "main" in Git 3.0. To configure the initial branch name
2026-09-27T16:45:06.1473430Z hint: to use in all of your new repositories, which will suppress this warning,
2026-09-27T16:45:06.1474270Z hint: call:
2026-09-27T16:45:06.1474730Z hint:
2026-09-27T16:45:06.1475280Z hint: 	git config --global init.defaultBranch <name>
2026-09-27T16:45:06.1476930Z hint:
2026-09-27T16:45:06.1477600Z hint: Names commonly chosen instead of 'master' are 'main', 'trunk' and
2026-09-27T16:45:06.1478500Z hint: 'development'. The just-created branch can be renamed via this command:
2026-09-27T16:45:06.1479170Z hint:
2026-09-27T16:45:06.1479660Z hint: 	git branch -m <name>
2026-09-27T16:45:06.1480200Z hint:
2026-09-27T16:45:06.1480900Z hint: Disable this message with "git config set advice.defaultBranchName false"
2026-09-27T16:45:06.1482970Z Initialized empty Git repository in /Users/runner/work/early-android-game-runtime/early-android-game-runtime/.git/
2026-09-27T16:45:06.1485360Z [command]/opt/homebrew/bin/git remote add origin https://github.com/xwc9527/early-android-game-runtime
2026-09-27T16:45:06.1558570Z ##[endgroup]
2026-09-27T16:45:06.1559480Z ##[group]Disabling automatic garbage collection
2026-09-27T16:45:06.1560750Z [command]/opt/homebrew/bin/git config --local gc.auto 0
2026-09-27T16:45:06.1632700Z ##[endgroup]
2026-09-27T16:45:06.1633600Z ##[group]Setting up auth
2026-09-27T16:45:06.1636960Z [command]/opt/homebrew/bin/git config --local --name-only --get-regexp core\.sshCommand
2026-09-27T16:45:06.1706410Z [command]/opt/homebrew/bin/git submodule foreach --recursive sh -c "git config --local --name-only --get-regexp 'core\.sshCommand' && git config --local --unset-all 'core.sshCommand' || :"
2026-09-27T16:45:06.2674880Z [command]/opt/homebrew/bin/git config --local --name-only --get-regexp http\.https\:\/\/github\.com\/\.extraheader
2026-09-27T16:45:06.2740820Z [command]/opt/homebrew/bin/git submodule foreach --recursive sh -c "git config --local --name-only --get-regexp 'http\.https\:\/\/github\.com\/\.extraheader' && git config --local --unset-all 'http.https://github.com/.extraheader' || :"
2026-09-27T16:45:06.3594180Z [command]/opt/homebrew/bin/git config --local --name-only --get-regexp ^includeIf\.gitdir:
2026-09-27T16:45:06.3663010Z [command]/opt/homebrew/bin/git submodule foreach --recursive git config --local --show-origin --name-only --get-regexp remote.origin.url
2026-09-27T16:45:06.4730270Z [command]/opt/homebrew/bin/git config --local http.https://github.com/.extraheader AUTHORIZATION: basic ***
2026-09-27T16:45:06.4805370Z ##[endgroup]
2026-09-27T16:45:06.4806390Z ##[group]Fetching the repository
2026-09-27T16:45:06.4875150Z [command]/opt/homebrew/bin/git -c protocol.version=2 fetch --no-tags --prune --no-recurse-submodules --depth=1 origin +69712b0a4802700ae35540d84622ed4d8f4ff3d5:refs/remotes/origin/validation/aot-route-evidence
2026-09-27T16:45:07.8985470Z From https://github.com/xwc9527/early-android-game-runtime
2026-09-27T16:45:07.9192280Z  * [new ref]         69712b0a4802700ae35540d84622ed4d8f4ff3d5 -> origin/validation/aot-route-evidence
2026-09-27T16:45:07.9530570Z ##[endgroup]
2026-09-27T16:45:07.9633590Z ##[group]Determining the checkout info
2026-09-27T16:45:07.9744510Z ##[endgroup]
2026-09-27T16:45:07.9868470Z [command]/opt/homebrew/bin/git sparse-checkout disable
2026-09-27T16:45:08.0179690Z [command]/opt/homebrew/bin/git config --local --unset-all extensions.worktreeConfig
2026-09-27T16:45:08.0325180Z ##[group]Checking out the ref
2026-09-27T16:45:08.0439430Z [command]/opt/homebrew/bin/git checkout --progress --force -B validation/aot-route-evidence refs/remotes/origin/validation/aot-route-evidence
2026-09-27T16:45:08.3111010Z Switched to a new branch 'validation/aot-route-evidence'
2026-09-27T16:45:08.3120700Z branch 'validation/aot-route-evidence' set up to track 'origin/validation/aot-route-evidence'.
2026-09-27T16:45:08.3123750Z ##[endgroup]
2026-09-27T16:45:08.3283930Z [command]/opt/homebrew/bin/git log -1 --format=%H
2026-09-27T16:45:08.3373550Z 69712b0a4802700ae35540d84622ed4d8f4ff3d5
2026-09-27T16:45:08.3896840Z ##[group]Run dtolnay/rust-toolchain@stable
2026-09-27T16:45:08.3897770Z with:
2026-09-27T16:45:08.3898440Z   toolchain: stable
2026-09-27T16:45:08.3899140Z ##[endgroup]
2026-09-27T16:45:08.3984220Z ##[start-action display=Parse toolchain version;id=__dtolnay_rust-toolchain.parse]
2026-09-27T16:45:08.4050340Z ##[group]Run if [[ -z $toolchain ]]; then
2026-09-27T16:45:08.4051320Z [36;1mif [[ -z $toolchain ]]; then[0m
2026-09-27T16:45:08.4052730Z [36;1m  # GitHub does not enforce `required: true` inputs itself. https://github.com/actions/runner/issues/1070[0m
2026-09-27T16:45:08.4054230Z [36;1m  echo "'toolchain' is a required input" >&2[0m
2026-09-27T16:45:08.4055080Z [36;1m  exit 1[0m
2026-09-27T16:45:08.4056030Z [36;1melif [[ $toolchain =~ ^stable' '[0-9]+' '(year|month|week|day)s?' 'ago$ ]]; then[0m
2026-09-27T16:45:08.4057230Z [36;1m  if [[ macOS == macOS ]]; then[0m
2026-09-27T16:45:08.4058830Z [36;1m    echo "toolchain=1.$((($(date -v-$(sed 's/stable \([0-9]*\) \(.\).*/\1\2/' <<< $toolchain) +%s)/60/60/24-16569)/7/6))" >> $GITHUB_OUTPUT[0m
2026-09-27T16:45:08.4060210Z [36;1m  else[0m
2026-09-27T16:45:08.4061290Z [36;1m    echo "toolchain=1.$((($(date --date "${toolchain#stable }" +%s)/60/60/24-16569)/7/6))" >> $GITHUB_OUTPUT[0m
2026-09-27T16:45:08.4062530Z [36;1m  fi[0m
2026-09-27T16:45:08.4063350Z [36;1melif [[ $toolchain =~ ^stable' 'minus' '[0-9]+' 'releases?$ ]]; then[0m
2026-09-27T16:45:08.4064760Z [36;1m  echo "toolchain=1.$((($(date +%s)/60/60/24-16569)/7/6-${toolchain//[^0-9]/}))" >> $GITHUB_OUTPUT[0m
2026-09-27T16:45:08.4066020Z [36;1melif [[ $toolchain =~ ^1\.[0-9]+$ ]]; then[0m
2026-09-27T16:45:08.4067410Z [36;1m  echo "toolchain=1.$((i=${toolchain#1.}, c=($(date +%s)/60/60/24-16569)/7/6, i+9*i*(10*i<=c)+90*i*(100*i<=c)))" >> $GITHUB_OUTPUT[0m
2026-09-27T16:45:08.4068760Z [36;1melse[0m
2026-09-27T16:45:08.4069480Z [36;1m  echo "toolchain=$toolchain" >> $GITHUB_OUTPUT[0m
2026-09-27T16:45:08.4070330Z [36;1mfi[0m
2026-09-27T16:45:08.4118260Z shell: /bin/bash --noprofile --norc -e -o pipefail {0}
2026-09-27T16:45:08.4119210Z env:
2026-09-27T16:45:08.4119830Z   toolchain: stable
2026-09-27T16:45:08.4120460Z ##[endgroup]
2026-09-27T16:45:08.4760220Z ##[end-action id=__dtolnay_rust-toolchain.parse;outcome=success;conclusion=success;duration_ms=77]
2026-09-27T16:45:08.4773060Z ##[start-action display=Construct rustup command line;id=__dtolnay_rust-toolchain.flags]
2026-09-27T16:45:08.4818620Z ##[group]Run echo "targets=$(for t in ${targets//,/ }; do echo -n ' --target' $t; done)" >> $GITHUB_OUTPUT
2026-09-27T16:45:08.4820530Z [36;1mecho "targets=$(for t in ${targets//,/ }; do echo -n ' --target' $t; done)" >> $GITHUB_OUTPUT[0m
2026-09-27T16:45:08.4822200Z [36;1mecho "components=$(for c in ${components//,/ }; do echo -n ' --component' $c; done)" >> $GITHUB_OUTPUT[0m
2026-09-27T16:45:08.4823510Z [36;1mecho "downgrade=" >> $GITHUB_OUTPUT[0m
2026-09-27T16:45:08.4859630Z shell: /bin/bash --noprofile --norc -e -o pipefail {0}
2026-09-27T16:45:08.4860630Z env:
2026-09-27T16:45:08.4861220Z   targets: 
2026-09-27T16:45:08.4861800Z   components: 
2026-09-27T16:45:08.4862400Z ##[endgroup]
2026-09-27T16:45:08.5374620Z ##[end-action id=__dtolnay_rust-toolchain.flags;outcome=success;conclusion=success;duration_ms=59]
2026-09-27T16:45:08.5379860Z ##[start-action display=Set $CARGO_HOME;id=__dtolnay_rust-toolchain.__run]
2026-09-27T16:45:08.5433090Z ##[group]Run echo CARGO_HOME=${CARGO_HOME:-"$HOME/.cargo"} >> $GITHUB_ENV
2026-09-27T16:45:08.5434320Z [36;1mecho CARGO_HOME=${CARGO_HOME:-"$HOME/.cargo"} >> $GITHUB_ENV[0m
2026-09-27T16:45:08.5470120Z shell: /bin/bash --noprofile --norc -e -o pipefail {0}
2026-09-27T16:45:08.5471190Z ##[endgroup]
2026-09-27T16:45:08.5826150Z ##[end-action id=__dtolnay_rust-toolchain.__run;outcome=success;conclusion=success;duration_ms=44]
2026-09-27T16:45:08.5830990Z ##[start-action display=Install rustup if needed;id=__dtolnay_rust-toolchain.__run_2]
2026-09-27T16:45:08.5875100Z ##[group]Run if ! command -v rustup &>/dev/null; then
2026-09-27T16:45:08.5876080Z [36;1mif ! command -v rustup &>/dev/null; then[0m
2026-09-27T16:45:08.5877880Z [36;1m  curl --proto '=https' --tlsv1.2 --retry 10 --retry-connrefused --location --silent --show-error --fail https://sh.rustup.rs | sh -s -- --default-toolchain none -y[0m
2026-09-27T16:45:08.5879710Z [36;1m  echo "$CARGO_HOME/bin" >> $GITHUB_PATH[0m
2026-09-27T16:45:08.5880520Z [36;1mfi[0m
2026-09-27T16:45:08.5918110Z shell: /bin/bash --noprofile --norc -e -o pipefail {0}
2026-09-27T16:45:08.5919040Z env:
2026-09-27T16:45:08.5919650Z   CARGO_HOME: /Users/runner/.cargo
2026-09-27T16:45:08.5920460Z ##[endgroup]
2026-09-27T16:45:08.6258500Z ##[end-action id=__dtolnay_rust-toolchain.__run_2;outcome=success;conclusion=success;duration_ms=42]
2026-09-27T16:45:08.6263620Z ##[start-action display=Install rustup if needed on windows;id=__dtolnay_rust-toolchain.__run_3]
2026-09-27T16:45:08.6275620Z ##[end-action id=__dtolnay_rust-toolchain.__run_3;outcome=skipped;conclusion=skipped;duration_ms=0]
2026-09-27T16:45:08.6288810Z ##[start-action display=rustup toolchain install stable;id=__dtolnay_rust-toolchain.__run_4]
2026-09-27T16:45:08.6324260Z ##[group]Run rustup toolchain install stable --profile minimal --no-self-update
2026-09-27T16:45:08.6325610Z [36;1mrustup toolchain install stable --profile minimal --no-self-update[0m
2026-09-27T16:45:08.6362850Z shell: /bin/bash --noprofile --norc -e -o pipefail {0}
2026-09-27T16:45:08.6363700Z env:
2026-09-27T16:45:08.6364290Z   CARGO_HOME: /Users/runner/.cargo
2026-09-27T16:45:08.6365050Z   RUSTUP_PERMIT_COPY_RENAME: 1
2026-09-27T16:45:08.6365880Z ##[endgroup]
2026-09-27T16:45:09.0238510Z info: syncing channel updates for stable-aarch64-apple-darwin
2026-09-27T16:45:09.1121430Z 
2026-09-27T16:45:09.1433790Z info: self-update is disabled for this build of rustup
2026-09-27T16:45:09.1435030Z   stable-aarch64-apple-darwin unchanged - rustc 1.98.1 (48a229cea 2026-09-01)
2026-09-27T16:45:09.1441780Z info: any updates to rustup will need to be fetched with your system package manager
2026-09-27T16:45:09.1442570Z 
2026-09-27T16:45:09.1452960Z ##[end-action id=__dtolnay_rust-toolchain.__run_4;outcome=success;conclusion=success;duration_ms=516]
2026-09-27T16:45:09.1458990Z ##[start-action display=rustup default stable;id=__dtolnay_rust-toolchain.__run_5]
2026-09-27T16:45:09.1501030Z ##[group]Run rustup default stable
2026-09-27T16:45:09.1501730Z [36;1mrustup default stable[0m
2026-09-27T16:45:09.1539400Z shell: /bin/bash --noprofile --norc -e -o pipefail {0}
2026-09-27T16:45:09.1540290Z env:
2026-09-27T16:45:09.1540890Z   CARGO_HOME: /Users/runner/.cargo
2026-09-27T16:45:09.1541650Z ##[endgroup]
2026-09-27T16:45:09.1979910Z info: using existing install for stable-aarch64-apple-darwin
2026-09-27T16:45:09.2012800Z info: default toolchain set to stable-aarch64-apple-darwin
2026-09-27T16:45:09.2013490Z 
2026-09-27T16:45:09.2269180Z   stable-aarch64-apple-darwin unchanged - rustc 1.98.1 (48a229cea 2026-09-01)
2026-09-27T16:45:09.2272930Z 
2026-09-27T16:45:09.2286250Z ##[end-action id=__dtolnay_rust-toolchain.__run_5;outcome=success;conclusion=success;duration_ms=82]
2026-09-27T16:45:09.2290730Z ##[start-action display=Create cachekey;id=__dtolnay_rust-toolchain.rustc-version]
2026-09-27T16:45:09.2326660Z ##[group]Run DATE=$(rustc +stable --version --verbose | sed -ne 's/^commit-date: \(20[0-9][0-9]\)-\([01][0-9]\)-\([0-3][0-9]\)$/\1\2\3/p')
2026-09-27T16:45:09.2328640Z [36;1mDATE=$(rustc +stable --version --verbose | sed -ne 's/^commit-date: \(20[0-9][0-9]\)-\([01][0-9]\)-\([0-3][0-9]\)$/\1\2\3/p')[0m
2026-09-27T16:45:09.2330530Z [36;1mHASH=$(rustc +stable --version --verbose | sed -ne 's/^commit-hash: //p')[0m
2026-09-27T16:45:09.2331810Z [36;1mecho "cachekey=$(echo $DATE$HASH | head -c12)" >> $GITHUB_OUTPUT[0m
2026-09-27T16:45:09.2373130Z shell: /bin/bash --noprofile --norc -e -o pipefail {0}
2026-09-27T16:45:09.2373980Z env:
2026-09-27T16:45:09.2374540Z   CARGO_HOME: /Users/runner/.cargo
2026-09-27T16:45:09.2375210Z ##[endgroup]
2026-09-27T16:45:09.3824760Z ##[end-action id=__dtolnay_rust-toolchain.rustc-version;outcome=success;conclusion=success;duration_ms=153]
2026-09-27T16:45:09.3829880Z ##[start-action display=Disable incremental compilation;id=__dtolnay_rust-toolchain.__run_6]
2026-09-27T16:45:09.3862450Z ##[group]Run if [ -z "${CARGO_INCREMENTAL+set}" ]; then
2026-09-27T16:45:09.3863400Z [36;1mif [ -z "${CARGO_INCREMENTAL+set}" ]; then[0m
2026-09-27T16:45:09.3864260Z [36;1m  echo CARGO_INCREMENTAL=0 >> $GITHUB_ENV[0m
2026-09-27T16:45:09.3865040Z [36;1mfi[0m
2026-09-27T16:45:09.3902780Z shell: /bin/bash --noprofile --norc -e -o pipefail {0}
2026-09-27T16:45:09.3903650Z env:
2026-09-27T16:45:09.3904250Z   CARGO_HOME: /Users/runner/.cargo
2026-09-27T16:45:09.3905000Z ##[endgroup]
2026-09-27T16:45:09.4255540Z ##[end-action id=__dtolnay_rust-toolchain.__run_6;outcome=success;conclusion=success;duration_ms=42]
2026-09-27T16:45:09.4260160Z ##[start-action display=Enable colors in Cargo output;id=__dtolnay_rust-toolchain.__run_7]
2026-09-27T16:45:09.4296240Z ##[group]Run if [ -z "${CARGO_TERM_COLOR+set}" ]; then
2026-09-27T16:45:09.4297220Z [36;1mif [ -z "${CARGO_TERM_COLOR+set}" ]; then[0m
2026-09-27T16:45:09.4298090Z [36;1m  echo CARGO_TERM_COLOR=always >> $GITHUB_ENV[0m
2026-09-27T16:45:09.4298880Z [36;1mfi[0m
2026-09-27T16:45:09.4335650Z shell: /bin/bash --noprofile --norc -e -o pipefail {0}
2026-09-27T16:45:09.4336470Z env:
2026-09-27T16:45:09.4337040Z   CARGO_HOME: /Users/runner/.cargo
2026-09-27T16:45:09.4337750Z   CARGO_INCREMENTAL: 0
2026-09-27T16:45:09.4338340Z ##[endgroup]
2026-09-27T16:45:09.4690560Z ##[end-action id=__dtolnay_rust-toolchain.__run_7;outcome=success;conclusion=success;duration_ms=42]
2026-09-27T16:45:09.4695220Z ##[start-action display=Enable Cargo sparse registry;id=__dtolnay_rust-toolchain.__run_8]
2026-09-27T16:45:09.4783620Z ##[group]Run # implemented in 1.66, stabilized in 1.68, made default in 1.70
2026-09-27T16:45:09.4784880Z [36;1m# implemented in 1.66, stabilized in 1.68, made default in 1.70[0m
2026-09-27T16:45:09.4786570Z [36;1mif [ -z "${CARGO_REGISTRIES_CRATES_IO_PROTOCOL+set}" -o -f "/Users/runner/work/_temp"/.implicit_cargo_registries_crates_io_protocol ]; then[0m
2026-09-27T16:45:09.4788410Z [36;1m  if rustc +stable --version --verbose | grep -q '^release: 1\.6[89]\.'; then[0m
2026-09-27T16:45:09.4789900Z [36;1m    touch "/Users/runner/work/_temp"/.implicit_cargo_registries_crates_io_protocol || true[0m
2026-09-27T16:45:09.4791430Z [36;1m    echo CARGO_REGISTRIES_CRATES_IO_PROTOCOL=sparse >> $GITHUB_ENV[0m
2026-09-27T16:45:09.4792760Z [36;1m  elif rustc +stable --version --verbose | grep -q '^release: 1\.6[67]\.'; then[0m
2026-09-27T16:45:09.4794240Z [36;1m    touch "/Users/runner/work/_temp"/.implicit_cargo_registries_crates_io_protocol || true[0m
2026-09-27T16:45:09.4795750Z [36;1m    echo CARGO_REGISTRIES_CRATES_IO_PROTOCOL=git >> $GITHUB_ENV[0m
2026-09-27T16:45:09.4796670Z [36;1m  fi[0m
2026-09-27T16:45:09.4797230Z [36;1mfi[0m
2026-09-27T16:45:09.4837680Z shell: /bin/bash --noprofile --norc -e -o pipefail {0}
2026-09-27T16:45:09.4838550Z env:
2026-09-27T16:45:09.4839150Z   CARGO_HOME: /Users/runner/.cargo
2026-09-27T16:45:09.4839890Z   CARGO_INCREMENTAL: 0
2026-09-27T16:45:09.4840510Z   CARGO_TERM_COLOR: always
2026-09-27T16:45:09.4841140Z ##[endgroup]
2026-09-27T16:45:09.5882610Z ##[end-action id=__dtolnay_rust-toolchain.__run_8;outcome=success;conclusion=success;duration_ms=118]
2026-09-27T16:45:09.5887390Z ##[start-action display=Work around spurious network errors in curl 8.0;id=__dtolnay_rust-toolchain.__run_9]
2026-09-27T16:45:09.5918870Z ##[group]Run # https://rust-lang.zulipchat.com/#narrow/stream/246057-t-cargo/topic/timeout.20investigation
2026-09-27T16:45:09.5920880Z [36;1m# https://rust-lang.zulipchat.com/#narrow/stream/246057-t-cargo/topic/timeout.20investigation[0m
2026-09-27T16:45:09.5922320Z [36;1mif rustc +stable --version --verbose | grep -q '^release: 1\.7[01]\.'; then[0m
2026-09-27T16:45:09.5923390Z [36;1m  echo CARGO_HTTP_MULTIPLEXING=false >> $GITHUB_ENV[0m
2026-09-27T16:45:09.5924420Z [36;1mfi[0m
2026-09-27T16:45:09.5959820Z shell: /bin/bash --noprofile --norc -e -o pipefail {0}
2026-09-27T16:45:09.5960660Z env:
2026-09-27T16:45:09.5961190Z   CARGO_HOME: /Users/runner/.cargo
2026-09-27T16:45:09.5961840Z   CARGO_INCREMENTAL: 0
2026-09-27T16:45:09.5962410Z   CARGO_TERM_COLOR: always
2026-09-27T16:45:09.5963020Z ##[endgroup]
2026-09-27T16:45:09.6901500Z ##[end-action id=__dtolnay_rust-toolchain.__run_9;outcome=success;conclusion=success;duration_ms=101]
2026-09-27T16:45:09.6907460Z ##[start-action display=rustc +stable --version --verbose;id=__dtolnay_rust-toolchain.__run_10]
2026-09-27T16:45:09.6938450Z ##[group]Run rustc +stable --version --verbose
2026-09-27T16:45:09.6939250Z [36;1mrustc +stable --version --verbose[0m
2026-09-27T16:45:09.6976840Z shell: /bin/bash --noprofile --norc -e -o pipefail {0}
2026-09-27T16:45:09.6977670Z env:
2026-09-27T16:45:09.6978210Z   CARGO_HOME: /Users/runner/.cargo
2026-09-27T16:45:09.6978880Z   CARGO_INCREMENTAL: 0
2026-09-27T16:45:09.6979500Z   CARGO_TERM_COLOR: always
2026-09-27T16:45:09.6980110Z ##[endgroup]
2026-09-27T16:45:09.7747450Z rustc 1.98.1 (48a229cea 2026-09-01)
2026-09-27T16:45:09.7849310Z binary: rustc
2026-09-27T16:45:09.7949920Z commit-hash: 48a229ceaefd4985c50990b14116b6d856af0985
2026-09-27T16:45:09.8051000Z commit-date: 2026-09-01
2026-09-27T16:45:09.8153370Z host: aarch64-apple-darwin
2026-09-27T16:45:09.8223740Z release: 1.98.1
2026-09-27T16:45:09.8304220Z LLVM version: 22.1.8
2026-09-27T16:45:09.8380160Z ##[end-action id=__dtolnay_rust-toolchain.__run_10;outcome=success;conclusion=success;duration_ms=147]
2026-09-27T16:45:09.8466260Z ##[group]Run set -o pipefail
2026-09-27T16:45:09.8466970Z [36;1mset -o pipefail[0m
2026-09-27T16:45:09.8467630Z [36;1mmkdir -p build/kungfoo-aot-probe[0m
2026-09-27T16:45:09.8468470Z [36;1mbash tools/aot-lab/run_kungfoo_probe.sh 2>&1 |[0m
2026-09-27T16:45:09.8469380Z [36;1m  tee build/kungfoo-aot-probe/ci-log.txt[0m
2026-09-27T16:45:09.8510700Z shell: /bin/bash -e {0}
2026-09-27T16:45:09.8511310Z env:
2026-09-27T16:45:09.8511860Z   CARGO_HOME: /Users/runner/.cargo
2026-09-27T16:45:09.8512550Z   CARGO_INCREMENTAL: 0
2026-09-27T16:45:09.8513180Z   CARGO_TERM_COLOR: always
2026-09-27T16:45:09.8513780Z ##[endgroup]
2026-09-27T16:45:09.9078560Z AGR_SMOKE_PHASE 2026-09-27T16:45:09Z prepare sample profile aot-kungfoo
2026-09-27T16:45:17.8683170Z   % Total    % Received % Xferd  Average Speed   Time    Time     Time  Current
2026-09-27T16:45:17.8683970Z                                  Dload  Upload   Total   Spent    Left  Speed
2026-09-27T16:45:17.8684240Z 
2026-09-27T16:45:18.1742270Z   0     0    0     0    0     0      0      0 --:--:-- --:--:-- --:--:--     0
2026-09-27T16:45:18.1843420Z   0     0    0     0    0     0      0      0 --:--:-- --:--:-- --:--:--     0
2026-09-27T16:45:18.3348440Z 
2026-09-27T16:45:18.3449910Z 100 11.9M  100 11.9M    0     0  26.1M      0 --:--:-- --:--:-- --:--:-- 26.1M
2026-09-27T16:45:18.4168500Z /Users/runner/work/early-android-game-runtime/early-android-game-runtime/build/angle-xcframeworks-v2.1.28252.zip: OK
2026-09-27T16:45:18.7879990Z info: downloading component rust-std
2026-09-27T16:45:25.0343000Z AGR_SMOKE_PHASE 2026-09-27T16:45:25Z compile Runtime and host
2026-09-27T16:45:25.6267130Z [1m[92m    Updating[0m crates.io index
2026-09-27T16:45:25.7146490Z [1m[92m     Locking[0m 1 package to latest compatible version
2026-09-27T16:45:25.7156320Z [1m[92m Downloading[0m crates ...
2026-09-27T16:45:25.7581840Z [1m[92m  Downloaded[0m libc v0.2.189
2026-09-27T16:45:25.8733810Z [1m[92m   Compiling[0m libc v0.2.189
2026-09-27T16:45:29.5980720Z [1m[92m   Compiling[0m touchhle-arm-interpreter v0.1.0 (/Users/runner/work/early-android-game-runtime/early-android-game-runtime/Runtime/ArmInterpreter)
2026-09-27T16:45:30.6293980Z [1m[92m    Finished[0m `release` profile [optimized] target(s) in 5.51s
2026-09-27T16:45:35.9431140Z /Users/runner/work/early-android-game-runtime/early-android-game-runtime/Runtime/GuestRuntime/agr_guest_runtime.c:656:61: warning: expression which evaluates to zero treated as a null pointer constant of type 'void *' [-Wnon-literal-null-conversion]
2026-09-27T16:45:35.9457290Z   656 |             g->display = get ? get(EGL_PLATFORM_ANGLE_ANGLE,EGL_DEFAULT_DISPLAY,attributes) : EGL_NO_DISPLAY;
2026-09-27T16:45:35.9471010Z       |                                                             ^~~~~~~~~~~~~~~~~~~
2026-09-27T16:45:35.9479800Z /Users/runner/work/early-android-game-runtime/early-android-game-runtime/Vendor/ANGLE-Headers/EGL/egl.h:251:43: note: expanded from macro 'EGL_DEFAULT_DISPLAY'
2026-09-27T16:45:35.9508040Z   251 | #define EGL_DEFAULT_DISPLAY               EGL_CAST(EGLNativeDisplayType,0)
2026-09-27T16:45:35.9525950Z       |                                           ^~~~~~~~~~~~~~~~~~~~~~~~~~~~~~~~
2026-09-27T16:45:35.9529110Z /Users/runner/work/early-android-game-runtime/early-android-game-runtime/Vendor/ANGLE-Headers/EGL/eglplatform.h:178:31: note: expanded from macro 'EGL_CAST'
2026-09-27T16:45:35.9530010Z   178 | #define EGL_CAST(type, value) ((type) (value))
2026-09-27T16:45:35.9530440Z       |                               ^~~~~~~~~~~~~~~~
2026-09-27T16:45:35.9531580Z /Users/runner/work/early-android-game-runtime/early-android-game-runtime/Runtime/GuestRuntime/agr_guest_runtime.c:1489:84: warning: expression which evaluates to zero treated as a null pointer constant of type 'void *' [-Wnon-literal-null-conversion]
2026-09-27T16:45:35.9532970Z  1489 |     g->display = getPlatformDisplay ? getPlatformDisplay(EGL_PLATFORM_ANGLE_ANGLE, EGL_DEFAULT_DISPLAY, da) : EGL_NO_DISPLAY;
2026-09-27T16:45:35.9534310Z       |                                                                                    ^~~~~~~~~~~~~~~~~~~
2026-09-27T16:45:35.9535470Z /Users/runner/work/early-android-game-runtime/early-android-game-runtime/Vendor/ANGLE-Headers/EGL/egl.h:251:43: note: expanded from macro 'EGL_DEFAULT_DISPLAY'
2026-09-27T16:45:35.9536410Z   251 | #define EGL_DEFAULT_DISPLAY               EGL_CAST(EGLNativeDisplayType,0)
2026-09-27T16:45:35.9537070Z       |                                           ^~~~~~~~~~~~~~~~~~~~~~~~~~~~~~~~
2026-09-27T16:45:35.9537910Z /Users/runner/work/early-android-game-runtime/early-android-game-runtime/Vendor/ANGLE-Headers/EGL/eglplatform.h:178:31: note: expanded from macro 'EGL_CAST'
2026-09-27T16:45:35.9538860Z   178 | #define EGL_CAST(type, value) ((type) (value))
2026-09-27T16:45:35.9539360Z       |                               ^~~~~~~~~~~~~~~~
2026-09-27T16:45:36.2539490Z 2 warnings generated.
2026-09-27T16:45:36.5036220Z In file included from /Users/runner/work/early-android-game-runtime/early-android-game-runtime/Runtime/AndroidFw/agr_androidfw.cpp:5:
2026-09-27T16:45:36.5037370Z /Users/runner/work/early-android-game-runtime/early-android-game-runtime/Vendor/AOSP/frameworks-base/include/androidfw/AssetManager.h:40:1: warning: empty struct has size 0 in C, size 1 in C++ [-Wextern-c-compat]
2026-09-27T16:45:36.5038250Z    40 | struct AAssetManager { };
2026-09-27T16:45:36.5038540Z       | ^
2026-09-27T16:45:36.5310680Z 1 warning generated.
2026-09-27T16:45:36.6386570Z /Users/runner/work/early-android-game-runtime/early-android-game-runtime/Vendor/AOSP/frameworks-base/libs/androidfw/Asset.cpp:70:13: warning: 'sprintf' is deprecated: This function is provided for compatibility reasons only.  Due to security concerns inherent in the design of sprintf(3), it is highly recommended that you use snprintf(3) instead. [-Wdeprecated-declarations]
2026-09-27T16:45:36.6388000Z    70 |             sprintf(buf, ": %dK\n", (int)size);
2026-09-27T16:45:36.6388320Z       |             ^
2026-09-27T16:45:36.6389690Z /Applications/Xcode_27.app/Contents/Developer/Platforms/iPhoneSimulator.platform/Developer/SDKs/iPhoneSimulator27.0.sdk/usr/include/_stdio.h:278:1: note: 'sprintf' has been explicitly marked deprecated here
2026-09-27T16:45:36.6391180Z   278 | __deprecated_msg("This function is provided for compatibility reasons only.  Due to security concerns inherent in the design of sprintf(3), it is highly recommended that you use snprintf(3) instead.")
2026-09-27T16:45:36.6391970Z       | ^
2026-09-27T16:45:36.6392850Z /Applications/Xcode_27.app/Contents/Developer/Platforms/iPhoneSimulator.platform/Developer/SDKs/iPhoneSimulator27.0.sdk/usr/include/sys/cdefs.h:227:48: note: expanded from macro '__deprecated_msg'
2026-09-27T16:45:36.6393800Z   227 |         #define __deprecated_msg(_msg) __attribute__((__deprecated__(_msg)))
2026-09-27T16:45:36.6394380Z       |                                                       ^
2026-09-27T16:45:36.6415940Z /Users/runner/work/early-android-game-runtime/early-android-game-runtime/Vendor/AOSP/frameworks-base/libs/androidfw/Asset.cpp:388:16: warning: implicit conversion from 'android::(unnamed enum at /Users/runner/work/early-android-game-runtime/early-android-game-runtime/Vendor/AOSP/system-core/include/utils/Errors.h:45:1)' to 'status_t' (aka 'int') changes value from 2147483648 to -2147483648 [-Wconstant-conversion]
2026-09-27T16:45:36.6417500Z   388 |         return UNKNOWN_ERROR;
2026-09-27T16:45:36.6417760Z       |         ~~~~~~ ^~~~~~~~~~~~~
2026-09-27T16:45:36.6419130Z /Users/runner/work/early-android-game-runtime/early-android-game-runtime/Vendor/AOSP/frameworks-base/libs/androidfw/Asset.cpp:400:16: warning: implicit conversion from 'android::(unnamed enum at /Users/runner/work/early-android-game-runtime/early-android-game-runtime/Vendor/AOSP/system-core/include/utils/Errors.h:45:1)' to 'status_t' (aka 'int') changes value from 2147483648 to -2147483648 [-Wconstant-conversion]
2026-09-27T16:45:36.6420470Z   400 |         return UNKNOWN_ERROR;
2026-09-27T16:45:36.6421000Z       |         ~~~~~~ ^~~~~~~~~~~~~
2026-09-27T16:45:36.6431290Z /Users/runner/work/early-android-game-runtime/early-android-game-runtime/Vendor/AOSP/frameworks-base/libs/androidfw/Asset.cpp:709:16: warning: implicit conversion from 'android::(unnamed enum at /Users/runner/work/early-android-game-runtime/early-android-game-runtime/Vendor/AOSP/system-core/include/utils/Errors.h:45:1)' to 'status_t' (aka 'int') changes value from 2147483648 to -2147483648 [-Wconstant-conversion]
2026-09-27T16:45:36.6432610Z   709 |         return UNKNOWN_ERROR;
2026-09-27T16:45:36.6432990Z       |         ~~~~~~ ^~~~~~~~~~~~~
2026-09-27T16:45:36.6434380Z /Users/runner/work/early-android-game-runtime/early-android-game-runtime/Vendor/AOSP/frameworks-base/libs/androidfw/Asset.cpp:740:16: warning: implicit conversion from 'android::(unnamed enum at /Users/runner/work/early-android-game-runtime/early-android-game-runtime/Vendor/AOSP/system-core/include/utils/Errors.h:45:1)' to 'status_t' (aka 'int') changes value from 2147483648 to -2147483648 [-Wconstant-conversion]
2026-09-27T16:45:36.6435700Z   740 |         return UNKNOWN_ERROR;
2026-09-27T16:45:36.6436000Z       |         ~~~~~~ ^~~~~~~~~~~~~
2026-09-27T16:45:36.6838280Z 5 warnings generated.
2026-09-27T16:45:36.7641540Z In file included from /Users/runner/work/early-android-game-runtime/early-android-game-runtime/Vendor/AOSP/frameworks-base/libs/androidfw/AssetManager.cpp:27:
2026-09-27T16:45:36.7642730Z /Users/runner/work/early-android-game-runtime/early-android-game-runtime/Vendor/AOSP/frameworks-base/include/androidfw/AssetManager.h:40:1: warning: empty struct has size 0 in C, size 1 in C++ [-Wextern-c-compat]
2026-09-27T16:45:36.7643620Z    40 | struct AAssetManager { };
2026-09-27T16:45:36.7643960Z       | ^
2026-09-27T16:45:36.7860820Z In file included from /Users/runner/work/early-android-game-runtime/early-android-game-runtime/Vendor/AOSP/frameworks-base/libs/androidfw/AssetManager.cpp:25:
2026-09-27T16:45:36.7861930Z In file included from /Users/runner/work/early-android-game-runtime/early-android-game-runtime/Vendor/AOSP/frameworks-base/include/androidfw/Asset.h:30:
2026-09-27T16:45:36.7863210Z In file included from /Users/runner/work/early-android-game-runtime/early-android-game-runtime/Vendor/AOSP/system-core/include/utils/String8.h:23:
2026-09-27T16:45:36.7864770Z /Users/runner/work/early-android-game-runtime/early-android-game-runtime/Vendor/AOSP/system-core/include/utils/TypeHelpers.h:181:17: warning: first argument in call to 'memmove' is a pointer to non-trivially copyable type 'android::String8' [-Wnontrivial-memcall]
2026-09-27T16:45:36.7865690Z   181 |         memmove(d,s,n*sizeof(TYPE));
2026-09-27T16:45:36.7866040Z       |                 ^
2026-09-27T16:45:36.7866890Z /Users/runner/work/early-android-game-runtime/early-android-game-runtime/Vendor/AOSP/system-core/include/utils/Vector.h:410:5: note: in instantiation of function template specialization 'android::move_forward_type<android::String8>' requested here
2026-09-27T16:45:36.7868120Z   410 |     move_forward_type( reinterpret_cast<TYPE*>(dest), reinterpret_cast<const TYPE*>(from), num );
2026-09-27T16:45:36.7868590Z       |     ^
2026-09-27T16:45:36.7869450Z /Users/runner/work/early-android-game-runtime/early-android-game-runtime/Vendor/AOSP/system-core/include/utils/Vector.h:219:15: note: in instantiation of member function 'android::Vector<android::String8>::do_move_forward' requested here
2026-09-27T16:45:36.7870370Z   219 | Vector<TYPE>::Vector()
2026-09-27T16:45:36.7870630Z       |               ^
2026-09-27T16:45:36.7871570Z /Users/runner/work/early-android-game-runtime/early-android-game-runtime/Vendor/AOSP/frameworks-base/libs/androidfw/AssetManager.cpp:1456:21: note: in instantiation of member function 'android::Vector<android::String8>::Vector' requested here
2026-09-27T16:45:36.7872480Z  1456 |     Vector<String8> dirs;
2026-09-27T16:45:36.7872830Z       |                     ^
2026-09-27T16:45:36.7877010Z /Users/runner/work/early-android-game-runtime/early-android-game-runtime/Vendor/AOSP/system-core/include/utils/TypeHelpers.h:181:17: note: explicitly cast the pointer to silence this warning
2026-09-27T16:45:36.7877980Z   181 |         memmove(d,s,n*sizeof(TYPE));
2026-09-27T16:45:36.7878370Z       |                 ^
2026-09-27T16:45:36.7878610Z       |                 (void*)
2026-09-27T16:45:36.7879650Z /Users/runner/work/early-android-game-runtime/early-android-game-runtime/Vendor/AOSP/system-core/include/utils/TypeHelpers.h:204:17: warning: first argument in call to 'memmove' is a pointer to non-trivially copyable type 'android::String8' [-Wnontrivial-memcall]
2026-09-27T16:45:36.7880610Z   204 |         memmove(d,s,n*sizeof(TYPE));
2026-09-27T16:45:36.7880870Z       |                 ^
2026-09-27T16:45:36.7881770Z /Users/runner/work/early-android-game-runtime/early-android-game-runtime/Vendor/AOSP/system-core/include/utils/Vector.h:415:5: note: in instantiation of function template specialization 'android::move_backward_type<android::String8>' requested here
2026-09-27T16:45:36.7882920Z   415 |     move_backward_type( reinterpret_cast<TYPE*>(dest), reinterpret_cast<const TYPE*>(from), num );
2026-09-27T16:45:36.7883340Z       |     ^
2026-09-27T16:45:36.7884160Z /Users/runner/work/early-android-game-runtime/early-android-game-runtime/Vendor/AOSP/system-core/include/utils/Vector.h:219:15: note: in instantiation of member function 'android::Vector<android::String8>::do_move_backward' requested here
2026-09-27T16:45:36.7884990Z   219 | Vector<TYPE>::Vector()
2026-09-27T16:45:36.7885300Z       |               ^
2026-09-27T16:45:36.7886090Z /Users/runner/work/early-android-game-runtime/early-android-game-runtime/Vendor/AOSP/frameworks-base/libs/androidfw/AssetManager.cpp:1456:21: note: in instantiation of member function 'android::Vector<android::String8>::Vector' requested here
2026-09-27T16:45:36.7887030Z  1456 |     Vector<String8> dirs;
2026-09-27T16:45:36.7887320Z       |                     ^
2026-09-27T16:45:36.7888030Z /Users/runner/work/early-android-game-runtime/early-android-game-runtime/Vendor/AOSP/system-core/include/utils/TypeHelpers.h:204:17: note: explicitly cast the pointer to silence this warning
2026-09-27T16:45:36.7888990Z   204 |         memmove(d,s,n*sizeof(TYPE));
2026-09-27T16:45:36.7889240Z       |                 ^
2026-09-27T16:45:36.7889540Z       |                 (void*)
2026-09-27T16:45:36.7893200Z In file included from /Users/runner/work/early-android-game-runtime/early-android-game-runtime/Vendor/AOSP/frameworks-base/libs/androidfw/AssetManager.cpp:27:
2026-09-27T16:45:36.7894300Z In file included from /Users/runner/work/early-android-game-runtime/early-android-game-runtime/Vendor/AOSP/frameworks-base/include/androidfw/AssetManager.h:25:
2026-09-27T16:45:36.7895400Z In file included from /Users/runner/work/early-android-game-runtime/early-android-game-runtime/Vendor/AOSP/frameworks-base/include/androidfw/ZipFileRO.h:36:
2026-09-27T16:45:36.7896350Z In file included from /Users/runner/work/early-android-game-runtime/early-android-game-runtime/Vendor/AOSP/system-core/include/utils/threads.h:35:
2026-09-27T16:45:36.7897390Z In file included from /Users/runner/work/early-android-game-runtime/early-android-game-runtime/Vendor/AOSP/system-core/include/utils/Thread.h:31:
2026-09-27T16:45:36.7898930Z /Users/runner/work/early-android-game-runtime/early-android-game-runtime/Vendor/AOSP/system-core/include/utils/RefBase.h:490:17: warning: first argument in call to 'memmove' is a pointer to non-trivially copyable type 'sp<android::AssetManager::SharedZip>' [-Wnontrivial-memcall]
2026-09-27T16:45:36.7899940Z   490 |         memmove(d, s, n*sizeof(sp<TYPE>));
2026-09-27T16:45:36.7900260Z       |                 ^
2026-09-27T16:45:36.7901230Z /Users/runner/work/early-android-game-runtime/early-android-game-runtime/Vendor/AOSP/system-core/include/utils/RefBase.h:523:21: note: in instantiation of function template specialization 'android::ReferenceMover::move_references<android::AssetManager::SharedZip>' requested here
2026-09-27T16:45:36.7902390Z   523 |     ReferenceMover::move_references(d, s, n);
2026-09-27T16:45:36.7902800Z       |                     ^
2026-09-27T16:45:36.7903780Z /Users/runner/work/early-android-game-runtime/early-android-game-runtime/Vendor/AOSP/system-core/include/utils/Vector.h:410:5: note: in instantiation of function template specialization 'android::move_forward_type<android::AssetManager::SharedZip>' requested here
2026-09-27T16:45:36.7904850Z   410 |     move_forward_type( reinterpret_cast<TYPE*>(dest), reinterpret_cast<const TYPE*>(from), num );
2026-09-27T16:45:36.7905330Z       |     ^
2026-09-27T16:45:36.7906160Z /Users/runner/work/early-android-game-runtime/early-android-game-runtime/Vendor/AOSP/system-core/include/utils/Vector.h:219:15: note: in instantiation of member function 'android::Vector<android::sp<android::AssetManager::SharedZip> >::do_move_forward' requested here
2026-09-27T16:45:36.7907090Z   219 | Vector<TYPE>::Vector()
2026-09-27T16:45:36.7907310Z       |               ^
2026-09-27T16:45:36.7908240Z /Users/runner/work/early-android-game-runtime/early-android-game-runtime/Vendor/AOSP/frameworks-base/libs/androidfw/AssetManager.cpp:1916:23: note: in instantiation of member function 'android::Vector<android::sp<android::AssetManager::SharedZip> >::Vector' requested here
2026-09-27T16:45:36.7909220Z  1916 | AssetManager::ZipSet::ZipSet(void)
2026-09-27T16:45:36.7909520Z       |                       ^
2026-09-27T16:45:36.7910150Z /Users/runner/work/early-android-game-runtime/early-android-game-runtime/Vendor/AOSP/system-core/include/utils/RefBase.h:490:17: note: explicitly cast the pointer to silence this warning
2026-09-27T16:45:36.7910860Z   490 |         memmove(d, s, n*sizeof(sp<TYPE>));
2026-09-27T16:45:36.7911150Z       |                 ^
2026-09-27T16:45:36.7911460Z       |                 (void*)
2026-09-27T16:45:36.9532010Z 4 warnings generated.
2026-09-27T16:45:37.0377750Z /Users/runner/work/early-android-game-runtime/early-android-game-runtime/Vendor/AOSP/frameworks-base/libs/androidfw/ResourceTypes.cpp:110:28: warning: cast to 'void *' from smaller integer type 'uint32_t' (aka 'unsigned int') [-Wint-to-void-pointer-cast]
2026-09-27T16:45:37.0379310Z   110 |                      name, (void*)size,
2026-09-27T16:45:37.0380270Z       |                            ^~~~~~~~~~~
2026-09-27T16:45:37.0381570Z /Users/runner/work/early-android-game-runtime/early-android-game-runtime/Vendor/AOSP/system-core/include/log/log.h:129:51: note: expanded from macro 'ALOGW'
2026-09-27T16:45:37.0382750Z   129 | #define ALOGW(...) ((void)ALOG(LOG_WARN, LOG_TAG, __VA_ARGS__))
2026-09-27T16:45:37.0383460Z       |                                                   ^~~~~~~~~~~
2026-09-27T16:45:37.0384190Z /Users/runner/work/early-android-game-runtime/early-android-game-runtime/Vendor/AOSP/system-core/include/log/log.h:430:38: note: expanded from macro 'ALOG'
2026-09-27T16:45:37.0385230Z   430 |     LOG_PRI(ANDROID_##priority, tag, __VA_ARGS__)
2026-09-27T16:45:37.0385780Z       |                                      ^~~~~~~~~~~
2026-09-27T16:45:37.0386810Z /Users/runner/work/early-android-game-runtime/early-android-game-runtime/Vendor/AOSP/system-core/include/log/log.h:438:37: note: expanded from macro 'LOG_PRI'
2026-09-27T16:45:37.0387750Z   438 |     android_printLog(priority, tag, __VA_ARGS__)
2026-09-27T16:45:37.0388110Z       |                                     ^~~~~~~~~~~
2026-09-27T16:45:37.0388960Z /Users/runner/work/early-android-game-runtime/early-android-game-runtime/Vendor/AOSP/system-core/include/log/log.h:502:36: note: expanded from macro 'android_printLog'
2026-09-27T16:45:37.0389660Z   502 |     __android_log_print(prio, tag, fmt)
2026-09-27T16:45:37.0390070Z       |                                    ^~~
2026-09-27T16:45:37.0391830Z /Users/runner/work/early-android-game-runtime/early-android-game-runtime/Vendor/AOSP/frameworks-base/libs/androidfw/ResourceTypes.cpp:112:24: warning: implicit conversion from 'android::(unnamed enum at /Users/runner/work/early-android-game-runtime/early-android-game-runtime/Vendor/AOSP/system-core/include/utils/Errors.h:45:1)' to 'status_t' (aka 'int') changes value from 2147483649 to -2147483647 [-Wconstant-conversion]
2026-09-27T16:45:37.0393240Z   112 |                 return BAD_TYPE;
2026-09-27T16:45:37.0393610Z       |                 ~~~~~~ ^~~~~~~~
2026-09-27T16:45:37.0395090Z /Users/runner/work/early-android-game-runtime/early-android-game-runtime/Vendor/AOSP/frameworks-base/libs/androidfw/ResourceTypes.cpp:116:20: warning: implicit conversion from 'android::(unnamed enum at /Users/runner/work/early-android-game-runtime/early-android-game-runtime/Vendor/AOSP/system-core/include/utils/Errors.h:45:1)' to 'status_t' (aka 'int') changes value from 2147483649 to -2147483647 [-Wconstant-conversion]
2026-09-27T16:45:37.0396520Z   116 |             return BAD_TYPE;
2026-09-27T16:45:37.0397060Z       |             ~~~~~~ ^~~~~~~~
2026-09-27T16:45:37.0398150Z /Users/runner/work/early-android-game-runtime/early-android-game-runtime/Vendor/AOSP/frameworks-base/libs/androidfw/ResourceTypes.cpp:119:20: warning: cast to 'void *' from smaller integer type 'uint32_t' (aka 'unsigned int') [-Wint-to-void-pointer-cast]
2026-09-27T16:45:37.0399560Z   119 |              name, (void*)size, (void*)(int)headerSize);
2026-09-27T16:45:37.0400010Z       |                    ^~~~~~~~~~~
2026-09-27T16:45:37.0400740Z /Users/runner/work/early-android-game-runtime/early-android-game-runtime/Vendor/AOSP/system-core/include/log/log.h:129:51: note: expanded from macro 'ALOGW'
2026-09-27T16:45:37.0401690Z   129 | #define ALOGW(...) ((void)ALOG(LOG_WARN, LOG_TAG, __VA_ARGS__))
2026-09-27T16:45:37.0402510Z       |                                                   ^~~~~~~~~~~
2026-09-27T16:45:37.0409330Z /Users/runner/work/early-android-game-runtime/early-android-game-runtime/Vendor/AOSP/system-core/include/log/log.h:430:38: note: expanded from macro 'ALOG'
2026-09-27T16:45:37.0410760Z   430 |     LOG_PRI(ANDROID_##priority, tag, __VA_ARGS__)
2026-09-27T16:45:37.0411470Z       |                                      ^~~~~~~~~~~
2026-09-27T16:45:37.0413830Z /Users/runner/work/early-android-game-runtime/early-android-game-runtime/Vendor/AOSP/system-core/include/log/log.h:438:37: note: expanded from macro 'LOG_PRI'
2026-09-27T16:45:37.0414630Z   438 |     android_printLog(priority, tag, __VA_ARGS__)
2026-09-27T16:45:37.0415020Z       |                                     ^~~~~~~~~~~
2026-09-27T16:45:37.0433130Z /Users/runner/work/early-android-game-runtime/early-android-game-runtime/Vendor/AOSP/system-core/include/log/log.h:502:36: note: expanded from macro 'android_printLog'
2026-09-27T16:45:37.0433870Z   502 |     __android_log_print(prio, tag, fmt)
2026-09-27T16:45:37.0434200Z       |                                    ^~~
2026-09-27T16:45:37.0435160Z /Users/runner/work/early-android-game-runtime/early-android-game-runtime/Vendor/AOSP/frameworks-base/libs/androidfw/ResourceTypes.cpp:119:33: warning: cast to 'void *' from smaller integer type 'int' [-Wint-to-void-pointer-cast]
2026-09-27T16:45:37.0436000Z   119 |              name, (void*)size, (void*)(int)headerSize);
2026-09-27T16:45:37.0436390Z       |                                 ^~~~~~~~~~~~~~~~~~~~~~
2026-09-27T16:45:37.0437020Z /Users/runner/work/early-android-game-runtime/early-android-game-runtime/Vendor/AOSP/system-core/include/log/log.h:129:51: note: expanded from macro 'ALOGW'
2026-09-27T16:45:37.0437780Z   129 | #define ALOGW(...) ((void)ALOG(LOG_WARN, LOG_TAG, __VA_ARGS__))
2026-09-27T16:45:37.0438170Z       |                                                   ^~~~~~~~~~~
2026-09-27T16:45:37.0438770Z /Users/runner/work/early-android-game-runtime/early-android-game-runtime/Vendor/AOSP/system-core/include/log/log.h:430:38: note: expanded from macro 'ALOG'
2026-09-27T16:45:37.0439420Z   430 |     LOG_PRI(ANDROID_##priority, tag, __VA_ARGS__)
2026-09-27T16:45:37.0439760Z       |                                      ^~~~~~~~~~~
2026-09-27T16:45:37.0440410Z /Users/runner/work/early-android-game-runtime/early-android-game-runtime/Vendor/AOSP/system-core/include/log/log.h:438:37: note: expanded from macro 'LOG_PRI'
2026-09-27T16:45:37.0441600Z   438 |     android_printLog(priority, tag, __VA_ARGS__)
2026-09-27T16:45:37.0441870Z       |                                     ^~~~~~~~~~~
2026-09-27T16:45:37.0442450Z /Users/runner/work/early-android-game-runtime/early-android-game-runtime/Vendor/AOSP/system-core/include/log/log.h:502:36: note: expanded from macro 'android_printLog'
2026-09-27T16:45:37.0443010Z   502 |     __android_log_print(prio, tag, fmt)
2026-09-27T16:45:37.0443220Z       |                                    ^~~
2026-09-27T16:45:37.0444460Z /Users/runner/work/early-android-game-runtime/early-android-game-runtime/Vendor/AOSP/frameworks-base/libs/androidfw/ResourceTypes.cpp:120:16: warning: implicit conversion from 'android::(unnamed enum at /Users/runner/work/early-android-game-runtime/early-android-game-runtime/Vendor/AOSP/system-core/include/utils/Errors.h:45:1)' to 'status_t' (aka 'int') changes value from 2147483649 to -2147483647 [-Wconstant-conversion]
2026-09-27T16:45:37.0445790Z   120 |         return BAD_TYPE;
2026-09-27T16:45:37.0446070Z       |         ~~~~~~ ^~~~~~~~
2026-09-27T16:45:37.0446810Z /Users/runner/work/early-android-game-runtime/early-android-game-runtime/Vendor/AOSP/frameworks-base/libs/androidfw/ResourceTypes.cpp:123:16: warning: cast to 'void *' from smaller integer type 'int' [-Wint-to-void-pointer-cast]
2026-09-27T16:45:37.0447630Z   123 |          name, (void*)(int)headerSize);
2026-09-27T16:45:37.0447840Z       |                ^~~~~~~~~~~~~~~~~~~~~~
2026-09-27T16:45:37.0448360Z /Users/runner/work/early-android-game-runtime/early-android-game-runtime/Vendor/AOSP/system-core/include/log/log.h:129:51: note: expanded from macro 'ALOGW'
2026-09-27T16:45:37.0448940Z   129 | #define ALOGW(...) ((void)ALOG(LOG_WARN, LOG_TAG, __VA_ARGS__))
2026-09-27T16:45:37.0449230Z       |                                                   ^~~~~~~~~~~
2026-09-27T16:45:37.0449810Z /Users/runner/work/early-android-game-runtime/early-android-game-runtime/Vendor/AOSP/system-core/include/log/log.h:430:38: note: expanded from macro 'ALOG'
2026-09-27T16:45:37.0450590Z   430 |     LOG_PRI(ANDROID_##priority, tag, __VA_ARGS__)
2026-09-27T16:45:37.0450870Z       |                                      ^~~~~~~~~~~
2026-09-27T16:45:37.0451400Z /Users/runner/work/early-android-game-runtime/early-android-game-runtime/Vendor/AOSP/system-core/include/log/log.h:438:37: note: expanded from macro 'LOG_PRI'
2026-09-27T16:45:37.0452000Z   438 |     android_printLog(priority, tag, __VA_ARGS__)
2026-09-27T16:45:37.0452260Z       |                                     ^~~~~~~~~~~
2026-09-27T16:45:37.0452890Z /Users/runner/work/early-android-game-runtime/early-android-game-runtime/Vendor/AOSP/system-core/include/log/log.h:502:36: note: expanded from macro 'android_printLog'
2026-09-27T16:45:37.0453490Z   502 |     __android_log_print(prio, tag, fmt)
2026-09-27T16:45:37.0453790Z       |                                    ^~~
2026-09-27T16:45:37.0455020Z /Users/runner/work/early-android-game-runtime/early-android-game-runtime/Vendor/AOSP/frameworks-base/libs/androidfw/ResourceTypes.cpp:124:12: warning: implicit conversion from 'android::(unnamed enum at /Users/runner/work/early-android-game-runtime/early-android-game-runtime/Vendor/AOSP/system-core/include/utils/Errors.h:45:1)' to 'status_t' (aka 'int') changes value from 2147483649 to -2147483647 [-Wconstant-conversion]
2026-09-27T16:45:37.0456240Z   124 |     return BAD_TYPE;
2026-09-27T16:45:37.0456400Z       |     ~~~~~~ ^~~~~~~~
2026-09-27T16:45:37.0457650Z /Users/runner/work/early-android-game-runtime/early-android-game-runtime/Vendor/AOSP/frameworks-base/libs/androidfw/ResourceTypes.cpp:238:16: warning: implicit conversion from 'android::(unnamed enum at /Users/runner/work/early-android-game-runtime/early-android-game-runtime/Vendor/AOSP/system-core/include/utils/Errors.h:45:1)' to 'status_t' (aka 'int') changes value from 2147483648 to -2147483648 [-Wconstant-conversion]
2026-09-27T16:45:37.0458870Z   238 |         return UNKNOWN_ERROR;
2026-09-27T16:45:37.0459270Z       |         ~~~~~~ ^~~~~~~~~~~~~
2026-09-27T16:45:37.0460570Z /Users/runner/work/early-android-game-runtime/early-android-game-runtime/Vendor/AOSP/frameworks-base/libs/androidfw/ResourceTypes.cpp:249:16: warning: implicit conversion from 'android::(unnamed enum at /Users/runner/work/early-android-game-runtime/early-android-game-runtime/Vendor/AOSP/system-core/include/utils/Errors.h:45:1)' to 'status_t' (aka 'int') changes value from 2147483648 to -2147483648 [-Wconstant-conversion]
2026-09-27T16:45:37.0462070Z   249 |         return UNKNOWN_ERROR;
2026-09-27T16:45:37.0462280Z       |         ~~~~~~ ^~~~~~~~~~~~~
2026-09-27T16:45:37.0463670Z /Users/runner/work/early-android-game-runtime/early-android-game-runtime/Vendor/AOSP/frameworks-base/libs/androidfw/ResourceTypes.cpp:253:16: warning: implicit conversion from 'android::(unnamed enum at /Users/runner/work/early-android-game-runtime/early-android-game-runtime/Vendor/AOSP/system-core/include/utils/Errors.h:45:1)' to 'status_t' (aka 'int') changes value from 2147483648 to -2147483648 [-Wconstant-conversion]
2026-09-27T16:45:37.0464980Z   253 |         return UNKNOWN_ERROR;
2026-09-27T16:45:37.0465150Z       |         ~~~~~~ ^~~~~~~~~~~~~
2026-09-27T16:45:37.0466480Z /Users/runner/work/early-android-game-runtime/early-android-game-runtime/Vendor/AOSP/frameworks-base/libs/androidfw/ResourceTypes.cpp:263:16: warning: implicit conversion from 'android::(unnamed enum at /Users/runner/work/early-android-game-runtime/early-android-game-runtime/Vendor/AOSP/system-core/include/utils/Errors.h:45:1)' to 'status_t' (aka 'int') changes value from 2147483648 to -2147483648 [-Wconstant-conversion]
2026-09-27T16:45:37.0467900Z   263 |         return UNKNOWN_ERROR;
2026-09-27T16:45:37.0468110Z       |         ~~~~~~ ^~~~~~~~~~~~~
2026-09-27T16:45:37.0469490Z /Users/runner/work/early-android-game-runtime/early-android-game-runtime/Vendor/AOSP/frameworks-base/libs/androidfw/ResourceTypes.cpp:285:16: warning: implicit conversion from 'android::(unnamed enum at /Users/runner/work/early-android-game-runtime/early-android-game-runtime/Vendor/AOSP/system-core/include/utils/Errors.h:45:1)' to 'status_t' (aka 'int') changes value from 2147483648 to -2147483648 [-Wconstant-conversion]
2026-09-27T16:45:37.0470940Z   285 |         return UNKNOWN_ERROR;
2026-09-27T16:45:37.0471210Z       |         ~~~~~~ ^~~~~~~~~~~~~
2026-09-27T16:45:37.0472540Z /Users/runner/work/early-android-game-runtime/early-android-game-runtime/Vendor/AOSP/frameworks-base/libs/androidfw/ResourceTypes.cpp:328:24: warning: implicit conversion from 'android::(unnamed enum at /Users/runner/work/early-android-game-runtime/early-android-game-runtime/Vendor/AOSP/system-core/include/utils/Errors.h:45:1)' to 'status_t' (aka 'int') changes value from 2147483649 to -2147483647 [-Wconstant-conversion]
2026-09-27T16:45:37.0473760Z   328 |         return (mError=BAD_TYPE);
2026-09-27T16:45:37.0474030Z       |                       ~^~~~~~~~
2026-09-27T16:45:37.0475360Z /Users/runner/work/early-android-game-runtime/early-android-game-runtime/Vendor/AOSP/frameworks-base/libs/androidfw/ResourceTypes.cpp:362:24: warning: implicit conversion from 'android::(unnamed enum at /Users/runner/work/early-android-game-runtime/early-android-game-runtime/Vendor/AOSP/system-core/include/utils/Errors.h:45:1)' to 'status_t' (aka 'int') changes value from 2147483649 to -2147483647 [-Wconstant-conversion]
2026-09-27T16:45:37.0476710Z   362 |         return (mError=BAD_TYPE);
2026-09-27T16:45:37.0476950Z       |                       ~^~~~~~~~
2026-09-27T16:45:37.0478180Z /Users/runner/work/early-android-game-runtime/early-android-game-runtime/Vendor/AOSP/frameworks-base/libs/androidfw/ResourceTypes.cpp:375:28: warning: implicit conversion from 'android::(unnamed enum at /Users/runner/work/early-android-game-runtime/early-android-game-runtime/Vendor/AOSP/system-core/include/utils/Errors.h:45:1)' to 'status_t' (aka 'int') changes value from 2147483649 to -2147483647 [-Wconstant-conversion]
2026-09-27T16:45:37.0479400Z   375 |             return (mError=BAD_TYPE);
2026-09-27T16:45:37.0479760Z       |                           ~^~~~~~~~
2026-09-27T16:45:37.0481010Z /Users/runner/work/early-android-game-runtime/early-android-game-runtime/Vendor/AOSP/frameworks-base/libs/androidfw/ResourceTypes.cpp:390:28: warning: implicit conversion from 'android::(unnamed enum at /Users/runner/work/early-android-game-runtime/early-android-game-runtime/Vendor/AOSP/system-core/include/utils/Errors.h:45:1)' to 'status_t' (aka 'int') changes value from 2147483649 to -2147483647 [-Wconstant-conversion]
2026-09-27T16:45:37.0482220Z   390 |             return (mError=BAD_TYPE);
2026-09-27T16:45:37.0482420Z       |                           ~^~~~~~~~
2026-09-27T16:45:37.0483630Z /Users/runner/work/early-android-game-runtime/early-android-game-runtime/Vendor/AOSP/frameworks-base/libs/androidfw/ResourceTypes.cpp:400:32: warning: implicit conversion from 'android::(unnamed enum at /Users/runner/work/early-android-game-runtime/early-android-game-runtime/Vendor/AOSP/system-core/include/utils/Errors.h:45:1)' to 'status_t' (aka 'int') changes value from 2147483649 to -2147483647 [-Wconstant-conversion]
2026-09-27T16:45:37.0484850Z   400 |                 return (mError=BAD_TYPE);
2026-09-27T16:45:37.0485060Z       |                               ~^~~~~~~~
2026-09-27T16:45:37.0486270Z /Users/runner/work/early-android-game-runtime/early-android-game-runtime/Vendor/AOSP/frameworks-base/libs/androidfw/ResourceTypes.cpp:406:32: warning: implicit conversion from 'android::(unnamed enum at /Users/runner/work/early-android-game-runtime/early-android-game-runtime/Vendor/AOSP/system-core/include/utils/Errors.h:45:1)' to 'status_t' (aka 'int') changes value from 2147483649 to -2147483647 [-Wconstant-conversion]
2026-09-27T16:45:37.0487490Z   406 |                 return (mError=BAD_TYPE);
2026-09-27T16:45:37.0487700Z       |                               ~^~~~~~~~
2026-09-27T16:45:37.0488920Z /Users/runner/work/early-android-game-runtime/early-android-game-runtime/Vendor/AOSP/frameworks-base/libs/androidfw/ResourceTypes.cpp:415:28: warning: implicit conversion from 'android::(unnamed enum at /Users/runner/work/early-android-game-runtime/early-android-game-runtime/Vendor/AOSP/system-core/include/utils/Errors.h:45:1)' to 'status_t' (aka 'int') changes value from 2147483649 to -2147483647 [-Wconstant-conversion]
2026-09-27T16:45:37.0490250Z   415 |             return (mError=BAD_TYPE);
2026-09-27T16:45:37.0490460Z       |                           ~^~~~~~~~
2026-09-27T16:45:37.0491220Z /Users/runner/work/early-android-game-runtime/early-android-game-runtime/Vendor/AOSP/frameworks-base/libs/androidfw/ResourceTypes.cpp:435:18: warning: logical not is only applied to the left hand side of this bitwise operator [-Wlogical-not-parentheses]
2026-09-27T16:45:37.0492080Z   435 |                 (!mHeader->flags&ResStringPool_header::UTF8_FLAG &&
2026-09-27T16:45:37.0492340Z       |                  ^              ~
2026-09-27T16:45:37.0493010Z /Users/runner/work/early-android-game-runtime/early-android-game-runtime/Vendor/AOSP/frameworks-base/libs/androidfw/ResourceTypes.cpp:435:18: note: add parentheses after the '!' to evaluate the bitwise operator first
2026-09-27T16:45:37.0493750Z   435 |                 (!mHeader->flags&ResStringPool_header::UTF8_FLAG &&
2026-09-27T16:45:37.0493990Z       |                  ^
2026-09-27T16:45:37.0494180Z       |                   (                                             )
2026-09-27T16:45:37.0494900Z /Users/runner/work/early-android-game-runtime/early-android-game-runtime/Vendor/AOSP/frameworks-base/libs/androidfw/ResourceTypes.cpp:435:18: note: add parentheses around left hand side expression to silence this warning
2026-09-27T16:45:37.0495650Z   435 |                 (!mHeader->flags&ResStringPool_header::UTF8_FLAG &&
2026-09-27T16:45:37.0495900Z       |                  ^              
2026-09-27T16:45:37.0496080Z       |                  (              )
2026-09-27T16:45:37.0497410Z /Users/runner/work/early-android-game-runtime/early-android-game-runtime/Vendor/AOSP/frameworks-base/libs/androidfw/ResourceTypes.cpp:438:28: warning: implicit conversion from 'android::(unnamed enum at /Users/runner/work/early-android-game-runtime/early-android-game-runtime/Vendor/AOSP/system-core/include/utils/Errors.h:45:1)' to 'status_t' (aka 'int') changes value from 2147483649 to -2147483647 [-Wconstant-conversion]
2026-09-27T16:45:37.0498630Z   438 |             return (mError=BAD_TYPE);
2026-09-27T16:45:37.0498830Z       |                           ~^~~~~~~~
2026-09-27T16:45:37.0500030Z /Users/runner/work/early-android-game-runtime/early-android-game-runtime/Vendor/AOSP/frameworks-base/libs/androidfw/ResourceTypes.cpp:450:28: warning: implicit conversion from 'android::(unnamed enum at /Users/runner/work/early-android-game-runtime/early-android-game-runtime/Vendor/AOSP/system-core/include/utils/Errors.h:45:1)' to 'status_t' (aka 'int') changes value from 2147483649 to -2147483647 [-Wconstant-conversion]
2026-09-27T16:45:37.0501270Z   450 |             return (mError=BAD_TYPE);
2026-09-27T16:45:37.0501510Z       |                           ~^~~~~~~~
2026-09-27T16:45:37.0502720Z /Users/runner/work/early-android-game-runtime/early-android-game-runtime/Vendor/AOSP/frameworks-base/libs/androidfw/ResourceTypes.cpp:457:28: warning: implicit conversion from 'android::(unnamed enum at /Users/runner/work/early-android-game-runtime/early-android-game-runtime/Vendor/AOSP/system-core/include/utils/Errors.h:45:1)' to 'status_t' (aka 'int') changes value from 2147483649 to -2147483647 [-Wconstant-conversion]
2026-09-27T16:45:37.0503930Z   457 |             return (mError=BAD_TYPE);
2026-09-27T16:45:37.0504120Z       |                           ~^~~~~~~~
2026-09-27T16:45:37.0505360Z /Users/runner/work/early-android-game-runtime/early-android-game-runtime/Vendor/AOSP/frameworks-base/libs/androidfw/ResourceTypes.cpp:464:28: warning: implicit conversion from 'android::(unnamed enum at /Users/runner/work/early-android-game-runtime/early-android-game-runtime/Vendor/AOSP/system-core/include/utils/Errors.h:45:1)' to 'status_t' (aka 'int') changes value from 2147483649 to -2147483647 [-Wconstant-conversion]
2026-09-27T16:45:37.0506680Z   464 |             return (mError=BAD_TYPE);
2026-09-27T16:45:37.0506880Z       |                           ~^~~~~~~~
2026-09-27T16:45:37.0508070Z /Users/runner/work/early-android-game-runtime/early-android-game-runtime/Vendor/AOSP/frameworks-base/libs/androidfw/ResourceTypes.cpp:488:28: warning: implicit conversion from 'android::(unnamed enum at /Users/runner/work/early-android-game-runtime/early-android-game-runtime/Vendor/AOSP/system-core/include/utils/Errors.h:45:1)' to 'status_t' (aka 'int') changes value from 2147483649 to -2147483647 [-Wconstant-conversion]
2026-09-27T16:45:37.0509280Z   488 |             return (mError=BAD_TYPE);
2026-09-27T16:45:37.0509470Z       |                           ~^~~~~~~~
2026-09-27T16:45:37.0511040Z /Users/runner/work/early-android-game-runtime/early-android-game-runtime/Vendor/AOSP/frameworks-base/libs/androidfw/ResourceTypes.cpp:1349:24: warning: implicit conversion from 'android::(unnamed enum at /Users/runner/work/early-android-game-runtime/early-android-game-runtime/Vendor/AOSP/system-core/include/utils/Errors.h:45:1)' to 'status_t' (aka 'int') changes value from 2147483649 to -2147483647 [-Wconstant-conversion]
2026-09-27T16:45:37.0512410Z  1349 |         return (mError=BAD_TYPE);
2026-09-27T16:45:37.0512630Z       |                       ~^~~~~~~~
2026-09-27T16:45:37.0513890Z /Users/runner/work/early-android-game-runtime/early-android-game-runtime/Vendor/AOSP/frameworks-base/libs/androidfw/ResourceTypes.cpp:1367:18: warning: implicit conversion from 'android::(unnamed enum at /Users/runner/work/early-android-game-runtime/early-android-game-runtime/Vendor/AOSP/system-core/include/utils/Errors.h:45:1)' to 'status_t' (aka 'int') changes value from 2147483649 to -2147483647 [-Wconstant-conversion]
2026-09-27T16:45:37.0515100Z  1367 |         mError = BAD_TYPE;
2026-09-27T16:45:37.0515270Z       |                ~ ^~~~~~~~
2026-09-27T16:45:37.0516680Z /Users/runner/work/early-android-game-runtime/early-android-game-runtime/Vendor/AOSP/frameworks-base/libs/androidfw/ResourceTypes.cpp:1403:26: warning: implicit conversion from 'android::(unnamed enum at /Users/runner/work/early-android-game-runtime/early-android-game-runtime/Vendor/AOSP/system-core/include/utils/Errors.h:45:1)' to 'status_t' (aka 'int') changes value from 2147483649 to -2147483647 [-Wconstant-conversion]
2026-09-27T16:45:37.0518010Z  1403 |                 mError = BAD_TYPE;
2026-09-27T16:45:37.0518210Z       |                        ~ ^~~~~~~~
2026-09-27T16:45:37.0519420Z /Users/runner/work/early-android-game-runtime/early-android-game-runtime/Vendor/AOSP/frameworks-base/libs/androidfw/ResourceTypes.cpp:1408:26: warning: implicit conversion from 'android::(unnamed enum at /Users/runner/work/early-android-game-runtime/early-android-game-runtime/Vendor/AOSP/system-core/include/utils/Errors.h:45:1)' to 'status_t' (aka 'int') changes value from 2147483649 to -2147483647 [-Wconstant-conversion]
2026-09-27T16:45:37.0520640Z  1408 |                 mError = BAD_TYPE;
2026-09-27T16:45:37.0520830Z       |                        ~ ^~~~~~~~
2026-09-27T16:45:37.0522030Z /Users/runner/work/early-android-game-runtime/early-android-game-runtime/Vendor/AOSP/frameworks-base/libs/androidfw/ResourceTypes.cpp:1425:18: warning: implicit conversion from 'android::(unnamed enum at /Users/runner/work/early-android-game-runtime/early-android-game-runtime/Vendor/AOSP/system-core/include/utils/Errors.h:45:1)' to 'status_t' (aka 'int') changes value from 2147483649 to -2147483647 [-Wconstant-conversion]
2026-09-27T16:45:37.0523230Z  1425 |         mError = BAD_TYPE;
2026-09-27T16:45:37.0523430Z       |                ~ ^~~~~~~~
2026-09-27T16:45:37.0524670Z /Users/runner/work/early-android-game-runtime/early-android-game-runtime/Vendor/AOSP/frameworks-base/libs/androidfw/ResourceTypes.cpp:1486:16: warning: implicit conversion from 'android::(unnamed enum at /Users/runner/work/early-android-game-runtime/early-android-game-runtime/Vendor/AOSP/system-core/include/utils/Errors.h:45:1)' to 'status_t' (aka 'int') changes value from 2147483649 to -2147483647 [-Wconstant-conversion]
2026-09-27T16:45:37.0526040Z  1486 |         return BAD_TYPE;
2026-09-27T16:45:37.0526210Z       |         ~~~~~~ ^~~~~~~~
2026-09-27T16:45:37.0533370Z /Users/runner/work/early-android-game-runtime/early-android-game-runtime/Vendor/AOSP/frameworks-base/libs/androidfw/ResourceTypes.cpp:2895:16: warning: implicit conversion from 'android::(unnamed enum at /Users/runner/work/early-android-game-runtime/early-android-game-runtime/Vendor/AOSP/system-core/include/utils/Errors.h:45:1)' to 'status_t' (aka 'int') changes value from 2147483648 to -2147483648 [-Wconstant-conversion]
2026-09-27T16:45:37.0534580Z  2895 |         return UNKNOWN_ERROR;
2026-09-27T16:45:37.0534760Z       |         ~~~~~~ ^~~~~~~~~~~~~
2026-09-27T16:45:37.0536710Z /Users/runner/work/early-android-game-runtime/early-android-game-runtime/Vendor/AOSP/frameworks-base/libs/androidfw/ResourceTypes.cpp:2972:24: warning: implicit conversion from 'android::(unnamed enum at /Users/runner/work/early-android-game-runtime/early-android-game-runtime/Vendor/AOSP/system-core/include/utils/Errors.h:45:1)' to 'status_t' (aka 'int') changes value from 2147483649 to -2147483647 [-Wconstant-conversion]
2026-09-27T16:45:37.0537930Z  2972 |         return (mError=BAD_TYPE);
2026-09-27T16:45:37.0538120Z       |                       ~^~~~~~~~
2026-09-27T16:45:37.0539420Z /Users/runner/work/early-android-game-runtime/early-android-game-runtime/Vendor/AOSP/frameworks-base/libs/androidfw/ResourceTypes.cpp:2978:24: warning: implicit conversion from 'android::(unnamed enum at /Users/runner/work/early-android-game-runtime/early-android-game-runtime/Vendor/AOSP/system-core/include/utils/Errors.h:45:1)' to 'status_t' (aka 'int') changes value from 2147483649 to -2147483647 [-Wconstant-conversion]
2026-09-27T16:45:37.0540770Z  2978 |         return (mError=BAD_TYPE);
2026-09-27T16:45:37.0540970Z       |                       ~^~~~~~~~
2026-09-27T16:45:37.0542450Z /Users/runner/work/early-android-game-runtime/early-android-game-runtime/Vendor/AOSP/frameworks-base/libs/androidfw/ResourceTypes.cpp:3014:32: warning: implicit conversion from 'android::(unnamed enum at /Users/runner/work/early-android-game-runtime/early-android-game-runtime/Vendor/AOSP/system-core/include/utils/Errors.h:45:1)' to 'status_t' (aka 'int') changes value from 2147483649 to -2147483647 [-Wconstant-conversion]
2026-09-27T16:45:37.0543760Z  3014 |                 return (mError=BAD_TYPE);
2026-09-27T16:45:37.0543970Z       |                               ~^~~~~~~~
2026-09-27T16:45:37.0544680Z /Users/runner/work/early-android-game-runtime/early-android-game-runtime/Vendor/AOSP/frameworks-base/libs/androidfw/ResourceTypes.cpp:3031:18: warning: cast to 'void *' from smaller integer type 'int' [-Wint-to-void-pointer-cast]
2026-09-27T16:45:37.0545410Z  3031 |                  (void*)(int)(ctype),
2026-09-27T16:45:37.0545600Z       |                  ^~~~~~~~~~~~~~~~~~~
2026-09-27T16:45:37.0546130Z /Users/runner/work/early-android-game-runtime/early-android-game-runtime/Vendor/AOSP/system-core/include/log/log.h:129:51: note: expanded from macro 'ALOGW'
2026-09-27T16:45:37.0546790Z   129 | #define ALOGW(...) ((void)ALOG(LOG_WARN, LOG_TAG, __VA_ARGS__))
2026-09-27T16:45:37.0547130Z       |                                                   ^~~~~~~~~~~
2026-09-27T16:45:37.0547790Z /Users/runner/work/early-android-game-runtime/early-android-game-runtime/Vendor/AOSP/system-core/include/log/log.h:430:38: note: expanded from macro 'ALOG'
2026-09-27T16:45:37.0548500Z   430 |     LOG_PRI(ANDROID_##priority, tag, __VA_ARGS__)
2026-09-27T16:45:37.0548750Z       |                                      ^~~~~~~~~~~
2026-09-27T16:45:37.0549310Z /Users/runner/work/early-android-game-runtime/early-android-game-runtime/Vendor/AOSP/system-core/include/log/log.h:438:37: note: expanded from macro 'LOG_PRI'
2026-09-27T16:45:37.0549880Z   438 |     android_printLog(priority, tag, __VA_ARGS__)
2026-09-27T16:45:37.0550370Z       |                                     ^~~~~~~~~~~
2026-09-27T16:45:37.0550950Z /Users/runner/work/early-android-game-runtime/early-android-game-runtime/Vendor/AOSP/system-core/include/log/log.h:502:36: note: expanded from macro 'android_printLog'
2026-09-27T16:45:37.0551590Z   502 |     __android_log_print(prio, tag, fmt)
2026-09-27T16:45:37.0551810Z       |                                    ^~~
2026-09-27T16:45:37.0553070Z /Users/runner/work/early-android-game-runtime/early-android-game-runtime/Vendor/AOSP/frameworks-base/libs/androidfw/ResourceTypes.cpp:3041:24: warning: implicit conversion from 'android::(unnamed enum at /Users/runner/work/early-android-game-runtime/early-android-game-runtime/Vendor/AOSP/system-core/include/utils/Errors.h:45:1)' to 'status_t' (aka 'int') changes value from 2147483649 to -2147483647 [-Wconstant-conversion]
2026-09-27T16:45:37.0554330Z  3041 |         return (mError=BAD_TYPE);
2026-09-27T16:45:37.0554530Z       |                       ~^~~~~~~~
2026-09-27T16:45:37.0555440Z /Users/runner/work/early-android-game-runtime/early-android-game-runtime/Vendor/AOSP/frameworks-base/libs/androidfw/ResourceTypes.cpp:3248:22: warning: cast to 'void *' from smaller integer type 'uint32_t' (aka 'unsigned int') [-Wint-to-void-pointer-cast]
2026-09-27T16:45:37.0556380Z  3248 |                      (void*)resID);
2026-09-27T16:45:37.0556650Z       |                      ^~~~~~~~~~~~
2026-09-27T16:45:37.0557230Z /Users/runner/work/early-android-game-runtime/early-android-game-runtime/Vendor/AOSP/system-core/include/log/log.h:129:51: note: expanded from macro 'ALOGW'
2026-09-27T16:45:37.0557880Z   129 | #define ALOGW(...) ((void)ALOG(LOG_WARN, LOG_TAG, __VA_ARGS__))
2026-09-27T16:45:37.0558230Z       |                                                   ^~~~~~~~~~~
2026-09-27T16:45:37.0558840Z /Users/runner/work/early-android-game-runtime/early-android-game-runtime/Vendor/AOSP/system-core/include/log/log.h:430:38: note: expanded from macro 'ALOG'
2026-09-27T16:45:37.0559680Z   430 |     LOG_PRI(ANDROID_##priority, tag, __VA_ARGS__)
2026-09-27T16:45:37.0560010Z       |                                      ^~~~~~~~~~~
2026-09-27T16:45:37.0560630Z /Users/runner/work/early-android-game-runtime/early-android-game-runtime/Vendor/AOSP/system-core/include/log/log.h:438:37: note: expanded from macro 'LOG_PRI'
2026-09-27T16:45:37.0561270Z   438 |     android_printLog(priority, tag, __VA_ARGS__)
2026-09-27T16:45:37.0561570Z       |                                     ^~~~~~~~~~~
2026-09-27T16:45:37.0562220Z /Users/runner/work/early-android-game-runtime/early-android-game-runtime/Vendor/AOSP/system-core/include/log/log.h:502:36: note: expanded from macro 'android_printLog'
2026-09-27T16:45:37.0562940Z   502 |     __android_log_print(prio, tag, fmt)
2026-09-27T16:45:37.0563210Z       |                                    ^~~
2026-09-27T16:45:37.0566320Z /Users/runner/work/early-android-game-runtime/early-android-game-runtime/Vendor/AOSP/frameworks-base/libs/androidfw/ResourceTypes.cpp:3509:40: warning: format specifies type 'int' but the argument has type 'ssize_t' (aka 'long') [-Wformat]
2026-09-27T16:45:37.0567220Z  3509 |         ALOGV("Resulting offset=%d\n", offset);
2026-09-27T16:45:37.0567520Z       |                                 ~~     ^~~~~~
2026-09-27T16:45:37.0568610Z       |                                 %ld
2026-09-27T16:45:37.0569620Z /Users/runner/work/early-android-game-runtime/early-android-game-runtime/Vendor/AOSP/system-core/include/log/log.h:80:54: note: expanded from macro 'ALOGV'
2026-09-27T16:45:37.0570350Z    80 | #define ALOGV(...) ((void)ALOG(LOG_VERBOSE, LOG_TAG, __VA_ARGS__))
2026-09-27T16:45:37.0570720Z       |                                                      ^~~~~~~~~~~
2026-09-27T16:45:37.0571430Z /Users/runner/work/early-android-game-runtime/early-android-game-runtime/Vendor/AOSP/system-core/include/log/log.h:430:38: note: expanded from macro 'ALOG'
2026-09-27T16:45:37.0572650Z   430 |     LOG_PRI(ANDROID_##priority, tag, __VA_ARGS__)
2026-09-27T16:45:37.0573120Z       |                                      ^~~~~~~~~~~
2026-09-27T16:45:37.0573740Z /Users/runner/work/early-android-game-runtime/early-android-game-runtime/Vendor/AOSP/system-core/include/log/log.h:438:37: note: expanded from macro 'LOG_PRI'
2026-09-27T16:45:37.0575040Z   438 |     android_printLog(priority, tag, __VA_ARGS__)
2026-09-27T16:45:37.0575370Z       |                                     ^~~~~~~~~~~
2026-09-27T16:45:37.0576040Z /Users/runner/work/early-android-game-runtime/early-android-game-runtime/Vendor/AOSP/system-core/include/log/log.h:502:36: note: expanded from macro 'android_printLog'
2026-09-27T16:45:37.0576690Z   502 |     __android_log_print(prio, tag, fmt)
2026-09-27T16:45:37.0576970Z       |                                    ^~~
2026-09-27T16:45:37.0578010Z /Users/runner/work/early-android-game-runtime/early-android-game-runtime/Vendor/AOSP/frameworks-base/libs/androidfw/ResourceTypes.cpp:3524:18: warning: cast to 'void *' from smaller integer type 'uint32_t' (aka 'unsigned int') [-Wint-to-void-pointer-cast]
2026-09-27T16:45:37.0579170Z  3524 |                  (void*)resID, (int)ip);
2026-09-27T16:45:37.0579410Z       |                  ^~~~~~~~~~~~
2026-09-27T16:45:37.0580040Z /Users/runner/work/early-android-game-runtime/early-android-game-runtime/Vendor/AOSP/system-core/include/log/log.h:129:51: note: expanded from macro 'ALOGW'
2026-09-27T16:45:37.0580640Z   129 | #define ALOGW(...) ((void)ALOG(LOG_WARN, LOG_TAG, __VA_ARGS__))
2026-09-27T16:45:37.0580930Z       |                                                   ^~~~~~~~~~~
2026-09-27T16:45:37.0581470Z /Users/runner/work/early-android-game-runtime/early-android-game-runtime/Vendor/AOSP/system-core/include/log/log.h:430:38: note: expanded from macro 'ALOG'
2026-09-27T16:45:37.0582030Z   430 |     LOG_PRI(ANDROID_##priority, tag, __VA_ARGS__)
2026-09-27T16:45:37.0582260Z       |                                      ^~~~~~~~~~~
2026-09-27T16:45:37.0583040Z /Users/runner/work/early-android-game-runtime/early-android-game-runtime/Vendor/AOSP/system-core/include/log/log.h:438:37: note: expanded from macro 'LOG_PRI'
2026-09-27T16:45:37.0583620Z   438 |     android_printLog(priority, tag, __VA_ARGS__)
2026-09-27T16:45:37.0583850Z       |                                     ^~~~~~~~~~~
2026-09-27T16:45:37.0584400Z /Users/runner/work/early-android-game-runtime/early-android-game-runtime/Vendor/AOSP/system-core/include/log/log.h:502:36: note: expanded from macro 'android_printLog'
2026-09-27T16:45:37.0584970Z   502 |     __android_log_print(prio, tag, fmt)
2026-09-27T16:45:37.0585180Z       |                                    ^~~
2026-09-27T16:45:37.0624060Z /Users/runner/work/early-android-game-runtime/early-android-game-runtime/Vendor/AOSP/frameworks-base/libs/androidfw/ResourceTypes.cpp:5121:14: warning: cast to 'void *' from smaller integer type 'uint32_t' (aka 'unsigned int') [-Wint-to-void-pointer-cast]
2026-09-27T16:45:37.0625140Z  5120 |         ALOGW("ResTable_package type strings at %p are past chunk size %p.",
2026-09-27T16:45:37.0625580Z       |         ~~~~~~~~~~~~~~~~~~~~~~~~~~~~~~~~~~~~~~~~~~~~~~~~~~~~~~~~~~~~~~~~~~~~
2026-09-27T16:45:37.0625920Z  5121 |              (void*)dtohl(pkg->typeStrings), (void*)pkgSize);
2026-09-27T16:45:37.0626230Z       |              ^~~~~~~~~~~~~~~~~~~~~~~~~~~~~~~~~~~~~~~~~~~~~~~
2026-09-27T16:45:37.0626800Z /Users/runner/work/early-android-game-runtime/early-android-game-runtime/Vendor/AOSP/system-core/include/log/log.h:129:51: note: expanded from macro 'ALOGW'
2026-09-27T16:45:37.0627400Z   129 | #define ALOGW(...) ((void)ALOG(LOG_WARN, LOG_TAG, __VA_ARGS__))
2026-09-27T16:45:37.0627700Z       |                           ~~~~~~~~~~~~~~~~~~~~~~~~^~~~~~~~~~~~
2026-09-27T16:45:37.0628330Z /Users/runner/work/early-android-game-runtime/early-android-game-runtime/Vendor/AOSP/system-core/include/log/log.h:430:38: note: expanded from macro 'ALOG'
2026-09-27T16:45:37.0628970Z   430 |     LOG_PRI(ANDROID_##priority, tag, __VA_ARGS__)
2026-09-27T16:45:37.0629230Z       |     ~~~~~~~~~~~~~~~~~~~~~~~~~~~~~~~~~^~~~~~~~~~~~
2026-09-27T16:45:37.0629960Z /Users/runner/work/early-android-game-runtime/early-android-game-runtime/Vendor/AOSP/system-core/include/log/log.h:438:37: note: expanded from macro 'LOG_PRI'
2026-09-27T16:45:37.0630560Z   438 |     android_printLog(priority, tag, __VA_ARGS__)
2026-09-27T16:45:37.0630810Z       |     ~~~~~~~~~~~~~~~~~~~~~~~~~~~~~~~~^~~~~~~~~~~~
2026-09-27T16:45:37.0631430Z /Users/runner/work/early-android-game-runtime/early-android-game-runtime/Vendor/AOSP/system-core/include/log/log.h:502:36: note: expanded from macro 'android_printLog'
2026-09-27T16:45:37.0632080Z   502 |     __android_log_print(prio, tag, fmt)
2026-09-27T16:45:37.0632310Z       |                                    ^~~
2026-09-27T16:45:37.0633590Z /Users/runner/work/early-android-game-runtime/early-android-game-runtime/Vendor/AOSP/frameworks-base/libs/androidfw/ResourceTypes.cpp:5122:24: warning: implicit conversion from 'android::(unnamed enum at /Users/runner/work/early-android-game-runtime/early-android-game-runtime/Vendor/AOSP/system-core/include/utils/Errors.h:45:1)' to 'status_t' (aka 'int') changes value from 2147483649 to -2147483647 [-Wconstant-conversion]
2026-09-27T16:45:37.0635000Z  5122 |         return (mError=BAD_TYPE);
2026-09-27T16:45:37.0635230Z       |                       ~^~~~~~~~
2026-09-27T16:45:37.0635990Z /Users/runner/work/early-android-game-runtime/early-android-game-runtime/Vendor/AOSP/frameworks-base/libs/androidfw/ResourceTypes.cpp:5126:14: warning: cast to 'void *' from smaller integer type 'uint32_t' (aka 'unsigned int') [-Wint-to-void-pointer-cast]
2026-09-27T16:45:37.0636880Z  5125 |         ALOGW("ResTable_package type strings at %p is not on an integer boundary.",
2026-09-27T16:45:37.0637260Z       |         ~~~~~~~~~~~~~~~~~~~~~~~~~~~~~~~~~~~~~~~~~~~~~~~~~~~~~~~~~~~~~~~~~~~~~~~~~~~
2026-09-27T16:45:37.0637550Z  5126 |              (void*)dtohl(pkg->typeStrings));
2026-09-27T16:45:37.0637820Z       |              ^~~~~~~~~~~~~~~~~~~~~~~~~~~~~~~
2026-09-27T16:45:37.0638560Z /Users/runner/work/early-android-game-runtime/early-android-game-runtime/Vendor/AOSP/system-core/include/log/log.h:129:51: note: expanded from macro 'ALOGW'
2026-09-27T16:45:37.0639150Z   129 | #define ALOGW(...) ((void)ALOG(LOG_WARN, LOG_TAG, __VA_ARGS__))
2026-09-27T16:45:37.0639440Z       |                           ~~~~~~~~~~~~~~~~~~~~~~~~^~~~~~~~~~~~
2026-09-27T16:45:37.0639990Z /Users/runner/work/early-android-game-runtime/early-android-game-runtime/Vendor/AOSP/system-core/include/log/log.h:430:38: note: expanded from macro 'ALOG'
2026-09-27T16:45:37.0640540Z   430 |     LOG_PRI(ANDROID_##priority, tag, __VA_ARGS__)
2026-09-27T16:45:37.0640820Z       |     ~~~~~~~~~~~~~~~~~~~~~~~~~~~~~~~~~^~~~~~~~~~~~
2026-09-27T16:45:37.0641590Z /Users/runner/work/early-android-game-runtime/early-android-game-runtime/Vendor/AOSP/system-core/include/log/log.h:438:37: note: expanded from macro 'LOG_PRI'
2026-09-27T16:45:37.0642310Z   438 |     android_printLog(priority, tag, __VA_ARGS__)
2026-09-27T16:45:37.0642700Z       |     ~~~~~~~~~~~~~~~~~~~~~~~~~~~~~~~~^~~~~~~~~~~~
2026-09-27T16:45:37.0643460Z /Users/runner/work/early-android-game-runtime/early-android-game-runtime/Vendor/AOSP/system-core/include/log/log.h:502:36: note: expanded from macro 'android_printLog'
2026-09-27T16:45:37.0644160Z   502 |     __android_log_print(prio, tag, fmt)
2026-09-27T16:45:37.0644430Z       |                                    ^~~
2026-09-27T16:45:37.0645890Z /Users/runner/work/early-android-game-runtime/early-android-game-runtime/Vendor/AOSP/frameworks-base/libs/androidfw/ResourceTypes.cpp:5127:24: warning: implicit conversion from 'android::(unnamed enum at /Users/runner/work/early-android-game-runtime/early-android-game-runtime/Vendor/AOSP/system-core/include/utils/Errors.h:45:1)' to 'status_t' (aka 'int') changes value from 2147483649 to -2147483647 [-Wconstant-conversion]
2026-09-27T16:45:37.0647400Z  5127 |         return (mError=BAD_TYPE);
2026-09-27T16:45:37.0647790Z       |                       ~^~~~~~~~
2026-09-27T16:45:37.0648890Z /Users/runner/work/early-android-game-runtime/early-android-game-runtime/Vendor/AOSP/frameworks-base/libs/androidfw/ResourceTypes.cpp:5131:14: warning: cast to 'void *' from smaller integer type 'uint32_t' (aka 'unsigned int') [-Wint-to-void-pointer-cast]
2026-09-27T16:45:37.0655310Z  5130 |         ALOGW("ResTable_package key strings at %p are past chunk size %p.",
2026-09-27T16:45:37.0655750Z       |         ~~~~~~~~~~~~~~~~~~~~~~~~~~~~~~~~~~~~~~~~~~~~~~~~~~~~~~~~~~~~~~~~~~~
2026-09-27T16:45:37.0656100Z  5131 |              (void*)dtohl(pkg->keyStrings), (void*)pkgSize);
2026-09-27T16:45:37.0656370Z       |              ^~~~~~~~~~~~~~~~~~~~~~~~~~~~~~~~~~~~~~~~~~~~~~
2026-09-27T16:45:37.0656930Z /Users/runner/work/early-android-game-runtime/early-android-game-runtime/Vendor/AOSP/system-core/include/log/log.h:129:51: note: expanded from macro 'ALOGW'
2026-09-27T16:45:37.0657520Z   129 | #define ALOGW(...) ((void)ALOG(LOG_WARN, LOG_TAG, __VA_ARGS__))
2026-09-27T16:45:37.0657810Z       |                           ~~~~~~~~~~~~~~~~~~~~~~~~^~~~~~~~~~~~
2026-09-27T16:45:37.0658360Z /Users/runner/work/early-android-game-runtime/early-android-game-runtime/Vendor/AOSP/system-core/include/log/log.h:430:38: note: expanded from macro 'ALOG'
2026-09-27T16:45:37.0658920Z   430 |     LOG_PRI(ANDROID_##priority, tag, __VA_ARGS__)
2026-09-27T16:45:37.0659160Z       |     ~~~~~~~~~~~~~~~~~~~~~~~~~~~~~~~~~^~~~~~~~~~~~
2026-09-27T16:45:37.0659720Z /Users/runner/work/early-android-game-runtime/early-android-game-runtime/Vendor/AOSP/system-core/include/log/log.h:438:37: note: expanded from macro 'LOG_PRI'
2026-09-27T16:45:37.0660360Z   438 |     android_printLog(priority, tag, __VA_ARGS__)
2026-09-27T16:45:37.0660650Z       |     ~~~~~~~~~~~~~~~~~~~~~~~~~~~~~~~~^~~~~~~~~~~~
2026-09-27T16:45:37.0661240Z /Users/runner/work/early-android-game-runtime/early-android-game-runtime/Vendor/AOSP/system-core/include/log/log.h:502:36: note: expanded from macro 'android_printLog'
2026-09-27T16:45:37.0661840Z   502 |     __android_log_print(prio, tag, fmt)
2026-09-27T16:45:37.0662300Z       |                                    ^~~
2026-09-27T16:45:37.0663760Z /Users/runner/work/early-android-game-runtime/early-android-game-runtime/Vendor/AOSP/frameworks-base/libs/androidfw/ResourceTypes.cpp:5132:24: warning: implicit conversion from 'android::(unnamed enum at /Users/runner/work/early-android-game-runtime/early-android-game-runtime/Vendor/AOSP/system-core/include/utils/Errors.h:45:1)' to 'status_t' (aka 'int') changes value from 2147483649 to -2147483647 [-Wconstant-conversion]
2026-09-27T16:45:37.0664990Z  5132 |         return (mError=BAD_TYPE);
2026-09-27T16:45:37.0665190Z       |                       ~^~~~~~~~
2026-09-27T16:45:37.0665950Z /Users/runner/work/early-android-game-runtime/early-android-game-runtime/Vendor/AOSP/frameworks-base/libs/androidfw/ResourceTypes.cpp:5136:14: warning: cast to 'void *' from smaller integer type 'uint32_t' (aka 'unsigned int') [-Wint-to-void-pointer-cast]
2026-09-27T16:45:37.0666860Z  5135 |         ALOGW("ResTable_package key strings at %p is not on an integer boundary.",
2026-09-27T16:45:37.0667230Z       |         ~~~~~~~~~~~~~~~~~~~~~~~~~~~~~~~~~~~~~~~~~~~~~~~~~~~~~~~~~~~~~~~~~~~~~~~~~~
2026-09-27T16:45:37.0667520Z  5136 |              (void*)dtohl(pkg->keyStrings));
2026-09-27T16:45:37.0667740Z       |              ^~~~~~~~~~~~~~~~~~~~~~~~~~~~~~
2026-09-27T16:45:37.0668260Z /Users/runner/work/early-android-game-runtime/early-android-game-runtime/Vendor/AOSP/system-core/include/log/log.h:129:51: note: expanded from macro 'ALOGW'
2026-09-27T16:45:37.0668840Z   129 | #define ALOGW(...) ((void)ALOG(LOG_WARN, LOG_TAG, __VA_ARGS__))
2026-09-27T16:45:37.0669120Z       |                           ~~~~~~~~~~~~~~~~~~~~~~~~^~~~~~~~~~~~
2026-09-27T16:45:37.0669650Z /Users/runner/work/early-android-game-runtime/early-android-game-runtime/Vendor/AOSP/system-core/include/log/log.h:430:38: note: expanded from macro 'ALOG'
2026-09-27T16:45:37.0670210Z   430 |     LOG_PRI(ANDROID_##priority, tag, __VA_ARGS__)
2026-09-27T16:45:37.0670560Z       |     ~~~~~~~~~~~~~~~~~~~~~~~~~~~~~~~~~^~~~~~~~~~~~
2026-09-27T16:45:37.0671100Z /Users/runner/work/early-android-game-runtime/early-android-game-runtime/Vendor/AOSP/system-core/include/log/log.h:438:37: note: expanded from macro 'LOG_PRI'
2026-09-27T16:45:37.0671660Z   438 |     android_printLog(priority, tag, __VA_ARGS__)
2026-09-27T16:45:37.0671890Z       |     ~~~~~~~~~~~~~~~~~~~~~~~~~~~~~~~~^~~~~~~~~~~~
2026-09-27T16:45:37.0672450Z /Users/runner/work/early-android-game-runtime/early-android-game-runtime/Vendor/AOSP/system-core/include/log/log.h:502:36: note: expanded from macro 'android_printLog'
2026-09-27T16:45:37.0673010Z   502 |     __android_log_print(prio, tag, fmt)
2026-09-27T16:45:37.0673230Z       |                                    ^~~
2026-09-27T16:45:37.0674450Z /Users/runner/work/early-android-game-runtime/early-android-game-runtime/Vendor/AOSP/frameworks-base/libs/androidfw/ResourceTypes.cpp:5137:24: warning: implicit conversion from 'android::(unnamed enum at /Users/runner/work/early-android-game-runtime/early-android-game-runtime/Vendor/AOSP/system-core/include/utils/Errors.h:45:1)' to 'status_t' (aka 'int') changes value from 2147483649 to -2147483647 [-Wconstant-conversion]
2026-09-27T16:45:37.0675780Z  5137 |         return (mError=BAD_TYPE);
2026-09-27T16:45:37.0676010Z       |                       ~^~~~~~~~
2026-09-27T16:45:37.0677380Z /Users/runner/work/early-android-game-runtime/early-android-game-runtime/Vendor/AOSP/frameworks-base/libs/androidfw/ResourceTypes.cpp:5192:32: warning: implicit conversion from 'android::(unnamed enum at /Users/runner/work/early-android-game-runtime/early-android-game-runtime/Vendor/AOSP/system-core/include/utils/Errors.h:45:1)' to 'status_t' (aka 'int') changes value from 2147483648 to -2147483648 [-Wconstant-conversion]
2026-09-27T16:45:37.0678630Z  5192 |                 return (mError=UNKNOWN_ERROR);
2026-09-27T16:45:37.0678860Z       |                               ~^~~~~~~~~~~~~
2026-09-27T16:45:37.0680370Z /Users/runner/work/early-android-game-runtime/early-android-game-runtime/Vendor/AOSP/frameworks-base/libs/androidfw/ResourceTypes.cpp:5242:32: warning: implicit conversion from 'android::(unnamed enum at /Users/runner/work/early-android-game-runtime/early-android-game-runtime/Vendor/AOSP/system-core/include/utils/Errors.h:45:1)' to 'status_t' (aka 'int') changes value from 2147483649 to -2147483647 [-Wconstant-conversion]
2026-09-27T16:45:37.0681720Z  5242 |                 return (mError=BAD_TYPE);
2026-09-27T16:45:37.0681940Z       |                               ~^~~~~~~~
2026-09-27T16:45:37.0683320Z /Users/runner/work/early-android-game-runtime/early-android-game-runtime/Vendor/AOSP/frameworks-base/libs/androidfw/ResourceTypes.cpp:5247:32: warning: implicit conversion from 'android::(unnamed enum at /Users/runner/work/early-android-game-runtime/early-android-game-runtime/Vendor/AOSP/system-core/include/utils/Errors.h:45:1)' to 'status_t' (aka 'int') changes value from 2147483649 to -2147483647 [-Wconstant-conversion]
2026-09-27T16:45:37.0684600Z  5247 |                 return (mError=BAD_TYPE);
2026-09-27T16:45:37.0684830Z       |                               ~^~~~~~~~
2026-09-27T16:45:37.0686100Z /Users/runner/work/early-android-game-runtime/early-android-game-runtime/Vendor/AOSP/frameworks-base/libs/androidfw/ResourceTypes.cpp:5260:32: warning: implicit conversion from 'android::(unnamed enum at /Users/runner/work/early-android-game-runtime/early-android-game-runtime/Vendor/AOSP/system-core/include/utils/Errors.h:45:1)' to 'status_t' (aka 'int') changes value from 2147483649 to -2147483647 [-Wconstant-conversion]
2026-09-27T16:45:37.0687360Z  5260 |                 return (mError=BAD_TYPE);
2026-09-27T16:45:37.0687570Z       |                               ~^~~~~~~~
2026-09-27T16:45:37.0688820Z /Users/runner/work/early-android-game-runtime/early-android-game-runtime/Vendor/AOSP/frameworks-base/libs/androidfw/ResourceTypes.cpp:5287:32: warning: implicit conversion from 'android::(unnamed enum at /Users/runner/work/early-android-game-runtime/early-android-game-runtime/Vendor/AOSP/system-core/include/utils/Errors.h:45:1)' to 'status_t' (aka 'int') changes value from 2147483649 to -2147483647 [-Wconstant-conversion]
2026-09-27T16:45:37.0690140Z  5287 |                 return (mError=BAD_TYPE);
2026-09-27T16:45:37.0690350Z       |                               ~^~~~~~~~
2026-09-27T16:45:37.0691110Z /Users/runner/work/early-android-game-runtime/early-android-game-runtime/Vendor/AOSP/frameworks-base/libs/androidfw/ResourceTypes.cpp:5292:22: warning: cast to 'void *' from smaller integer type 'uint32_t' (aka 'unsigned int') [-Wint-to-void-pointer-cast]
2026-09-27T16:45:37.0692020Z  5291 |                 ALOGW("ResTable_type entriesStart at %p extends beyond chunk end %p.",
2026-09-27T16:45:37.0692390Z       |                 ~~~~~~~~~~~~~~~~~~~~~~~~~~~~~~~~~~~~~~~~~~~~~~~~~~~~~~~~~~~~~~~~~~~~~~
2026-09-27T16:45:37.0692710Z  5292 |                      (void*)dtohl(type->entriesStart), (void*)typeSize);
2026-09-27T16:45:37.0693020Z       |                      ^~~~~~~~~~~~~~~~~~~~~~~~~~~~~~~~~~~~~~~~~~~~~~~~~~
2026-09-27T16:45:37.0693590Z /Users/runner/work/early-android-game-runtime/early-android-game-runtime/Vendor/AOSP/system-core/include/log/log.h:129:51: note: expanded from macro 'ALOGW'
2026-09-27T16:45:37.0694170Z   129 | #define ALOGW(...) ((void)ALOG(LOG_WARN, LOG_TAG, __VA_ARGS__))
2026-09-27T16:45:37.0694450Z       |                           ~~~~~~~~~~~~~~~~~~~~~~~~^~~~~~~~~~~~
2026-09-27T16:45:37.0694990Z /Users/runner/work/early-android-game-runtime/early-android-game-runtime/Vendor/AOSP/system-core/include/log/log.h:430:38: note: expanded from macro 'ALOG'
2026-09-27T16:45:37.0695540Z   430 |     LOG_PRI(ANDROID_##priority, tag, __VA_ARGS__)
2026-09-27T16:45:37.0695780Z       |     ~~~~~~~~~~~~~~~~~~~~~~~~~~~~~~~~~^~~~~~~~~~~~
2026-09-27T16:45:37.0696320Z /Users/runner/work/early-android-game-runtime/early-android-game-runtime/Vendor/AOSP/system-core/include/log/log.h:438:37: note: expanded from macro 'LOG_PRI'
2026-09-27T16:45:37.0697040Z   438 |     android_printLog(priority, tag, __VA_ARGS__)
2026-09-27T16:45:37.0697290Z       |     ~~~~~~~~~~~~~~~~~~~~~~~~~~~~~~~~^~~~~~~~~~~~
2026-09-27T16:45:37.0697840Z /Users/runner/work/early-android-game-runtime/early-android-game-runtime/Vendor/AOSP/system-core/include/log/log.h:502:36: note: expanded from macro 'android_printLog'
2026-09-27T16:45:37.0698400Z   502 |     __android_log_print(prio, tag, fmt)
2026-09-27T16:45:37.0698610Z       |                                    ^~~
2026-09-27T16:45:37.0699830Z /Users/runner/work/early-android-game-runtime/early-android-game-runtime/Vendor/AOSP/frameworks-base/libs/androidfw/ResourceTypes.cpp:5293:32: warning: implicit conversion from 'android::(unnamed enum at /Users/runner/work/early-android-game-runtime/early-android-game-runtime/Vendor/AOSP/system-core/include/utils/Errors.h:45:1)' to 'status_t' (aka 'int') changes value from 2147483649 to -2147483647 [-Wconstant-conversion]
2026-09-27T16:45:37.0701060Z  5293 |                 return (mError=BAD_TYPE);
2026-09-27T16:45:37.0701280Z       |                               ~^~~~~~~~
2026-09-27T16:45:37.0702490Z /Users/runner/work/early-android-game-runtime/early-android-game-runtime/Vendor/AOSP/frameworks-base/libs/androidfw/ResourceTypes.cpp:5297:32: warning: implicit conversion from 'android::(unnamed enum at /Users/runner/work/early-android-game-runtime/early-android-game-runtime/Vendor/AOSP/system-core/include/utils/Errors.h:45:1)' to 'status_t' (aka 'int') changes value from 2147483649 to -2147483647 [-Wconstant-conversion]
2026-09-27T16:45:37.0703850Z  5297 |                 return (mError=BAD_TYPE);
2026-09-27T16:45:37.0704100Z       |                               ~^~~~~~~~
2026-09-27T16:45:37.0705360Z /Users/runner/work/early-android-game-runtime/early-android-game-runtime/Vendor/AOSP/frameworks-base/libs/androidfw/ResourceTypes.cpp:5310:32: warning: implicit conversion from 'android::(unnamed enum at /Users/runner/work/early-android-game-runtime/early-android-game-runtime/Vendor/AOSP/system-core/include/utils/Errors.h:45:1)' to 'status_t' (aka 'int') changes value from 2147483649 to -2147483647 [-Wconstant-conversion]
2026-09-27T16:45:37.0706650Z  5310 |                 return (mError=BAD_TYPE);
2026-09-27T16:45:37.0706860Z       |                               ~^~~~~~~~
2026-09-27T16:45:37.0708070Z /Users/runner/work/early-android-game-runtime/early-android-game-runtime/Vendor/AOSP/frameworks-base/libs/androidfw/ResourceTypes.cpp:5342:16: warning: implicit conversion from 'android::(unnamed enum at /Users/runner/work/early-android-game-runtime/early-android-game-runtime/Vendor/AOSP/system-core/include/utils/Errors.h:45:1)' to 'status_t' (aka 'int') changes value from 2147483648 to -2147483648 [-Wconstant-conversion]
2026-09-27T16:45:37.0709280Z  5342 |         return UNKNOWN_ERROR;
2026-09-27T16:45:37.0709460Z       |         ~~~~~~ ^~~~~~~~~~~~~
2026-09-27T16:45:37.0710660Z /Users/runner/work/early-android-game-runtime/early-android-game-runtime/Vendor/AOSP/frameworks-base/libs/androidfw/ResourceTypes.cpp:5345:16: warning: implicit conversion from 'android::(unnamed enum at /Users/runner/work/early-android-game-runtime/early-android-game-runtime/Vendor/AOSP/system-core/include/utils/Errors.h:45:1)' to 'status_t' (aka 'int') changes value from 2147483648 to -2147483648 [-Wconstant-conversion]
2026-09-27T16:45:37.0711870Z  5345 |         return UNKNOWN_ERROR;
2026-09-27T16:45:37.0712050Z       |         ~~~~~~ ^~~~~~~~~~~~~
2026-09-27T16:45:37.0712790Z /Users/runner/work/early-android-game-runtime/early-android-game-runtime/Vendor/AOSP/frameworks-base/libs/androidfw/ResourceTypes.cpp:5452:84: warning: format specifies type 'int' but the argument has type 'size_t' (aka 'unsigned long') [-Wformat]
2026-09-27T16:45:37.0713650Z  5452 |             ALOGW("idmap: type %d supposedly has entries, but no entries found\n", i);
2026-09-27T16:45:37.0714010Z       |                                ~~                                                  ^
2026-09-27T16:45:37.0714260Z       |                                %lu
2026-09-27T16:45:37.0714820Z /Users/runner/work/early-android-game-runtime/early-android-game-runtime/Vendor/AOSP/system-core/include/log/log.h:129:51: note: expanded from macro 'ALOGW'
2026-09-27T16:45:37.0715410Z   129 | #define ALOGW(...) ((void)ALOG(LOG_WARN, LOG_TAG, __VA_ARGS__))
2026-09-27T16:45:37.0715700Z       |                                                   ^~~~~~~~~~~
2026-09-27T16:45:37.0716240Z /Users/runner/work/early-android-game-runtime/early-android-game-runtime/Vendor/AOSP/system-core/include/log/log.h:430:38: note: expanded from macro 'ALOG'
2026-09-27T16:45:37.0716860Z   430 |     LOG_PRI(ANDROID_##priority, tag, __VA_ARGS__)
2026-09-27T16:45:37.0717110Z       |                                      ^~~~~~~~~~~
2026-09-27T16:45:37.0717750Z /Users/runner/work/early-android-game-runtime/early-android-game-runtime/Vendor/AOSP/system-core/include/log/log.h:438:37: note: expanded from macro 'LOG_PRI'
2026-09-27T16:45:37.0718440Z   438 |     android_printLog(priority, tag, __VA_ARGS__)
2026-09-27T16:45:37.0718740Z       |                                     ^~~~~~~~~~~
2026-09-27T16:45:37.0719320Z /Users/runner/work/early-android-game-runtime/early-android-game-runtime/Vendor/AOSP/system-core/include/log/log.h:502:36: note: expanded from macro 'android_printLog'
2026-09-27T16:45:37.0719920Z   502 |     __android_log_print(prio, tag, fmt)
2026-09-27T16:45:37.0720150Z       |                                    ^~~
2026-09-27T16:45:37.0721410Z /Users/runner/work/early-android-game-runtime/early-android-game-runtime/Vendor/AOSP/frameworks-base/libs/androidfw/ResourceTypes.cpp:5453:20: warning: implicit conversion from 'android::(unnamed enum at /Users/runner/work/early-android-game-runtime/early-android-game-runtime/Vendor/AOSP/system-core/include/utils/Errors.h:45:1)' to 'status_t' (aka 'int') changes value from 2147483648 to -2147483648 [-Wconstant-conversion]
2026-09-27T16:45:37.0722710Z  5453 |             return UNKNOWN_ERROR;
2026-09-27T16:45:37.0722910Z       |             ~~~~~~ ^~~~~~~~~~~~~
2026-09-27T16:45:37.0724020Z /Users/runner/work/early-android-game-runtime/early-android-game-runtime/Vendor/AOSP/frameworks-base/libs/androidfw/ResourceTypes.cpp:5673:93: warning: cast to 'void *' from smaller integer type 'uint32_t' (aka 'unsigned int') [-Wint-to-void-pointer-cast]
2026-09-27T16:45:37.0725060Z  5673 |                         printf("      NON-INTEGER ResTable_type entriesStart OFFSET: %p\n", (void*)entriesStart);
2026-09-27T16:45:37.0725530Z       |                                                                                             ^~~~~~~~~~~~~~~~~~~
2026-09-27T16:45:37.0726420Z /Users/runner/work/early-android-game-runtime/early-android-game-runtime/Vendor/AOSP/frameworks-base/libs/androidfw/ResourceTypes.cpp:5678:85: warning: cast to 'void *' from smaller integer type 'uint32_t' (aka 'unsigned int') [-Wint-to-void-pointer-cast]
2026-09-27T16:45:37.0727430Z  5678 |                         printf("      NON-INTEGER ResTable_type header.size: %p\n", (void*)typeSize);
2026-09-27T16:45:37.0727860Z       |                                                                                     ^~~~~~~~~~~~~~~
2026-09-27T16:45:37.0728780Z /Users/runner/work/early-android-game-runtime/early-android-game-runtime/Vendor/AOSP/frameworks-base/libs/androidfw/ResourceTypes.cpp:5717:64: warning: cast to 'void *' from smaller integer type 'uint32_t' (aka 'unsigned int') [-Wint-to-void-pointer-cast]
2026-09-27T16:45:37.0729670Z  5717 |                             printf("NON-INTEGER OFFSET: %p\n", (void*)thisOffset);
2026-09-27T16:45:37.0730000Z       |                                                                ^~~~~~~~~~~~~~~~~
2026-09-27T16:45:37.0730830Z /Users/runner/work/early-android-game-runtime/early-android-game-runtime/Vendor/AOSP/frameworks-base/libs/androidfw/ResourceTypes.cpp:5722:36: warning: cast to 'void *' from smaller integer type 'uint32_t' (aka 'unsigned int') [-Wint-to-void-pointer-cast]
2026-09-27T16:45:37.0731930Z  5722 |                                    (void*)entriesStart, (void*)thisOffset,
2026-09-27T16:45:37.0732230Z       |                                    ^~~~~~~~~~~~~~~~~~~
2026-09-27T16:45:37.0733040Z /Users/runner/work/early-android-game-runtime/early-android-game-runtime/Vendor/AOSP/frameworks-base/libs/androidfw/ResourceTypes.cpp:5722:57: warning: cast to 'void *' from smaller integer type 'uint32_t' (aka 'unsigned int') [-Wint-to-void-pointer-cast]
2026-09-27T16:45:37.0733890Z  5722 |                                    (void*)entriesStart, (void*)thisOffset,
2026-09-27T16:45:37.0734190Z       |                                                         ^~~~~~~~~~~~~~~~~
2026-09-27T16:45:37.0735520Z /Users/runner/work/early-android-game-runtime/early-android-game-runtime/Vendor/AOSP/frameworks-base/libs/androidfw/ResourceTypes.cpp:5723:36: warning: cast to 'void *' from smaller integer type 'uint32_t' (aka 'unsigned int') [-Wint-to-void-pointer-cast]
2026-09-27T16:45:37.0736430Z  5723 |                                    (void*)typeSize);
2026-09-27T16:45:37.0736700Z       |                                    ^~~~~~~~~~~~~~~
2026-09-27T16:45:37.0737530Z /Users/runner/work/early-android-game-runtime/early-android-game-runtime/Vendor/AOSP/frameworks-base/libs/androidfw/ResourceTypes.cpp:5731:34: warning: cast to 'void *' from smaller integer type 'uint32_t' (aka 'unsigned int') [-Wint-to-void-pointer-cast]
2026-09-27T16:45:37.0738400Z  5731 |                                  (void*)(entriesStart + thisOffset));
2026-09-27T16:45:37.0738690Z       |                                  ^~~~~~~~~~~~~~~~~~~~~~~~~~~~~~~~~~
2026-09-27T16:45:37.0739550Z /Users/runner/work/early-android-game-runtime/early-android-game-runtime/Vendor/AOSP/frameworks-base/libs/androidfw/ResourceTypes.cpp:5737:77: warning: cast to 'void *' from smaller integer type 'uint16_t' (aka 'unsigned short') [-Wint-to-void-pointer-cast]
2026-09-27T16:45:37.0740500Z  5737 |                             printf("NON-INTEGER ResTable_entry SIZE: %p\n", (void*)esize);
2026-09-27T16:45:37.0740860Z       |                                                                             ^~~~~~~~~~~~
2026-09-27T16:45:37.0741890Z /Users/runner/work/early-android-game-runtime/early-android-game-runtime/Vendor/AOSP/frameworks-base/libs/androidfw/ResourceTypes.cpp:5742:36: warning: cast to 'void *' from smaller integer type 'uint32_t' (aka 'unsigned int') [-Wint-to-void-pointer-cast]
2026-09-27T16:45:37.0742720Z  5742 |                                    (void*)entriesStart, (void*)thisOffset,
2026-09-27T16:45:37.0742990Z       |                                    ^~~~~~~~~~~~~~~~~~~
2026-09-27T16:45:37.0743770Z /Users/runner/work/early-android-game-runtime/early-android-game-runtime/Vendor/AOSP/frameworks-base/libs/androidfw/ResourceTypes.cpp:5742:57: warning: cast to 'void *' from smaller integer type 'uint32_t' (aka 'unsigned int') [-Wint-to-void-pointer-cast]
2026-09-27T16:45:37.0744660Z  5742 |                                    (void*)entriesStart, (void*)thisOffset,
2026-09-27T16:45:37.0744950Z       |                                                         ^~~~~~~~~~~~~~~~~
2026-09-27T16:45:37.0745770Z /Users/runner/work/early-android-game-runtime/early-android-game-runtime/Vendor/AOSP/frameworks-base/libs/androidfw/ResourceTypes.cpp:5743:36: warning: cast to 'void *' from smaller integer type 'uint16_t' (aka 'unsigned short') [-Wint-to-void-pointer-cast]
2026-09-27T16:45:37.0746580Z  5743 |                                    (void*)esize, (void*)typeSize);
2026-09-27T16:45:37.0746840Z       |                                    ^~~~~~~~~~~~
2026-09-27T16:45:37.0747610Z /Users/runner/work/early-android-game-runtime/early-android-game-runtime/Vendor/AOSP/frameworks-base/libs/androidfw/ResourceTypes.cpp:5743:50: warning: cast to 'void *' from smaller integer type 'uint32_t' (aka 'unsigned int') [-Wint-to-void-pointer-cast]
2026-09-27T16:45:37.0748410Z  5743 |                                    (void*)esize, (void*)typeSize);
2026-09-27T16:45:37.0748670Z       |                                                  ^~~~~~~~~~~~~~~
2026-09-27T16:45:37.0819080Z In file included from /Users/runner/work/early-android-game-runtime/early-android-game-runtime/Vendor/AOSP/frameworks-base/libs/androidfw/ResourceTypes.cpp:20:
2026-09-27T16:45:37.0820060Z In file included from /Users/runner/work/early-android-game-runtime/early-android-game-runtime/Vendor/AOSP/frameworks-base/include/androidfw/ResourceTypes.h:23:
2026-09-27T16:45:37.0821070Z In file included from /Users/runner/work/early-android-game-runtime/early-android-game-runtime/Vendor/AOSP/frameworks-base/include/androidfw/Asset.h:30:
2026-09-27T16:45:37.0821900Z In file included from /Users/runner/work/early-android-game-runtime/early-android-game-runtime/Vendor/AOSP/system-core/include/utils/String8.h:23:
2026-09-27T16:45:37.0823250Z /Users/runner/work/early-android-game-runtime/early-android-game-runtime/Vendor/AOSP/system-core/include/utils/TypeHelpers.h:181:17: warning: destination for this 'memmove' call is a pointer to dynamic class 'Vector<unsigned int>'; vtable pointer will be overwritten [-Wdynamic-class-memaccess]
2026-09-27T16:45:37.0824170Z   181 |         memmove(d,s,n*sizeof(TYPE));
2026-09-27T16:45:37.0824380Z       |         ~~~~~~~ ^
2026-09-27T16:45:37.0825190Z /Users/runner/work/early-android-game-runtime/early-android-game-runtime/Vendor/AOSP/system-core/include/utils/Vector.h:410:5: note: in instantiation of function template specialization 'android::move_forward_type<android::Vector<unsigned int> >' requested here
2026-09-27T16:45:37.0826180Z   410 |     move_forward_type( reinterpret_cast<TYPE*>(dest), reinterpret_cast<const TYPE*>(from), num );
2026-09-27T16:45:37.0826540Z       |     ^
2026-09-27T16:45:37.0827270Z /Users/runner/work/early-android-game-runtime/early-android-game-runtime/Vendor/AOSP/system-core/include/utils/Vector.h:219:15: note: in instantiation of member function 'android::Vector<android::Vector<unsigned int> >::do_move_forward' requested here
2026-09-27T16:45:37.0828050Z   219 | Vector<TYPE>::Vector()
2026-09-27T16:45:37.0828210Z       |               ^
2026-09-27T16:45:37.0829040Z /Users/runner/work/early-android-game-runtime/early-android-game-runtime/Vendor/AOSP/frameworks-base/libs/androidfw/ResourceTypes.cpp:5348:31: note: in instantiation of member function 'android::Vector<android::Vector<unsigned int> >::Vector' requested here
2026-09-27T16:45:37.0829830Z  5348 |     Vector<Vector<uint32_t> > map;
2026-09-27T16:45:37.0830020Z       |                               ^
2026-09-27T16:45:37.0830620Z /Users/runner/work/early-android-game-runtime/early-android-game-runtime/Vendor/AOSP/system-core/include/utils/TypeHelpers.h:181:17: note: explicitly cast the pointer to silence this warning
2026-09-27T16:45:37.0831240Z   181 |         memmove(d,s,n*sizeof(TYPE));
2026-09-27T16:45:37.0831430Z       |                 ^
2026-09-27T16:45:37.0831580Z       |                 (void*)
2026-09-27T16:45:37.0832430Z /Users/runner/work/early-android-game-runtime/early-android-game-runtime/Vendor/AOSP/system-core/include/utils/TypeHelpers.h:204:17: warning: destination for this 'memmove' call is a pointer to dynamic class 'Vector<unsigned int>'; vtable pointer will be overwritten [-Wdynamic-class-memaccess]
2026-09-27T16:45:37.0833320Z   204 |         memmove(d,s,n*sizeof(TYPE));
2026-09-27T16:45:37.0833500Z       |         ~~~~~~~ ^
2026-09-27T16:45:37.0834260Z /Users/runner/work/early-android-game-runtime/early-android-game-runtime/Vendor/AOSP/system-core/include/utils/Vector.h:415:5: note: in instantiation of function template specialization 'android::move_backward_type<android::Vector<unsigned int> >' requested here
2026-09-27T16:45:37.0835210Z   415 |     move_backward_type( reinterpret_cast<TYPE*>(dest), reinterpret_cast<const TYPE*>(from), num );
2026-09-27T16:45:37.0835550Z       |     ^
2026-09-27T16:45:37.0836250Z /Users/runner/work/early-android-game-runtime/early-android-game-runtime/Vendor/AOSP/system-core/include/utils/Vector.h:219:15: note: in instantiation of member function 'android::Vector<android::Vector<unsigned int> >::do_move_backward' requested here
2026-09-27T16:45:37.0837110Z   219 | Vector<TYPE>::Vector()
2026-09-27T16:45:37.0837290Z       |               ^
2026-09-27T16:45:37.0838040Z /Users/runner/work/early-android-game-runtime/early-android-game-runtime/Vendor/AOSP/frameworks-base/libs/androidfw/ResourceTypes.cpp:5348:31: note: in instantiation of member function 'android::Vector<android::Vector<unsigned int> >::Vector' requested here
2026-09-27T16:45:37.0838830Z  5348 |     Vector<Vector<uint32_t> > map;
2026-09-27T16:45:37.0839020Z       |                               ^
2026-09-27T16:45:37.0839620Z /Users/runner/work/early-android-game-runtime/early-android-game-runtime/Vendor/AOSP/system-core/include/utils/TypeHelpers.h:204:17: note: explicitly cast the pointer to silence this warning
2026-09-27T16:45:37.0840230Z   204 |         memmove(d,s,n*sizeof(TYPE));
2026-09-27T16:45:37.0840420Z       |                 ^
2026-09-27T16:45:37.0840570Z       |                 (void*)
2026-09-27T16:45:37.5315330Z 76 warnings generated.
2026-09-27T16:45:37.6278890Z /Users/runner/work/early-android-game-runtime/early-android-game-runtime/Vendor/AOSP/frameworks-base/libs/androidfw/ZipFileRO.cpp:140:16: warning: implicit conversion from 'android::(unnamed enum at /Users/runner/work/early-android-game-runtime/early-android-game-runtime/Vendor/AOSP/system-core/include/utils/Errors.h:45:1)' to 'status_t' (aka 'int') changes value from 2147483648 to -2147483648 [-Wconstant-conversion]
2026-09-27T16:45:37.6280190Z   140 |         return UNKNOWN_ERROR;
2026-09-27T16:45:37.6280380Z       |         ~~~~~~ ^~~~~~~~~~~~~
2026-09-27T16:45:37.6281620Z /Users/runner/work/early-android-game-runtime/early-android-game-runtime/Vendor/AOSP/frameworks-base/libs/androidfw/ZipFileRO.cpp:170:12: warning: implicit conversion from 'android::(unnamed enum at /Users/runner/work/early-android-game-runtime/early-android-game-runtime/Vendor/AOSP/system-core/include/utils/Errors.h:45:1)' to 'status_t' (aka 'int') changes value from 2147483648 to -2147483648 [-Wconstant-conversion]
2026-09-27T16:45:37.6283030Z   170 |     return UNKNOWN_ERROR;
2026-09-27T16:45:37.6283210Z       |     ~~~~~~ ^~~~~~~~~~~~~
2026-09-27T16:45:37.6724470Z 2 warnings generated.
2026-09-27T16:45:38.5300900Z /Users/runner/work/early-android-game-runtime/early-android-game-runtime/Vendor/AOSP/system-core/libutils/Threads.cpp:717:19: warning: implicit conversion from 'android::(unnamed enum at /Users/runner/work/early-android-game-runtime/early-android-game-runtime/Vendor/AOSP/system-core/include/utils/Errors.h:45:1)' to 'status_t' (aka 'int') changes value from 2147483648 to -2147483648 [-Wconstant-conversion]
2026-09-27T16:45:38.5303200Z   717 |         mStatus = UNKNOWN_ERROR;   // something happened!
2026-09-27T16:45:38.5303450Z       |                 ~ ^~~~~~~~~~~~~
2026-09-27T16:45:38.5304900Z /Users/runner/work/early-android-game-runtime/early-android-game-runtime/Vendor/AOSP/system-core/libutils/Threads.cpp:722:16: warning: implicit conversion from 'android::(unnamed enum at /Users/runner/work/early-android-game-runtime/early-android-game-runtime/Vendor/AOSP/system-core/include/utils/Errors.h:45:1)' to 'status_t' (aka 'int') changes value from 2147483648 to -2147483648 [-Wconstant-conversion]
2026-09-27T16:45:38.5306160Z   722 |         return UNKNOWN_ERROR;
2026-09-27T16:45:38.5306360Z       |         ~~~~~~ ^~~~~~~~~~~~~
2026-09-27T16:45:38.5501540Z 2 warnings generated.
2026-09-27T16:45:41.7525250Z   % Total    % Received % Xferd  Average Speed   Time    Time     Time  Current
2026-09-27T16:45:41.7525720Z                                  Dload  Upload   Total   Spent    Left  Speed
2026-09-27T16:45:41.7525980Z 
2026-09-27T16:45:42.3508990Z   0     0    0     0    0     0      0      0 --:--:-- --:--:-- --:--:--     0
2026-09-27T16:45:42.6812840Z   9 1022k    9 97988    0     0   159k      0  0:00:06 --:--:--  0:00:06  159k
2026-09-27T16:45:42.6813640Z 100 1022k  100 1022k    0     0  1100k      0 --:--:-- --:--:-- --:--:-- 1100k
2026-09-27T16:45:42.7246750Z /Users/runner/work/early-android-game-runtime/early-android-game-runtime/build/image-codec-src/jpegsrc.v9e.tar.gz: OK
2026-09-27T16:45:42.7331960Z   % Total    % Received % Xferd  Average Speed   Time    Time     Time  Current
2026-09-27T16:45:42.7332410Z                                  Dload  Upload   Total   Spent    Left  Speed
2026-09-27T16:45:42.7332630Z 
2026-09-27T16:45:42.8733970Z   0     0    0     0    0     0      0      0 --:--:-- --:--:-- --:--:--     0
2026-09-27T16:45:42.8834920Z 100   617  100   617    0     0   4397      0 --:--:-- --:--:-- --:--:--  4407
2026-09-27T16:45:42.9841180Z 
2026-09-27T16:45:42.9841530Z 100   503  100   503    0     0   2003      0 --:--:-- --:--:-- --:--:--  2003
2026-09-27T16:45:43.1484280Z 
2026-09-27T16:45:43.1484610Z 100  436k  100  436k    0     0  1051k      0 --:--:-- --:--:-- --:--:-- 1051k
2026-09-27T16:45:43.1672550Z /Users/runner/work/early-android-game-runtime/early-android-game-runtime/build/image-codec-src/giflib-5.2.2.tar.gz: OK
2026-09-27T16:45:47.2252430Z arm64-apple-ios15.0-simulator image codecs:       52 objects
2026-09-27T16:45:55.7769090Z /Users/runner/work/early-android-game-runtime/early-android-game-runtime/App/main.m:125:46: warning: expression which evaluates to zero treated as a null pointer constant of type 'void *' [-Wnon-literal-null-conversion]
2026-09-27T16:45:55.7770000Z   125 |                                              EGL_DEFAULT_DISPLAY,
2026-09-27T16:45:55.7770280Z       |                                              ^~~~~~~~~~~~~~~~~~~
2026-09-27T16:45:55.7770870Z /Users/runner/work/early-android-game-runtime/early-android-game-runtime/Vendor/ANGLE-Headers/EGL/egl.h:251:43: note: expanded from macro 'EGL_DEFAULT_DISPLAY'
2026-09-27T16:45:55.7771730Z   251 | #define EGL_DEFAULT_DISPLAY               EGL_CAST(EGLNativeDisplayType,0)
2026-09-27T16:45:55.7772170Z       |                                           ^~~~~~~~~~~~~~~~~~~~~~~~~~~~~~~~
2026-09-27T16:45:55.7772990Z /Users/runner/work/early-android-game-runtime/early-android-game-runtime/Vendor/ANGLE-Headers/EGL/eglplatform.h:178:31: note: expanded from macro 'EGL_CAST'
2026-09-27T16:45:55.7774220Z   178 | #define EGL_CAST(type, value) ((type) (value))
2026-09-27T16:45:55.7774530Z       |                               ^~~~~~~~~~~~~~~~
2026-09-27T16:45:55.7791000Z /Users/runner/work/early-android-game-runtime/early-android-game-runtime/App/main.m:300:91: warning: expression which evaluates to zero treated as a null pointer constant of type 'void *' [-Wnon-literal-null-conversion]
2026-09-27T16:45:55.7792190Z   300 |     EGLDisplay display = getPlatformDisplay ? getPlatformDisplay(EGL_PLATFORM_ANGLE_ANGLE,EGL_DEFAULT_DISPLAY,da) : EGL_NO_DISPLAY;
2026-09-27T16:45:55.7792850Z       |                                                                                           ^~~~~~~~~~~~~~~~~~~
2026-09-27T16:45:55.7793630Z /Users/runner/work/early-android-game-runtime/early-android-game-runtime/Vendor/ANGLE-Headers/EGL/egl.h:251:43: note: expanded from macro 'EGL_DEFAULT_DISPLAY'
2026-09-27T16:45:55.7794520Z   251 | #define EGL_DEFAULT_DISPLAY               EGL_CAST(EGLNativeDisplayType,0)
2026-09-27T16:45:55.7794980Z       |                                           ^~~~~~~~~~~~~~~~~~~~~~~~~~~~~~~~
2026-09-27T16:45:55.7795680Z /Users/runner/work/early-android-game-runtime/early-android-game-runtime/Vendor/ANGLE-Headers/EGL/eglplatform.h:178:31: note: expanded from macro 'EGL_CAST'
2026-09-27T16:45:55.7796290Z   178 | #define EGL_CAST(type, value) ((type) (value))
2026-09-27T16:45:55.7796540Z       |                               ^~~~~~~~~~~~~~~~
2026-09-27T16:45:55.7987310Z /Users/runner/work/early-android-game-runtime/early-android-game-runtime/App/main.m:2377:16: warning: @available does not guard availability here; use if (@available) instead [-Wunsupported-availability-guard]
2026-09-27T16:45:55.7988250Z  2377 |     if (gpu && @available(iOS 16.0, *)) workingSet = gpu.recommendedMaxWorkingSetSize;
2026-09-27T16:45:55.7988660Z       |                ^
2026-09-27T16:45:55.7990690Z /Users/runner/work/early-android-game-runtime/early-android-game-runtime/App/main.m:2377:58: warning: 'recommendedMaxWorkingSetSize' is only available on iOS 16.0 or newer [-Wunguarded-availability-new]
2026-09-27T16:45:55.7992370Z  2377 |     if (gpu && @available(iOS 16.0, *)) workingSet = gpu.recommendedMaxWorkingSetSize;
2026-09-27T16:45:55.7993290Z       |                                                          ^~~~~~~~~~~~~~~~~~~~~~~~~~~~
2026-09-27T16:45:55.7994570Z /Applications/Xcode_27.app/Contents/Developer/Platforms/iPhoneSimulator.platform/Developer/SDKs/iPhoneSimulator27.0.sdk/System/Library/Frameworks/Metal.framework/Headers/MTLDevice.h:428:31: note: 'recommendedMaxWorkingSetSize' has been marked as being introduced in iOS 16.0 here, but the deployment target is iOS 15.0.0
2026-09-27T16:45:55.7995990Z   428 | @property (readonly) uint64_t recommendedMaxWorkingSetSize API_AVAILABLE(macos(10.12), macCatalyst(13.0), ios(16.0));
2026-09-27T16:45:55.7996690Z       |                               ^
2026-09-27T16:45:55.7997460Z /Users/runner/work/early-android-game-runtime/early-android-game-runtime/App/main.m:2377:58: note: enclose 'recommendedMaxWorkingSetSize' in an @available check to silence this warning
2026-09-27T16:45:55.7998340Z  2377 |     if (gpu && @available(iOS 16.0, *)) workingSet = gpu.recommendedMaxWorkingSetSize;
2026-09-27T16:45:55.7998870Z       |                                                          ^~~~~~~~~~~~~~~~~~~~~~~~~~~~ 
2026-09-27T16:45:56.4761340Z 4 warnings generated.
2026-09-27T16:45:56.4832770Z AGR_SMOKE_PHASE 2026-09-27T16:45:56Z compiled main.m
2026-09-27T16:45:57.0357060Z ld: warning: building for iOS-simulator-15.0, but linking with dylib '@rpath/libEGL.framework/libEGL' which was built for newer version 16.0
2026-09-27T16:45:57.0457470Z ld: warning: building for iOS-simulator-15.0, but linking with dylib '@rpath/libGLESv2.framework/libGLESv2' which was built for newer version 16.0
2026-09-27T16:45:57.1563640Z /Users/runner/work/early-android-game-runtime/early-android-game-runtime/build/AGRSimulator.app/Frameworks/libEGL.framework: replacing existing signature
2026-09-27T16:45:57.1832730Z /Users/runner/work/early-android-game-runtime/early-android-game-runtime/build/AGRSimulator.app/Frameworks/libGLESv2.framework: replacing existing signature
2026-09-27T16:45:57.2346060Z /Users/runner/work/early-android-game-runtime/early-android-game-runtime/build/AGRSimulator.app: replacing existing signature
2026-09-27T16:45:57.3350090Z AGR_SMOKE_PHASE 2026-09-27T16:45:57Z Runtime app linked and signed
2026-09-27T16:47:05.9796730Z Monitoring boot status for iPhone 17 (1B12DE9B-2634-4BCA-AB72-CF1B196DD2D1).
2026-09-27T16:47:06.0642800Z Device already booted, nothing to do.
2026-09-27T16:47:06.1438760Z 
2026-09-27T16:51:34.2784910Z dev.agr.simulator: 25765
2026-09-27T16:55:20.6415000Z AOT_RESULT_TIMEOUT
2026-09-27T16:55:21.7392210Z {"guest_thread_id":0,"runtime_failure_signature":"","guest_pc":"0180f004","input_trace":[{"handled":-1,"x":0,"input_consumed":0,"frame":0,"event":"looper.prepare","guest_thread_id":2,"y":0,"guest_pc":"018021a0","primary_handle":"019414c8","action":-1,"secondary_handle":"00000000","swap":0,"result":0},{"handled":-1,"x":0,"input_consumed":0,"frame":0,"event":"nativeactivity.onCreate","guest_thread_id":1,"y":0,"guest_pc":"0180f004","primary_handle":"0100875c","action":-1,"secondary_handle":"00000000","swap":0,"result":0},{"handled":-1,"x":0,"input_consumed":0,"frame":0,"event":"native_app_glue.command.write","guest_thread_id":1,"y":0,"guest_pc":"01802174","primary_handle":"00000064","action":10,"secondary_handle":"00000065","swap":0,"result":1},{"handled":-1,"x":0,"input_consumed":0,"frame":0,"event":"looper.poll","guest_thread_id":2,"y":0,"guest_pc":"01802018","primary_handle":"019414c8","action":-1,"secondary_handle":"67000000","swap":0,"result":1},{"handled":-1,"x":0,"input_consumed":0,"frame":0,"event":"native_app_glue.command.read","guest_thread_id":2,"y":0,"guest_pc":"018021b4","primary_handle":"00000064","action":10,"secondary_handle":"00000065","swap":0,"result":1},{"handled":-1,"x":0,"input_consumed":0,"frame":0,"event":"nativeactivity.onStart","guest_thread_id":1,"y":0,"guest_pc":"0180f004","primary_handle":"0100875c","action":-1,"secondary_handle":"00091491","swap":0,"result":0},{"handled":-1,"x":0,"input_consumed":0,"frame":0,"event":"native_app_glue.command.write","guest_thread_id":1,"y":0,"guest_pc":"01802174","primary_handle":"00000064","action":11,"secondary_handle":"00000065","swap":0,"result":1},{"handled":-1,"x":0,"input_consumed":0,"frame":0,"event":"looper.poll","guest_thread_id":2,"y":0,"guest_pc":"01802018","primary_handle":"019414c8","action":-1,"secondary_handle":"67000000","swap":0,"result":1},{"handled":-1,"x":0,"input_consumed":0,"frame":0,"event":"native_app_glue.command.read","guest_thread_id":2,"y":0,"guest_pc":"018021b4","primary_handle":"00000064","action":11,"secondary_handle":"00000065","swap":0,"result":1},{"handled":-1,"x":0,"input_consumed":0,"frame":0,"event":"nativeactivity.onResume","guest_thread_id":1,"y":0,"guest_pc":"0180f004","primary_handle":"0100875c","action":-1,"secondary_handle":"00091489","swap":0,"result":0},{"handled":-1,"x":0,"input_consumed":0,"frame":0,"event":"native_app_glue.command.write","guest_thread_id":1,"y":0,"guest_pc":"01802174","primary_handle":"00000064","action":1,"secondary_handle":"00000065","swap":0,"result":1},{"handled":-1,"x":0,"input_consumed":0,"frame":0,"event":"looper.poll","guest_thread_id":2,"y":0,"guest_pc":"01802018","primary_handle":"019414c8","action":-1,"secondary_handle":"67000000","swap":0,"result":1},{"handled":-1,"x":0,"input_consumed":0,"frame":0,"event":"native_app_glue.command.read","guest_thread_id":2,"y":0,"guest_pc":"018021b4","primary_handle":"00000064","action":1,"secondary_handle":"00000065","swap":0,"result":1},{"handled":-1,"x":0,"input_consumed":0,"frame":0,"event":"nativeactivity.window.created","guest_thread_id":1,"y":0,"guest_pc":"0180f004","primary_handle":"0100875c","action":-1,"secondary_handle":"63000000","swap":0,"result":0}],"stage":"before:nativeactivity.input.created"}
2026-09-27T16:55:21.7769880Z ##[error]Process completed with exit code 1.
2026-09-27T16:55:21.8734570Z ##[group]Run actions/upload-artifact@v4
2026-09-27T16:55:21.8735080Z with:
2026-09-27T16:55:21.8735340Z   name: kungfoo-armv7-aot-probe
2026-09-27T16:55:21.8735760Z   path: build/kungfoo-aot-probe
2026-09-27T16:55:21.8736090Z   if-no-files-found: error
2026-09-27T16:55:21.8736300Z   compression-level: 6
2026-09-27T16:55:21.8736690Z   overwrite: false
2026-09-27T16:55:21.8737320Z   include-hidden-files: false
2026-09-27T16:55:21.8737600Z env:
2026-09-27T16:55:21.8739100Z   CARGO_HOME: /Users/runner/.cargo
2026-09-27T16:55:21.8740160Z   CARGO_INCREMENTAL: 0
2026-09-27T16:55:21.8740910Z   CARGO_TERM_COLOR: always
2026-09-27T16:55:21.8741370Z ##[endgroup]
2026-09-27T16:55:23.4105890Z (node:34558) [DEP0040] DeprecationWarning: The `punycode` module is deprecated. Please use a userland alternative instead.
2026-09-27T16:55:23.4108100Z (Use `node --trace-deprecation ...` to show where the warning was created)
2026-09-27T16:55:23.4338040Z With the provided path, there will be 12 files uploaded
2026-09-27T16:55:23.4346110Z Artifact name is valid!
2026-09-27T16:55:23.4346750Z Root directory input is valid!
2026-09-27T16:55:23.8133200Z Beginning upload of artifact content to blob storage
2026-09-27T16:55:24.2884250Z (node:34558) [DEP0169] DeprecationWarning: `url.parse()` behavior is not standardized and prone to errors that have security implications. Use the WHATWG URL API instead. CVEs are not issued for `url.parse()` vulnerabilities.
2026-09-27T16:55:24.4379640Z Uploaded bytes 1388397
2026-09-27T16:55:24.4560450Z Finished uploading artifact content to blob storage!
2026-09-27T16:55:24.4569390Z SHA256 digest of uploaded artifact zip is 8d5d4aa9107dc00f76b61c660683e0ab50b802d332890eeacc8d6b47193d1bc3
2026-09-27T16:55:24.4570510Z Finalizing artifact upload
2026-09-27T16:55:24.6374050Z Artifact kungfoo-armv7-aot-probe.zip successfully finalized. Artifact ID 10937205815
2026-09-27T16:55:24.6376470Z Artifact kungfoo-armv7-aot-probe has been successfully uploaded! Final size is 1388397 bytes. Artifact ID is 10937205815
2026-09-27T16:55:24.6384910Z Artifact download URL: https://github.com/xwc9527/early-android-game-runtime/actions/runs/36334377255/artifacts/10937205815
2026-09-27T16:55:24.7122880Z Post job cleanup.
2026-09-27T16:55:24.8885860Z [command]/opt/homebrew/bin/git version
2026-09-27T16:55:24.8999940Z git version 2.55.0
2026-09-27T16:55:24.9032400Z Copying '/Users/runner/.gitconfig' to '/Users/runner/work/_temp/b6df2f1a-3678-481e-8fe0-c0facd0205c3/.gitconfig'
2026-09-27T16:55:24.9045340Z Temporarily overriding HOME='/Users/runner/work/_temp/b6df2f1a-3678-481e-8fe0-c0facd0205c3' before making global git config changes
2026-09-27T16:55:24.9084330Z Adding repository directory to the temporary git global config as a safe directory
2026-09-27T16:55:24.9089430Z [command]/opt/homebrew/bin/git config --global --add safe.directory /Users/runner/work/early-android-game-runtime/early-android-game-runtime
2026-09-27T16:55:24.9332880Z [command]/opt/homebrew/bin/git config --local --name-only --get-regexp core\.sshCommand
2026-09-27T16:55:24.9410340Z [command]/opt/homebrew/bin/git submodule foreach --recursive sh -c "git config --local --name-only --get-regexp 'core\.sshCommand' && git config --local --unset-all 'core.sshCommand' || :"
2026-09-27T16:55:25.0902090Z [command]/opt/homebrew/bin/git config --local --name-only --get-regexp http\.https\:\/\/github\.com\/\.extraheader
2026-09-27T16:55:25.0967880Z http.https://github.com/.extraheader
2026-09-27T16:55:25.0994910Z [command]/opt/homebrew/bin/git config --local --unset-all http.https://github.com/.extraheader
2026-09-27T16:55:25.1293060Z [command]/opt/homebrew/bin/git submodule foreach --recursive sh -c "git config --local --name-only --get-regexp 'http\.https\:\/\/github\.com\/\.extraheader' && git config --local --unset-all 'http.https://github.com/.extraheader' || :"
2026-09-27T16:55:25.3075310Z [command]/opt/homebrew/bin/git config --local --name-only --get-regexp ^includeIf\.gitdir:
2026-09-27T16:55:25.3213860Z [command]/opt/homebrew/bin/git submodule foreach --recursive git config --local --show-origin --name-only --get-regexp remote.origin.url
2026-09-27T16:55:25.5337700Z Cleaning up orphan processes
2026-09-27T16:55:39.5778520Z ##[warning]Node.js 20 is deprecated. The following actions target Node.js 20 but are being forced to run on Node.js 24: actions/checkout@v4, actions/upload-artifact@v4. For more information see: https://github.blog/changelog/2025-09-19-deprecation-of-node-20-on-github-actions-runners/
