701360 1610612768 0 1 977652 1 974152 974152 974568 974172 974896 973960 0 950488 949600 26463352 701361 701360
701550 2147483680 0 1 977652 27 974152 974152 0 974172 974896 973960 0 950488 949600 26463352 701361 701550
701562 2147483680 0 1 977652 974900 974152 974152 0 974172 974896 973960 0 950488 949600 26463352 701361 701562
701568 32 0 2 0 974900 974152 974152 0 974172 974896 973960 0 950488 949600 26463352 701361 701568
701572 1610612768 0 2 0 974900 974152 974152 0 974172 974896 973960 0 950488 949600 26463352 701361 701572
701614 1610612768 0 2 0 974900 975440 974152 0 974172 974896 973960 0 950488 949600 26463352 701361 701614
701620 1610612768 0 2 28 974900 975440 974152 0 974172 974896 973960 0 950488 949600 26463352 701361 701620
701622 1610612768 0 2 28 974900 975440 974152 0 974172 974896 973960 0 950488 949600 26463352 701361 701622
701640 1610612768 0 2 28 974900 0 974152 0 0 974896 973960 0 950488 949600 26463352 701361 701640
701634 1610612768 0 2 28 977520 0 974152 0 0 974896 973960 0 950488 949600 26463352 701361 701634
701640 536870944 0 2 28 977520 1 974152 0 0 974896 973960 0 950488 949600 26463352 701361 701640
701634 1610612768 0 2 28 977520 1 974152 4 0 974896 973960 0 950488 949600 26463352 701361 701634
701640 536870944 0 2 28 977520 2 974152 4 0 974896 973960 0 950488 949600 26463352 701361 701640
701634 1610612768 0 2 28 977520 2 974152 8 0 974896 973960 0 950488 949600 26463352 701361 701634
701640 536870944 0 2 28 977520 3 974152 8 0 974896 973960 0 950488 949600 26463352 701361 701640
701634 1610612768 0 2 28 977520 3 974152 12 0 974896 973960 0 950488 949600 26463352 701361 701634
701640 536870944 0 2 28 977520 4 974152 12 0 974896 973960 0 950488 949600 26463352 701361 701640
701634 1610612768 0 2 28 977520 4 974152 16 0 974896 973960 0 950488 949600 26463352 701361 701634
701640 536870944 0 2 28 977520 5 974152 16 0 974896 973960 0 950488 949600 26463352 701361 701640
701634 1610612768 0 2 28 977520 5 974152 20 0 974896 973960 0 950488 949600 26463352 701361 701634
701640 536870944 0 2 28 977520 6 974152 20 0 974896 973960 0 950488 949600 26463352 701361 701640
701634 1610612768 0 2 28 977520 6 974152 24 0 974896 973960 0 950488 949600 26463352 701361 701634
701640 536870944 0 2 28 977520 7 974152 24 0 974896 973960 0 950488 949600 26463352 701361 701640
701634 1610612768 0 2 28 977520 7 974152 28 0 974896 973960 0 950488 949600 26463352 701361 701634
701640 536870944 0 2 28 977520 8 974152 28 0 974896 973960 0 950488 949600 26463352 701361 701640
701634 1610612768 0 2 28 977520 8 974152 32 0 974896 973960 0 950488 949600 26463352 701361 701634
701640 536870944 0 2 28 977520 9 974152 32 0 974896 973960 0 950488 949600 26463352 701361 701640
701634 1610612768 0 2 28 977520 9 974152 36 0 974896 973960 0 950488 949600 26463352 701361 701634
701640 536870944 0 2 28 977520 10 974152 36 0 974896 973960 0 950488 949600 26463352 701361 701640
701634 1610612768 0 2 28 977520 10 974152 40 0 974896 973960 0 950488 949600 26463352 701361 701634
701640 536870944 0 2 28 977520 11 974152 40 0 974896 973960 0 950488 949600 26463352 701361 701640
701634 1610612768 0 2 28 977520 11 974152 44 0 974896 973960 0 950488 949600 26463352 701361 701634
701640 536870944 0 2 28 977520 12 974152 44 0 974896 973960 0 950488 949600 26463352 701361 701640
701634 1610612768 0 2 28 977520 12 974152 48 0 974896 973960 0 950488 949600 26463352 701361 701634
701640 536870944 0 2 28 977520 13 974152 48 0 974896 973960 0 950488 949600 26463352 701361 701640
701634 1610612768 0 2 28 977520 13 974152 52 0 974896 973960 0 950488 949600 26463352 701361 701634
701640 536870944 0 2 28 977520 14 974152 52 0 974896 973960 0 950488 949600 26463352 701361 701640
701634 1610612768 0 2 28 977520 14 974152 56 0 974896 973960 0 950488 949600 26463352 701361 701634
701640 536870944 0 2 28 977520 15 974152 56 0 974896 973960 0 950488 949600 26463352 701361 701640
701634 1610612768 0 2 28 977520 15 974152 60 0 974896 973960 0 950488 949600 26463352 701361 701634
701640 536870944 0 2 28 977520 16 974152 60 0 974896 973960 0 950488 949600 26463352 701361 701640
701634 1610612768 0 2 28 977520 16 974152 64 0 974896 973960 0 950488 949600 26463352 701361 701634
701640 536870944 0 2 28 977520 17 974152 64 0 974896 973960 0 950488 949600 26463352 701361 701640
701634 1610612768 0 2 28 977520 17 974152 68 0 974896 973960 0 950488 949600 26463352 701361 701634
701640 536870944 0 2 28 977520 18 974152 68 0 974896 973960 0 950488 949600 26463352 701361 701640
701634 1610612768 0 2 28 977520 18 974152 72 0 974896 973960 0 950488 949600 26463352 701361 701634
701640 536870944 0 2 28 977520 19 974152 72 0 974896 973960 0 950488 949600 26463352 701361 701640
701634 1610612768 0 2 28 977520 19 974152 76 0 974896 973960 0 950488 949600 26463352 701361 701634
701640 536870944 0 2 28 977520 20 974152 76 0 974896 973960 0 950488 949600 26463352 701361 701640
701634 1610612768 0 2 28 977520 20 974152 80 0 974896 973960 0 950488 949600 26463352 701361 701634
701640 536870944 0 2 28 977520 21 974152 80 0 974896 973960 0 950488 949600 26463352 701361 701640
701634 1610612768 0 2 28 977520 21 974152 84 0 974896 973960 0 950488 949600 26463352 701361 701634
701640 536870944 0 2 28 977520 22 974152 84 0 974896 973960 0 950488 949600 26463352 701361 701640
701634 1610612768 0 2 28 977520 22 974152 88 0 974896 973960 0 950488 949600 26463352 701361 701634
701640 536870944 0 2 28 977520 23 974152 88 0 974896 973960 0 950488 949600 26463352 701361 701640
701634 1610612768 0 2 28 977520 23 974152 92 0 974896 973960 0 950488 949600 26463352 701361 701634
701640 536870944 0 2 28 977520 24 974152 92 0 974896 973960 0 950488 949600 26463352 701361 701640
701634 1610612768 0 2 28 977520 24 974152 96 0 974896 973960 0 950488 949600 26463352 701361 701634
701640 536870944 0 2 28 977520 25 974152 96 0 974896 973960 0 950488 949600 26463352 701361 701640
701634 1610612768 0 2 28 977520 25 974152 100 0 974896 973960 0 950488 949600 26463352 701361 701634
701640 536870944 0 2 28 977520 26 974152 100 0 974896 973960 0 950488 949600 26463352 701361 701640
701634 1610612768 0 2 28 977520 26 974152 104 0 974896 973960 0 950488 949600 26463352 701361 701634
701640 536870944 0 2 28 977520 27 974152 104 0 974896 973960 0 950488 949600 26463352 701361 701640
701634 1610612768 0 2 28 977520 27 974152 108 0 974896 973960 0 950488 949600 26463352 701361 701634
701694 1610612768 0 2 28 977520 28 974152 108 0 974896 973960 0 950488 949600 26463352 701361 701694
701360 536870944 1 2 977652 2 974152 974152 974568 974172 974444 973960 0 950488 950104 26463352 701361 701360
701550 2147483680 1 2 977652 27 974152 974152 1 974172 974444 973960 0 950488 950104 26463352 701361 701550
701562 2147483680 1 1 977652 974448 974152 974152 1 974172 974444 973960 0 950488 950104 26463352 701361 701562
701568 32 1 2 0 974448 974152 974152 1 974172 974444 973960 0 950488 950104 26463352 701361 701568
701572 1610612768 1 2 0 974448 974152 974152 1 974172 974444 973960 0 950488 950104 26463352 701361 701572
701614 1610612768 0 2 0 974448 975440 974152 1 974172 974444 973960 0 950488 950104 26463352 701361 701614
701620 1610612768 0 2 28 974448 975440 974152 1 974172 974444 973960 0 950488 950104 26463352 701361 701620
701622 1610612768 0 2 28 974448 975440 974152 1 974172 974444 973960 0 950488 950104 26463352 701361 701622
701640 1610612768 0 2 28 974448 0 974152 1 0 974444 973960 0 950488 950104 26463352 701361 701640
701634 1610612768 0 2 28 977520 0 974152 0 0 974444 973960 0 950488 950104 26463352 701361 701634
701640 536870944 0 2 28 977520 1 974152 0 0 974444 973960 0 950488 950104 26463352 701361 701640
701634 1610612768 0 2 28 977520 1 974152 4 0 974444 973960 0 950488 950104 26463352 701361 701634
701640 536870944 0 2 28 977520 2 974152 4 0 974444 973960 0 950488 950104 26463352 701361 701640
701634 1610612768 0 2 28 977520 2 974152 8 0 974444 973960 0 950488 950104 26463352 701361 701634
701640 536870944 0 2 28 977520 3 974152 8 0 974444 973960 0 950488 950104 26463352 701361 701640
701634 1610612768 0 2 28 977520 3 974152 12 0 974444 973960 0 950488 950104 26463352 701361 701634
701640 536870944 0 2 28 977520 4 974152 12 0 974444 973960 0 950488 950104 26463352 701361 701640
701634 1610612768 0 2 28 977520 4 974152 16 0 974444 973960 0 950488 950104 26463352 701361 701634
701640 536870944 0 2 28 977520 5 974152 16 0 974444 973960 0 950488 950104 26463352 701361 701640
701634 1610612768 0 2 28 977520 5 974152 20 0 974444 973960 0 950488 950104 26463352 701361 701634
701640 536870944 0 2 28 977520 6 974152 20 0 974444 973960 0 950488 950104 26463352 701361 701640
701634 1610612768 0 2 28 977520 6 974152 24 0 974444 973960 0 950488 950104 26463352 701361 701634
701640 536870944 0 2 28 977520 7 974152 24 0 974444 973960 0 950488 950104 26463352 701361 701640
701634 1610612768 0 2 28 977520 7 974152 28 0 974444 973960 0 950488 950104 26463352 701361 701634
701640 536870944 0 2 28 977520 8 974152 28 0 974444 973960 0 950488 950104 26463352 701361 701640
701634 1610612768 0 2 28 977520 8 974152 32 0 974444 973960 0 950488 950104 26463352 701361 701634
701640 536870944 0 2 28 977520 9 974152 32 0 974444 973960 0 950488 950104 26463352 701361 701640
701634 1610612768 0 2 28 977520 9 974152 36 0 974444 973960 0 950488 950104 26463352 701361 701634
701640 536870944 0 2 28 977520 10 974152 36 0 974444 973960 0 950488 950104 26463352 701361 701640
701634 1610612768 0 2 28 977520 10 974152 40 0 974444 973960 0 950488 950104 26463352 701361 701634
701640 536870944 0 2 28 977520 11 974152 40 0 974444 973960 0 950488 950104 26463352 701361 701640
701634 1610612768 0 2 28 977520 11 974152 44 0 974444 973960 0 950488 950104 26463352 701361 701634
701640 536870944 0 2 28 977520 12 974152 44 0 974444 973960 0 950488 950104 26463352 701361 701640
701634 1610612768 0 2 28 977520 12 974152 48 0 974444 973960 0 950488 950104 26463352 701361 701634
701640 536870944 0 2 28 977520 13 974152 48 0 974444 973960 0 950488 950104 26463352 701361 701640
701634 1610612768 0 2 28 977520 13 974152 52 0 974444 973960 0 950488 950104 26463352 701361 701634
701640 536870944 0 2 28 977520 14 974152 52 0 974444 973960 0 950488 950104 26463352 701361 701640
701634 1610612768 0 2 28 977520 14 974152 56 0 974444 973960 0 950488 950104 26463352 701361 701634
701640 536870944 0 2 28 977520 15 974152 56 0 974444 973960 0 950488 950104 26463352 701361 701640
701634 1610612768 0 2 28 977520 15 974152 60 0 974444 973960 0 950488 950104 26463352 701361 701634
701640 536870944 0 2 28 977520 16 974152 60 0 974444 973960 0 950488 950104 26463352 701361 701640
701634 1610612768 0 2 28 977520 16 974152 64 0 974444 973960 0 950488 950104 26463352 701361 701634
701640 536870944 0 2 28 977520 17 974152 64 0 974444 973960 0 950488 950104 26463352 701361 701640
701634 1610612768 0 2 28 977520 17 974152 68 0 974444 973960 0 950488 950104 26463352 701361 701634
701640 536870944 0 2 28 977520 18 974152 68 0 974444 973960 0 950488 950104 26463352 701361 701640
701634 1610612768 0 2 28 977520 18 974152 72 0 974444 973960 0 950488 950104 26463352 701361 701634
701640 536870944 0 2 28 977520 19 974152 72 0 974444 973960 0 950488 950104 26463352 701361 701640
701634 1610612768 0 2 28 977520 19 974152 76 0 974444 973960 0 950488 950104 26463352 701361 701634
701640 536870944 0 2 28 977520 20 974152 76 0 974444 973960 0 950488 950104 26463352 701361 701640
701634 1610612768 0 2 28 977520 20 974152 80 0 974444 973960 0 950488 950104 26463352 701361 701634
701640 536870944 0 2 28 977520 21 974152 80 0 974444 973960 0 950488 950104 26463352 701361 701640
701634 1610612768 0 2 28 977520 21 974152 84 0 974444 973960 0 950488 950104 26463352 701361 701634
701640 536870944 0 2 28 977520 22 974152 84 0 974444 973960 0 950488 950104 26463352 701361 701640
701634 1610612768 0 2 28 977520 22 974152 88 0 974444 973960 0 950488 950104 26463352 701361 701634
701640 536870944 0 2 28 977520 23 974152 88 0 974444 973960 0 950488 950104 26463352 701361 701640
701634 1610612768 0 2 28 977520 23 974152 92 0 974444 973960 0 950488 950104 26463352 701361 701634
701640 536870944 0 2 28 977520 24 974152 92 0 974444 973960 0 950488 950104 26463352 701361 701640
701634 1610612768 0 2 28 977520 24 974152 96 0 974444 973960 0 950488 950104 26463352 701361 701634
701640 536870944 0 2 28 977520 25 974152 96 0 974444 973960 0 950488 950104 26463352 701361 701640
701634 1610612768 0 2 28 977520 25 974152 100 0 974444 973960 0 950488 950104 26463352 701361 701634
701640 536870944 0 2 28 977520 26 974152 100 0 974444 973960 0 950488 950104 26463352 701361 701640
701634 1610612768 0 2 28 977520 26 974152 104 0 974444 973960 0 950488 950104 26463352 701361 701634
701640 536870944 0 2 28 977520 27 974152 104 0 974444 973960 0 950488 950104 26463352 701361 701640
701634 1610612768 0 2 28 977520 27 974152 108 0 974444 973960 0 950488 950104 26463352 701361 701634
701694 1610612768 0 2 28 977520 28 974152 108 0 974444 973960 0 950488 950104 26463352 701361 701694
701360 536870944 2 3 977652 3 974152 974152 974216 941328 974216 973960 974084 950488 4294966868 26463352 701361 701360
701550 2147483680 2 3 977652 27 974152 974152 2 941328 974216 973960 974084 950488 4294966868 26463352 701361 701550
701562 2147483680 2 1 977652 974220 974152 974152 2 941328 974216 973960 974084 950488 4294966868 26463352 701361 701562
701568 32 2 2 0 974220 974152 974152 2 941328 974216 973960 974084 950488 4294966868 26463352 701361 701568
701572 1610612768 2 2 0 974220 974152 974152 2 941328 974216 973960 974084 950488 4294966868 26463352 701361 701572
701614 1610612768 0 2 0 974220 975440 974152 2 941328 974216 973960 974084 950488 4294966868 26463352 701361 701614
701620 1610612768 0 2 28 974220 975440 974152 2 941328 974216 973960 974084 950488 4294966868 26463352 701361 701620
701622 1610612768 0 2 28 974220 975440 974152 2 941328 974216 973960 974084 950488 4294966868 26463352 701361 701622
701640 1610612768 0 2 28 974220 0 974152 2 0 974216 973960 974084 950488 4294966868 26463352 701361 701640
701634 1610612768 0 2 28 977520 0 974152 0 0 974216 973960 974084 950488 4294966868 26463352 701361 701634
701640 536870944 0 2 28 977520 1 974152 0 0 974216 973960 974084 950488 4294966868 26463352 701361 701640
701634 1610612768 0 2 28 977520 1 974152 4 0 974216 973960 974084 950488 4294966868 26463352 701361 701634
701640 536870944 0 2 28 977520 2 974152 4 0 974216 973960 974084 950488 4294966868 26463352 701361 701640
701634 1610612768 0 2 28 977520 2 974152 8 0 974216 973960 974084 950488 4294966868 26463352 701361 701634
701640 536870944 0 2 28 977520 3 974152 8 0 974216 973960 974084 950488 4294966868 26463352 701361 701640
701634 1610612768 0 2 28 977520 3 974152 12 0 974216 973960 974084 950488 4294966868 26463352 701361 701634
701640 536870944 0 2 28 977520 4 974152 12 0 974216 973960 974084 950488 4294966868 26463352 701361 701640
701634 1610612768 0 2 28 977520 4 974152 16 0 974216 973960 974084 950488 4294966868 26463352 701361 701634
701640 536870944 0 2 28 977520 5 974152 16 0 974216 973960 974084 950488 4294966868 26463352 701361 701640
701634 1610612768 0 2 28 977520 5 974152 20 0 974216 973960 974084 950488 4294966868 26463352 701361 701634
701640 536870944 0 2 28 977520 6 974152 20 0 974216 973960 974084 950488 4294966868 26463352 701361 701640
701634 1610612768 0 2 28 977520 6 974152 24 0 974216 973960 974084 950488 4294966868 26463352 701361 701634
701640 536870944 0 2 28 977520 7 974152 24 0 974216 973960 974084 950488 4294966868 26463352 701361 701640
701634 1610612768 0 2 28 977520 7 974152 28 0 974216 973960 974084 950488 4294966868 26463352 701361 701634
701640 536870944 0 2 28 977520 8 974152 28 0 974216 973960 974084 950488 4294966868 26463352 701361 701640
701634 1610612768 0 2 28 977520 8 974152 32 0 974216 973960 974084 950488 4294966868 26463352 701361 701634
701640 536870944 0 2 28 977520 9 974152 32 0 974216 973960 974084 950488 4294966868 26463352 701361 701640
701634 1610612768 0 2 28 977520 9 974152 36 0 974216 973960 974084 950488 4294966868 26463352 701361 701634
701640 536870944 0 2 28 977520 10 974152 36 0 974216 973960 974084 950488 4294966868 26463352 701361 701640
701634 1610612768 0 2 28 977520 10 974152 40 0 974216 973960 974084 950488 4294966868 26463352 701361 701634
701640 536870944 0 2 28 977520 11 974152 40 0 974216 973960 974084 950488 4294966868 26463352 701361 701640
701634 1610612768 0 2 28 977520 11 974152 44 0 974216 973960 974084 950488 4294966868 26463352 701361 701634
701640 536870944 0 2 28 977520 12 974152 44 0 974216 973960 974084 950488 4294966868 26463352 701361 701640
701634 1610612768 0 2 28 977520 12 974152 48 0 974216 973960 974084 950488 4294966868 26463352 701361 701634
701640 536870944 0 2 28 977520 13 974152 48 0 974216 973960 974084 950488 4294966868 26463352 701361 701640
701634 1610612768 0 2 28 977520 13 974152 52 0 974216 973960 974084 950488 4294966868 26463352 701361 701634
701640 536870944 0 2 28 977520 14 974152 52 0 974216 973960 974084 950488 4294966868 26463352 701361 701640
701634 1610612768 0 2 28 977520 14 974152 56 0 974216 973960 974084 950488 4294966868 26463352 701361 701634
701640 536870944 0 2 28 977520 15 974152 56 0 974216 973960 974084 950488 4294966868 26463352 701361 701640
701634 1610612768 0 2 28 977520 15 974152 60 0 974216 973960 974084 950488 4294966868 26463352 701361 701634
701640 536870944 0 2 28 977520 16 974152 60 0 974216 973960 974084 950488 4294966868 26463352 701361 701640
701634 1610612768 0 2 28 977520 16 974152 64 0 974216 973960 974084 950488 4294966868 26463352 701361 701634
701640 536870944 0 2 28 977520 17 974152 64 0 974216 973960 974084 950488 4294966868 26463352 701361 701640
701634 1610612768 0 2 28 977520 17 974152 68 0 974216 973960 974084 950488 4294966868 26463352 701361 701634
701640 536870944 0 2 28 977520 18 974152 68 0 974216 973960 974084 950488 4294966868 26463352 701361 701640
701634 1610612768 0 2 28 977520 18 974152 72 0 974216 973960 974084 950488 4294966868 26463352 701361 701634
701640 536870944 0 2 28 977520 19 974152 72 0 974216 973960 974084 950488 4294966868 26463352 701361 701640
701634 1610612768 0 2 28 977520 19 974152 76 0 974216 973960 974084 950488 4294966868 26463352 701361 701634
701640 536870944 0 2 28 977520 20 974152 76 0 974216 973960 974084 950488 4294966868 26463352 701361 701640
701634 1610612768 0 2 28 977520 20 974152 80 0 974216 973960 974084 950488 4294966868 26463352 701361 701634
701640 536870944 0 2 28 977520 21 974152 80 0 974216 973960 974084 950488 4294966868 26463352 701361 701640
701634 1610612768 0 2 28 977520 21 974152 84 0 974216 973960 974084 950488 4294966868 26463352 701361 701634
701640 536870944 0 2 28 977520 22 974152 84 0 974216 973960 974084 950488 4294966868 26463352 701361 701640
701634 1610612768 0 2 28 977520 22 974152 88 0 974216 973960 974084 950488 4294966868 26463352 701361 701634
701640 536870944 0 2 28 977520 23 974152 88 0 974216 973960 974084 950488 4294966868 26463352 701361 701640
701634 1610612768 0 2 28 977520 23 974152 92 0 974216 973960 974084 950488 4294966868 26463352 701361 701634
701640 536870944 0 2 28 977520 24 974152 92 0 974216 973960 974084 950488 4294966868 26463352 701361 701640
701634 1610612768 0 2 28 977520 24 974152 96 0 974216 973960 974084 950488 4294966868 26463352 701361 701634
701640 536870944 0 2 28 977520 25 974152 96 0 974216 973960 974084 950488 4294966868 26463352 701361 701640
701634 1610612768 0 2 28 977520 25 974152 100 0 974216 973960 974084 950488 4294966868 26463352 701361 701634
701640 536870944 0 2 28 977520 26 974152 100 0 974216 973960 974084 950488 4294966868 26463352 701361 701640
701634 1610612768 0 2 28 977520 26 974152 104 0 974216 973960 974084 950488 4294966868 26463352 701361 701634
701640 536870944 0 2 28 977520 27 974152 104 0 974216 973960 974084 950488 4294966868 26463352 701361 701640
701634 1610612768 0 2 28 977520 27 974152 108 0 974216 973960 974084 950488 4294966868 26463352 701361 701634
701694 1610612768 0 2 28 977520 28 974152 108 0 974216 973960 974084 950488 4294966868 26463352 701361 701694
701360 536870944 3 4 977652 4 974152 974152 4294966880 941328 977636 973960 974084 950488 4294966868 26463352 701361 701360
701550 2147483680 3 4 977652 27 974152 974152 3 941328 977636 973960 974084 950488 4294966868 26463352 701361 701550
701562 2147483680 3 1 977652 977640 974152 974152 3 941328 977636 973960 974084 950488 4294966868 26463352 701361 701562
701568 32 3 2 0 977640 974152 974152 3 941328 977636 973960 974084 950488 4294966868 26463352 701361 701568
701572 1610612768 3 2 0 977640 974152 974152 3 941328 977636 973960 974084 950488 4294966868 26463352 701361 701572
701614 1610612768 0 2 0 977640 975440 974152 3 941328 977636 973960 974084 950488 4294966868 26463352 701361 701614
701620 1610612768 0 2 28 977640 975440 974152 3 941328 977636 973960 974084 950488 4294966868 26463352 701361 701620
701622 1610612768 0 2 28 977640 975440 974152 3 941328 977636 973960 974084 950488 4294966868 26463352 701361 701622
701640 1610612768 0 2 28 977640 0 974152 3 0 977636 973960 974084 950488 4294966868 26463352 701361 701640
701634 1610612768 0 2 28 977520 0 974152 0 0 977636 973960 974084 950488 4294966868 26463352 701361 701634
701640 536870944 0 2 28 977520 1 974152 0 0 977636 973960 974084 950488 4294966868 26463352 701361 701640
701634 1610612768 0 2 28 977520 1 974152 4 0 977636 973960 974084 950488 4294966868 26463352 701361 701634
701640 536870944 0 2 28 977520 2 974152 4 0 977636 973960 974084 950488 4294966868 26463352 701361 701640
701634 1610612768 0 2 28 977520 2 974152 8 0 977636 973960 974084 950488 4294966868 26463352 701361 701634
701640 536870944 0 2 28 977520 3 974152 8 0 977636 973960 974084 950488 4294966868 26463352 701361 701640
701634 1610612768 0 2 28 977520 3 974152 12 0 977636 973960 974084 950488 4294966868 26463352 701361 701634
701640 536870944 0 2 28 977520 4 974152 12 0 977636 973960 974084 950488 4294966868 26463352 701361 701640
701634 1610612768 0 2 28 977520 4 974152 16 0 977636 973960 974084 950488 4294966868 26463352 701361 701634
701640 536870944 0 2 28 977520 5 974152 16 0 977636 973960 974084 950488 4294966868 26463352 701361 701640
701634 1610612768 0 2 28 977520 5 974152 20 0 977636 973960 974084 950488 4294966868 26463352 701361 701634
701640 536870944 0 2 28 977520 6 974152 20 0 977636 973960 974084 950488 4294966868 26463352 701361 701640
701634 1610612768 0 2 28 977520 6 974152 24 0 977636 973960 974084 950488 4294966868 26463352 701361 701634
701640 536870944 0 2 28 977520 7 974152 24 0 977636 973960 974084 950488 4294966868 26463352 701361 701640
701634 1610612768 0 2 28 977520 7 974152 28 0 977636 973960 974084 950488 4294966868 26463352 701361 701634
701640 536870944 0 2 28 977520 8 974152 28 0 977636 973960 974084 950488 4294966868 26463352 701361 701640
701634 1610612768 0 2 28 977520 8 974152 32 0 977636 973960 974084 950488 4294966868 26463352 701361 701634
701640 536870944 0 2 28 977520 9 974152 32 0 977636 973960 974084 950488 4294966868 26463352 701361 701640
701634 1610612768 0 2 28 977520 9 974152 36 0 977636 973960 974084 950488 4294966868 26463352 701361 701634
701640 536870944 0 2 28 977520 10 974152 36 0 977636 973960 974084 950488 4294966868 26463352 701361 701640
701634 1610612768 0 2 28 977520 10 974152 40 0 977636 973960 974084 950488 4294966868 26463352 701361 701634
701640 536870944 0 2 28 977520 11 974152 40 0 977636 973960 974084 950488 4294966868 26463352 701361 701640
701634 1610612768 0 2 28 977520 11 974152 44 0 977636 973960 974084 950488 4294966868 26463352 701361 701634
701640 536870944 0 2 28 977520 12 974152 44 0 977636 973960 974084 950488 4294966868 26463352 701361 701640
701634 1610612768 0 2 28 977520 12 974152 48 0 977636 973960 974084 950488 4294966868 26463352 701361 701634
701640 536870944 0 2 28 977520 13 974152 48 0 977636 973960 974084 950488 4294966868 26463352 701361 701640
701634 1610612768 0 2 28 977520 13 974152 52 0 977636 973960 974084 950488 4294966868 26463352 701361 701634
701640 536870944 0 2 28 977520 14 974152 52 0 977636 973960 974084 950488 4294966868 26463352 701361 701640
701634 1610612768 0 2 28 977520 14 974152 56 0 977636 973960 974084 950488 4294966868 26463352 701361 701634
701640 536870944 0 2 28 977520 15 974152 56 0 977636 973960 974084 950488 4294966868 26463352 701361 701640
701634 1610612768 0 2 28 977520 15 974152 60 0 977636 973960 974084 950488 4294966868 26463352 701361 701634
701640 536870944 0 2 28 977520 16 974152 60 0 977636 973960 974084 950488 4294966868 26463352 701361 701640
701634 1610612768 0 2 28 977520 16 974152 64 0 977636 973960 974084 950488 4294966868 26463352 701361 701634
701640 536870944 0 2 28 977520 17 974152 64 0 977636 973960 974084 950488 4294966868 26463352 701361 701640
701634 1610612768 0 2 28 977520 17 974152 68 0 977636 973960 974084 950488 4294966868 26463352 701361 701634
701640 536870944 0 2 28 977520 18 974152 68 0 977636 973960 974084 950488 4294966868 26463352 701361 701640
701634 1610612768 0 2 28 977520 18 974152 72 0 977636 973960 974084 950488 4294966868 26463352 701361 701634
701640 536870944 0 2 28 977520 19 974152 72 0 977636 973960 974084 950488 4294966868 26463352 701361 701640
701634 1610612768 0 2 28 977520 19 974152 76 0 977636 973960 974084 950488 4294966868 26463352 701361 701634
701640 536870944 0 2 28 977520 20 974152 76 0 977636 973960 974084 950488 4294966868 26463352 701361 701640
701634 1610612768 0 2 28 977520 20 974152 80 0 977636 973960 974084 950488 4294966868 26463352 701361 701634
701640 536870944 0 2 28 977520 21 974152 80 0 977636 973960 974084 950488 4294966868 26463352 701361 701640
701634 1610612768 0 2 28 977520 21 974152 84 0 977636 973960 974084 950488 4294966868 26463352 701361 701634
701640 536870944 0 2 28 977520 22 974152 84 0 977636 973960 974084 950488 4294966868 26463352 701361 701640
701634 1610612768 0 2 28 977520 22 974152 88 0 977636 973960 974084 950488 4294966868 26463352 701361 701634
701640 536870944 0 2 28 977520 23 974152 88 0 977636 973960 974084 950488 4294966868 26463352 701361 701640
701634 1610612768 0 2 28 977520 23 974152 92 0 977636 973960 974084 950488 4294966868 26463352 701361 701634
701640 536870944 0 2 28 977520 24 974152 92 0 977636 973960 974084 950488 4294966868 26463352 701361 701640
701634 1610612768 0 2 28 977520 24 974152 96 0 977636 973960 974084 950488 4294966868 26463352 701361 701634
701640 536870944 0 2 28 977520 25 974152 96 0 977636 973960 974084 950488 4294966868 26463352 701361 701640
701634 1610612768 0 2 28 977520 25 974152 100 0 977636 973960 974084 950488 4294966868 26463352 701361 701634
701640 536870944 0 2 28 977520 26 974152 100 0 977636 973960 974084 950488 4294966868 26463352 701361 701640
701634 1610612768 0 2 28 977520 26 974152 104 0 977636 973960 974084 950488 4294966868 26463352 701361 701634
701640 536870944 0 2 28 977520 27 974152 104 0 977636 973960 974084 950488 4294966868 26463352 701361 701640
701634 1610612768 0 2 28 977520 27 974152 108 0 977636 973960 974084 950488 4294966868 26463352 701361 701634
701694 1610612768 0 2 28 977520 28 974152 108 0 977636 973960 974084 950488 4294966868 26463352 701361 701694
701360 536870944 4 5 977652 5 974152 974152 4294966888 941328 975856 973960 974084 950488 4294966868 26463352 701361 701360
701550 2147483680 4 5 977652 27 974152 974152 4 941328 975856 973960 974084 950488 4294966868 26463352 701361 701550
701562 2147483680 4 1 977652 975860 974152 974152 4 941328 975856 973960 974084 950488 4294966868 26463352 701361 701562
701568 32 4 2 0 975860 974152 974152 4 941328 975856 973960 974084 950488 4294966868 26463352 701361 701568
701572 1610612768 4 2 0 975860 974152 974152 4 941328 975856 973960 974084 950488 4294966868 26463352 701361 701572
701614 1610612768 0 2 0 975860 975440 974152 4 941328 975856 973960 974084 950488 4294966868 26463352 701361 701614
701620 1610612768 0 2 28 975860 975440 974152 4 941328 975856 973960 974084 950488 4294966868 26463352 701361 701620
701622 1610612768 0 2 28 975860 975440 974152 4 941328 975856 973960 974084 950488 4294966868 26463352 701361 701622
701640 1610612768 0 2 28 975860 0 974152 4 0 975856 973960 974084 950488 4294966868 26463352 701361 701640
701634 1610612768 0 2 28 977520 0 974152 0 0 975856 973960 974084 950488 4294966868 26463352 701361 701634
701640 536870944 0 2 28 977520 1 974152 0 0 975856 973960 974084 950488 4294966868 26463352 701361 701640
701634 1610612768 0 2 28 977520 1 974152 4 0 975856 973960 974084 950488 4294966868 26463352 701361 701634
701640 536870944 0 2 28 977520 2 974152 4 0 975856 973960 974084 950488 4294966868 26463352 701361 701640
701634 1610612768 0 2 28 977520 2 974152 8 0 975856 973960 974084 950488 4294966868 26463352 701361 701634
701640 536870944 0 2 28 977520 3 974152 8 0 975856 973960 974084 950488 4294966868 26463352 701361 701640
701634 1610612768 0 2 28 977520 3 974152 12 0 975856 973960 974084 950488 4294966868 26463352 701361 701634
701640 536870944 0 2 28 977520 4 974152 12 0 975856 973960 974084 950488 4294966868 26463352 701361 701640
701634 1610612768 0 2 28 977520 4 974152 16 0 975856 973960 974084 950488 4294966868 26463352 701361 701634
701640 536870944 0 2 28 977520 5 974152 16 0 975856 973960 974084 950488 4294966868 26463352 701361 701640
701634 1610612768 0 2 28 977520 5 974152 20 0 975856 973960 974084 950488 4294966868 26463352 701361 701634
701640 536870944 0 2 28 977520 6 974152 20 0 975856 973960 974084 950488 4294966868 26463352 701361 701640
701634 1610612768 0 2 28 977520 6 974152 24 0 975856 973960 974084 950488 4294966868 26463352 701361 701634
701640 536870944 0 2 28 977520 7 974152 24 0 975856 973960 974084 950488 4294966868 26463352 701361 701640
701634 1610612768 0 2 28 977520 7 974152 28 0 975856 973960 974084 950488 4294966868 26463352 701361 701634
701640 536870944 0 2 28 977520 8 974152 28 0 975856 973960 974084 950488 4294966868 26463352 701361 701640
701634 1610612768 0 2 28 977520 8 974152 32 0 975856 973960 974084 950488 4294966868 26463352 701361 701634
701640 536870944 0 2 28 977520 9 974152 32 0 975856 973960 974084 950488 4294966868 26463352 701361 701640
701634 1610612768 0 2 28 977520 9 974152 36 0 975856 973960 974084 950488 4294966868 26463352 701361 701634
701640 536870944 0 2 28 977520 10 974152 36 0 975856 973960 974084 950488 4294966868 26463352 701361 701640
701634 1610612768 0 2 28 977520 10 974152 40 0 975856 973960 974084 950488 4294966868 26463352 701361 701634
701640 536870944 0 2 28 977520 11 974152 40 0 975856 973960 974084 950488 4294966868 26463352 701361 701640
701634 1610612768 0 2 28 977520 11 974152 44 0 975856 973960 974084 950488 4294966868 26463352 701361 701634
701640 536870944 0 2 28 977520 12 974152 44 0 975856 973960 974084 950488 4294966868 26463352 701361 701640
701634 1610612768 0 2 28 977520 12 974152 48 0 975856 973960 974084 950488 4294966868 26463352 701361 701634
701640 536870944 0 2 28 977520 13 974152 48 0 975856 973960 974084 950488 4294966868 26463352 701361 701640
701634 1610612768 0 2 28 977520 13 974152 52 0 975856 973960 974084 950488 4294966868 26463352 701361 701634
701640 536870944 0 2 28 977520 14 974152 52 0 975856 973960 974084 950488 4294966868 26463352 701361 701640
701634 1610612768 0 2 28 977520 14 974152 56 0 975856 973960 974084 950488 4294966868 26463352 701361 701634
701640 536870944 0 2 28 977520 15 974152 56 0 975856 973960 974084 950488 4294966868 26463352 701361 701640
701634 1610612768 0 2 28 977520 15 974152 60 0 975856 973960 974084 950488 4294966868 26463352 701361 701634
701640 536870944 0 2 28 977520 16 974152 60 0 975856 973960 974084 950488 4294966868 26463352 701361 701640
701634 1610612768 0 2 28 977520 16 974152 64 0 975856 973960 974084 950488 4294966868 26463352 701361 701634
701640 536870944 0 2 28 977520 17 974152 64 0 975856 973960 974084 950488 4294966868 26463352 701361 701640
701634 1610612768 0 2 28 977520 17 974152 68 0 975856 973960 974084 950488 4294966868 26463352 701361 701634
701640 536870944 0 2 28 977520 18 974152 68 0 975856 973960 974084 950488 4294966868 26463352 701361 701640
701634 1610612768 0 2 28 977520 18 974152 72 0 975856 973960 974084 950488 4294966868 26463352 701361 701634
701640 536870944 0 2 28 977520 19 974152 72 0 975856 973960 974084 950488 4294966868 26463352 701361 701640
701634 1610612768 0 2 28 977520 19 974152 76 0 975856 973960 974084 950488 4294966868 26463352 701361 701634
701640 536870944 0 2 28 977520 20 974152 76 0 975856 973960 974084 950488 4294966868 26463352 701361 701640
701634 1610612768 0 2 28 977520 20 974152 80 0 975856 973960 974084 950488 4294966868 26463352 701361 701634
701640 536870944 0 2 28 977520 21 974152 80 0 975856 973960 974084 950488 4294966868 26463352 701361 701640
701634 1610612768 0 2 28 977520 21 974152 84 0 975856 973960 974084 950488 4294966868 26463352 701361 701634
701640 536870944 0 2 28 977520 22 974152 84 0 975856 973960 974084 950488 4294966868 26463352 701361 701640
701634 1610612768 0 2 28 977520 22 974152 88 0 975856 973960 974084 950488 4294966868 26463352 701361 701634
701640 536870944 0 2 28 977520 23 974152 88 0 975856 973960 974084 950488 4294966868 26463352 701361 701640
701634 1610612768 0 2 28 977520 23 974152 92 0 975856 973960 974084 950488 4294966868 26463352 701361 701634
701640 536870944 0 2 28 977520 24 974152 92 0 975856 973960 974084 950488 4294966868 26463352 701361 701640
701634 1610612768 0 2 28 977520 24 974152 96 0 975856 973960 974084 950488 4294966868 26463352 701361 701634
701640 536870944 0 2 28 977520 25 974152 96 0 975856 973960 974084 950488 4294966868 26463352 701361 701640
701634 1610612768 0 2 28 977520 25 974152 100 0 975856 973960 974084 950488 4294966868 26463352 701361 701634
701640 536870944 0 2 28 977520 26 974152 100 0 975856 973960 974084 950488 4294966868 26463352 701361 701640
701634 1610612768 0 2 28 977520 26 974152 104 0 975856 973960 974084 950488 4294966868 26463352 701361 701634
701640 536870944 0 2 28 977520 27 974152 104 0 975856 973960 974084 950488 4294966868 26463352 701361 701640
701634 1610612768 0 2 28 977520 27 974152 108 0 975856 973960 974084 950488 4294966868 26463352 701361 701634
701694 1610612768 0 2 28 977520 28 974152 108 0 975856 973960 974084 950488 4294966868 26463352 701361 701694
701360 536870944 5 6 977652 6 974152 974152 4294966888 941328 974132 973960 974084 950488 950104 26463352 701361 701360
701550 2147483680 5 6 977652 27 974152 974152 5 941328 974132 973960 974084 950488 950104 26463352 701361 701550
701562 2147483680 5 1 977652 974136 974152 974152 5 941328 974132 973960 974084 950488 950104 26463352 701361 701562
701568 32 5 2 0 974136 974152 974152 5 941328 974132 973960 974084 950488 950104 26463352 701361 701568
701572 1610612768 5 2 0 974136 974152 974152 5 941328 974132 973960 974084 950488 950104 26463352 701361 701572
701614 1610612768 0 2 0 974136 975440 974152 5 941328 974132 973960 974084 950488 950104 26463352 701361 701614
701620 1610612768 0 2 28 974136 975440 974152 5 941328 974132 973960 974084 950488 950104 26463352 701361 701620
701622 1610612768 0 2 28 974136 975440 974152 5 941328 974132 973960 974084 950488 950104 26463352 701361 701622
701640 1610612768 0 2 28 974136 0 974152 5 0 974132 973960 974084 950488 950104 26463352 701361 701640
701634 1610612768 0 2 28 977520 0 974152 0 0 974132 973960 974084 950488 950104 26463352 701361 701634
701640 536870944 0 2 28 977520 1 974152 0 0 974132 973960 974084 950488 950104 26463352 701361 701640
701634 1610612768 0 2 28 977520 1 974152 4 0 974132 973960 974084 950488 950104 26463352 701361 701634
701640 536870944 0 2 28 977520 2 974152 4 0 974132 973960 974084 950488 950104 26463352 701361 701640
701634 1610612768 0 2 28 977520 2 974152 8 0 974132 973960 974084 950488 950104 26463352 701361 701634
701640 536870944 0 2 28 977520 3 974152 8 0 974132 973960 974084 950488 950104 26463352 701361 701640
701634 1610612768 0 2 28 977520 3 974152 12 0 974132 973960 974084 950488 950104 26463352 701361 701634
701640 536870944 0 2 28 977520 4 974152 12 0 974132 973960 974084 950488 950104 26463352 701361 701640
701634 1610612768 0 2 28 977520 4 974152 16 0 974132 973960 974084 950488 950104 26463352 701361 701634
701640 536870944 0 2 28 977520 5 974152 16 0 974132 973960 974084 950488 950104 26463352 701361 701640
701634 1610612768 0 2 28 977520 5 974152 20 0 974132 973960 974084 950488 950104 26463352 701361 701634
701640 536870944 0 2 28 977520 6 974152 20 0 974132 973960 974084 950488 950104 26463352 701361 701640
701634 1610612768 0 2 28 977520 6 974152 24 0 974132 973960 974084 950488 950104 26463352 701361 701634
701640 536870944 0 2 28 977520 7 974152 24 0 974132 973960 974084 950488 950104 26463352 701361 701640
701634 1610612768 0 2 28 977520 7 974152 28 0 974132 973960 974084 950488 950104 26463352 701361 701634
701640 536870944 0 2 28 977520 8 974152 28 0 974132 973960 974084 950488 950104 26463352 701361 701640
701634 1610612768 0 2 28 977520 8 974152 32 0 974132 973960 974084 950488 950104 26463352 701361 701634
701640 536870944 0 2 28 977520 9 974152 32 0 974132 973960 974084 950488 950104 26463352 701361 701640
701634 1610612768 0 2 28 977520 9 974152 36 0 974132 973960 974084 950488 950104 26463352 701361 701634
701640 536870944 0 2 28 977520 10 974152 36 0 974132 973960 974084 950488 950104 26463352 701361 701640
701634 1610612768 0 2 28 977520 10 974152 40 0 974132 973960 974084 950488 950104 26463352 701361 701634
701640 536870944 0 2 28 977520 11 974152 40 0 974132 973960 974084 950488 950104 26463352 701361 701640
701634 1610612768 0 2 28 977520 11 974152 44 0 974132 973960 974084 950488 950104 26463352 701361 701634
701640 536870944 0 2 28 977520 12 974152 44 0 974132 973960 974084 950488 950104 26463352 701361 701640
701634 1610612768 0 2 28 977520 12 974152 48 0 974132 973960 974084 950488 950104 26463352 701361 701634
701640 536870944 0 2 28 977520 13 974152 48 0 974132 973960 974084 950488 950104 26463352 701361 701640
701634 1610612768 0 2 28 977520 13 974152 52 0 974132 973960 974084 950488 950104 26463352 701361 701634
701640 536870944 0 2 28 977520 14 974152 52 0 974132 973960 974084 950488 950104 26463352 701361 701640
701634 1610612768 0 2 28 977520 14 974152 56 0 974132 973960 974084 950488 950104 26463352 701361 701634
701640 536870944 0 2 28 977520 15 974152 56 0 974132 973960 974084 950488 950104 26463352 701361 701640
701634 1610612768 0 2 28 977520 15 974152 60 0 974132 973960 974084 950488 950104 26463352 701361 701634
701640 536870944 0 2 28 977520 16 974152 60 0 974132 973960 974084 950488 950104 26463352 701361 701640
701634 1610612768 0 2 28 977520 16 974152 64 0 974132 973960 974084 950488 950104 26463352 701361 701634
701640 536870944 0 2 28 977520 17 974152 64 0 974132 973960 974084 950488 950104 26463352 701361 701640
701634 1610612768 0 2 28 977520 17 974152 68 0 974132 973960 974084 950488 950104 26463352 701361 701634
701640 536870944 0 2 28 977520 18 974152 68 0 974132 973960 974084 950488 950104 26463352 701361 701640
701634 1610612768 0 2 28 977520 18 974152 72 0 974132 973960 974084 950488 950104 26463352 701361 701634
701640 536870944 0 2 28 977520 19 974152 72 0 974132 973960 974084 950488 950104 26463352 701361 701640
701634 1610612768 0 2 28 977520 19 974152 76 0 974132 973960 974084 950488 950104 26463352 701361 701634
701640 536870944 0 2 28 977520 20 974152 76 0 974132 973960 974084 950488 950104 26463352 701361 701640
701634 1610612768 0 2 28 977520 20 974152 80 0 974132 973960 974084 950488 950104 26463352 701361 701634
701640 536870944 0 2 28 977520 21 974152 80 0 974132 973960 974084 950488 950104 26463352 701361 701640
701634 1610612768 0 2 28 977520 21 974152 84 0 974132 973960 974084 950488 950104 26463352 701361 701634
701640 536870944 0 2 28 977520 22 974152 84 0 974132 973960 974084 950488 950104 26463352 701361 701640
701634 1610612768 0 2 28 977520 22 974152 88 0 974132 973960 974084 950488 950104 26463352 701361 701634
701640 536870944 0 2 28 977520 23 974152 88 0 974132 973960 974084 950488 950104 26463352 701361 701640
701634 1610612768 0 2 28 977520 23 974152 92 0 974132 973960 974084 950488 950104 26463352 701361 701634
701640 536870944 0 2 28 977520 24 974152 92 0 974132 973960 974084 950488 950104 26463352 701361 701640
701634 1610612768 0 2 28 977520 24 974152 96 0 974132 973960 974084 950488 950104 26463352 701361 701634
701640 536870944 0 2 28 977520 25 974152 96 0 974132 973960 974084 950488 950104 26463352 701361 701640
701634 1610612768 0 2 28 977520 25 974152 100 0 974132 973960 974084 950488 950104 26463352 701361 701634
701640 536870944 0 2 28 977520 26 974152 100 0 974132 973960 974084 950488 950104 26463352 701361 701640
701634 1610612768 0 2 28 977520 26 974152 104 0 974132 973960 974084 950488 950104 26463352 701361 701634
701640 536870944 0 2 28 977520 27 974152 104 0 974132 973960 974084 950488 950104 26463352 701361 701640
701634 1610612768 0 2 28 977520 27 974152 108 0 974132 973960 974084 950488 950104 26463352 701361 701634
701694 1610612768 0 2 28 977520 28 974152 108 0 974132 973960 974084 950488 950104 26463352 701361 701694
701360 536870944 6 7 977652 7 974152 974152 940800 0 975824 974100 974084 950488 941304 26463352 701361 701360
701550 2147483680 6 7 977652 27 974152 974152 6 0 975824 974100 974084 950488 941304 26463352 701361 701550
701562 2147483680 6 1 977652 975828 974152 974152 6 0 975824 974100 974084 950488 941304 26463352 701361 701562
701568 32 6 2 0 975828 974152 974152 6 0 975824 974100 974084 950488 941304 26463352 701361 701568
701572 1610612768 6 2 0 975828 974152 974152 6 0 975824 974100 974084 950488 941304 26463352 701361 701572
701614 1610612768 0 2 0 975828 975440 974152 6 0 975824 974100 974084 950488 941304 26463352 701361 701614
701620 1610612768 0 2 28 975828 975440 974152 6 0 975824 974100 974084 950488 941304 26463352 701361 701620
701622 1610612768 0 2 28 975828 975440 974152 6 0 975824 974100 974084 950488 941304 26463352 701361 701622
701640 1610612768 0 2 28 975828 0 974152 6 0 975824 974100 974084 950488 941304 26463352 701361 701640
701634 1610612768 0 2 28 977520 0 974152 0 0 975824 974100 974084 950488 941304 26463352 701361 701634
701640 536870944 0 2 28 977520 1 974152 0 0 975824 974100 974084 950488 941304 26463352 701361 701640
701634 1610612768 0 2 28 977520 1 974152 4 0 975824 974100 974084 950488 941304 26463352 701361 701634
701640 536870944 0 2 28 977520 2 974152 4 0 975824 974100 974084 950488 941304 26463352 701361 701640
701634 1610612768 0 2 28 977520 2 974152 8 0 975824 974100 974084 950488 941304 26463352 701361 701634
701640 536870944 0 2 28 977520 3 974152 8 0 975824 974100 974084 950488 941304 26463352 701361 701640
701634 1610612768 0 2 28 977520 3 974152 12 0 975824 974100 974084 950488 941304 26463352 701361 701634
701640 536870944 0 2 28 977520 4 974152 12 0 975824 974100 974084 950488 941304 26463352 701361 701640
701634 1610612768 0 2 28 977520 4 974152 16 0 975824 974100 974084 950488 941304 26463352 701361 701634
701640 536870944 0 2 28 977520 5 974152 16 0 975824 974100 974084 950488 941304 26463352 701361 701640
701634 1610612768 0 2 28 977520 5 974152 20 0 975824 974100 974084 950488 941304 26463352 701361 701634
701640 536870944 0 2 28 977520 6 974152 20 0 975824 974100 974084 950488 941304 26463352 701361 701640
701634 1610612768 0 2 28 977520 6 974152 24 0 975824 974100 974084 950488 941304 26463352 701361 701634
701640 536870944 0 2 28 977520 7 974152 24 0 975824 974100 974084 950488 941304 26463352 701361 701640
701634 1610612768 0 2 28 977520 7 974152 28 0 975824 974100 974084 950488 941304 26463352 701361 701634
701640 536870944 0 2 28 977520 8 974152 28 0 975824 974100 974084 950488 941304 26463352 701361 701640
701634 1610612768 0 2 28 977520 8 974152 32 0 975824 974100 974084 950488 941304 26463352 701361 701634
701640 536870944 0 2 28 977520 9 974152 32 0 975824 974100 974084 950488 941304 26463352 701361 701640
701634 1610612768 0 2 28 977520 9 974152 36 0 975824 974100 974084 950488 941304 26463352 701361 701634
701640 536870944 0 2 28 977520 10 974152 36 0 975824 974100 974084 950488 941304 26463352 701361 701640
701634 1610612768 0 2 28 977520 10 974152 40 0 975824 974100 974084 950488 941304 26463352 701361 701634
701640 536870944 0 2 28 977520 11 974152 40 0 975824 974100 974084 950488 941304 26463352 701361 701640
701634 1610612768 0 2 28 977520 11 974152 44 0 975824 974100 974084 950488 941304 26463352 701361 701634
701640 536870944 0 2 28 977520 12 974152 44 0 975824 974100 974084 950488 941304 26463352 701361 701640
701634 1610612768 0 2 28 977520 12 974152 48 0 975824 974100 974084 950488 941304 26463352 701361 701634
701640 536870944 0 2 28 977520 13 974152 48 0 975824 974100 974084 950488 941304 26463352 701361 701640
701634 1610612768 0 2 28 977520 13 974152 52 0 975824 974100 974084 950488 941304 26463352 701361 701634
701640 536870944 0 2 28 977520 14 974152 52 0 975824 974100 974084 950488 941304 26463352 701361 701640
701634 1610612768 0 2 28 977520 14 974152 56 0 975824 974100 974084 950488 941304 26463352 701361 701634
701640 536870944 0 2 28 977520 15 974152 56 0 975824 974100 974084 950488 941304 26463352 701361 701640
701634 1610612768 0 2 28 977520 15 974152 60 0 975824 974100 974084 950488 941304 26463352 701361 701634
701640 536870944 0 2 28 977520 16 974152 60 0 975824 974100 974084 950488 941304 26463352 701361 701640
701634 1610612768 0 2 28 977520 16 974152 64 0 975824 974100 974084 950488 941304 26463352 701361 701634
701640 536870944 0 2 28 977520 17 974152 64 0 975824 974100 974084 950488 941304 26463352 701361 701640
701634 1610612768 0 2 28 977520 17 974152 68 0 975824 974100 974084 950488 941304 26463352 701361 701634
701640 536870944 0 2 28 977520 18 974152 68 0 975824 974100 974084 950488 941304 26463352 701361 701640
701634 1610612768 0 2 28 977520 18 974152 72 0 975824 974100 974084 950488 941304 26463352 701361 701634
701640 536870944 0 2 28 977520 19 974152 72 0 975824 974100 974084 950488 941304 26463352 701361 701640
701634 1610612768 0 2 28 977520 19 974152 76 0 975824 974100 974084 950488 941304 26463352 701361 701634
701640 536870944 0 2 28 977520 20 974152 76 0 975824 974100 974084 950488 941304 26463352 701361 701640
701634 1610612768 0 2 28 977520 20 974152 80 0 975824 974100 974084 950488 941304 26463352 701361 701634
701640 536870944 0 2 28 977520 21 974152 80 0 975824 974100 974084 950488 941304 26463352 701361 701640
701634 1610612768 0 2 28 977520 21 974152 84 0 975824 974100 974084 950488 941304 26463352 701361 701634
701640 536870944 0 2 28 977520 22 974152 84 0 975824 974100 974084 950488 941304 26463352 701361 701640
701634 1610612768 0 2 28 977520 22 974152 88 0 975824 974100 974084 950488 941304 26463352 701361 701634
701640 536870944 0 2 28 977520 23 974152 88 0 975824 974100 974084 950488 941304 26463352 701361 701640
701634 1610612768 0 2 28 977520 23 974152 92 0 975824 974100 974084 950488 941304 26463352 701361 701634
701640 536870944 0 2 28 977520 24 974152 92 0 975824 974100 974084 950488 941304 26463352 701361 701640
701634 1610612768 0 2 28 977520 24 974152 96 0 975824 974100 974084 950488 941304 26463352 701361 701634
701640 536870944 0 2 28 977520 25 974152 96 0 975824 974100 974084 950488 941304 26463352 701361 701640
701634 1610612768 0 2 28 977520 25 974152 100 0 975824 974100 974084 950488 941304 26463352 701361 701634
701640 536870944 0 2 28 977520 26 974152 100 0 975824 974100 974084 950488 941304 26463352 701361 701640
701634 1610612768 0 2 28 977520 26 974152 104 0 975824 974100 974084 950488 941304 26463352 701361 701634
701640 536870944 0 2 28 977520 27 974152 104 0 975824 974100 974084 950488 941304 26463352 701361 701640
701634 1610612768 0 2 28 977520 27 974152 108 0 975824 974100 974084 950488 941304 26463352 701361 701634
701694 1610612768 0 2 28 977520 28 974152 108 0 975824 974100 974084 950488 941304 26463352 701361 701694
701360 536870944 7 8 977652 8 974152 974152 977332 0 975800 974100 974084 950488 1 26463352 701361 701360
701550 2147483680 7 8 977652 27 974152 974152 7 0 975800 974100 974084 950488 1 26463352 701361 701550
701562 2147483680 7 1 977652 975804 974152 974152 7 0 975800 974100 974084 950488 1 26463352 701361 701562
701568 32 7 2 0 975804 974152 974152 7 0 975800 974100 974084 950488 1 26463352 701361 701568
701572 1610612768 7 2 0 975804 974152 974152 7 0 975800 974100 974084 950488 1 26463352 701361 701572
701614 1610612768 0 2 0 975804 975440 974152 7 0 975800 974100 974084 950488 1 26463352 701361 701614
701620 1610612768 0 2 28 975804 975440 974152 7 0 975800 974100 974084 950488 1 26463352 701361 701620
701622 1610612768 0 2 28 975804 975440 974152 7 0 975800 974100 974084 950488 1 26463352 701361 701622
701640 1610612768 0 2 28 975804 0 974152 7 0 975800 974100 974084 950488 1 26463352 701361 701640
701634 1610612768 0 2 28 977520 0 974152 0 0 975800 974100 974084 950488 1 26463352 701361 701634
701640 536870944 0 2 28 977520 1 974152 0 0 975800 974100 974084 950488 1 26463352 701361 701640
701634 1610612768 0 2 28 977520 1 974152 4 0 975800 974100 974084 950488 1 26463352 701361 701634
701640 536870944 0 2 28 977520 2 974152 4 0 975800 974100 974084 950488 1 26463352 701361 701640
701634 1610612768 0 2 28 977520 2 974152 8 0 975800 974100 974084 950488 1 26463352 701361 701634
701640 536870944 0 2 28 977520 3 974152 8 0 975800 974100 974084 950488 1 26463352 701361 701640
701634 1610612768 0 2 28 977520 3 974152 12 0 975800 974100 974084 950488 1 26463352 701361 701634
701640 536870944 0 2 28 977520 4 974152 12 0 975800 974100 974084 950488 1 26463352 701361 701640
701634 1610612768 0 2 28 977520 4 974152 16 0 975800 974100 974084 950488 1 26463352 701361 701634
701640 536870944 0 2 28 977520 5 974152 16 0 975800 974100 974084 950488 1 26463352 701361 701640
701634 1610612768 0 2 28 977520 5 974152 20 0 975800 974100 974084 950488 1 26463352 701361 701634
701640 536870944 0 2 28 977520 6 974152 20 0 975800 974100 974084 950488 1 26463352 701361 701640
701634 1610612768 0 2 28 977520 6 974152 24 0 975800 974100 974084 950488 1 26463352 701361 701634
701640 536870944 0 2 28 977520 7 974152 24 0 975800 974100 974084 950488 1 26463352 701361 701640
701634 1610612768 0 2 28 977520 7 974152 28 0 975800 974100 974084 950488 1 26463352 701361 701634
701640 536870944 0 2 28 977520 8 974152 28 0 975800 974100 974084 950488 1 26463352 701361 701640
701634 1610612768 0 2 28 977520 8 974152 32 0 975800 974100 974084 950488 1 26463352 701361 701634
701640 536870944 0 2 28 977520 9 974152 32 0 975800 974100 974084 950488 1 26463352 701361 701640
701634 1610612768 0 2 28 977520 9 974152 36 0 975800 974100 974084 950488 1 26463352 701361 701634
701640 536870944 0 2 28 977520 10 974152 36 0 975800 974100 974084 950488 1 26463352 701361 701640
701634 1610612768 0 2 28 977520 10 974152 40 0 975800 974100 974084 950488 1 26463352 701361 701634
701640 536870944 0 2 28 977520 11 974152 40 0 975800 974100 974084 950488 1 26463352 701361 701640
701634 1610612768 0 2 28 977520 11 974152 44 0 975800 974100 974084 950488 1 26463352 701361 701634
701640 536870944 0 2 28 977520 12 974152 44 0 975800 974100 974084 950488 1 26463352 701361 701640
701634 1610612768 0 2 28 977520 12 974152 48 0 975800 974100 974084 950488 1 26463352 701361 701634
701640 536870944 0 2 28 977520 13 974152 48 0 975800 974100 974084 950488 1 26463352 701361 701640
701634 1610612768 0 2 28 977520 13 974152 52 0 975800 974100 974084 950488 1 26463352 701361 701634
701640 536870944 0 2 28 977520 14 974152 52 0 975800 974100 974084 950488 1 26463352 701361 701640
701634 1610612768 0 2 28 977520 14 974152 56 0 975800 974100 974084 950488 1 26463352 701361 701634
701640 536870944 0 2 28 977520 15 974152 56 0 975800 974100 974084 950488 1 26463352 701361 701640
701634 1610612768 0 2 28 977520 15 974152 60 0 975800 974100 974084 950488 1 26463352 701361 701634
701640 536870944 0 2 28 977520 16 974152 60 0 975800 974100 974084 950488 1 26463352 701361 701640
701634 1610612768 0 2 28 977520 16 974152 64 0 975800 974100 974084 950488 1 26463352 701361 701634
701640 536870944 0 2 28 977520 17 974152 64 0 975800 974100 974084 950488 1 26463352 701361 701640
701634 1610612768 0 2 28 977520 17 974152 68 0 975800 974100 974084 950488 1 26463352 701361 701634
701640 536870944 0 2 28 977520 18 974152 68 0 975800 974100 974084 950488 1 26463352 701361 701640
701634 1610612768 0 2 28 977520 18 974152 72 0 975800 974100 974084 950488 1 26463352 701361 701634
701640 536870944 0 2 28 977520 19 974152 72 0 975800 974100 974084 950488 1 26463352 701361 701640
701634 1610612768 0 2 28 977520 19 974152 76 0 975800 974100 974084 950488 1 26463352 701361 701634
701640 536870944 0 2 28 977520 20 974152 76 0 975800 974100 974084 950488 1 26463352 701361 701640
701634 1610612768 0 2 28 977520 20 974152 80 0 975800 974100 974084 950488 1 26463352 701361 701634
701640 536870944 0 2 28 977520 21 974152 80 0 975800 974100 974084 950488 1 26463352 701361 701640
701634 1610612768 0 2 28 977520 21 974152 84 0 975800 974100 974084 950488 1 26463352 701361 701634
701640 536870944 0 2 28 977520 22 974152 84 0 975800 974100 974084 950488 1 26463352 701361 701640
701634 1610612768 0 2 28 977520 22 974152 88 0 975800 974100 974084 950488 1 26463352 701361 701634
701640 536870944 0 2 28 977520 23 974152 88 0 975800 974100 974084 950488 1 26463352 701361 701640
701634 1610612768 0 2 28 977520 23 974152 92 0 975800 974100 974084 950488 1 26463352 701361 701634
701640 536870944 0 2 28 977520 24 974152 92 0 975800 974100 974084 950488 1 26463352 701361 701640
701634 1610612768 0 2 28 977520 24 974152 96 0 975800 974100 974084 950488 1 26463352 701361 701634
701640 536870944 0 2 28 977520 25 974152 96 0 975800 974100 974084 950488 1 26463352 701361 701640
701634 1610612768 0 2 28 977520 25 974152 100 0 975800 974100 974084 950488 1 26463352 701361 701634
701640 536870944 0 2 28 977520 26 974152 100 0 975800 974100 974084 950488 1 26463352 701361 701640
701634 1610612768 0 2 28 977520 26 974152 104 0 975800 974100 974084 950488 1 26463352 701361 701634
701640 536870944 0 2 28 977520 27 974152 104 0 975800 974100 974084 950488 1 26463352 701361 701640
701634 1610612768 0 2 28 977520 27 974152 108 0 975800 974100 974084 950488 1 26463352 701361 701634
701694 1610612768 0 2 28 977520 28 974152 108 0 975800 974100 974084 950488 1 26463352 701361 701694
701360 536870944 8 9 977652 9 974152 974152 4294966928 0 975572 974100 974084 950488 1 26463352 701361 701360
701550 2147483680 8 9 977652 27 974152 974152 8 0 975572 974100 974084 950488 1 26463352 701361 701550
701562 2147483680 8 1 977652 975576 974152 974152 8 0 975572 974100 974084 950488 1 26463352 701361 701562
701568 32 8 2 0 975576 974152 974152 8 0 975572 974100 974084 950488 1 26463352 701361 701568
701572 1610612768 8 2 0 975576 974152 974152 8 0 975572 974100 974084 950488 1 26463352 701361 701572
701614 1610612768 0 2 0 975576 975440 974152 8 0 975572 974100 974084 950488 1 26463352 701361 701614
701620 1610612768 0 2 28 975576 975440 974152 8 0 975572 974100 974084 950488 1 26463352 701361 701620
701622 1610612768 0 2 28 975576 975440 974152 8 0 975572 974100 974084 950488 1 26463352 701361 701622
701640 1610612768 0 2 28 975576 0 974152 8 0 975572 974100 974084 950488 1 26463352 701361 701640
701634 1610612768 0 2 28 977520 0 974152 0 0 975572 974100 974084 950488 1 26463352 701361 701634
701640 536870944 0 2 28 977520 1 974152 0 0 975572 974100 974084 950488 1 26463352 701361 701640
701634 1610612768 0 2 28 977520 1 974152 4 0 975572 974100 974084 950488 1 26463352 701361 701634
701640 536870944 0 2 28 977520 2 974152 4 0 975572 974100 974084 950488 1 26463352 701361 701640
701634 1610612768 0 2 28 977520 2 974152 8 0 975572 974100 974084 950488 1 26463352 701361 701634
701640 536870944 0 2 28 977520 3 974152 8 0 975572 974100 974084 950488 1 26463352 701361 701640
701634 1610612768 0 2 28 977520 3 974152 12 0 975572 974100 974084 950488 1 26463352 701361 701634
701640 536870944 0 2 28 977520 4 974152 12 0 975572 974100 974084 950488 1 26463352 701361 701640
701634 1610612768 0 2 28 977520 4 974152 16 0 975572 974100 974084 950488 1 26463352 701361 701634
701640 536870944 0 2 28 977520 5 974152 16 0 975572 974100 974084 950488 1 26463352 701361 701640
701634 1610612768 0 2 28 977520 5 974152 20 0 975572 974100 974084 950488 1 26463352 701361 701634
701640 536870944 0 2 28 977520 6 974152 20 0 975572 974100 974084 950488 1 26463352 701361 701640
701634 1610612768 0 2 28 977520 6 974152 24 0 975572 974100 974084 950488 1 26463352 701361 701634
701640 536870944 0 2 28 977520 7 974152 24 0 975572 974100 974084 950488 1 26463352 701361 701640
701634 1610612768 0 2 28 977520 7 974152 28 0 975572 974100 974084 950488 1 26463352 701361 701634
701640 536870944 0 2 28 977520 8 974152 28 0 975572 974100 974084 950488 1 26463352 701361 701640
701634 1610612768 0 2 28 977520 8 974152 32 0 975572 974100 974084 950488 1 26463352 701361 701634
701640 536870944 0 2 28 977520 9 974152 32 0 975572 974100 974084 950488 1 26463352 701361 701640
701634 1610612768 0 2 28 977520 9 974152 36 0 975572 974100 974084 950488 1 26463352 701361 701634
701640 536870944 0 2 28 977520 10 974152 36 0 975572 974100 974084 950488 1 26463352 701361 701640
701634 1610612768 0 2 28 977520 10 974152 40 0 975572 974100 974084 950488 1 26463352 701361 701634
701640 536870944 0 2 28 977520 11 974152 40 0 975572 974100 974084 950488 1 26463352 701361 701640
701634 1610612768 0 2 28 977520 11 974152 44 0 975572 974100 974084 950488 1 26463352 701361 701634
701640 536870944 0 2 28 977520 12 974152 44 0 975572 974100 974084 950488 1 26463352 701361 701640
701634 1610612768 0 2 28 977520 12 974152 48 0 975572 974100 974084 950488 1 26463352 701361 701634
701640 536870944 0 2 28 977520 13 974152 48 0 975572 974100 974084 950488 1 26463352 701361 701640
701634 1610612768 0 2 28 977520 13 974152 52 0 975572 974100 974084 950488 1 26463352 701361 701634
701640 536870944 0 2 28 977520 14 974152 52 0 975572 974100 974084 950488 1 26463352 701361 701640
701634 1610612768 0 2 28 977520 14 974152 56 0 975572 974100 974084 950488 1 26463352 701361 701634
701640 536870944 0 2 28 977520 15 974152 56 0 975572 974100 974084 950488 1 26463352 701361 701640
701634 1610612768 0 2 28 977520 15 974152 60 0 975572 974100 974084 950488 1 26463352 701361 701634
701640 536870944 0 2 28 977520 16 974152 60 0 975572 974100 974084 950488 1 26463352 701361 701640
701634 1610612768 0 2 28 977520 16 974152 64 0 975572 974100 974084 950488 1 26463352 701361 701634
701640 536870944 0 2 28 977520 17 974152 64 0 975572 974100 974084 950488 1 26463352 701361 701640
701634 1610612768 0 2 28 977520 17 974152 68 0 975572 974100 974084 950488 1 26463352 701361 701634
701640 536870944 0 2 28 977520 18 974152 68 0 975572 974100 974084 950488 1 26463352 701361 701640
701634 1610612768 0 2 28 977520 18 974152 72 0 975572 974100 974084 950488 1 26463352 701361 701634
701640 536870944 0 2 28 977520 19 974152 72 0 975572 974100 974084 950488 1 26463352 701361 701640
701634 1610612768 0 2 28 977520 19 974152 76 0 975572 974100 974084 950488 1 26463352 701361 701634
701640 536870944 0 2 28 977520 20 974152 76 0 975572 974100 974084 950488 1 26463352 701361 701640
701634 1610612768 0 2 28 977520 20 974152 80 0 975572 974100 974084 950488 1 26463352 701361 701634
701640 536870944 0 2 28 977520 21 974152 80 0 975572 974100 974084 950488 1 26463352 701361 701640
701634 1610612768 0 2 28 977520 21 974152 84 0 975572 974100 974084 950488 1 26463352 701361 701634
701640 536870944 0 2 28 977520 22 974152 84 0 975572 974100 974084 950488 1 26463352 701361 701640
701634 1610612768 0 2 28 977520 22 974152 88 0 975572 974100 974084 950488 1 26463352 701361 701634
701640 536870944 0 2 28 977520 23 974152 88 0 975572 974100 974084 950488 1 26463352 701361 701640
701634 1610612768 0 2 28 977520 23 974152 92 0 975572 974100 974084 950488 1 26463352 701361 701634
701640 536870944 0 2 28 977520 24 974152 92 0 975572 974100 974084 950488 1 26463352 701361 701640
701634 1610612768 0 2 28 977520 24 974152 96 0 975572 974100 974084 950488 1 26463352 701361 701634
701640 536870944 0 2 28 977520 25 974152 96 0 975572 974100 974084 950488 1 26463352 701361 701640
701634 1610612768 0 2 28 977520 25 974152 100 0 975572 974100 974084 950488 1 26463352 701361 701634
701640 536870944 0 2 28 977520 26 974152 100 0 975572 974100 974084 950488 1 26463352 701361 701640
701634 1610612768 0 2 28 977520 26 974152 104 0 975572 974100 974084 950488 1 26463352 701361 701634
701640 536870944 0 2 28 977520 27 974152 104 0 975572 974100 974084 950488 1 26463352 701361 701640
701634 1610612768 0 2 28 977520 27 974152 108 0 975572 974100 974084 950488 1 26463352 701361 701634
701694 1610612768 0 2 28 977520 28 974152 108 0 975572 974100 974084 950488 1 26463352 701361 701694
701360 536870944 9 10 977652 10 974152 974152 4294966936 0 974228 974100 974084 950488 1 26463352 701361 701360
701550 2147483680 9 10 977652 27 974152 974152 9 0 974228 974100 974084 950488 1 26463352 701361 701550
701562 2147483680 9 1 977652 974232 974152 974152 9 0 974228 974100 974084 950488 1 26463352 701361 701562
701568 32 9 2 0 974232 974152 974152 9 0 974228 974100 974084 950488 1 26463352 701361 701568
701572 1610612768 9 2 0 974232 974152 974152 9 0 974228 974100 974084 950488 1 26463352 701361 701572
701614 1610612768 0 2 0 974232 975440 974152 9 0 974228 974100 974084 950488 1 26463352 701361 701614
701620 1610612768 0 2 28 974232 975440 974152 9 0 974228 974100 974084 950488 1 26463352 701361 701620
701622 1610612768 0 2 28 974232 975440 974152 9 0 974228 974100 974084 950488 1 26463352 701361 701622
701640 1610612768 0 2 28 974232 0 974152 9 0 974228 974100 974084 950488 1 26463352 701361 701640
701634 1610612768 0 2 28 977520 0 974152 0 0 974228 974100 974084 950488 1 26463352 701361 701634
701640 536870944 0 2 28 977520 1 974152 0 0 974228 974100 974084 950488 1 26463352 701361 701640
701634 1610612768 0 2 28 977520 1 974152 4 0 974228 974100 974084 950488 1 26463352 701361 701634
701640 536870944 0 2 28 977520 2 974152 4 0 974228 974100 974084 950488 1 26463352 701361 701640
701634 1610612768 0 2 28 977520 2 974152 8 0 974228 974100 974084 950488 1 26463352 701361 701634
701640 536870944 0 2 28 977520 3 974152 8 0 974228 974100 974084 950488 1 26463352 701361 701640
701634 1610612768 0 2 28 977520 3 974152 12 0 974228 974100 974084 950488 1 26463352 701361 701634
701640 536870944 0 2 28 977520 4 974152 12 0 974228 974100 974084 950488 1 26463352 701361 701640
701634 1610612768 0 2 28 977520 4 974152 16 0 974228 974100 974084 950488 1 26463352 701361 701634
701640 536870944 0 2 28 977520 5 974152 16 0 974228 974100 974084 950488 1 26463352 701361 701640
701634 1610612768 0 2 28 977520 5 974152 20 0 974228 974100 974084 950488 1 26463352 701361 701634
701640 536870944 0 2 28 977520 6 974152 20 0 974228 974100 974084 950488 1 26463352 701361 701640
701634 1610612768 0 2 28 977520 6 974152 24 0 974228 974100 974084 950488 1 26463352 701361 701634
701640 536870944 0 2 28 977520 7 974152 24 0 974228 974100 974084 950488 1 26463352 701361 701640
701634 1610612768 0 2 28 977520 7 974152 28 0 974228 974100 974084 950488 1 26463352 701361 701634
701640 536870944 0 2 28 977520 8 974152 28 0 974228 974100 974084 950488 1 26463352 701361 701640
701634 1610612768 0 2 28 977520 8 974152 32 0 974228 974100 974084 950488 1 26463352 701361 701634
701640 536870944 0 2 28 977520 9 974152 32 0 974228 974100 974084 950488 1 26463352 701361 701640
701634 1610612768 0 2 28 977520 9 974152 36 0 974228 974100 974084 950488 1 26463352 701361 701634
701640 536870944 0 2 28 977520 10 974152 36 0 974228 974100 974084 950488 1 26463352 701361 701640
701634 1610612768 0 2 28 977520 10 974152 40 0 974228 974100 974084 950488 1 26463352 701361 701634
701640 536870944 0 2 28 977520 11 974152 40 0 974228 974100 974084 950488 1 26463352 701361 701640
701634 1610612768 0 2 28 977520 11 974152 44 0 974228 974100 974084 950488 1 26463352 701361 701634
701640 536870944 0 2 28 977520 12 974152 44 0 974228 974100 974084 950488 1 26463352 701361 701640
701634 1610612768 0 2 28 977520 12 974152 48 0 974228 974100 974084 950488 1 26463352 701361 701634
701640 536870944 0 2 28 977520 13 974152 48 0 974228 974100 974084 950488 1 26463352 701361 701640
701634 1610612768 0 2 28 977520 13 974152 52 0 974228 974100 974084 950488 1 26463352 701361 701634
701640 536870944 0 2 28 977520 14 974152 52 0 974228 974100 974084 950488 1 26463352 701361 701640
701634 1610612768 0 2 28 977520 14 974152 56 0 974228 974100 974084 950488 1 26463352 701361 701634
701640 536870944 0 2 28 977520 15 974152 56 0 974228 974100 974084 950488 1 26463352 701361 701640
701634 1610612768 0 2 28 977520 15 974152 60 0 974228 974100 974084 950488 1 26463352 701361 701634
701640 536870944 0 2 28 977520 16 974152 60 0 974228 974100 974084 950488 1 26463352 701361 701640
701634 1610612768 0 2 28 977520 16 974152 64 0 974228 974100 974084 950488 1 26463352 701361 701634
701640 536870944 0 2 28 977520 17 974152 64 0 974228 974100 974084 950488 1 26463352 701361 701640
701634 1610612768 0 2 28 977520 17 974152 68 0 974228 974100 974084 950488 1 26463352 701361 701634
701640 536870944 0 2 28 977520 18 974152 68 0 974228 974100 974084 950488 1 26463352 701361 701640
701634 1610612768 0 2 28 977520 18 974152 72 0 974228 974100 974084 950488 1 26463352 701361 701634
701640 536870944 0 2 28 977520 19 974152 72 0 974228 974100 974084 950488 1 26463352 701361 701640
701634 1610612768 0 2 28 977520 19 974152 76 0 974228 974100 974084 950488 1 26463352 701361 701634
701640 536870944 0 2 28 977520 20 974152 76 0 974228 974100 974084 950488 1 26463352 701361 701640
701634 1610612768 0 2 28 977520 20 974152 80 0 974228 974100 974084 950488 1 26463352 701361 701634
701640 536870944 0 2 28 977520 21 974152 80 0 974228 974100 974084 950488 1 26463352 701361 701640
701634 1610612768 0 2 28 977520 21 974152 84 0 974228 974100 974084 950488 1 26463352 701361 701634
701640 536870944 0 2 28 977520 22 974152 84 0 974228 974100 974084 950488 1 26463352 701361 701640
701634 1610612768 0 2 28 977520 22 974152 88 0 974228 974100 974084 950488 1 26463352 701361 701634
701640 536870944 0 2 28 977520 23 974152 88 0 974228 974100 974084 950488 1 26463352 701361 701640
701634 1610612768 0 2 28 977520 23 974152 92 0 974228 974100 974084 950488 1 26463352 701361 701634
701640 536870944 0 2 28 977520 24 974152 92 0 974228 974100 974084 950488 1 26463352 701361 701640
701634 1610612768 0 2 28 977520 24 974152 96 0 974228 974100 974084 950488 1 26463352 701361 701634
701640 536870944 0 2 28 977520 25 974152 96 0 974228 974100 974084 950488 1 26463352 701361 701640
701634 1610612768 0 2 28 977520 25 974152 100 0 974228 974100 974084 950488 1 26463352 701361 701634
701640 536870944 0 2 28 977520 26 974152 100 0 974228 974100 974084 950488 1 26463352 701361 701640
701634 1610612768 0 2 28 977520 26 974152 104 0 974228 974100 974084 950488 1 26463352 701361 701634
701640 536870944 0 2 28 977520 27 974152 104 0 974228 974100 974084 950488 1 26463352 701361 701640
701634 1610612768 0 2 28 977520 27 974152 108 0 974228 974100 974084 950488 1 26463352 701361 701634
701694 1610612768 0 2 28 977520 28 974152 108 0 974228 974100 974084 950488 1 26463352 701361 701694
701360 536870944 10 11 977652 11 974152 974152 974244 0 974112 974100 974084 950488 905944 26463352 701361 701360
701550 2147483680 10 11 977652 27 974152 974152 10 0 974112 974100 974084 950488 905944 26463352 701361 701550
701562 2147483680 10 1 977652 974116 974152 974152 10 0 974112 974100 974084 950488 905944 26463352 701361 701562
701568 32 10 2 0 974116 974152 974152 10 0 974112 974100 974084 950488 905944 26463352 701361 701568
701572 1610612768 10 2 0 974116 974152 974152 10 0 974112 974100 974084 950488 905944 26463352 701361 701572
701614 1610612768 0 2 0 974116 975440 974152 10 0 974112 974100 974084 950488 905944 26463352 701361 701614
701620 1610612768 0 2 28 974116 975440 974152 10 0 974112 974100 974084 950488 905944 26463352 701361 701620
701622 1610612768 0 2 28 974116 975440 974152 10 0 974112 974100 974084 950488 905944 26463352 701361 701622
701640 1610612768 0 2 28 974116 0 974152 10 0 974112 974100 974084 950488 905944 26463352 701361 701640
701634 1610612768 0 2 28 977520 0 974152 0 0 974112 974100 974084 950488 905944 26463352 701361 701634
701640 536870944 0 2 28 977520 1 974152 0 0 974112 974100 974084 950488 905944 26463352 701361 701640
701634 1610612768 0 2 28 977520 1 974152 4 0 974112 974100 974084 950488 905944 26463352 701361 701634
701640 536870944 0 2 28 977520 2 974152 4 0 974112 974100 974084 950488 905944 26463352 701361 701640
701634 1610612768 0 2 28 977520 2 974152 8 0 974112 974100 974084 950488 905944 26463352 701361 701634
701640 536870944 0 2 28 977520 3 974152 8 0 974112 974100 974084 950488 905944 26463352 701361 701640
701634 1610612768 0 2 28 977520 3 974152 12 0 974112 974100 974084 950488 905944 26463352 701361 701634
701640 536870944 0 2 28 977520 4 974152 12 0 974112 974100 974084 950488 905944 26463352 701361 701640
701634 1610612768 0 2 28 977520 4 974152 16 0 974112 974100 974084 950488 905944 26463352 701361 701634
701640 536870944 0 2 28 977520 5 974152 16 0 974112 974100 974084 950488 905944 26463352 701361 701640
701634 1610612768 0 2 28 977520 5 974152 20 0 974112 974100 974084 950488 905944 26463352 701361 701634
701640 536870944 0 2 28 977520 6 974152 20 0 974112 974100 974084 950488 905944 26463352 701361 701640
701634 1610612768 0 2 28 977520 6 974152 24 0 974112 974100 974084 950488 905944 26463352 701361 701634
701640 536870944 0 2 28 977520 7 974152 24 0 974112 974100 974084 950488 905944 26463352 701361 701640
701634 1610612768 0 2 28 977520 7 974152 28 0 974112 974100 974084 950488 905944 26463352 701361 701634
701640 536870944 0 2 28 977520 8 974152 28 0 974112 974100 974084 950488 905944 26463352 701361 701640
701634 1610612768 0 2 28 977520 8 974152 32 0 974112 974100 974084 950488 905944 26463352 701361 701634
701640 536870944 0 2 28 977520 9 974152 32 0 974112 974100 974084 950488 905944 26463352 701361 701640
701634 1610612768 0 2 28 977520 9 974152 36 0 974112 974100 974084 950488 905944 26463352 701361 701634
701640 536870944 0 2 28 977520 10 974152 36 0 974112 974100 974084 950488 905944 26463352 701361 701640
701634 1610612768 0 2 28 977520 10 974152 40 0 974112 974100 974084 950488 905944 26463352 701361 701634
701640 536870944 0 2 28 977520 11 974152 40 0 974112 974100 974084 950488 905944 26463352 701361 701640
701634 1610612768 0 2 28 977520 11 974152 44 0 974112 974100 974084 950488 905944 26463352 701361 701634
701640 536870944 0 2 28 977520 12 974152 44 0 974112 974100 974084 950488 905944 26463352 701361 701640
701634 1610612768 0 2 28 977520 12 974152 48 0 974112 974100 974084 950488 905944 26463352 701361 701634
701640 536870944 0 2 28 977520 13 974152 48 0 974112 974100 974084 950488 905944 26463352 701361 701640
701634 1610612768 0 2 28 977520 13 974152 52 0 974112 974100 974084 950488 905944 26463352 701361 701634
701640 536870944 0 2 28 977520 14 974152 52 0 974112 974100 974084 950488 905944 26463352 701361 701640
701634 1610612768 0 2 28 977520 14 974152 56 0 974112 974100 974084 950488 905944 26463352 701361 701634
701640 536870944 0 2 28 977520 15 974152 56 0 974112 974100 974084 950488 905944 26463352 701361 701640
701634 1610612768 0 2 28 977520 15 974152 60 0 974112 974100 974084 950488 905944 26463352 701361 701634
701640 536870944 0 2 28 977520 16 974152 60 0 974112 974100 974084 950488 905944 26463352 701361 701640
701634 1610612768 0 2 28 977520 16 974152 64 0 974112 974100 974084 950488 905944 26463352 701361 701634
701640 536870944 0 2 28 977520 17 974152 64 0 974112 974100 974084 950488 905944 26463352 701361 701640
701634 1610612768 0 2 28 977520 17 974152 68 0 974112 974100 974084 950488 905944 26463352 701361 701634
701640 536870944 0 2 28 977520 18 974152 68 0 974112 974100 974084 950488 905944 26463352 701361 701640
701634 1610612768 0 2 28 977520 18 974152 72 0 974112 974100 974084 950488 905944 26463352 701361 701634
701640 536870944 0 2 28 977520 19 974152 72 0 974112 974100 974084 950488 905944 26463352 701361 701640
701634 1610612768 0 2 28 977520 19 974152 76 0 974112 974100 974084 950488 905944 26463352 701361 701634
701640 536870944 0 2 28 977520 20 974152 76 0 974112 974100 974084 950488 905944 26463352 701361 701640
701634 1610612768 0 2 28 977520 20 974152 80 0 974112 974100 974084 950488 905944 26463352 701361 701634
701640 536870944 0 2 28 977520 21 974152 80 0 974112 974100 974084 950488 905944 26463352 701361 701640
701634 1610612768 0 2 28 977520 21 974152 84 0 974112 974100 974084 950488 905944 26463352 701361 701634
701640 536870944 0 2 28 977520 22 974152 84 0 974112 974100 974084 950488 905944 26463352 701361 701640
701634 1610612768 0 2 28 977520 22 974152 88 0 974112 974100 974084 950488 905944 26463352 701361 701634
701640 536870944 0 2 28 977520 23 974152 88 0 974112 974100 974084 950488 905944 26463352 701361 701640
701634 1610612768 0 2 28 977520 23 974152 92 0 974112 974100 974084 950488 905944 26463352 701361 701634
701640 536870944 0 2 28 977520 24 974152 92 0 974112 974100 974084 950488 905944 26463352 701361 701640
701634 1610612768 0 2 28 977520 24 974152 96 0 974112 974100 974084 950488 905944 26463352 701361 701634
701640 536870944 0 2 28 977520 25 974152 96 0 974112 974100 974084 950488 905944 26463352 701361 701640
701634 1610612768 0 2 28 977520 25 974152 100 0 974112 974100 974084 950488 905944 26463352 701361 701634
701640 536870944 0 2 28 977520 26 974152 100 0 974112 974100 974084 950488 905944 26463352 701361 701640
701634 1610612768 0 2 28 977520 26 974152 104 0 974112 974100 974084 950488 905944 26463352 701361 701634
701640 536870944 0 2 28 977520 27 974152 104 0 974112 974100 974084 950488 905944 26463352 701361 701640
701634 1610612768 0 2 28 977520 27 974152 108 0 974112 974100 974084 950488 905944 26463352 701361 701634
701694 1610612768 0 2 28 977520 28 974152 108 0 974112 974100 974084 950488 905944 26463352 701361 701694
701360 536870944 11 12 977652 12 974152 974152 974244 4294966948 977400 974100 974084 950488 905944 26463352 701361 701360
701550 2147483680 11 12 977652 27 974152 974152 11 4294966948 977400 974100 974084 950488 905944 26463352 701361 701550
701562 2147483680 11 1 977652 977404 974152 974152 11 4294966948 977400 974100 974084 950488 905944 26463352 701361 701562
701568 32 11 2 0 977404 974152 974152 11 4294966948 977400 974100 974084 950488 905944 26463352 701361 701568
701572 1610612768 11 2 0 977404 974152 974152 11 4294966948 977400 974100 974084 950488 905944 26463352 701361 701572
701614 1610612768 0 2 0 977404 975440 974152 11 4294966948 977400 974100 974084 950488 905944 26463352 701361 701614
701620 1610612768 0 2 28 977404 975440 974152 11 4294966948 977400 974100 974084 950488 905944 26463352 701361 701620
701622 1610612768 0 2 28 977404 975440 974152 11 4294966948 977400 974100 974084 950488 905944 26463352 701361 701622
701640 1610612768 0 2 28 977404 0 974152 11 0 977400 974100 974084 950488 905944 26463352 701361 701640
701634 1610612768 0 2 28 977520 0 974152 0 0 977400 974100 974084 950488 905944 26463352 701361 701634
701640 536870944 0 2 28 977520 1 974152 0 0 977400 974100 974084 950488 905944 26463352 701361 701640
701634 1610612768 0 2 28 977520 1 974152 4 0 977400 974100 974084 950488 905944 26463352 701361 701634
701640 536870944 0 2 28 977520 2 974152 4 0 977400 974100 974084 950488 905944 26463352 701361 701640
701634 1610612768 0 2 28 977520 2 974152 8 0 977400 974100 974084 950488 905944 26463352 701361 701634
701640 536870944 0 2 28 977520 3 974152 8 0 977400 974100 974084 950488 905944 26463352 701361 701640
701634 1610612768 0 2 28 977520 3 974152 12 0 977400 974100 974084 950488 905944 26463352 701361 701634
701640 536870944 0 2 28 977520 4 974152 12 0 977400 974100 974084 950488 905944 26463352 701361 701640
701634 1610612768 0 2 28 977520 4 974152 16 0 977400 974100 974084 950488 905944 26463352 701361 701634
701640 536870944 0 2 28 977520 5 974152 16 0 977400 974100 974084 950488 905944 26463352 701361 701640
701634 1610612768 0 2 28 977520 5 974152 20 0 977400 974100 974084 950488 905944 26463352 701361 701634
701640 536870944 0 2 28 977520 6 974152 20 0 977400 974100 974084 950488 905944 26463352 701361 701640
701634 1610612768 0 2 28 977520 6 974152 24 0 977400 974100 974084 950488 905944 26463352 701361 701634
701640 536870944 0 2 28 977520 7 974152 24 0 977400 974100 974084 950488 905944 26463352 701361 701640
701634 1610612768 0 2 28 977520 7 974152 28 0 977400 974100 974084 950488 905944 26463352 701361 701634
701640 536870944 0 2 28 977520 8 974152 28 0 977400 974100 974084 950488 905944 26463352 701361 701640
701634 1610612768 0 2 28 977520 8 974152 32 0 977400 974100 974084 950488 905944 26463352 701361 701634
701640 536870944 0 2 28 977520 9 974152 32 0 977400 974100 974084 950488 905944 26463352 701361 701640
701634 1610612768 0 2 28 977520 9 974152 36 0 977400 974100 974084 950488 905944 26463352 701361 701634
701640 536870944 0 2 28 977520 10 974152 36 0 977400 974100 974084 950488 905944 26463352 701361 701640
701634 1610612768 0 2 28 977520 10 974152 40 0 977400 974100 974084 950488 905944 26463352 701361 701634
701640 536870944 0 2 28 977520 11 974152 40 0 977400 974100 974084 950488 905944 26463352 701361 701640
701634 1610612768 0 2 28 977520 11 974152 44 0 977400 974100 974084 950488 905944 26463352 701361 701634
701640 536870944 0 2 28 977520 12 974152 44 0 977400 974100 974084 950488 905944 26463352 701361 701640
701634 1610612768 0 2 28 977520 12 974152 48 0 977400 974100 974084 950488 905944 26463352 701361 701634
701640 536870944 0 2 28 977520 13 974152 48 0 977400 974100 974084 950488 905944 26463352 701361 701640
701634 1610612768 0 2 28 977520 13 974152 52 0 977400 974100 974084 950488 905944 26463352 701361 701634
701640 536870944 0 2 28 977520 14 974152 52 0 977400 974100 974084 950488 905944 26463352 701361 701640
701634 1610612768 0 2 28 977520 14 974152 56 0 977400 974100 974084 950488 905944 26463352 701361 701634
701640 536870944 0 2 28 977520 15 974152 56 0 977400 974100 974084 950488 905944 26463352 701361 701640
701634 1610612768 0 2 28 977520 15 974152 60 0 977400 974100 974084 950488 905944 26463352 701361 701634
701640 536870944 0 2 28 977520 16 974152 60 0 977400 974100 974084 950488 905944 26463352 701361 701640
701634 1610612768 0 2 28 977520 16 974152 64 0 977400 974100 974084 950488 905944 26463352 701361 701634
701640 536870944 0 2 28 977520 17 974152 64 0 977400 974100 974084 950488 905944 26463352 701361 701640
701634 1610612768 0 2 28 977520 17 974152 68 0 977400 974100 974084 950488 905944 26463352 701361 701634
701640 536870944 0 2 28 977520 18 974152 68 0 977400 974100 974084 950488 905944 26463352 701361 701640
701634 1610612768 0 2 28 977520 18 974152 72 0 977400 974100 974084 950488 905944 26463352 701361 701634
701640 536870944 0 2 28 977520 19 974152 72 0 977400 974100 974084 950488 905944 26463352 701361 701640
701634 1610612768 0 2 28 977520 19 974152 76 0 977400 974100 974084 950488 905944 26463352 701361 701634
701640 536870944 0 2 28 977520 20 974152 76 0 977400 974100 974084 950488 905944 26463352 701361 701640
701634 1610612768 0 2 28 977520 20 974152 80 0 977400 974100 974084 950488 905944 26463352 701361 701634
701640 536870944 0 2 28 977520 21 974152 80 0 977400 974100 974084 950488 905944 26463352 701361 701640
701634 1610612768 0 2 28 977520 21 974152 84 0 977400 974100 974084 950488 905944 26463352 701361 701634
701640 536870944 0 2 28 977520 22 974152 84 0 977400 974100 974084 950488 905944 26463352 701361 701640
701634 1610612768 0 2 28 977520 22 974152 88 0 977400 974100 974084 950488 905944 26463352 701361 701634
701640 536870944 0 2 28 977520 23 974152 88 0 977400 974100 974084 950488 905944 26463352 701361 701640
701634 1610612768 0 2 28 977520 23 974152 92 0 977400 974100 974084 950488 905944 26463352 701361 701634
701640 536870944 0 2 28 977520 24 974152 92 0 977400 974100 974084 950488 905944 26463352 701361 701640
701634 1610612768 0 2 28 977520 24 974152 96 0 977400 974100 974084 950488 905944 26463352 701361 701634
701640 536870944 0 2 28 977520 25 974152 96 0 977400 974100 974084 950488 905944 26463352 701361 701640
701634 1610612768 0 2 28 977520 25 974152 100 0 977400 974100 974084 950488 905944 26463352 701361 701634
701640 536870944 0 2 28 977520 26 974152 100 0 977400 974100 974084 950488 905944 26463352 701361 701640
701634 1610612768 0 2 28 977520 26 974152 104 0 977400 974100 974084 950488 905944 26463352 701361 701634
701640 536870944 0 2 28 977520 27 974152 104 0 977400 974100 974084 950488 905944 26463352 701361 701640
701634 1610612768 0 2 28 977520 27 974152 108 0 977400 974100 974084 950488 905944 26463352 701361 701634
701694 1610612768 0 2 28 977520 28 974152 108 0 977400 974100 974084 950488 905944 26463352 701361 701694
701360 536870944 12 13 977652 13 974152 974152 974244 4294966956 975792 974100 974084 950488 905944 26463352 701361 701360
701550 2147483680 12 13 977652 27 974152 974152 12 4294966956 975792 974100 974084 950488 905944 26463352 701361 701550
701562 2147483680 12 1 977652 975796 974152 974152 12 4294966956 975792 974100 974084 950488 905944 26463352 701361 701562
701568 32 12 2 0 975796 974152 974152 12 4294966956 975792 974100 974084 950488 905944 26463352 701361 701568
701572 1610612768 12 2 0 975796 974152 974152 12 4294966956 975792 974100 974084 950488 905944 26463352 701361 701572
701614 1610612768 0 2 0 975796 975440 974152 12 4294966956 975792 974100 974084 950488 905944 26463352 701361 701614
701620 1610612768 0 2 28 975796 975440 974152 12 4294966956 975792 974100 974084 950488 905944 26463352 701361 701620
701622 1610612768 0 2 28 975796 975440 974152 12 4294966956 975792 974100 974084 950488 905944 26463352 701361 701622
701640 1610612768 0 2 28 975796 0 974152 12 0 975792 974100 974084 950488 905944 26463352 701361 701640
701634 1610612768 0 2 28 977520 0 974152 0 0 975792 974100 974084 950488 905944 26463352 701361 701634
701640 536870944 0 2 28 977520 1 974152 0 0 975792 974100 974084 950488 905944 26463352 701361 701640
701634 1610612768 0 2 28 977520 1 974152 4 0 975792 974100 974084 950488 905944 26463352 701361 701634
701640 536870944 0 2 28 977520 2 974152 4 0 975792 974100 974084 950488 905944 26463352 701361 701640
701634 1610612768 0 2 28 977520 2 974152 8 0 975792 974100 974084 950488 905944 26463352 701361 701634
701640 536870944 0 2 28 977520 3 974152 8 0 975792 974100 974084 950488 905944 26463352 701361 701640
701634 1610612768 0 2 28 977520 3 974152 12 0 975792 974100 974084 950488 905944 26463352 701361 701634
701640 536870944 0 2 28 977520 4 974152 12 0 975792 974100 974084 950488 905944 26463352 701361 701640
701634 1610612768 0 2 28 977520 4 974152 16 0 975792 974100 974084 950488 905944 26463352 701361 701634
701640 536870944 0 2 28 977520 5 974152 16 0 975792 974100 974084 950488 905944 26463352 701361 701640
701634 1610612768 0 2 28 977520 5 974152 20 0 975792 974100 974084 950488 905944 26463352 701361 701634
701640 536870944 0 2 28 977520 6 974152 20 0 975792 974100 974084 950488 905944 26463352 701361 701640
701634 1610612768 0 2 28 977520 6 974152 24 0 975792 974100 974084 950488 905944 26463352 701361 701634
701640 536870944 0 2 28 977520 7 974152 24 0 975792 974100 974084 950488 905944 26463352 701361 701640
701634 1610612768 0 2 28 977520 7 974152 28 0 975792 974100 974084 950488 905944 26463352 701361 701634
701640 536870944 0 2 28 977520 8 974152 28 0 975792 974100 974084 950488 905944 26463352 701361 701640
701634 1610612768 0 2 28 977520 8 974152 32 0 975792 974100 974084 950488 905944 26463352 701361 701634
701640 536870944 0 2 28 977520 9 974152 32 0 975792 974100 974084 950488 905944 26463352 701361 701640
701634 1610612768 0 2 28 977520 9 974152 36 0 975792 974100 974084 950488 905944 26463352 701361 701634
701640 536870944 0 2 28 977520 10 974152 36 0 975792 974100 974084 950488 905944 26463352 701361 701640
701634 1610612768 0 2 28 977520 10 974152 40 0 975792 974100 974084 950488 905944 26463352 701361 701634
701640 536870944 0 2 28 977520 11 974152 40 0 975792 974100 974084 950488 905944 26463352 701361 701640
701634 1610612768 0 2 28 977520 11 974152 44 0 975792 974100 974084 950488 905944 26463352 701361 701634
701640 536870944 0 2 28 977520 12 974152 44 0 975792 974100 974084 950488 905944 26463352 701361 701640
701634 1610612768 0 2 28 977520 12 974152 48 0 975792 974100 974084 950488 905944 26463352 701361 701634
701640 536870944 0 2 28 977520 13 974152 48 0 975792 974100 974084 950488 905944 26463352 701361 701640
701634 1610612768 0 2 28 977520 13 974152 52 0 975792 974100 974084 950488 905944 26463352 701361 701634
701640 536870944 0 2 28 977520 14 974152 52 0 975792 974100 974084 950488 905944 26463352 701361 701640
701634 1610612768 0 2 28 977520 14 974152 56 0 975792 974100 974084 950488 905944 26463352 701361 701634
701640 536870944 0 2 28 977520 15 974152 56 0 975792 974100 974084 950488 905944 26463352 701361 701640
701634 1610612768 0 2 28 977520 15 974152 60 0 975792 974100 974084 950488 905944 26463352 701361 701634
701640 536870944 0 2 28 977520 16 974152 60 0 975792 974100 974084 950488 905944 26463352 701361 701640
701634 1610612768 0 2 28 977520 16 974152 64 0 975792 974100 974084 950488 905944 26463352 701361 701634
701640 536870944 0 2 28 977520 17 974152 64 0 975792 974100 974084 950488 905944 26463352 701361 701640
701634 1610612768 0 2 28 977520 17 974152 68 0 975792 974100 974084 950488 905944 26463352 701361 701634
701640 536870944 0 2 28 977520 18 974152 68 0 975792 974100 974084 950488 905944 26463352 701361 701640
701634 1610612768 0 2 28 977520 18 974152 72 0 975792 974100 974084 950488 905944 26463352 701361 701634
701640 536870944 0 2 28 977520 19 974152 72 0 975792 974100 974084 950488 905944 26463352 701361 701640
701634 1610612768 0 2 28 977520 19 974152 76 0 975792 974100 974084 950488 905944 26463352 701361 701634
701640 536870944 0 2 28 977520 20 974152 76 0 975792 974100 974084 950488 905944 26463352 701361 701640
701634 1610612768 0 2 28 977520 20 974152 80 0 975792 974100 974084 950488 905944 26463352 701361 701634
701640 536870944 0 2 28 977520 21 974152 80 0 975792 974100 974084 950488 905944 26463352 701361 701640
701634 1610612768 0 2 28 977520 21 974152 84 0 975792 974100 974084 950488 905944 26463352 701361 701634
701640 536870944 0 2 28 977520 22 974152 84 0 975792 974100 974084 950488 905944 26463352 701361 701640
701634 1610612768 0 2 28 977520 22 974152 88 0 975792 974100 974084 950488 905944 26463352 701361 701634
701640 536870944 0 2 28 977520 23 974152 88 0 975792 974100 974084 950488 905944 26463352 701361 701640
701634 1610612768 0 2 28 977520 23 974152 92 0 975792 974100 974084 950488 905944 26463352 701361 701634
701640 536870944 0 2 28 977520 24 974152 92 0 975792 974100 974084 950488 905944 26463352 701361 701640
701634 1610612768 0 2 28 977520 24 974152 96 0 975792 974100 974084 950488 905944 26463352 701361 701634
701640 536870944 0 2 28 977520 25 974152 96 0 975792 974100 974084 950488 905944 26463352 701361 701640
701634 1610612768 0 2 28 977520 25 974152 100 0 975792 974100 974084 950488 905944 26463352 701361 701634
701640 536870944 0 2 28 977520 26 974152 100 0 975792 974100 974084 950488 905944 26463352 701361 701640
701634 1610612768 0 2 28 977520 26 974152 104 0 975792 974100 974084 950488 905944 26463352 701361 701634
701640 536870944 0 2 28 977520 27 974152 104 0 975792 974100 974084 950488 905944 26463352 701361 701640
701634 1610612768 0 2 28 977520 27 974152 108 0 975792 974100 974084 950488 905944 26463352 701361 701634
701694 1610612768 0 2 28 977520 28 974152 108 0 975792 974100 974084 950488 905944 26463352 701361 701694
701360 536870944 13 14 977652 14 974152 974152 974244 4294966956 974200 974100 974084 950488 950104 26463352 701361 701360
701550 2147483680 13 14 977652 27 974152 974152 13 4294966956 974200 974100 974084 950488 950104 26463352 701361 701550
701562 2147483680 13 1 977652 974204 974152 974152 13 4294966956 974200 974100 974084 950488 950104 26463352 701361 701562
701568 32 13 2 0 974204 974152 974152 13 4294966956 974200 974100 974084 950488 950104 26463352 701361 701568
701572 1610612768 13 2 0 974204 974152 974152 13 4294966956 974200 974100 974084 950488 950104 26463352 701361 701572
701614 1610612768 0 2 0 974204 975440 974152 13 4294966956 974200 974100 974084 950488 950104 26463352 701361 701614
701620 1610612768 0 2 28 974204 975440 974152 13 4294966956 974200 974100 974084 950488 950104 26463352 701361 701620
701622 1610612768 0 2 28 974204 975440 974152 13 4294966956 974200 974100 974084 950488 950104 26463352 701361 701622
701640 1610612768 0 2 28 974204 0 974152 13 0 974200 974100 974084 950488 950104 26463352 701361 701640
701634 1610612768 0 2 28 977520 0 974152 0 0 974200 974100 974084 950488 950104 26463352 701361 701634
701640 536870944 0 2 28 977520 1 974152 0 0 974200 974100 974084 950488 950104 26463352 701361 701640
701634 1610612768 0 2 28 977520 1 974152 4 0 974200 974100 974084 950488 950104 26463352 701361 701634
701640 536870944 0 2 28 977520 2 974152 4 0 974200 974100 974084 950488 950104 26463352 701361 701640
701634 1610612768 0 2 28 977520 2 974152 8 0 974200 974100 974084 950488 950104 26463352 701361 701634
701640 536870944 0 2 28 977520 3 974152 8 0 974200 974100 974084 950488 950104 26463352 701361 701640
701634 1610612768 0 2 28 977520 3 974152 12 0 974200 974100 974084 950488 950104 26463352 701361 701634
701640 536870944 0 2 28 977520 4 974152 12 0 974200 974100 974084 950488 950104 26463352 701361 701640
701634 1610612768 0 2 28 977520 4 974152 16 0 974200 974100 974084 950488 950104 26463352 701361 701634
701640 536870944 0 2 28 977520 5 974152 16 0 974200 974100 974084 950488 950104 26463352 701361 701640
701634 1610612768 0 2 28 977520 5 974152 20 0 974200 974100 974084 950488 950104 26463352 701361 701634
701640 536870944 0 2 28 977520 6 974152 20 0 974200 974100 974084 950488 950104 26463352 701361 701640
701634 1610612768 0 2 28 977520 6 974152 24 0 974200 974100 974084 950488 950104 26463352 701361 701634
701640 536870944 0 2 28 977520 7 974152 24 0 974200 974100 974084 950488 950104 26463352 701361 701640
701634 1610612768 0 2 28 977520 7 974152 28 0 974200 974100 974084 950488 950104 26463352 701361 701634
701640 536870944 0 2 28 977520 8 974152 28 0 974200 974100 974084 950488 950104 26463352 701361 701640
701634 1610612768 0 2 28 977520 8 974152 32 0 974200 974100 974084 950488 950104 26463352 701361 701634
701640 536870944 0 2 28 977520 9 974152 32 0 974200 974100 974084 950488 950104 26463352 701361 701640
701634 1610612768 0 2 28 977520 9 974152 36 0 974200 974100 974084 950488 950104 26463352 701361 701634
701640 536870944 0 2 28 977520 10 974152 36 0 974200 974100 974084 950488 950104 26463352 701361 701640
701634 1610612768 0 2 28 977520 10 974152 40 0 974200 974100 974084 950488 950104 26463352 701361 701634
701640 536870944 0 2 28 977520 11 974152 40 0 974200 974100 974084 950488 950104 26463352 701361 701640
701634 1610612768 0 2 28 977520 11 974152 44 0 974200 974100 974084 950488 950104 26463352 701361 701634
701640 536870944 0 2 28 977520 12 974152 44 0 974200 974100 974084 950488 950104 26463352 701361 701640
701634 1610612768 0 2 28 977520 12 974152 48 0 974200 974100 974084 950488 950104 26463352 701361 701634
701640 536870944 0 2 28 977520 13 974152 48 0 974200 974100 974084 950488 950104 26463352 701361 701640
701634 1610612768 0 2 28 977520 13 974152 52 0 974200 974100 974084 950488 950104 26463352 701361 701634
701640 536870944 0 2 28 977520 14 974152 52 0 974200 974100 974084 950488 950104 26463352 701361 701640
701634 1610612768 0 2 28 977520 14 974152 56 0 974200 974100 974084 950488 950104 26463352 701361 701634
701640 536870944 0 2 28 977520 15 974152 56 0 974200 974100 974084 950488 950104 26463352 701361 701640
701634 1610612768 0 2 28 977520 15 974152 60 0 974200 974100 974084 950488 950104 26463352 701361 701634
701640 536870944 0 2 28 977520 16 974152 60 0 974200 974100 974084 950488 950104 26463352 701361 701640
701634 1610612768 0 2 28 977520 16 974152 64 0 974200 974100 974084 950488 950104 26463352 701361 701634
701640 536870944 0 2 28 977520 17 974152 64 0 974200 974100 974084 950488 950104 26463352 701361 701640
701634 1610612768 0 2 28 977520 17 974152 68 0 974200 974100 974084 950488 950104 26463352 701361 701634
701640 536870944 0 2 28 977520 18 974152 68 0 974200 974100 974084 950488 950104 26463352 701361 701640
701634 1610612768 0 2 28 977520 18 974152 72 0 974200 974100 974084 950488 950104 26463352 701361 701634
701640 536870944 0 2 28 977520 19 974152 72 0 974200 974100 974084 950488 950104 26463352 701361 701640
701634 1610612768 0 2 28 977520 19 974152 76 0 974200 974100 974084 950488 950104 26463352 701361 701634
701640 536870944 0 2 28 977520 20 974152 76 0 974200 974100 974084 950488 950104 26463352 701361 701640
701634 1610612768 0 2 28 977520 20 974152 80 0 974200 974100 974084 950488 950104 26463352 701361 701634
701640 536870944 0 2 28 977520 21 974152 80 0 974200 974100 974084 950488 950104 26463352 701361 701640
701634 1610612768 0 2 28 977520 21 974152 84 0 974200 974100 974084 950488 950104 26463352 701361 701634
701640 536870944 0 2 28 977520 22 974152 84 0 974200 974100 974084 950488 950104 26463352 701361 701640
701634 1610612768 0 2 28 977520 22 974152 88 0 974200 974100 974084 950488 950104 26463352 701361 701634
701640 536870944 0 2 28 977520 23 974152 88 0 974200 974100 974084 950488 950104 26463352 701361 701640
701634 1610612768 0 2 28 977520 23 974152 92 0 974200 974100 974084 950488 950104 26463352 701361 701634
701640 536870944 0 2 28 977520 24 974152 92 0 974200 974100 974084 950488 950104 26463352 701361 701640
701634 1610612768 0 2 28 977520 24 974152 96 0 974200 974100 974084 950488 950104 26463352 701361 701634
701640 536870944 0 2 28 977520 25 974152 96 0 974200 974100 974084 950488 950104 26463352 701361 701640
701634 1610612768 0 2 28 977520 25 974152 100 0 974200 974100 974084 950488 950104 26463352 701361 701634
701640 536870944 0 2 28 977520 26 974152 100 0 974200 974100 974084 950488 950104 26463352 701361 701640
701634 1610612768 0 2 28 977520 26 974152 104 0 974200 974100 974084 950488 950104 26463352 701361 701634
701640 536870944 0 2 28 977520 27 974152 104 0 974200 974100 974084 950488 950104 26463352 701361 701640
701634 1610612768 0 2 28 977520 27 974152 108 0 974200 974100 974084 950488 950104 26463352 701361 701634
701694 1610612768 0 2 28 977520 28 974152 108 0 974200 974100 974084 950488 950104 26463352 701361 701694
797664 1073741856 975864 0 28 0 975864 944280 974244 4294966956 974096 974100 974084 950488 950104 26463368 697679 797664
797666 1073741856 975864 0 28 0 975864 944280 974244 4294966956 974096 974100 974084 950488 950104 26463344 697679 797666
797678 1073741856 975864 0 28 0 0 944280 975864 4294966956 974096 974100 974084 950488 950104 26463344 697679 797678
797684 1073741856 0 0 28 0 0 944280 975864 4294966956 974096 974100 974084 950488 950236 26463344 797685 797684
797672 32 0 0 1 975864 1 944280 975864 4294966956 974096 974100 974084 950488 950236 26463344 797685 797672
797676 2147483680 0 0 1 975864 1 944280 975864 4294966956 974096 974100 974084 950488 950236 26463344 797685 797676
797678 2147483680 0 0 1 975864 1 944280 975864 4294966956 974096 974100 974084 950488 950236 26463344 797685 797678
797684 2147483680 1 0 1 975864 1 944280 975864 4294966956 974096 974100 974084 950488 950236 26463344 797685 797684
797672 32 1 0 2 975865 2 944280 975864 4294966956 974096 974100 974084 950488 950236 26463344 797685 797672
797676 2147483680 1 0 2 975865 2 944280 975864 4294966956 974096 974100 974084 950488 950236 26463344 797685 797676
797678 2147483680 1 0 2 975865 2 944280 975864 4294966956 974096 974100 974084 950488 950236 26463344 797685 797678
797684 2147483680 2 0 2 975865 2 944280 975864 4294966956 974096 974100 974084 950488 950236 26463344 797685 797684
797672 32 2 0 3 975866 3 944280 975864 4294966956 974096 974100 974084 950488 950236 26463344 797685 797672
797676 2147483680 2 0 3 975866 3 944280 975864 4294966956 974096 974100 974084 950488 950236 26463344 797685 797676
797678 2147483680 2 0 3 975866 3 944280 975864 4294966956 974096 974100 974084 950488 950236 26463344 797685 797678
797684 2147483680 3 0 3 975866 3 944280 975864 4294966956 974096 974100 974084 950488 950236 26463344 797685 797684
797672 32 3 0 4 975867 4 944280 975864 4294966956 974096 974100 974084 950488 950236 26463344 797685 797672
797676 2147483680 3 0 4 975867 4 944280 975864 4294966956 974096 974100 974084 950488 950236 26463344 797685 797676
797678 2147483680 3 0 4 975867 4 944280 975864 4294966956 974096 974100 974084 950488 950236 26463344 797685 797678
797684 2147483680 4 0 4 975867 4 944280 975864 4294966956 974096 974100 974084 950488 950236 26463344 797685 797684
797672 32 4 0 5 975868 5 944280 975864 4294966956 974096 974100 974084 950488 950236 26463344 797685 797672
797676 2147483680 4 0 5 975868 5 944280 975864 4294966956 974096 974100 974084 950488 950236 26463344 797685 797676
797678 2147483680 4 0 5 975868 5 944280 975864 4294966956 974096 974100 974084 950488 950236 26463344 797685 797678
797684 2147483680 5 0 5 975868 5 944280 975864 4294966956 974096 974100 974084 950488 950236 26463344 797685 797684
797672 32 5 0 6 975869 6 944280 975864 4294966956 974096 974100 974084 950488 950236 26463344 797685 797672
797676 2147483680 5 0 6 975869 6 944280 975864 4294966956 974096 974100 974084 950488 950236 26463344 797685 797676
797678 2147483680 5 0 6 975869 6 944280 975864 4294966956 974096 974100 974084 950488 950236 26463344 797685 797678
797684 2147483680 6 0 6 975869 6 944280 975864 4294966956 974096 974100 974084 950488 950236 26463344 797685 797684
797672 32 6 0 7 975870 7 944280 975864 4294966956 974096 974100 974084 950488 950236 26463344 797685 797672
797676 2147483680 6 0 7 975870 7 944280 975864 4294966956 974096 974100 974084 950488 950236 26463344 797685 797676
797678 2147483680 6 0 7 975870 7 944280 975864 4294966956 974096 974100 974084 950488 950236 26463344 797685 797678
797684 2147483680 7 0 7 975870 7 944280 975864 4294966956 974096 974100 974084 950488 950236 26463344 797685 797684
797672 32 7 0 8 975871 8 944280 975864 4294966956 974096 974100 974084 950488 950236 26463344 797685 797672
797676 2147483680 7 0 8 975871 8 944280 975864 4294966956 974096 974100 974084 950488 950236 26463344 797685 797676
797678 2147483680 7 0 8 975871 8 944280 975864 4294966956 974096 974100 974084 950488 950236 26463344 797685 797678
797684 2147483680 8 0 8 975871 8 944280 975864 4294966956 974096 974100 974084 950488 950236 26463344 797685 797684
797672 32 8 0 9 975872 9 944280 975864 4294966956 974096 974100 974084 950488 950236 26463344 797685 797672
797676 2147483680 8 0 9 975872 9 944280 975864 4294966956 974096 974100 974084 950488 950236 26463344 797685 797676
797678 2147483680 8 0 9 975872 9 944280 975864 4294966956 974096 974100 974084 950488 950236 26463344 797685 797678
797684 2147483680 9 0 9 975872 9 944280 975864 4294966956 974096 974100 974084 950488 950236 26463344 797685 797684
797672 32 9 0 10 975873 10 944280 975864 4294966956 974096 974100 974084 950488 950236 26463344 797685 797672
797676 2147483680 9 0 10 975873 10 944280 975864 4294966956 974096 974100 974084 950488 950236 26463344 797685 797676
797678 2147483680 9 0 10 975873 10 944280 975864 4294966956 974096 974100 974084 950488 950236 26463344 797685 797678
797684 2147483680 10 0 10 975873 10 944280 975864 4294966956 974096 974100 974084 950488 950236 26463344 797685 797684
797672 32 10 0 11 975874 11 944280 975864 4294966956 974096 974100 974084 950488 950236 26463344 797685 797672
797676 2147483680 10 0 11 975874 11 944280 975864 4294966956 974096 974100 974084 950488 950236 26463344 797685 797676
797678 2147483680 10 0 11 975874 11 944280 975864 4294966956 974096 974100 974084 950488 950236 26463344 797685 797678
797684 2147483680 11 0 11 975874 11 944280 975864 4294966956 974096 974100 974084 950488 950236 26463344 797685 797684
797672 32 11 0 12 975875 12 944280 975864 4294966956 974096 974100 974084 950488 950236 26463344 797685 797672
797676 2147483680 11 0 12 975875 12 944280 975864 4294966956 974096 974100 974084 950488 950236 26463344 797685 797676
797678 2147483680 11 0 12 975875 12 944280 975864 4294966956 974096 974100 974084 950488 950236 26463344 797685 797678
797684 2147483680 12 0 12 975875 12 944280 975864 4294966956 974096 974100 974084 950488 950236 26463344 797685 797684
797672 32 12 0 13 975876 13 944280 975864 4294966956 974096 974100 974084 950488 950236 26463344 797685 797672
797676 2147483680 12 0 13 975876 13 944280 975864 4294966956 974096 974100 974084 950488 950236 26463344 797685 797676
797678 2147483680 12 0 13 975876 13 944280 975864 4294966956 974096 974100 974084 950488 950236 26463344 797685 797678
797684 2147483680 13 0 13 975876 13 944280 975864 4294966956 974096 974100 974084 950488 950236 26463344 797685 797684
797672 32 13 0 14 975877 14 944280 975864 4294966956 974096 974100 974084 950488 950236 26463344 797685 797672
797676 2147483680 13 0 14 975877 14 944280 975864 4294966956 974096 974100 974084 950488 950236 26463344 797685 797676
797678 2147483680 13 0 14 975877 14 944280 975864 4294966956 974096 974100 974084 950488 950236 26463344 797685 797678
797684 2147483680 14 0 14 975877 14 944280 975864 4294966956 974096 974100 974084 950488 950236 26463344 797685 797684
797672 32 14 0 15 975878 15 944280 975864 4294966956 974096 974100 974084 950488 950236 26463344 797685 797672
797676 2147483680 14 0 15 975878 15 944280 975864 4294966956 974096 974100 974084 950488 950236 26463344 797685 797676
797678 2147483680 14 0 15 975878 15 944280 975864 4294966956 974096 974100 974084 950488 950236 26463344 797685 797678
797684 2147483680 15 0 15 975878 15 944280 975864 4294966956 974096 974100 974084 950488 950236 26463344 797685 797684
797672 32 15 0 16 975879 16 944280 975864 4294966956 974096 974100 974084 950488 950236 26463344 797685 797672
797676 2147483680 15 0 16 975879 16 944280 975864 4294966956 974096 974100 974084 950488 950236 26463344 797685 797676
797678 2147483680 15 0 16 975879 16 944280 975864 4294966956 974096 974100 974084 950488 950236 26463344 797685 797678
797684 2147483680 16 0 16 975879 16 944280 975864 4294966956 974096 974100 974084 950488 950236 26463344 797685 797684
797672 32 16 0 17 975880 17 944280 975864 4294966956 974096 974100 974084 950488 950236 26463344 797685 797672
797676 2147483680 16 0 17 975880 17 944280 975864 4294966956 974096 974100 974084 950488 950236 26463344 797685 797676
797678 2147483680 16 0 17 975880 17 944280 975864 4294966956 974096 974100 974084 950488 950236 26463344 797685 797678
797684 2147483680 17 0 17 975880 17 944280 975864 4294966956 974096 974100 974084 950488 950236 26463344 797685 797684
797672 32 17 0 18 975881 18 944280 975864 4294966956 974096 974100 974084 950488 950236 26463344 797685 797672
797676 2147483680 17 0 18 975881 18 944280 975864 4294966956 974096 974100 974084 950488 950236 26463344 797685 797676
797678 2147483680 17 0 18 975881 18 944280 975864 4294966956 974096 974100 974084 950488 950236 26463344 797685 797678
797684 2147483680 18 0 18 975881 18 944280 975864 4294966956 974096 974100 974084 950488 950236 26463344 797685 797684
797672 32 18 0 19 975882 19 944280 975864 4294966956 974096 974100 974084 950488 950236 26463344 797685 797672
797676 2147483680 18 0 19 975882 19 944280 975864 4294966956 974096 974100 974084 950488 950236 26463344 797685 797676
797678 2147483680 18 0 19 975882 19 944280 975864 4294966956 974096 974100 974084 950488 950236 26463344 797685 797678
797684 2147483680 19 0 19 975882 19 944280 975864 4294966956 974096 974100 974084 950488 950236 26463344 797685 797684
797672 32 19 0 20 975883 20 944280 975864 4294966956 974096 974100 974084 950488 950236 26463344 797685 797672
797676 2147483680 19 0 20 975883 20 944280 975864 4294966956 974096 974100 974084 950488 950236 26463344 797685 797676
797678 2147483680 19 0 20 975883 20 944280 975864 4294966956 974096 974100 974084 950488 950236 26463344 797685 797678
797684 2147483680 20 0 20 975883 20 944280 975864 4294966956 974096 974100 974084 950488 950236 26463344 797685 797684
797672 32 20 0 21 975884 21 944280 975864 4294966956 974096 974100 974084 950488 950236 26463344 797685 797672
797676 2147483680 20 0 21 975884 21 944280 975864 4294966956 974096 974100 974084 950488 950236 26463344 797685 797676
797678 2147483680 20 0 21 975884 21 944280 975864 4294966956 974096 974100 974084 950488 950236 26463344 797685 797678
797684 2147483680 21 0 21 975884 21 944280 975864 4294966956 974096 974100 974084 950488 950236 26463344 797685 797684
797672 32 21 0 22 975885 22 944280 975864 4294966956 974096 974100 974084 950488 950236 26463344 797685 797672
797676 2147483680 21 0 22 975885 22 944280 975864 4294966956 974096 974100 974084 950488 950236 26463344 797685 797676
797678 2147483680 21 0 22 975885 22 944280 975864 4294966956 974096 974100 974084 950488 950236 26463344 797685 797678
797684 2147483680 22 0 22 975885 22 944280 975864 4294966956 974096 974100 974084 950488 950236 26463344 797685 797684
797672 32 22 0 23 975886 23 944280 975864 4294966956 974096 974100 974084 950488 950236 26463344 797685 797672
797676 2147483680 22 0 23 975886 23 944280 975864 4294966956 974096 974100 974084 950488 950236 26463344 797685 797676
797678 2147483680 22 0 23 975886 23 944280 975864 4294966956 974096 974100 974084 950488 950236 26463344 797685 797678
797684 2147483680 23 0 23 975886 23 944280 975864 4294966956 974096 974100 974084 950488 950236 26463344 797685 797684
797672 32 23 0 24 975887 24 944280 975864 4294966956 974096 974100 974084 950488 950236 26463344 797685 797672
797676 2147483680 23 0 24 975887 24 944280 975864 4294966956 974096 974100 974084 950488 950236 26463344 797685 797676
797678 2147483680 23 0 24 975887 24 944280 975864 4294966956 974096 974100 974084 950488 950236 26463344 797685 797678
797684 2147483680 24 0 24 975887 24 944280 975864 4294966956 974096 974100 974084 950488 950236 26463344 797685 797684
797672 32 24 0 25 975888 25 944280 975864 4294966956 974096 974100 974084 950488 950236 26463344 797685 797672
797676 2147483680 24 0 25 975888 25 944280 975864 4294966956 974096 974100 974084 950488 950236 26463344 797685 797676
797678 2147483680 24 0 25 975888 25 944280 975864 4294966956 974096 974100 974084 950488 950236 26463344 797685 797678
797684 2147483680 25 0 25 975888 25 944280 975864 4294966956 974096 974100 974084 950488 950236 26463344 797685 797684
797672 32 25 0 26 975889 26 944280 975864 4294966956 974096 974100 974084 950488 950236 26463344 797685 797672
797676 2147483680 25 0 26 975889 26 944280 975864 4294966956 974096 974100 974084 950488 950236 26463344 797685 797676
797678 2147483680 25 0 26 975889 26 944280 975864 4294966956 974096 974100 974084 950488 950236 26463344 797685 797678
797684 2147483680 26 0 26 975889 26 944280 975864 4294966956 974096 974100 974084 950488 950236 26463344 797685 797684
797672 32 26 0 27 975890 27 944280 975864 4294966956 974096 974100 974084 950488 950236 26463344 797685 797672
797676 2147483680 26 0 27 975890 27 944280 975864 4294966956 974096 974100 974084 950488 950236 26463344 797685 797676
797678 2147483680 26 0 27 975890 27 944280 975864 4294966956 974096 974100 974084 950488 950236 26463344 797685 797678
797684 2147483680 27 0 27 975890 27 944280 975864 4294966956 974096 974100 974084 950488 950236 26463344 797685 797684
797672 32 27 0 28 975891 28 944280 975864 4294966956 974096 974100 974084 950488 950236 26463344 797685 797672
797676 2147483680 27 0 28 975891 28 944280 975864 4294966956 974096 974100 974084 950488 950236 26463344 797685 797676
797678 2147483680 27 0 28 975891 28 944280 975864 4294966956 974096 974100 974084 950488 950236 26463344 797685 797678
797684 2147483680 28 0 28 975891 28 944280 975864 4294966956 974096 974100 974084 950488 950236 26463344 797685 797684
797672 32 28 0 29 975892 29 944280 975864 4294966956 974096 974100 974084 950488 950236 26463344 797685 797672
797676 2147483680 28 0 29 975892 29 944280 975864 4294966956 974096 974100 974084 950488 950236 26463344 797685 797676
797678 2147483680 28 0 29 975892 29 944280 975864 4294966956 974096 974100 974084 950488 950236 26463344 797685 797678
797684 2147483680 29 0 29 975892 29 944280 975864 4294966956 974096 974100 974084 950488 950236 26463344 797685 797684
797672 32 29 0 30 975893 30 944280 975864 4294966956 974096 974100 974084 950488 950236 26463344 797685 797672
797676 2147483680 29 0 30 975893 30 944280 975864 4294966956 974096 974100 974084 950488 950236 26463344 797685 797676
797678 2147483680 29 0 30 975893 30 944280 975864 4294966956 974096 974100 974084 950488 950236 26463344 797685 797678
797684 2147483680 30 0 30 975893 30 944280 975864 4294966956 974096 974100 974084 950488 950236 26463344 797685 797684
797672 32 30 0 31 975894 31 944280 975864 4294966956 974096 974100 974084 950488 950236 26463344 797685 797672
797676 2147483680 30 0 31 975894 31 944280 975864 4294966956 974096 974100 974084 950488 950236 26463344 797685 797676
797678 2147483680 30 0 31 975894 31 944280 975864 4294966956 974096 974100 974084 950488 950236 26463344 797685 797678
797684 2147483680 31 0 31 975894 31 944280 975864 4294966956 974096 974100 974084 950488 950236 26463344 797685 797684
797672 32 31 0 32 975895 32 944280 975864 4294966956 974096 974100 974084 950488 950236 26463344 797685 797672
797676 2147483680 31 0 32 975895 32 944280 975864 4294966956 974096 974100 974084 950488 950236 26463344 797685 797676
797678 2147483680 31 0 32 975895 32 944280 975864 4294966956 974096 974100 974084 950488 950236 26463344 797685 797678
797684 2147483680 32 0 32 975895 32 944280 975864 4294966956 974096 974100 974084 950488 950236 26463344 797685 797684
797672 32 32 0 33 975896 33 944280 975864 4294966956 974096 974100 974084 950488 950236 26463344 797685 797672
797676 2147483680 32 0 33 975896 33 944280 975864 4294966956 974096 974100 974084 950488 950236 26463344 797685 797676
797678 2147483680 32 0 33 975896 33 944280 975864 4294966956 974096 974100 974084 950488 950236 26463344 797685 797678
797684 2147483680 33 0 33 975896 33 944280 975864 4294966956 974096 974100 974084 950488 950236 26463344 797685 797684
797672 32 33 0 34 975897 34 944280 975864 4294966956 974096 974100 974084 950488 950236 26463344 797685 797672
797676 2147483680 33 0 34 975897 34 944280 975864 4294966956 974096 974100 974084 950488 950236 26463344 797685 797676
797678 2147483680 33 0 34 975897 34 944280 975864 4294966956 974096 974100 974084 950488 950236 26463344 797685 797678
797684 2147483680 34 0 34 975897 34 944280 975864 4294966956 974096 974100 974084 950488 950236 26463344 797685 797684
797672 32 34 0 35 975898 35 944280 975864 4294966956 974096 974100 974084 950488 950236 26463344 797685 797672
797676 2147483680 34 0 35 975898 35 944280 975864 4294966956 974096 974100 974084 950488 950236 26463344 797685 797676
797678 2147483680 34 0 35 975898 35 944280 975864 4294966956 974096 974100 974084 950488 950236 26463344 797685 797678
797684 2147483680 35 0 35 975898 35 944280 975864 4294966956 974096 974100 974084 950488 950236 26463344 797685 797684
797672 32 35 0 36 975899 36 944280 975864 4294966956 974096 974100 974084 950488 950236 26463344 797685 797672
797676 2147483680 35 0 36 975899 36 944280 975864 4294966956 974096 974100 974084 950488 950236 26463344 797685 797676
797678 2147483680 35 0 36 975899 36 944280 975864 4294966956 974096 974100 974084 950488 950236 26463344 797685 797678
797684 2147483680 36 0 36 975899 36 944280 975864 4294966956 974096 974100 974084 950488 950236 26463344 797685 797684
797672 32 36 0 37 975900 37 944280 975864 4294966956 974096 974100 974084 950488 950236 26463344 797685 797672
797676 2147483680 36 0 37 975900 37 944280 975864 4294966956 974096 974100 974084 950488 950236 26463344 797685 797676
797678 2147483680 36 0 37 975900 37 944280 975864 4294966956 974096 974100 974084 950488 950236 26463344 797685 797678
797684 2147483680 37 0 37 975900 37 944280 975864 4294966956 974096 974100 974084 950488 950236 26463344 797685 797684
797672 32 37 0 38 975901 38 944280 975864 4294966956 974096 974100 974084 950488 950236 26463344 797685 797672
797676 2147483680 37 0 38 975901 38 944280 975864 4294966956 974096 974100 974084 950488 950236 26463344 797685 797676
797678 2147483680 37 0 38 975901 38 944280 975864 4294966956 974096 974100 974084 950488 950236 26463344 797685 797678
797684 2147483680 38 0 38 975901 38 944280 975864 4294966956 974096 974100 974084 950488 950236 26463344 797685 797684
797672 32 38 0 39 975902 39 944280 975864 4294966956 974096 974100 974084 950488 950236 26463344 797685 797672
797676 2147483680 38 0 39 975902 39 944280 975864 4294966956 974096 974100 974084 950488 950236 26463344 797685 797676
797678 2147483680 38 0 39 975902 39 944280 975864 4294966956 974096 974100 974084 950488 950236 26463344 797685 797678
797684 2147483680 39 0 39 975902 39 944280 975864 4294966956 974096 974100 974084 950488 950236 26463344 797685 797684
797672 32 39 0 40 975903 40 944280 975864 4294966956 974096 974100 974084 950488 950236 26463344 797685 797672
797676 2147483680 39 0 40 975903 40 944280 975864 4294966956 974096 974100 974084 950488 950236 26463344 797685 797676
797678 2147483680 39 0 40 975903 40 944280 975864 4294966956 974096 974100 974084 950488 950236 26463344 797685 797678
797684 2147483680 40 0 40 975903 40 944280 975864 4294966956 974096 974100 974084 950488 950236 26463344 797685 797684
797672 32 40 0 41 975904 41 944280 975864 4294966956 974096 974100 974084 950488 950236 26463344 797685 797672
797676 2147483680 40 0 41 975904 41 944280 975864 4294966956 974096 974100 974084 950488 950236 26463344 797685 797676
797678 2147483680 40 0 41 975904 41 944280 975864 4294966956 974096 974100 974084 950488 950236 26463344 797685 797678
797684 2147483680 41 0 41 975904 41 944280 975864 4294966956 974096 974100 974084 950488 950236 26463344 797685 797684
797672 32 41 0 42 975905 42 944280 975864 4294966956 974096 974100 974084 950488 950236 26463344 797685 797672
797676 2147483680 41 0 42 975905 42 944280 975864 4294966956 974096 974100 974084 950488 950236 26463344 797685 797676
797678 2147483680 41 0 42 975905 42 944280 975864 4294966956 974096 974100 974084 950488 950236 26463344 797685 797678
797684 2147483680 42 0 42 975905 42 944280 975864 4294966956 974096 974100 974084 950488 950236 26463344 797685 797684
797672 32 42 0 43 975906 43 944280 975864 4294966956 974096 974100 974084 950488 950236 26463344 797685 797672
797676 2147483680 42 0 43 975906 43 944280 975864 4294966956 974096 974100 974084 950488 950236 26463344 797685 797676
797678 2147483680 42 0 43 975906 43 944280 975864 4294966956 974096 974100 974084 950488 950236 26463344 797685 797678
797684 2147483680 43 0 43 975906 43 944280 975864 4294966956 974096 974100 974084 950488 950236 26463344 797685 797684
797672 32 43 0 44 975907 44 944280 975864 4294966956 974096 974100 974084 950488 950236 26463344 797685 797672
797676 2147483680 43 0 44 975907 44 944280 975864 4294966956 974096 974100 974084 950488 950236 26463344 797685 797676
797678 2147483680 43 0 44 975907 44 944280 975864 4294966956 974096 974100 974084 950488 950236 26463344 797685 797678
797684 2147483680 44 0 44 975907 44 944280 975864 4294966956 974096 974100 974084 950488 950236 26463344 797685 797684
797672 32 44 0 45 975908 45 944280 975864 4294966956 974096 974100 974084 950488 950236 26463344 797685 797672
797676 2147483680 44 0 45 975908 45 944280 975864 4294966956 974096 974100 974084 950488 950236 26463344 797685 797676
797678 2147483680 44 0 45 975908 45 944280 975864 4294966956 974096 974100 974084 950488 950236 26463344 797685 797678
797684 2147483680 45 0 45 975908 45 944280 975864 4294966956 974096 974100 974084 950488 950236 26463344 797685 797684
797672 32 45 0 46 975909 46 944280 975864 4294966956 974096 974100 974084 950488 950236 26463344 797685 797672
797676 2147483680 45 0 46 975909 46 944280 975864 4294966956 974096 974100 974084 950488 950236 26463344 797685 797676
797678 2147483680 45 0 46 975909 46 944280 975864 4294966956 974096 974100 974084 950488 950236 26463344 797685 797678
797684 2147483680 46 0 46 975909 46 944280 975864 4294966956 974096 974100 974084 950488 950236 26463344 797685 797684
797672 32 46 0 47 975910 47 944280 975864 4294966956 974096 974100 974084 950488 950236 26463344 797685 797672
797676 2147483680 46 0 47 975910 47 944280 975864 4294966956 974096 974100 974084 950488 950236 26463344 797685 797676
797678 2147483680 46 0 47 975910 47 944280 975864 4294966956 974096 974100 974084 950488 950236 26463344 797685 797678
797684 2147483680 47 0 47 975910 47 944280 975864 4294966956 974096 974100 974084 950488 950236 26463344 797685 797684
797672 32 47 0 48 975911 48 944280 975864 4294966956 974096 974100 974084 950488 950236 26463344 797685 797672
797676 2147483680 47 0 48 975911 48 944280 975864 4294966956 974096 974100 974084 950488 950236 26463344 797685 797676
797678 2147483680 47 0 48 975911 48 944280 975864 4294966956 974096 974100 974084 950488 950236 26463344 797685 797678
797684 2147483680 48 0 48 975911 48 944280 975864 4294966956 974096 974100 974084 950488 950236 26463344 797685 797684
797672 32 48 0 49 975912 49 944280 975864 4294966956 974096 974100 974084 950488 950236 26463344 797685 797672
797676 2147483680 48 0 49 975912 49 944280 975864 4294966956 974096 974100 974084 950488 950236 26463344 797685 797676
797678 2147483680 48 0 49 975912 49 944280 975864 4294966956 974096 974100 974084 950488 950236 26463344 797685 797678
797684 2147483680 49 0 49 975912 49 944280 975864 4294966956 974096 974100 974084 950488 950236 26463344 797685 797684
797672 32 49 0 50 975913 50 944280 975864 4294966956 974096 974100 974084 950488 950236 26463344 797685 797672
797676 2147483680 49 0 50 975913 50 944280 975864 4294966956 974096 974100 974084 950488 950236 26463344 797685 797676
797678 2147483680 49 0 50 975913 50 944280 975864 4294966956 974096 974100 974084 950488 950236 26463344 797685 797678
797684 2147483680 50 0 50 975913 50 944280 975864 4294966956 974096 974100 974084 950488 950236 26463344 797685 797684
797672 32 50 0 51 975914 51 944280 975864 4294966956 974096 974100 974084 950488 950236 26463344 797685 797672
797676 2147483680 50 0 51 975914 51 944280 975864 4294966956 974096 974100 974084 950488 950236 26463344 797685 797676
797678 2147483680 50 0 51 975914 51 944280 975864 4294966956 974096 974100 974084 950488 950236 26463344 797685 797678
797684 2147483680 51 0 51 975914 51 944280 975864 4294966956 974096 974100 974084 950488 950236 26463344 797685 797684
797672 32 51 0 52 975915 52 944280 975864 4294966956 974096 974100 974084 950488 950236 26463344 797685 797672
797676 2147483680 51 0 52 975915 52 944280 975864 4294966956 974096 974100 974084 950488 950236 26463344 797685 797676
797678 2147483680 51 0 52 975915 52 944280 975864 4294966956 974096 974100 974084 950488 950236 26463344 797685 797678
797684 2147483680 52 0 52 975915 52 944280 975864 4294966956 974096 974100 974084 950488 950236 26463344 797685 797684
797672 32 52 0 53 975916 53 944280 975864 4294966956 974096 974100 974084 950488 950236 26463344 797685 797672
797676 2147483680 52 0 53 975916 53 944280 975864 4294966956 974096 974100 974084 950488 950236 26463344 797685 797676
797678 2147483680 52 0 53 975916 53 944280 975864 4294966956 974096 974100 974084 950488 950236 26463344 797685 797678
797684 2147483680 53 0 53 975916 53 944280 975864 4294966956 974096 974100 974084 950488 950236 26463344 797685 797684
797672 32 53 0 54 975917 54 944280 975864 4294966956 974096 974100 974084 950488 950236 26463344 797685 797672
797676 2147483680 53 0 54 975917 54 944280 975864 4294966956 974096 974100 974084 950488 950236 26463344 797685 797676
797678 2147483680 53 0 54 975917 54 944280 975864 4294966956 974096 974100 974084 950488 950236 26463344 797685 797678
797684 2147483680 54 0 54 975917 54 944280 975864 4294966956 974096 974100 974084 950488 950236 26463344 797685 797684
797672 32 54 0 55 975918 55 944280 975864 4294966956 974096 974100 974084 950488 950236 26463344 797685 797672
797676 2147483680 54 0 55 975918 55 944280 975864 4294966956 974096 974100 974084 950488 950236 26463344 797685 797676
797678 2147483680 54 0 55 975918 55 944280 975864 4294966956 974096 974100 974084 950488 950236 26463344 797685 797678
797684 2147483680 55 0 55 975918 55 944280 975864 4294966956 974096 974100 974084 950488 950236 26463344 797685 797684
797672 32 55 0 56 975919 56 944280 975864 4294966956 974096 974100 974084 950488 950236 26463344 797685 797672
797676 2147483680 55 0 56 975919 56 944280 975864 4294966956 974096 974100 974084 950488 950236 26463344 797685 797676
797678 2147483680 55 0 56 975919 56 944280 975864 4294966956 974096 974100 974084 950488 950236 26463344 797685 797678
797684 2147483680 56 0 56 975919 56 944280 975864 4294966956 974096 974100 974084 950488 950236 26463344 797685 797684
797672 32 56 0 57 975920 57 944280 975864 4294966956 974096 974100 974084 950488 950236 26463344 797685 797672
797676 2147483680 56 0 57 975920 57 944280 975864 4294966956 974096 974100 974084 950488 950236 26463344 797685 797676
797678 2147483680 56 0 57 975920 57 944280 975864 4294966956 974096 974100 974084 950488 950236 26463344 797685 797678
797684 2147483680 57 0 57 975920 57 944280 975864 4294966956 974096 974100 974084 950488 950236 26463344 797685 797684
797672 32 57 0 58 975921 58 944280 975864 4294966956 974096 974100 974084 950488 950236 26463344 797685 797672
797676 2147483680 57 0 58 975921 58 944280 975864 4294966956 974096 974100 974084 950488 950236 26463344 797685 797676
797678 2147483680 57 0 58 975921 58 944280 975864 4294966956 974096 974100 974084 950488 950236 26463344 797685 797678
797684 2147483680 58 0 58 975921 58 944280 975864 4294966956 974096 974100 974084 950488 950236 26463344 797685 797684
797672 32 58 0 59 975922 59 944280 975864 4294966956 974096 974100 974084 950488 950236 26463344 797685 797672
797676 2147483680 58 0 59 975922 59 944280 975864 4294966956 974096 974100 974084 950488 950236 26463344 797685 797676
797678 2147483680 58 0 59 975922 59 944280 975864 4294966956 974096 974100 974084 950488 950236 26463344 797685 797678
797684 2147483680 59 0 59 975922 59 944280 975864 4294966956 974096 974100 974084 950488 950236 26463344 797685 797684
797672 32 59 0 60 975923 60 944280 975864 4294966956 974096 974100 974084 950488 950236 26463344 797685 797672
797676 2147483680 59 0 60 975923 60 944280 975864 4294966956 974096 974100 974084 950488 950236 26463344 797685 797676
797678 2147483680 59 0 60 975923 60 944280 975864 4294966956 974096 974100 974084 950488 950236 26463344 797685 797678
797684 2147483680 60 0 60 975923 60 944280 975864 4294966956 974096 974100 974084 950488 950236 26463344 797685 797684
797672 32 60 0 61 975924 61 944280 975864 4294966956 974096 974100 974084 950488 950236 26463344 797685 797672
797676 2147483680 60 0 61 975924 61 944280 975864 4294966956 974096 974100 974084 950488 950236 26463344 797685 797676
797678 2147483680 60 0 61 975924 61 944280 975864 4294966956 974096 974100 974084 950488 950236 26463344 797685 797678
797684 2147483680 61 0 61 975924 61 944280 975864 4294966956 974096 974100 974084 950488 950236 26463344 797685 797684
797672 32 61 0 62 975925 62 944280 975864 4294966956 974096 974100 974084 950488 950236 26463344 797685 797672
797676 2147483680 61 0 62 975925 62 944280 975864 4294966956 974096 974100 974084 950488 950236 26463344 797685 797676
797678 2147483680 61 0 62 975925 62 944280 975864 4294966956 974096 974100 974084 950488 950236 26463344 797685 797678
797684 2147483680 62 0 62 975925 62 944280 975864 4294966956 974096 974100 974084 950488 950236 26463344 797685 797684
797672 32 62 0 63 975926 63 944280 975864 4294966956 974096 974100 974084 950488 950236 26463344 797685 797672
797676 2147483680 62 0 63 975926 63 944280 975864 4294966956 974096 974100 974084 950488 950236 26463344 797685 797676
797678 2147483680 62 0 63 975926 63 944280 975864 4294966956 974096 974100 974084 950488 950236 26463344 797685 797678
797684 2147483680 63 0 63 975926 63 944280 975864 4294966956 974096 974100 974084 950488 950236 26463344 797685 797684
797672 32 63 0 64 975927 64 944280 975864 4294966956 974096 974100 974084 950488 950236 26463344 797685 797672
797676 2147483680 63 0 64 975927 64 944280 975864 4294966956 974096 974100 974084 950488 950236 26463344 797685 797676
797678 2147483680 63 0 64 975927 64 944280 975864 4294966956 974096 974100 974084 950488 950236 26463344 797685 797678
797684 2147483680 64 0 64 975927 64 944280 975864 4294966956 974096 974100 974084 950488 950236 26463344 797685 797684
797672 32 64 0 65 975928 65 944280 975864 4294966956 974096 974100 974084 950488 950236 26463344 797685 797672
797676 2147483680 64 0 65 975928 65 944280 975864 4294966956 974096 974100 974084 950488 950236 26463344 797685 797676
797678 2147483680 64 0 65 975928 65 944280 975864 4294966956 974096 974100 974084 950488 950236 26463344 797685 797678
797684 2147483680 65 0 65 975928 65 944280 975864 4294966956 974096 974100 974084 950488 950236 26463344 797685 797684
797672 32 65 0 66 975929 66 944280 975864 4294966956 974096 974100 974084 950488 950236 26463344 797685 797672
797676 2147483680 65 0 66 975929 66 944280 975864 4294966956 974096 974100 974084 950488 950236 26463344 797685 797676
797678 2147483680 65 0 66 975929 66 944280 975864 4294966956 974096 974100 974084 950488 950236 26463344 797685 797678
797684 2147483680 66 0 66 975929 66 944280 975864 4294966956 974096 974100 974084 950488 950236 26463344 797685 797684
797672 32 66 0 67 975930 67 944280 975864 4294966956 974096 974100 974084 950488 950236 26463344 797685 797672
797676 2147483680 66 0 67 975930 67 944280 975864 4294966956 974096 974100 974084 950488 950236 26463344 797685 797676
797678 2147483680 66 0 67 975930 67 944280 975864 4294966956 974096 974100 974084 950488 950236 26463344 797685 797678
797684 2147483680 67 0 67 975930 67 944280 975864 4294966956 974096 974100 974084 950488 950236 26463344 797685 797684
797672 32 67 0 68 975931 68 944280 975864 4294966956 974096 974100 974084 950488 950236 26463344 797685 797672
797676 2147483680 67 0 68 975931 68 944280 975864 4294966956 974096 974100 974084 950488 950236 26463344 797685 797676
797678 2147483680 67 0 68 975931 68 944280 975864 4294966956 974096 974100 974084 950488 950236 26463344 797685 797678
797684 2147483680 68 0 68 975931 68 944280 975864 4294966956 974096 974100 974084 950488 950236 26463344 797685 797684
797672 32 68 0 69 975932 69 944280 975864 4294966956 974096 974100 974084 950488 950236 26463344 797685 797672
797676 2147483680 68 0 69 975932 69 944280 975864 4294966956 974096 974100 974084 950488 950236 26463344 797685 797676
797678 2147483680 68 0 69 975932 69 944280 975864 4294966956 974096 974100 974084 950488 950236 26463344 797685 797678
797684 2147483680 69 0 69 975932 69 944280 975864 4294966956 974096 974100 974084 950488 950236 26463344 797685 797684
797672 32 69 0 70 975933 70 944280 975864 4294966956 974096 974100 974084 950488 950236 26463344 797685 797672
797676 2147483680 69 0 70 975933 70 944280 975864 4294966956 974096 974100 974084 950488 950236 26463344 797685 797676
797678 2147483680 69 0 70 975933 70 944280 975864 4294966956 974096 974100 974084 950488 950236 26463344 797685 797678
797684 2147483680 70 0 70 975933 70 944280 975864 4294966956 974096 974100 974084 950488 950236 26463344 797685 797684
797672 32 70 0 71 975934 71 944280 975864 4294966956 974096 974100 974084 950488 950236 26463344 797685 797672
797676 2147483680 70 0 71 975934 71 944280 975864 4294966956 974096 974100 974084 950488 950236 26463344 797685 797676
797678 2147483680 70 0 71 975934 71 944280 975864 4294966956 974096 974100 974084 950488 950236 26463344 797685 797678
797684 2147483680 71 0 71 975934 71 944280 975864 4294966956 974096 974100 974084 950488 950236 26463344 797685 797684
797672 32 71 0 72 975935 72 944280 975864 4294966956 974096 974100 974084 950488 950236 26463344 797685 797672
797676 2147483680 71 0 72 975935 72 944280 975864 4294966956 974096 974100 974084 950488 950236 26463344 797685 797676
797678 2147483680 71 0 72 975935 72 944280 975864 4294966956 974096 974100 974084 950488 950236 26463344 797685 797678
797684 2147483680 72 0 72 975935 72 944280 975864 4294966956 974096 974100 974084 950488 950236 26463344 797685 797684
797672 32 72 0 73 975936 73 944280 975864 4294966956 974096 974100 974084 950488 950236 26463344 797685 797672
797676 2147483680 72 0 73 975936 73 944280 975864 4294966956 974096 974100 974084 950488 950236 26463344 797685 797676
797678 2147483680 72 0 73 975936 73 944280 975864 4294966956 974096 974100 974084 950488 950236 26463344 797685 797678
797684 2147483680 73 0 73 975936 73 944280 975864 4294966956 974096 974100 974084 950488 950236 26463344 797685 797684
797672 32 73 0 74 975937 74 944280 975864 4294966956 974096 974100 974084 950488 950236 26463344 797685 797672
797676 2147483680 73 0 74 975937 74 944280 975864 4294966956 974096 974100 974084 950488 950236 26463344 797685 797676
797678 2147483680 73 0 74 975937 74 944280 975864 4294966956 974096 974100 974084 950488 950236 26463344 797685 797678
797684 2147483680 74 0 74 975937 74 944280 975864 4294966956 974096 974100 974084 950488 950236 26463344 797685 797684
797672 32 74 0 75 975938 75 944280 975864 4294966956 974096 974100 974084 950488 950236 26463344 797685 797672
797676 2147483680 74 0 75 975938 75 944280 975864 4294966956 974096 974100 974084 950488 950236 26463344 797685 797676
797678 2147483680 74 0 75 975938 75 944280 975864 4294966956 974096 974100 974084 950488 950236 26463344 797685 797678
797684 2147483680 75 0 75 975938 75 944280 975864 4294966956 974096 974100 974084 950488 950236 26463344 797685 797684
797672 32 75 0 76 975939 76 944280 975864 4294966956 974096 974100 974084 950488 950236 26463344 797685 797672
797676 2147483680 75 0 76 975939 76 944280 975864 4294966956 974096 974100 974084 950488 950236 26463344 797685 797676
797678 2147483680 75 0 76 975939 76 944280 975864 4294966956 974096 974100 974084 950488 950236 26463344 797685 797678
797684 2147483680 76 0 76 975939 76 944280 975864 4294966956 974096 974100 974084 950488 950236 26463344 797685 797684
797672 32 76 0 77 975940 77 944280 975864 4294966956 974096 974100 974084 950488 950236 26463344 797685 797672
797676 2147483680 76 0 77 975940 77 944280 975864 4294966956 974096 974100 974084 950488 950236 26463344 797685 797676
797678 2147483680 76 0 77 975940 77 944280 975864 4294966956 974096 974100 974084 950488 950236 26463344 797685 797678
797684 2147483680 77 0 77 975940 77 944280 975864 4294966956 974096 974100 974084 950488 950236 26463344 797685 797684
797672 32 77 0 78 975941 78 944280 975864 4294966956 974096 974100 974084 950488 950236 26463344 797685 797672
797676 2147483680 77 0 78 975941 78 944280 975864 4294966956 974096 974100 974084 950488 950236 26463344 797685 797676
797678 2147483680 77 0 78 975941 78 944280 975864 4294966956 974096 974100 974084 950488 950236 26463344 797685 797678
797684 2147483680 78 0 78 975941 78 944280 975864 4294966956 974096 974100 974084 950488 950236 26463344 797685 797684
797672 32 78 0 79 975942 79 944280 975864 4294966956 974096 974100 974084 950488 950236 26463344 797685 797672
797676 2147483680 78 0 79 975942 79 944280 975864 4294966956 974096 974100 974084 950488 950236 26463344 797685 797676
797678 2147483680 78 0 79 975942 79 944280 975864 4294966956 974096 974100 974084 950488 950236 26463344 797685 797678
797684 2147483680 79 0 79 975942 79 944280 975864 4294966956 974096 974100 974084 950488 950236 26463344 797685 797684
797672 32 79 0 80 975943 80 944280 975864 4294966956 974096 974100 974084 950488 950236 26463344 797685 797672
797676 2147483680 79 0 80 975943 80 944280 975864 4294966956 974096 974100 974084 950488 950236 26463344 797685 797676
797678 2147483680 79 0 80 975943 80 944280 975864 4294966956 974096 974100 974084 950488 950236 26463344 797685 797678
797684 2147483680 80 0 80 975943 80 944280 975864 4294966956 974096 974100 974084 950488 950236 26463344 797685 797684
797672 32 80 0 81 975944 81 944280 975864 4294966956 974096 974100 974084 950488 950236 26463344 797685 797672
797676 2147483680 80 0 81 975944 81 944280 975864 4294966956 974096 974100 974084 950488 950236 26463344 797685 797676
797678 2147483680 80 0 81 975944 81 944280 975864 4294966956 974096 974100 974084 950488 950236 26463344 797685 797678
797684 2147483680 81 0 81 975944 81 944280 975864 4294966956 974096 974100 974084 950488 950236 26463344 797685 797684
797672 32 81 0 82 975945 82 944280 975864 4294966956 974096 974100 974084 950488 950236 26463344 797685 797672
797676 2147483680 81 0 82 975945 82 944280 975864 4294966956 974096 974100 974084 950488 950236 26463344 797685 797676
797678 2147483680 81 0 82 975945 82 944280 975864 4294966956 974096 974100 974084 950488 950236 26463344 797685 797678
797684 2147483680 82 0 82 975945 82 944280 975864 4294966956 974096 974100 974084 950488 950236 26463344 797685 797684
797672 32 82 0 83 975946 83 944280 975864 4294966956 974096 974100 974084 950488 950236 26463344 797685 797672
797676 2147483680 82 0 83 975946 83 944280 975864 4294966956 974096 974100 974084 950488 950236 26463344 797685 797676
797678 2147483680 82 0 83 975946 83 944280 975864 4294966956 974096 974100 974084 950488 950236 26463344 797685 797678
797684 2147483680 83 0 83 975946 83 944280 975864 4294966956 974096 974100 974084 950488 950236 26463344 797685 797684
797672 32 83 0 84 975947 84 944280 975864 4294966956 974096 974100 974084 950488 950236 26463344 797685 797672
797676 2147483680 83 0 84 975947 84 944280 975864 4294966956 974096 974100 974084 950488 950236 26463344 797685 797676
797678 2147483680 83 0 84 975947 84 944280 975864 4294966956 974096 974100 974084 950488 950236 26463344 797685 797678
797684 2147483680 84 0 84 975947 84 944280 975864 4294966956 974096 974100 974084 950488 950236 26463344 797685 797684
797672 32 84 0 85 975948 85 944280 975864 4294966956 974096 974100 974084 950488 950236 26463344 797685 797672
797676 2147483680 84 0 85 975948 85 944280 975864 4294966956 974096 974100 974084 950488 950236 26463344 797685 797676
797678 2147483680 84 0 85 975948 85 944280 975864 4294966956 974096 974100 974084 950488 950236 26463344 797685 797678
797684 2147483680 85 0 85 975948 85 944280 975864 4294966956 974096 974100 974084 950488 950236 26463344 797685 797684
797672 32 85 0 86 975949 86 944280 975864 4294966956 974096 974100 974084 950488 950236 26463344 797685 797672
797676 2147483680 85 0 86 975949 86 944280 975864 4294966956 974096 974100 974084 950488 950236 26463344 797685 797676
797678 2147483680 85 0 86 975949 86 944280 975864 4294966956 974096 974100 974084 950488 950236 26463344 797685 797678
797684 2147483680 86 0 86 975949 86 944280 975864 4294966956 974096 974100 974084 950488 950236 26463344 797685 797684
797672 32 86 0 87 975950 87 944280 975864 4294966956 974096 974100 974084 950488 950236 26463344 797685 797672
797676 2147483680 86 0 87 975950 87 944280 975864 4294966956 974096 974100 974084 950488 950236 26463344 797685 797676
797678 2147483680 86 0 87 975950 87 944280 975864 4294966956 974096 974100 974084 950488 950236 26463344 797685 797678
797684 2147483680 87 0 87 975950 87 944280 975864 4294966956 974096 974100 974084 950488 950236 26463344 797685 797684
797672 32 87 0 88 975951 88 944280 975864 4294966956 974096 974100 974084 950488 950236 26463344 797685 797672
797676 2147483680 87 0 88 975951 88 944280 975864 4294966956 974096 974100 974084 950488 950236 26463344 797685 797676
797678 2147483680 87 0 88 975951 88 944280 975864 4294966956 974096 974100 974084 950488 950236 26463344 797685 797678
797684 2147483680 88 0 88 975951 88 944280 975864 4294966956 974096 974100 974084 950488 950236 26463344 797685 797684
797672 32 88 0 89 975952 89 944280 975864 4294966956 974096 974100 974084 950488 950236 26463344 797685 797672
797676 2147483680 88 0 89 975952 89 944280 975864 4294966956 974096 974100 974084 950488 950236 26463344 797685 797676
797678 2147483680 88 0 89 975952 89 944280 975864 4294966956 974096 974100 974084 950488 950236 26463344 797685 797678
797684 2147483680 89 0 89 975952 89 944280 975864 4294966956 974096 974100 974084 950488 950236 26463344 797685 797684
797672 32 89 0 90 975953 90 944280 975864 4294966956 974096 974100 974084 950488 950236 26463344 797685 797672
797676 2147483680 89 0 90 975953 90 944280 975864 4294966956 974096 974100 974084 950488 950236 26463344 797685 797676
797678 2147483680 89 0 90 975953 90 944280 975864 4294966956 974096 974100 974084 950488 950236 26463344 797685 797678
797684 2147483680 90 0 90 975953 90 944280 975864 4294966956 974096 974100 974084 950488 950236 26463344 797685 797684
797672 32 90 0 91 975954 91 944280 975864 4294966956 974096 974100 974084 950488 950236 26463344 797685 797672
797676 2147483680 90 0 91 975954 91 944280 975864 4294966956 974096 974100 974084 950488 950236 26463344 797685 797676
797678 2147483680 90 0 91 975954 91 944280 975864 4294966956 974096 974100 974084 950488 950236 26463344 797685 797678
797684 2147483680 91 0 91 975954 91 944280 975864 4294966956 974096 974100 974084 950488 950236 26463344 797685 797684
797672 32 91 0 92 975955 92 944280 975864 4294966956 974096 974100 974084 950488 950236 26463344 797685 797672
797676 2147483680 91 0 92 975955 92 944280 975864 4294966956 974096 974100 974084 950488 950236 26463344 797685 797676
797678 2147483680 91 0 92 975955 92 944280 975864 4294966956 974096 974100 974084 950488 950236 26463344 797685 797678
797684 2147483680 92 0 92 975955 92 944280 975864 4294966956 974096 974100 974084 950488 950236 26463344 797685 797684
797672 32 92 0 93 975956 93 944280 975864 4294966956 974096 974100 974084 950488 950236 26463344 797685 797672
797676 2147483680 92 0 93 975956 93 944280 975864 4294966956 974096 974100 974084 950488 950236 26463344 797685 797676
797678 2147483680 92 0 93 975956 93 944280 975864 4294966956 974096 974100 974084 950488 950236 26463344 797685 797678
797684 2147483680 93 0 93 975956 93 944280 975864 4294966956 974096 974100 974084 950488 950236 26463344 797685 797684
797672 32 93 0 94 975957 94 944280 975864 4294966956 974096 974100 974084 950488 950236 26463344 797685 797672
797676 2147483680 93 0 94 975957 94 944280 975864 4294966956 974096 974100 974084 950488 950236 26463344 797685 797676
797678 2147483680 93 0 94 975957 94 944280 975864 4294966956 974096 974100 974084 950488 950236 26463344 797685 797678
797684 2147483680 94 0 94 975957 94 944280 975864 4294966956 974096 974100 974084 950488 950236 26463344 797685 797684
797672 32 94 0 95 975958 95 944280 975864 4294966956 974096 974100 974084 950488 950236 26463344 797685 797672
797676 2147483680 94 0 95 975958 95 944280 975864 4294966956 974096 974100 974084 950488 950236 26463344 797685 797676
797678 2147483680 94 0 95 975958 95 944280 975864 4294966956 974096 974100 974084 950488 950236 26463344 797685 797678
797684 2147483680 95 0 95 975958 95 944280 975864 4294966956 974096 974100 974084 950488 950236 26463344 797685 797684
797672 32 95 0 96 975959 96 944280 975864 4294966956 974096 974100 974084 950488 950236 26463344 797685 797672
797676 2147483680 95 0 96 975959 96 944280 975864 4294966956 974096 974100 974084 950488 950236 26463344 797685 797676
797678 2147483680 95 0 96 975959 96 944280 975864 4294966956 974096 974100 974084 950488 950236 26463344 797685 797678
797684 2147483680 96 0 96 975959 96 944280 975864 4294966956 974096 974100 974084 950488 950236 26463344 797685 797684
797672 32 96 0 97 975960 97 944280 975864 4294966956 974096 974100 974084 950488 950236 26463344 797685 797672
797676 2147483680 96 0 97 975960 97 944280 975864 4294966956 974096 974100 974084 950488 950236 26463344 797685 797676
797678 2147483680 96 0 97 975960 97 944280 975864 4294966956 974096 974100 974084 950488 950236 26463344 797685 797678
797684 2147483680 97 0 97 975960 97 944280 975864 4294966956 974096 974100 974084 950488 950236 26463344 797685 797684
797672 32 97 0 98 975961 98 944280 975864 4294966956 974096 974100 974084 950488 950236 26463344 797685 797672
797676 2147483680 97 0 98 975961 98 944280 975864 4294966956 974096 974100 974084 950488 950236 26463344 797685 797676
797678 2147483680 97 0 98 975961 98 944280 975864 4294966956 974096 974100 974084 950488 950236 26463344 797685 797678
797684 2147483680 98 0 98 975961 98 944280 975864 4294966956 974096 974100 974084 950488 950236 26463344 797685 797684
797672 32 98 0 99 975962 99 944280 975864 4294966956 974096 974100 974084 950488 950236 26463344 797685 797672
797676 2147483680 98 0 99 975962 99 944280 975864 4294966956 974096 974100 974084 950488 950236 26463344 797685 797676
797678 2147483680 98 0 99 975962 99 944280 975864 4294966956 974096 974100 974084 950488 950236 26463344 797685 797678
797684 2147483680 99 0 99 975962 99 944280 975864 4294966956 974096 974100 974084 950488 950236 26463344 797685 797684
797672 32 99 0 100 975963 100 944280 975864 4294966956 974096 974100 974084 950488 950236 26463344 797685 797672
797676 2147483680 99 0 100 975963 100 944280 975864 4294966956 974096 974100 974084 950488 950236 26463344 797685 797676
797678 2147483680 99 0 100 975963 100 944280 975864 4294966956 974096 974100 974084 950488 950236 26463344 797685 797678
797684 2147483680 100 0 100 975963 100 944280 975864 4294966956 974096 974100 974084 950488 950236 26463344 797685 797684
797672 32 100 0 101 975964 101 944280 975864 4294966956 974096 974100 974084 950488 950236 26463344 797685 797672
797676 2147483680 100 0 101 975964 101 944280 975864 4294966956 974096 974100 974084 950488 950236 26463344 797685 797676
797678 2147483680 100 0 101 975964 101 944280 975864 4294966956 974096 974100 974084 950488 950236 26463344 797685 797678
797684 2147483680 101 0 101 975964 101 944280 975864 4294966956 974096 974100 974084 950488 950236 26463344 797685 797684
797672 32 101 0 102 975965 102 944280 975864 4294966956 974096 974100 974084 950488 950236 26463344 797685 797672
797676 2147483680 101 0 102 975965 102 944280 975864 4294966956 974096 974100 974084 950488 950236 26463344 797685 797676
797678 2147483680 101 0 102 975965 102 944280 975864 4294966956 974096 974100 974084 950488 950236 26463344 797685 797678
797684 2147483680 102 0 102 975965 102 944280 975864 4294966956 974096 974100 974084 950488 950236 26463344 797685 797684
797672 32 102 0 103 975966 103 944280 975864 4294966956 974096 974100 974084 950488 950236 26463344 797685 797672
797676 2147483680 102 0 103 975966 103 944280 975864 4294966956 974096 974100 974084 950488 950236 26463344 797685 797676
797678 2147483680 102 0 103 975966 103 944280 975864 4294966956 974096 974100 974084 950488 950236 26463344 797685 797678
797684 2147483680 103 0 103 975966 103 944280 975864 4294966956 974096 974100 974084 950488 950236 26463344 797685 797684
797672 32 103 0 104 975967 104 944280 975864 4294966956 974096 974100 974084 950488 950236 26463344 797685 797672
797676 2147483680 103 0 104 975967 104 944280 975864 4294966956 974096 974100 974084 950488 950236 26463344 797685 797676
797678 2147483680 103 0 104 975967 104 944280 975864 4294966956 974096 974100 974084 950488 950236 26463344 797685 797678
797684 2147483680 104 0 104 975967 104 944280 975864 4294966956 974096 974100 974084 950488 950236 26463344 797685 797684
797672 32 104 0 105 975968 105 944280 975864 4294966956 974096 974100 974084 950488 950236 26463344 797685 797672
797676 2147483680 104 0 105 975968 105 944280 975864 4294966956 974096 974100 974084 950488 950236 26463344 797685 797676
797678 2147483680 104 0 105 975968 105 944280 975864 4294966956 974096 974100 974084 950488 950236 26463344 797685 797678
797684 2147483680 105 0 105 975968 105 944280 975864 4294966956 974096 974100 974084 950488 950236 26463344 797685 797684
797672 32 105 0 106 975969 106 944280 975864 4294966956 974096 974100 974084 950488 950236 26463344 797685 797672
797676 2147483680 105 0 106 975969 106 944280 975864 4294966956 974096 974100 974084 950488 950236 26463344 797685 797676
797678 2147483680 105 0 106 975969 106 944280 975864 4294966956 974096 974100 974084 950488 950236 26463344 797685 797678
797684 2147483680 106 0 106 975969 106 944280 975864 4294966956 974096 974100 974084 950488 950236 26463344 797685 797684
797672 32 106 0 107 975970 107 944280 975864 4294966956 974096 974100 974084 950488 950236 26463344 797685 797672
797676 2147483680 106 0 107 975970 107 944280 975864 4294966956 974096 974100 974084 950488 950236 26463344 797685 797676
797678 2147483680 106 0 107 975970 107 944280 975864 4294966956 974096 974100 974084 950488 950236 26463344 797685 797678
797684 2147483680 107 0 107 975970 107 944280 975864 4294966956 974096 974100 974084 950488 950236 26463344 797685 797684
797672 32 107 0 108 975971 108 944280 975864 4294966956 974096 974100 974084 950488 950236 26463344 797685 797672
797676 2147483680 107 0 108 975971 108 944280 975864 4294966956 974096 974100 974084 950488 950236 26463344 797685 797676
797678 2147483680 107 0 108 975971 108 944280 975864 4294966956 974096 974100 974084 950488 950236 26463344 797685 797678
797684 2147483680 108 0 108 975971 108 944280 975864 4294966956 974096 974100 974084 950488 950236 26463344 797685 797684
797672 32 108 0 109 975972 109 944280 975864 4294966956 974096 974100 974084 950488 950236 26463344 797685 797672
797676 2147483680 108 0 109 975972 109 944280 975864 4294966956 974096 974100 974084 950488 950236 26463344 797685 797676
797678 2147483680 108 0 109 975972 109 944280 975864 4294966956 974096 974100 974084 950488 950236 26463344 797685 797678
797684 2147483680 109 0 109 975972 109 944280 975864 4294966956 974096 974100 974084 950488 950236 26463344 797685 797684
797672 32 109 0 110 975973 110 944280 975864 4294966956 974096 974100 974084 950488 950236 26463344 797685 797672
797676 2147483680 109 0 110 975973 110 944280 975864 4294966956 974096 974100 974084 950488 950236 26463344 797685 797676
797678 2147483680 109 0 110 975973 110 944280 975864 4294966956 974096 974100 974084 950488 950236 26463344 797685 797678
797684 2147483680 110 0 110 975973 110 944280 975864 4294966956 974096 974100 974084 950488 950236 26463344 797685 797684
797672 32 110 0 111 975974 111 944280 975864 4294966956 974096 974100 974084 950488 950236 26463344 797685 797672
797676 2147483680 110 0 111 975974 111 944280 975864 4294966956 974096 974100 974084 950488 950236 26463344 797685 797676
797678 2147483680 110 0 111 975974 111 944280 975864 4294966956 974096 974100 974084 950488 950236 26463344 797685 797678
797684 2147483680 111 0 111 975974 111 944280 975864 4294966956 974096 974100 974084 950488 950236 26463344 797685 797684
797672 32 111 0 112 975975 112 944280 975864 4294966956 974096 974100 974084 950488 950236 26463344 797685 797672
797676 2147483680 111 0 112 975975 112 944280 975864 4294966956 974096 974100 974084 950488 950236 26463344 797685 797676
797678 2147483680 111 0 112 975975 112 944280 975864 4294966956 974096 974100 974084 950488 950236 26463344 797685 797678
797684 2147483680 112 0 112 975975 112 944280 975864 4294966956 974096 974100 974084 950488 950236 26463344 797685 797684
797672 32 112 0 113 975976 113 944280 975864 4294966956 974096 974100 974084 950488 950236 26463344 797685 797672
797676 2147483680 112 0 113 975976 113 944280 975864 4294966956 974096 974100 974084 950488 950236 26463344 797685 797676
797678 2147483680 112 0 113 975976 113 944280 975864 4294966956 974096 974100 974084 950488 950236 26463344 797685 797678
797684 2147483680 113 0 113 975976 113 944280 975864 4294966956 974096 974100 974084 950488 950236 26463344 797685 797684
797672 32 113 0 114 975977 114 944280 975864 4294966956 974096 974100 974084 950488 950236 26463344 797685 797672
797676 2147483680 113 0 114 975977 114 944280 975864 4294966956 974096 974100 974084 950488 950236 26463344 797685 797676
797678 2147483680 113 0 114 975977 114 944280 975864 4294966956 974096 974100 974084 950488 950236 26463344 797685 797678
797684 2147483680 114 0 114 975977 114 944280 975864 4294966956 974096 974100 974084 950488 950236 26463344 797685 797684
797672 32 114 0 115 975978 115 944280 975864 4294966956 974096 974100 974084 950488 950236 26463344 797685 797672
797676 2147483680 114 0 115 975978 115 944280 975864 4294966956 974096 974100 974084 950488 950236 26463344 797685 797676
797678 2147483680 114 0 115 975978 115 944280 975864 4294966956 974096 974100 974084 950488 950236 26463344 797685 797678
797684 2147483680 115 0 115 975978 115 944280 975864 4294966956 974096 974100 974084 950488 950236 26463344 797685 797684
797672 32 115 0 116 975979 116 944280 975864 4294966956 974096 974100 974084 950488 950236 26463344 797685 797672
797676 2147483680 115 0 116 975979 116 944280 975864 4294966956 974096 974100 974084 950488 950236 26463344 797685 797676
797678 2147483680 115 0 116 975979 116 944280 975864 4294966956 974096 974100 974084 950488 950236 26463344 797685 797678
797684 2147483680 116 0 116 975979 116 944280 975864 4294966956 974096 974100 974084 950488 950236 26463344 797685 797684
797672 32 116 0 117 975980 117 944280 975864 4294966956 974096 974100 974084 950488 950236 26463344 797685 797672
797676 2147483680 116 0 117 975980 117 944280 975864 4294966956 974096 974100 974084 950488 950236 26463344 797685 797676
797678 2147483680 116 0 117 975980 117 944280 975864 4294966956 974096 974100 974084 950488 950236 26463344 797685 797678
797684 2147483680 117 0 117 975980 117 944280 975864 4294966956 974096 974100 974084 950488 950236 26463344 797685 797684
797672 32 117 0 118 975981 118 944280 975864 4294966956 974096 974100 974084 950488 950236 26463344 797685 797672
797676 2147483680 117 0 118 975981 118 944280 975864 4294966956 974096 974100 974084 950488 950236 26463344 797685 797676
797678 2147483680 117 0 118 975981 118 944280 975864 4294966956 974096 974100 974084 950488 950236 26463344 797685 797678
797684 2147483680 118 0 118 975981 118 944280 975864 4294966956 974096 974100 974084 950488 950236 26463344 797685 797684
797672 32 118 0 119 975982 119 944280 975864 4294966956 974096 974100 974084 950488 950236 26463344 797685 797672
797676 2147483680 118 0 119 975982 119 944280 975864 4294966956 974096 974100 974084 950488 950236 26463344 797685 797676
797678 2147483680 118 0 119 975982 119 944280 975864 4294966956 974096 974100 974084 950488 950236 26463344 797685 797678
797684 2147483680 119 0 119 975982 119 944280 975864 4294966956 974096 974100 974084 950488 950236 26463344 797685 797684
797672 32 119 0 120 975983 120 944280 975864 4294966956 974096 974100 974084 950488 950236 26463344 797685 797672
797676 2147483680 119 0 120 975983 120 944280 975864 4294966956 974096 974100 974084 950488 950236 26463344 797685 797676
797678 2147483680 119 0 120 975983 120 944280 975864 4294966956 974096 974100 974084 950488 950236 26463344 797685 797678
797684 2147483680 120 0 120 975983 120 944280 975864 4294966956 974096 974100 974084 950488 950236 26463344 797685 797684
797672 32 120 0 121 975984 121 944280 975864 4294966956 974096 974100 974084 950488 950236 26463344 797685 797672
797676 2147483680 120 0 121 975984 121 944280 975864 4294966956 974096 974100 974084 950488 950236 26463344 797685 797676
797678 2147483680 120 0 121 975984 121 944280 975864 4294966956 974096 974100 974084 950488 950236 26463344 797685 797678
797684 2147483680 121 0 121 975984 121 944280 975864 4294966956 974096 974100 974084 950488 950236 26463344 797685 797684
797672 32 121 0 122 975985 122 944280 975864 4294966956 974096 974100 974084 950488 950236 26463344 797685 797672
797676 2147483680 121 0 122 975985 122 944280 975864 4294966956 974096 974100 974084 950488 950236 26463344 797685 797676
797678 2147483680 121 0 122 975985 122 944280 975864 4294966956 974096 974100 974084 950488 950236 26463344 797685 797678
797684 2147483680 122 0 122 975985 122 944280 975864 4294966956 974096 974100 974084 950488 950236 26463344 797685 797684
797672 32 122 0 123 975986 123 944280 975864 4294966956 974096 974100 974084 950488 950236 26463344 797685 797672
797676 2147483680 122 0 123 975986 123 944280 975864 4294966956 974096 974100 974084 950488 950236 26463344 797685 797676
797678 2147483680 122 0 123 975986 123 944280 975864 4294966956 974096 974100 974084 950488 950236 26463344 797685 797678
797684 2147483680 123 0 123 975986 123 944280 975864 4294966956 974096 974100 974084 950488 950236 26463344 797685 797684
797672 32 123 0 124 975987 124 944280 975864 4294966956 974096 974100 974084 950488 950236 26463344 797685 797672
797676 2147483680 123 0 124 975987 124 944280 975864 4294966956 974096 974100 974084 950488 950236 26463344 797685 797676
797678 2147483680 123 0 124 975987 124 944280 975864 4294966956 974096 974100 974084 950488 950236 26463344 797685 797678
797684 2147483680 124 0 124 975987 124 944280 975864 4294966956 974096 974100 974084 950488 950236 26463344 797685 797684
797672 32 124 0 125 975988 125 944280 975864 4294966956 974096 974100 974084 950488 950236 26463344 797685 797672
797676 2147483680 124 0 125 975988 125 944280 975864 4294966956 974096 974100 974084 950488 950236 26463344 797685 797676
797678 2147483680 124 0 125 975988 125 944280 975864 4294966956 974096 974100 974084 950488 950236 26463344 797685 797678
797684 2147483680 125 0 125 975988 125 944280 975864 4294966956 974096 974100 974084 950488 950236 26463344 797685 797684
797672 32 125 0 126 975989 126 944280 975864 4294966956 974096 974100 974084 950488 950236 26463344 797685 797672
797676 2147483680 125 0 126 975989 126 944280 975864 4294966956 974096 974100 974084 950488 950236 26463344 797685 797676
797678 2147483680 125 0 126 975989 126 944280 975864 4294966956 974096 974100 974084 950488 950236 26463344 797685 797678
797684 2147483680 126 0 126 975989 126 944280 975864 4294966956 974096 974100 974084 950488 950236 26463344 797685 797684
797672 32 126 0 127 975990 127 944280 975864 4294966956 974096 974100 974084 950488 950236 26463344 797685 797672
797676 2147483680 126 0 127 975990 127 944280 975864 4294966956 974096 974100 974084 950488 950236 26463344 797685 797676
797678 2147483680 126 0 127 975990 127 944280 975864 4294966956 974096 974100 974084 950488 950236 26463344 797685 797678
797684 2147483680 127 0 127 975990 127 944280 975864 4294966956 974096 974100 974084 950488 950236 26463344 797685 797684
797672 32 127 0 128 975991 128 944280 975864 4294966956 974096 974100 974084 950488 950236 26463344 797685 797672
797676 1610612768 127 0 128 975991 128 944280 975864 4294966956 974096 974100 974084 950488 950236 26463344 797685 797676
797760 1610612768 127 0 128 975991 128 944280 975864 4294966956 974096 974100 974084 950488 950236 26463344 797685 797760
797764 536870944 127 0 128 1 128 944280 975864 4294966956 974096 974100 974084 950488 950236 26463344 797685 797764
797696 536870944 127 0 128 1 128 944280 975864 4294966956 974096 974100 974084 950488 950236 26463344 797685 797696
797702 1610612768 127 0 128 1 0 976004 975864 4294966956 974096 974100 974084 950488 950236 26463344 797685 797702
797710 32 0 0 128 1 1 976004 975864 4294966956 974096 974100 974084 950488 950240 26463344 797711 797710
797718 2147483680 0 0 128 1 1 976008 975864 4294966956 974096 974100 974084 950488 950240 26463344 797711 797718
797702 2147483680 0 0 128 1 1 976008 975864 4294966956 974096 974100 974084 950488 950240 26463344 797711 797702
797710 32 1 0 128 1 2 976008 975864 4294966956 974096 974100 974084 950488 950240 26463344 797711 797710
797718 2147483680 1 0 128 1 2 976012 975864 4294966956 974096 974100 974084 950488 950240 26463344 797711 797718
797702 2147483680 1 0 128 1 2 976012 975864 4294966956 974096 974100 974084 950488 950240 26463344 797711 797702
797710 32 2 0 128 1 3 976012 975864 4294966956 974096 974100 974084 950488 950240 26463344 797711 797710
797718 2147483680 2 0 128 1 3 976016 975864 4294966956 974096 974100 974084 950488 950240 26463344 797711 797718
797702 2147483680 2 0 128 1 3 976016 975864 4294966956 974096 974100 974084 950488 950240 26463344 797711 797702
797710 32 3 0 128 1 4 976016 975864 4294966956 974096 974100 974084 950488 950240 26463344 797711 797710
797718 2147483680 3 0 128 1 4 976020 975864 4294966956 974096 974100 974084 950488 950240 26463344 797711 797718
797702 2147483680 3 0 128 1 4 976020 975864 4294966956 974096 974100 974084 950488 950240 26463344 797711 797702
797710 32 4 0 128 1 5 976020 975864 4294966956 974096 974100 974084 950488 950240 26463344 797711 797710
797718 2147483680 4 0 128 1 5 976024 975864 4294966956 974096 974100 974084 950488 950240 26463344 797711 797718
797702 2147483680 4 0 128 1 5 976024 975864 4294966956 974096 974100 974084 950488 950240 26463344 797711 797702
797710 32 5 0 128 1 6 976024 975864 4294966956 974096 974100 974084 950488 950240 26463344 797711 797710
797718 2147483680 5 0 128 1 6 976028 975864 4294966956 974096 974100 974084 950488 950240 26463344 797711 797718
797702 2147483680 5 0 128 1 6 976028 975864 4294966956 974096 974100 974084 950488 950240 26463344 797711 797702
797710 32 6 0 128 1 7 976028 975864 4294966956 974096 974100 974084 950488 950240 26463344 797711 797710
797718 2147483680 6 0 128 1 7 976032 975864 4294966956 974096 974100 974084 950488 950240 26463344 797711 797718
797702 2147483680 6 0 128 1 7 976032 975864 4294966956 974096 974100 974084 950488 950240 26463344 797711 797702
797710 32 7 0 128 1 8 976032 975864 4294966956 974096 974100 974084 950488 950240 26463344 797711 797710
797718 2147483680 7 0 128 1 8 976036 975864 4294966956 974096 974100 974084 950488 950240 26463344 797711 797718
797702 2147483680 7 0 128 1 8 976036 975864 4294966956 974096 974100 974084 950488 950240 26463344 797711 797702
797710 32 8 0 128 1 9 976036 975864 4294966956 974096 974100 974084 950488 950240 26463344 797711 797710
797718 2147483680 8 0 128 1 9 976040 975864 4294966956 974096 974100 974084 950488 950240 26463344 797711 797718
797702 2147483680 8 0 128 1 9 976040 975864 4294966956 974096 974100 974084 950488 950240 26463344 797711 797702
797710 32 9 0 128 1 10 976040 975864 4294966956 974096 974100 974084 950488 950240 26463344 797711 797710
797718 2147483680 9 0 128 1 10 976044 975864 4294966956 974096 974100 974084 950488 950240 26463344 797711 797718
797702 2147483680 9 0 128 1 10 976044 975864 4294966956 974096 974100 974084 950488 950240 26463344 797711 797702
797710 32 10 0 128 1 11 976044 975864 4294966956 974096 974100 974084 950488 950240 26463344 797711 797710
797718 2147483680 10 0 128 1 11 976048 975864 4294966956 974096 974100 974084 950488 950240 26463344 797711 797718
797702 2147483680 10 0 128 1 11 976048 975864 4294966956 974096 974100 974084 950488 950240 26463344 797711 797702
797710 32 11 0 128 1 12 976048 975864 4294966956 974096 974100 974084 950488 950240 26463344 797711 797710
797718 2147483680 11 0 128 1 12 976052 975864 4294966956 974096 974100 974084 950488 950240 26463344 797711 797718
797702 2147483680 11 0 128 1 12 976052 975864 4294966956 974096 974100 974084 950488 950240 26463344 797711 797702
797710 32 12 0 128 1 13 976052 975864 4294966956 974096 974100 974084 950488 950240 26463344 797711 797710
797718 2147483680 12 0 128 1 13 976056 975864 4294966956 974096 974100 974084 950488 950240 26463344 797711 797718
797702 2147483680 12 0 128 1 13 976056 975864 4294966956 974096 974100 974084 950488 950240 26463344 797711 797702
797710 32 13 0 128 1 14 976056 975864 4294966956 974096 974100 974084 950488 950240 26463344 797711 797710
797718 2147483680 13 0 128 1 14 976060 975864 4294966956 974096 974100 974084 950488 950240 26463344 797711 797718
797702 2147483680 13 0 128 1 14 976060 975864 4294966956 974096 974100 974084 950488 950240 26463344 797711 797702
797710 32 14 0 128 1 15 976060 975864 4294966956 974096 974100 974084 950488 950240 26463344 797711 797710
797718 2147483680 14 0 128 1 15 976064 975864 4294966956 974096 974100 974084 950488 950240 26463344 797711 797718
797702 2147483680 14 0 128 1 15 976064 975864 4294966956 974096 974100 974084 950488 950240 26463344 797711 797702
797710 32 15 0 128 1 16 976064 975864 4294966956 974096 974100 974084 950488 950240 26463344 797711 797710
797718 2147483680 15 0 128 1 16 976068 975864 4294966956 974096 974100 974084 950488 950240 26463344 797711 797718
797702 2147483680 15 0 128 1 16 976068 975864 4294966956 974096 974100 974084 950488 950240 26463344 797711 797702
797710 32 16 0 128 1 17 976068 975864 4294966956 974096 974100 974084 950488 950240 26463344 797711 797710
797718 2147483680 16 0 128 1 17 976072 975864 4294966956 974096 974100 974084 950488 950240 26463344 797711 797718
797702 2147483680 16 0 128 1 17 976072 975864 4294966956 974096 974100 974084 950488 950240 26463344 797711 797702
797710 32 17 0 128 1 18 976072 975864 4294966956 974096 974100 974084 950488 950240 26463344 797711 797710
797718 2147483680 17 0 128 1 18 976076 975864 4294966956 974096 974100 974084 950488 950240 26463344 797711 797718
797702 2147483680 17 0 128 1 18 976076 975864 4294966956 974096 974100 974084 950488 950240 26463344 797711 797702
797710 32 18 0 128 1 19 976076 975864 4294966956 974096 974100 974084 950488 950240 26463344 797711 797710
797718 2147483680 18 0 128 1 19 976080 975864 4294966956 974096 974100 974084 950488 950240 26463344 797711 797718
797702 2147483680 18 0 128 1 19 976080 975864 4294966956 974096 974100 974084 950488 950240 26463344 797711 797702
797710 32 19 0 128 1 20 976080 975864 4294966956 974096 974100 974084 950488 950240 26463344 797711 797710
797718 2147483680 19 0 128 1 20 976084 975864 4294966956 974096 974100 974084 950488 950240 26463344 797711 797718
797702 2147483680 19 0 128 1 20 976084 975864 4294966956 974096 974100 974084 950488 950240 26463344 797711 797702
797710 32 20 0 128 1 21 976084 975864 4294966956 974096 974100 974084 950488 950240 26463344 797711 797710
797718 2147483680 20 0 128 1 21 976088 975864 4294966956 974096 974100 974084 950488 950240 26463344 797711 797718
797702 2147483680 20 0 128 1 21 976088 975864 4294966956 974096 974100 974084 950488 950240 26463344 797711 797702
797710 32 21 0 128 1 22 976088 975864 4294966956 974096 974100 974084 950488 950240 26463344 797711 797710
797718 2147483680 21 0 128 1 22 976092 975864 4294966956 974096 974100 974084 950488 950240 26463344 797711 797718
797702 2147483680 21 0 128 1 22 976092 975864 4294966956 974096 974100 974084 950488 950240 26463344 797711 797702
797710 32 22 0 128 1 23 976092 975864 4294966956 974096 974100 974084 950488 950240 26463344 797711 797710
797718 2147483680 22 0 128 1 23 976096 975864 4294966956 974096 974100 974084 950488 950240 26463344 797711 797718
797702 2147483680 22 0 128 1 23 976096 975864 4294966956 974096 974100 974084 950488 950240 26463344 797711 797702
797710 32 23 0 128 1 24 976096 975864 4294966956 974096 974100 974084 950488 950240 26463344 797711 797710
797718 2147483680 23 0 128 1 24 976100 975864 4294966956 974096 974100 974084 950488 950240 26463344 797711 797718
797702 2147483680 23 0 128 1 24 976100 975864 4294966956 974096 974100 974084 950488 950240 26463344 797711 797702
797710 32 24 0 128 1 25 976100 975864 4294966956 974096 974100 974084 950488 950240 26463344 797711 797710
797718 2147483680 24 0 128 1 25 976104 975864 4294966956 974096 974100 974084 950488 950240 26463344 797711 797718
797702 2147483680 24 0 128 1 25 976104 975864 4294966956 974096 974100 974084 950488 950240 26463344 797711 797702
797710 32 25 0 128 1 26 976104 975864 4294966956 974096 974100 974084 950488 950240 26463344 797711 797710
797718 2147483680 25 0 128 1 26 976108 975864 4294966956 974096 974100 974084 950488 950240 26463344 797711 797718
797702 2147483680 25 0 128 1 26 976108 975864 4294966956 974096 974100 974084 950488 950240 26463344 797711 797702
797710 32 26 0 128 1 27 976108 975864 4294966956 974096 974100 974084 950488 950240 26463344 797711 797710
797718 2147483680 26 0 128 1 27 976112 975864 4294966956 974096 974100 974084 950488 950240 26463344 797711 797718
797702 2147483680 26 0 128 1 27 976112 975864 4294966956 974096 974100 974084 950488 950240 26463344 797711 797702
797710 32 27 0 128 1 28 976112 975864 4294966956 974096 974100 974084 950488 950240 26463344 797711 797710
797718 2147483680 27 0 128 1 28 976116 975864 4294966956 974096 974100 974084 950488 950240 26463344 797711 797718
797702 2147483680 27 0 128 1 28 976116 975864 4294966956 974096 974100 974084 950488 950240 26463344 797711 797702
797710 32 28 0 128 1 29 976116 975864 4294966956 974096 974100 974084 950488 950240 26463344 797711 797710
797718 2147483680 28 0 128 1 29 976120 975864 4294966956 974096 974100 974084 950488 950240 26463344 797711 797718
797702 2147483680 28 0 128 1 29 976120 975864 4294966956 974096 974100 974084 950488 950240 26463344 797711 797702
797710 32 29 0 128 1 30 976120 975864 4294966956 974096 974100 974084 950488 950240 26463344 797711 797710
797718 2147483680 29 0 128 1 30 976124 975864 4294966956 974096 974100 974084 950488 950240 26463344 797711 797718
797702 2147483680 29 0 128 1 30 976124 975864 4294966956 974096 974100 974084 950488 950240 26463344 797711 797702
797710 32 30 0 128 1 31 976124 975864 4294966956 974096 974100 974084 950488 950240 26463344 797711 797710
797718 2147483680 30 0 128 1 31 976128 975864 4294966956 974096 974100 974084 950488 950240 26463344 797711 797718
797702 2147483680 30 0 128 1 31 976128 975864 4294966956 974096 974100 974084 950488 950240 26463344 797711 797702
797710 32 31 0 128 1 32 976128 975864 4294966956 974096 974100 974084 950488 950240 26463344 797711 797710
797718 2147483680 31 0 128 1 32 976132 975864 4294966956 974096 974100 974084 950488 950240 26463344 797711 797718
797702 2147483680 31 0 128 1 32 976132 975864 4294966956 974096 974100 974084 950488 950240 26463344 797711 797702
797710 32 32 0 128 1 33 976132 975864 4294966956 974096 974100 974084 950488 950240 26463344 797711 797710
797718 2147483680 32 0 128 1 33 976136 975864 4294966956 974096 974100 974084 950488 950240 26463344 797711 797718
797702 2147483680 32 0 128 1 33 976136 975864 4294966956 974096 974100 974084 950488 950240 26463344 797711 797702
797710 32 33 0 128 1 34 976136 975864 4294966956 974096 974100 974084 950488 950240 26463344 797711 797710
797718 2147483680 33 0 128 1 34 976140 975864 4294966956 974096 974100 974084 950488 950240 26463344 797711 797718
797702 2147483680 33 0 128 1 34 976140 975864 4294966956 974096 974100 974084 950488 950240 26463344 797711 797702
797710 32 34 0 128 1 35 976140 975864 4294966956 974096 974100 974084 950488 950240 26463344 797711 797710
797718 2147483680 34 0 128 1 35 976144 975864 4294966956 974096 974100 974084 950488 950240 26463344 797711 797718
797702 2147483680 34 0 128 1 35 976144 975864 4294966956 974096 974100 974084 950488 950240 26463344 797711 797702
797710 32 35 0 128 1 36 976144 975864 4294966956 974096 974100 974084 950488 950240 26463344 797711 797710
797718 2147483680 35 0 128 1 36 976148 975864 4294966956 974096 974100 974084 950488 950240 26463344 797711 797718
797702 2147483680 35 0 128 1 36 976148 975864 4294966956 974096 974100 974084 950488 950240 26463344 797711 797702
797710 32 36 0 128 1 37 976148 975864 4294966956 974096 974100 974084 950488 950240 26463344 797711 797710
797718 2147483680 36 0 128 1 37 976152 975864 4294966956 974096 974100 974084 950488 950240 26463344 797711 797718
797702 2147483680 36 0 128 1 37 976152 975864 4294966956 974096 974100 974084 950488 950240 26463344 797711 797702
797710 32 37 0 128 1 38 976152 975864 4294966956 974096 974100 974084 950488 950240 26463344 797711 797710
797718 2147483680 37 0 128 1 38 976156 975864 4294966956 974096 974100 974084 950488 950240 26463344 797711 797718
797702 2147483680 37 0 128 1 38 976156 975864 4294966956 974096 974100 974084 950488 950240 26463344 797711 797702
797710 32 38 0 128 1 39 976156 975864 4294966956 974096 974100 974084 950488 950240 26463344 797711 797710
797718 2147483680 38 0 128 1 39 976160 975864 4294966956 974096 974100 974084 950488 950240 26463344 797711 797718
797702 2147483680 38 0 128 1 39 976160 975864 4294966956 974096 974100 974084 950488 950240 26463344 797711 797702
797710 32 39 0 128 1 40 976160 975864 4294966956 974096 974100 974084 950488 950240 26463344 797711 797710
797718 2147483680 39 0 128 1 40 976164 975864 4294966956 974096 974100 974084 950488 950240 26463344 797711 797718
797702 2147483680 39 0 128 1 40 976164 975864 4294966956 974096 974100 974084 950488 950240 26463344 797711 797702
797710 32 40 0 128 1 41 976164 975864 4294966956 974096 974100 974084 950488 950240 26463344 797711 797710
797718 2147483680 40 0 128 1 41 976168 975864 4294966956 974096 974100 974084 950488 950240 26463344 797711 797718
797702 2147483680 40 0 128 1 41 976168 975864 4294966956 974096 974100 974084 950488 950240 26463344 797711 797702
797710 32 41 0 128 1 42 976168 975864 4294966956 974096 974100 974084 950488 950240 26463344 797711 797710
797718 2147483680 41 0 128 1 42 976172 975864 4294966956 974096 974100 974084 950488 950240 26463344 797711 797718
797702 2147483680 41 0 128 1 42 976172 975864 4294966956 974096 974100 974084 950488 950240 26463344 797711 797702
797710 32 42 0 128 1 43 976172 975864 4294966956 974096 974100 974084 950488 950240 26463344 797711 797710
797718 2147483680 42 0 128 1 43 976176 975864 4294966956 974096 974100 974084 950488 950240 26463344 797711 797718
797702 2147483680 42 0 128 1 43 976176 975864 4294966956 974096 974100 974084 950488 950240 26463344 797711 797702
797710 32 43 0 128 1 44 976176 975864 4294966956 974096 974100 974084 950488 950240 26463344 797711 797710
797718 2147483680 43 0 128 1 44 976180 975864 4294966956 974096 974100 974084 950488 950240 26463344 797711 797718
797702 2147483680 43 0 128 1 44 976180 975864 4294966956 974096 974100 974084 950488 950240 26463344 797711 797702
797710 32 44 0 128 1 45 976180 975864 4294966956 974096 974100 974084 950488 950240 26463344 797711 797710
797718 2147483680 44 0 128 1 45 976184 975864 4294966956 974096 974100 974084 950488 950240 26463344 797711 797718
797702 2147483680 44 0 128 1 45 976184 975864 4294966956 974096 974100 974084 950488 950240 26463344 797711 797702
797710 32 45 0 128 1 46 976184 975864 4294966956 974096 974100 974084 950488 950240 26463344 797711 797710
797718 2147483680 45 0 128 1 46 976188 975864 4294966956 974096 974100 974084 950488 950240 26463344 797711 797718
797702 2147483680 45 0 128 1 46 976188 975864 4294966956 974096 974100 974084 950488 950240 26463344 797711 797702
797710 32 46 0 128 1 47 976188 975864 4294966956 974096 974100 974084 950488 950240 26463344 797711 797710
797718 2147483680 46 0 128 1 47 976192 975864 4294966956 974096 974100 974084 950488 950240 26463344 797711 797718
797702 2147483680 46 0 128 1 47 976192 975864 4294966956 974096 974100 974084 950488 950240 26463344 797711 797702
797710 32 47 0 128 1 48 976192 975864 4294966956 974096 974100 974084 950488 950240 26463344 797711 797710
797718 2147483680 47 0 128 1 48 976196 975864 4294966956 974096 974100 974084 950488 950240 26463344 797711 797718
797702 2147483680 47 0 128 1 48 976196 975864 4294966956 974096 974100 974084 950488 950240 26463344 797711 797702
797710 32 48 0 128 1 49 976196 975864 4294966956 974096 974100 974084 950488 950240 26463344 797711 797710
797718 2147483680 48 0 128 1 49 976200 975864 4294966956 974096 974100 974084 950488 950240 26463344 797711 797718
797702 2147483680 48 0 128 1 49 976200 975864 4294966956 974096 974100 974084 950488 950240 26463344 797711 797702
797710 32 49 0 128 1 50 976200 975864 4294966956 974096 974100 974084 950488 950240 26463344 797711 797710
797718 2147483680 49 0 128 1 50 976204 975864 4294966956 974096 974100 974084 950488 950240 26463344 797711 797718
797702 2147483680 49 0 128 1 50 976204 975864 4294966956 974096 974100 974084 950488 950240 26463344 797711 797702
797710 32 50 0 128 1 51 976204 975864 4294966956 974096 974100 974084 950488 950240 26463344 797711 797710
797718 2147483680 50 0 128 1 51 976208 975864 4294966956 974096 974100 974084 950488 950240 26463344 797711 797718
797702 2147483680 50 0 128 1 51 976208 975864 4294966956 974096 974100 974084 950488 950240 26463344 797711 797702
797710 32 51 0 128 1 52 976208 975864 4294966956 974096 974100 974084 950488 950240 26463344 797711 797710
797718 2147483680 51 0 128 1 52 976212 975864 4294966956 974096 974100 974084 950488 950240 26463344 797711 797718
797702 2147483680 51 0 128 1 52 976212 975864 4294966956 974096 974100 974084 950488 950240 26463344 797711 797702
797710 32 52 0 128 1 53 976212 975864 4294966956 974096 974100 974084 950488 950240 26463344 797711 797710
797718 2147483680 52 0 128 1 53 976216 975864 4294966956 974096 974100 974084 950488 950240 26463344 797711 797718
797702 2147483680 52 0 128 1 53 976216 975864 4294966956 974096 974100 974084 950488 950240 26463344 797711 797702
797710 32 53 0 128 1 54 976216 975864 4294966956 974096 974100 974084 950488 950240 26463344 797711 797710
797718 2147483680 53 0 128 1 54 976220 975864 4294966956 974096 974100 974084 950488 950240 26463344 797711 797718
797702 2147483680 53 0 128 1 54 976220 975864 4294966956 974096 974100 974084 950488 950240 26463344 797711 797702
797710 32 54 0 128 1 55 976220 975864 4294966956 974096 974100 974084 950488 950240 26463344 797711 797710
797718 2147483680 54 0 128 1 55 976224 975864 4294966956 974096 974100 974084 950488 950240 26463344 797711 797718
797702 2147483680 54 0 128 1 55 976224 975864 4294966956 974096 974100 974084 950488 950240 26463344 797711 797702
797710 32 55 0 128 1 56 976224 975864 4294966956 974096 974100 974084 950488 950240 26463344 797711 797710
797718 2147483680 55 0 128 1 56 976228 975864 4294966956 974096 974100 974084 950488 950240 26463344 797711 797718
797702 2147483680 55 0 128 1 56 976228 975864 4294966956 974096 974100 974084 950488 950240 26463344 797711 797702
797710 32 56 0 128 1 57 976228 975864 4294966956 974096 974100 974084 950488 950240 26463344 797711 797710
797718 2147483680 56 0 128 1 57 976232 975864 4294966956 974096 974100 974084 950488 950240 26463344 797711 797718
797702 2147483680 56 0 128 1 57 976232 975864 4294966956 974096 974100 974084 950488 950240 26463344 797711 797702
797710 32 57 0 128 1 58 976232 975864 4294966956 974096 974100 974084 950488 950240 26463344 797711 797710
797718 2147483680 57 0 128 1 58 976236 975864 4294966956 974096 974100 974084 950488 950240 26463344 797711 797718
797702 2147483680 57 0 128 1 58 976236 975864 4294966956 974096 974100 974084 950488 950240 26463344 797711 797702
797710 32 58 0 128 1 59 976236 975864 4294966956 974096 974100 974084 950488 950240 26463344 797711 797710
797718 2147483680 58 0 128 1 59 976240 975864 4294966956 974096 974100 974084 950488 950240 26463344 797711 797718
797702 2147483680 58 0 128 1 59 976240 975864 4294966956 974096 974100 974084 950488 950240 26463344 797711 797702
797710 32 59 0 128 1 60 976240 975864 4294966956 974096 974100 974084 950488 950240 26463344 797711 797710
797718 2147483680 59 0 128 1 60 976244 975864 4294966956 974096 974100 974084 950488 950240 26463344 797711 797718
797702 2147483680 59 0 128 1 60 976244 975864 4294966956 974096 974100 974084 950488 950240 26463344 797711 797702
797710 32 60 0 128 1 61 976244 975864 4294966956 974096 974100 974084 950488 950240 26463344 797711 797710
797718 2147483680 60 0 128 1 61 976248 975864 4294966956 974096 974100 974084 950488 950240 26463344 797711 797718
797702 2147483680 60 0 128 1 61 976248 975864 4294966956 974096 974100 974084 950488 950240 26463344 797711 797702
797710 32 61 0 128 1 62 976248 975864 4294966956 974096 974100 974084 950488 950240 26463344 797711 797710
797718 2147483680 61 0 128 1 62 976252 975864 4294966956 974096 974100 974084 950488 950240 26463344 797711 797718
797702 2147483680 61 0 128 1 62 976252 975864 4294966956 974096 974100 974084 950488 950240 26463344 797711 797702
797710 32 62 0 128 1 63 976252 975864 4294966956 974096 974100 974084 950488 950240 26463344 797711 797710
797718 2147483680 62 0 128 1 63 976256 975864 4294966956 974096 974100 974084 950488 950240 26463344 797711 797718
797702 2147483680 62 0 128 1 63 976256 975864 4294966956 974096 974100 974084 950488 950240 26463344 797711 797702
797710 32 63 0 128 1 64 976256 975864 4294966956 974096 974100 974084 950488 950240 26463344 797711 797710
797718 2147483680 63 0 128 1 64 976260 975864 4294966956 974096 974100 974084 950488 950240 26463344 797711 797718
797702 2147483680 63 0 128 1 64 976260 975864 4294966956 974096 974100 974084 950488 950240 26463344 797711 797702
797710 32 64 0 128 1 65 976260 975864 4294966956 974096 974100 974084 950488 950240 26463344 797711 797710
797718 2147483680 64 0 128 1 65 976264 975864 4294966956 974096 974100 974084 950488 950240 26463344 797711 797718
797702 2147483680 64 0 128 1 65 976264 975864 4294966956 974096 974100 974084 950488 950240 26463344 797711 797702
797710 32 65 0 128 1 66 976264 975864 4294966956 974096 974100 974084 950488 950240 26463344 797711 797710
797718 2147483680 65 0 128 1 66 976268 975864 4294966956 974096 974100 974084 950488 950240 26463344 797711 797718
797702 2147483680 65 0 128 1 66 976268 975864 4294966956 974096 974100 974084 950488 950240 26463344 797711 797702
797710 32 66 0 128 1 67 976268 975864 4294966956 974096 974100 974084 950488 950240 26463344 797711 797710
797718 2147483680 66 0 128 1 67 976272 975864 4294966956 974096 974100 974084 950488 950240 26463344 797711 797718
797702 2147483680 66 0 128 1 67 976272 975864 4294966956 974096 974100 974084 950488 950240 26463344 797711 797702
797710 32 67 0 128 1 68 976272 975864 4294966956 974096 974100 974084 950488 950240 26463344 797711 797710
797718 2147483680 67 0 128 1 68 976276 975864 4294966956 974096 974100 974084 950488 950240 26463344 797711 797718
797702 2147483680 67 0 128 1 68 976276 975864 4294966956 974096 974100 974084 950488 950240 26463344 797711 797702
797710 32 68 0 128 1 69 976276 975864 4294966956 974096 974100 974084 950488 950240 26463344 797711 797710
797718 2147483680 68 0 128 1 69 976280 975864 4294966956 974096 974100 974084 950488 950240 26463344 797711 797718
797702 2147483680 68 0 128 1 69 976280 975864 4294966956 974096 974100 974084 950488 950240 26463344 797711 797702
797710 32 69 0 128 1 70 976280 975864 4294966956 974096 974100 974084 950488 950240 26463344 797711 797710
797718 2147483680 69 0 128 1 70 976284 975864 4294966956 974096 974100 974084 950488 950240 26463344 797711 797718
797702 2147483680 69 0 128 1 70 976284 975864 4294966956 974096 974100 974084 950488 950240 26463344 797711 797702
797710 32 70 0 128 1 71 976284 975864 4294966956 974096 974100 974084 950488 950240 26463344 797711 797710
797718 2147483680 70 0 128 1 71 976288 975864 4294966956 974096 974100 974084 950488 950240 26463344 797711 797718
797702 2147483680 70 0 128 1 71 976288 975864 4294966956 974096 974100 974084 950488 950240 26463344 797711 797702
797710 32 71 0 128 1 72 976288 975864 4294966956 974096 974100 974084 950488 950240 26463344 797711 797710
797718 2147483680 71 0 128 1 72 976292 975864 4294966956 974096 974100 974084 950488 950240 26463344 797711 797718
797702 2147483680 71 0 128 1 72 976292 975864 4294966956 974096 974100 974084 950488 950240 26463344 797711 797702
797710 32 72 0 128 1 73 976292 975864 4294966956 974096 974100 974084 950488 950240 26463344 797711 797710
797718 2147483680 72 0 128 1 73 976296 975864 4294966956 974096 974100 974084 950488 950240 26463344 797711 797718
797702 2147483680 72 0 128 1 73 976296 975864 4294966956 974096 974100 974084 950488 950240 26463344 797711 797702
797710 32 73 0 128 1 74 976296 975864 4294966956 974096 974100 974084 950488 950240 26463344 797711 797710
797718 2147483680 73 0 128 1 74 976300 975864 4294966956 974096 974100 974084 950488 950240 26463344 797711 797718
797702 2147483680 73 0 128 1 74 976300 975864 4294966956 974096 974100 974084 950488 950240 26463344 797711 797702
797710 32 74 0 128 1 75 976300 975864 4294966956 974096 974100 974084 950488 950240 26463344 797711 797710
797718 2147483680 74 0 128 1 75 976304 975864 4294966956 974096 974100 974084 950488 950240 26463344 797711 797718
797702 2147483680 74 0 128 1 75 976304 975864 4294966956 974096 974100 974084 950488 950240 26463344 797711 797702
797710 32 75 0 128 1 76 976304 975864 4294966956 974096 974100 974084 950488 950240 26463344 797711 797710
797718 2147483680 75 0 128 1 76 976308 975864 4294966956 974096 974100 974084 950488 950240 26463344 797711 797718
797702 2147483680 75 0 128 1 76 976308 975864 4294966956 974096 974100 974084 950488 950240 26463344 797711 797702
797710 32 76 0 128 1 77 976308 975864 4294966956 974096 974100 974084 950488 950240 26463344 797711 797710
797718 2147483680 76 0 128 1 77 976312 975864 4294966956 974096 974100 974084 950488 950240 26463344 797711 797718
797702 2147483680 76 0 128 1 77 976312 975864 4294966956 974096 974100 974084 950488 950240 26463344 797711 797702
797710 32 77 0 128 1 78 976312 975864 4294966956 974096 974100 974084 950488 950240 26463344 797711 797710
797718 2147483680 77 0 128 1 78 976316 975864 4294966956 974096 974100 974084 950488 950240 26463344 797711 797718
797702 2147483680 77 0 128 1 78 976316 975864 4294966956 974096 974100 974084 950488 950240 26463344 797711 797702
797710 32 78 0 128 1 79 976316 975864 4294966956 974096 974100 974084 950488 950240 26463344 797711 797710
797718 2147483680 78 0 128 1 79 976320 975864 4294966956 974096 974100 974084 950488 950240 26463344 797711 797718
797702 2147483680 78 0 128 1 79 976320 975864 4294966956 974096 974100 974084 950488 950240 26463344 797711 797702
797710 32 79 0 128 1 80 976320 975864 4294966956 974096 974100 974084 950488 950240 26463344 797711 797710
797718 2147483680 79 0 128 1 80 976324 975864 4294966956 974096 974100 974084 950488 950240 26463344 797711 797718
797702 2147483680 79 0 128 1 80 976324 975864 4294966956 974096 974100 974084 950488 950240 26463344 797711 797702
797710 32 80 0 128 1 81 976324 975864 4294966956 974096 974100 974084 950488 950240 26463344 797711 797710
797718 2147483680 80 0 128 1 81 976328 975864 4294966956 974096 974100 974084 950488 950240 26463344 797711 797718
797702 2147483680 80 0 128 1 81 976328 975864 4294966956 974096 974100 974084 950488 950240 26463344 797711 797702
797710 32 81 0 128 1 82 976328 975864 4294966956 974096 974100 974084 950488 950240 26463344 797711 797710
797718 2147483680 81 0 128 1 82 976332 975864 4294966956 974096 974100 974084 950488 950240 26463344 797711 797718
797702 2147483680 81 0 128 1 82 976332 975864 4294966956 974096 974100 974084 950488 950240 26463344 797711 797702
797710 32 82 0 128 1 83 976332 975864 4294966956 974096 974100 974084 950488 950240 26463344 797711 797710
797718 2147483680 82 0 128 1 83 976336 975864 4294966956 974096 974100 974084 950488 950240 26463344 797711 797718
797702 2147483680 82 0 128 1 83 976336 975864 4294966956 974096 974100 974084 950488 950240 26463344 797711 797702
797710 32 83 0 128 1 84 976336 975864 4294966956 974096 974100 974084 950488 950240 26463344 797711 797710
797718 2147483680 83 0 128 1 84 976340 975864 4294966956 974096 974100 974084 950488 950240 26463344 797711 797718
797702 2147483680 83 0 128 1 84 976340 975864 4294966956 974096 974100 974084 950488 950240 26463344 797711 797702
797710 32 84 0 128 1 85 976340 975864 4294966956 974096 974100 974084 950488 950240 26463344 797711 797710
797718 2147483680 84 0 128 1 85 976344 975864 4294966956 974096 974100 974084 950488 950240 26463344 797711 797718
797702 2147483680 84 0 128 1 85 976344 975864 4294966956 974096 974100 974084 950488 950240 26463344 797711 797702
797710 32 85 0 128 1 86 976344 975864 4294966956 974096 974100 974084 950488 950240 26463344 797711 797710
797718 2147483680 85 0 128 1 86 976348 975864 4294966956 974096 974100 974084 950488 950240 26463344 797711 797718
797702 2147483680 85 0 128 1 86 976348 975864 4294966956 974096 974100 974084 950488 950240 26463344 797711 797702
797710 32 86 0 128 1 87 976348 975864 4294966956 974096 974100 974084 950488 950240 26463344 797711 797710
797718 2147483680 86 0 128 1 87 976352 975864 4294966956 974096 974100 974084 950488 950240 26463344 797711 797718
797702 2147483680 86 0 128 1 87 976352 975864 4294966956 974096 974100 974084 950488 950240 26463344 797711 797702
797710 32 87 0 128 1 88 976352 975864 4294966956 974096 974100 974084 950488 950240 26463344 797711 797710
797718 2147483680 87 0 128 1 88 976356 975864 4294966956 974096 974100 974084 950488 950240 26463344 797711 797718
797702 2147483680 87 0 128 1 88 976356 975864 4294966956 974096 974100 974084 950488 950240 26463344 797711 797702
797710 32 88 0 128 1 89 976356 975864 4294966956 974096 974100 974084 950488 950240 26463344 797711 797710
797718 2147483680 88 0 128 1 89 976360 975864 4294966956 974096 974100 974084 950488 950240 26463344 797711 797718
797702 2147483680 88 0 128 1 89 976360 975864 4294966956 974096 974100 974084 950488 950240 26463344 797711 797702
797710 32 89 0 128 1 90 976360 975864 4294966956 974096 974100 974084 950488 950240 26463344 797711 797710
797718 2147483680 89 0 128 1 90 976364 975864 4294966956 974096 974100 974084 950488 950240 26463344 797711 797718
797702 2147483680 89 0 128 1 90 976364 975864 4294966956 974096 974100 974084 950488 950240 26463344 797711 797702
797710 32 90 0 128 1 91 976364 975864 4294966956 974096 974100 974084 950488 950240 26463344 797711 797710
797718 2147483680 90 0 128 1 91 976368 975864 4294966956 974096 974100 974084 950488 950240 26463344 797711 797718
797702 2147483680 90 0 128 1 91 976368 975864 4294966956 974096 974100 974084 950488 950240 26463344 797711 797702
797710 32 91 0 128 1 92 976368 975864 4294966956 974096 974100 974084 950488 950240 26463344 797711 797710
797718 2147483680 91 0 128 1 92 976372 975864 4294966956 974096 974100 974084 950488 950240 26463344 797711 797718
797702 2147483680 91 0 128 1 92 976372 975864 4294966956 974096 974100 974084 950488 950240 26463344 797711 797702
797710 32 92 0 128 1 93 976372 975864 4294966956 974096 974100 974084 950488 950240 26463344 797711 797710
797718 2147483680 92 0 128 1 93 976376 975864 4294966956 974096 974100 974084 950488 950240 26463344 797711 797718
797702 2147483680 92 0 128 1 93 976376 975864 4294966956 974096 974100 974084 950488 950240 26463344 797711 797702
797710 32 93 0 128 1 94 976376 975864 4294966956 974096 974100 974084 950488 950240 26463344 797711 797710
797718 2147483680 93 0 128 1 94 976380 975864 4294966956 974096 974100 974084 950488 950240 26463344 797711 797718
797702 2147483680 93 0 128 1 94 976380 975864 4294966956 974096 974100 974084 950488 950240 26463344 797711 797702
797710 32 94 0 128 1 95 976380 975864 4294966956 974096 974100 974084 950488 950240 26463344 797711 797710
797718 2147483680 94 0 128 1 95 976384 975864 4294966956 974096 974100 974084 950488 950240 26463344 797711 797718
797702 2147483680 94 0 128 1 95 976384 975864 4294966956 974096 974100 974084 950488 950240 26463344 797711 797702
797710 32 95 0 128 1 96 976384 975864 4294966956 974096 974100 974084 950488 950240 26463344 797711 797710
797718 2147483680 95 0 128 1 96 976388 975864 4294966956 974096 974100 974084 950488 950240 26463344 797711 797718
797702 2147483680 95 0 128 1 96 976388 975864 4294966956 974096 974100 974084 950488 950240 26463344 797711 797702
797710 32 96 0 128 1 97 976388 975864 4294966956 974096 974100 974084 950488 950240 26463344 797711 797710
797718 2147483680 96 0 128 1 97 976392 975864 4294966956 974096 974100 974084 950488 950240 26463344 797711 797718
797702 2147483680 96 0 128 1 97 976392 975864 4294966956 974096 974100 974084 950488 950240 26463344 797711 797702
797710 32 97 0 128 1 98 976392 975864 4294966956 974096 974100 974084 950488 950240 26463344 797711 797710
797718 2147483680 97 0 128 1 98 976396 975864 4294966956 974096 974100 974084 950488 950240 26463344 797711 797718
797702 2147483680 97 0 128 1 98 976396 975864 4294966956 974096 974100 974084 950488 950240 26463344 797711 797702
797710 32 98 0 128 1 99 976396 975864 4294966956 974096 974100 974084 950488 950240 26463344 797711 797710
797718 2147483680 98 0 128 1 99 976400 975864 4294966956 974096 974100 974084 950488 950240 26463344 797711 797718
797702 2147483680 98 0 128 1 99 976400 975864 4294966956 974096 974100 974084 950488 950240 26463344 797711 797702
797710 32 99 0 128 1 100 976400 975864 4294966956 974096 974100 974084 950488 950240 26463344 797711 797710
797718 2147483680 99 0 128 1 100 976404 975864 4294966956 974096 974100 974084 950488 950240 26463344 797711 797718
797702 2147483680 99 0 128 1 100 976404 975864 4294966956 974096 974100 974084 950488 950240 26463344 797711 797702
797710 32 100 0 128 1 101 976404 975864 4294966956 974096 974100 974084 950488 950240 26463344 797711 797710
797718 2147483680 100 0 128 1 101 976408 975864 4294966956 974096 974100 974084 950488 950240 26463344 797711 797718
797702 2147483680 100 0 128 1 101 976408 975864 4294966956 974096 974100 974084 950488 950240 26463344 797711 797702
797710 32 101 0 128 1 102 976408 975864 4294966956 974096 974100 974084 950488 950240 26463344 797711 797710
797718 2147483680 101 0 128 1 102 976412 975864 4294966956 974096 974100 974084 950488 950240 26463344 797711 797718
797702 2147483680 101 0 128 1 102 976412 975864 4294966956 974096 974100 974084 950488 950240 26463344 797711 797702
797710 32 102 0 128 1 103 976412 975864 4294966956 974096 974100 974084 950488 950240 26463344 797711 797710
797718 2147483680 102 0 128 1 103 976416 975864 4294966956 974096 974100 974084 950488 950240 26463344 797711 797718
797702 2147483680 102 0 128 1 103 976416 975864 4294966956 974096 974100 974084 950488 950240 26463344 797711 797702
797710 32 103 0 128 1 104 976416 975864 4294966956 974096 974100 974084 950488 950240 26463344 797711 797710
797718 2147483680 103 0 128 1 104 976420 975864 4294966956 974096 974100 974084 950488 950240 26463344 797711 797718
797702 2147483680 103 0 128 1 104 976420 975864 4294966956 974096 974100 974084 950488 950240 26463344 797711 797702
797710 32 104 0 128 1 105 976420 975864 4294966956 974096 974100 974084 950488 950240 26463344 797711 797710
797718 2147483680 104 0 128 1 105 976424 975864 4294966956 974096 974100 974084 950488 950240 26463344 797711 797718
797702 2147483680 104 0 128 1 105 976424 975864 4294966956 974096 974100 974084 950488 950240 26463344 797711 797702
797710 32 105 0 128 1 106 976424 975864 4294966956 974096 974100 974084 950488 950240 26463344 797711 797710
797718 2147483680 105 0 128 1 106 976428 975864 4294966956 974096 974100 974084 950488 950240 26463344 797711 797718
797702 2147483680 105 0 128 1 106 976428 975864 4294966956 974096 974100 974084 950488 950240 26463344 797711 797702
797710 32 106 0 128 1 107 976428 975864 4294966956 974096 974100 974084 950488 950240 26463344 797711 797710
797718 2147483680 106 0 128 1 107 976432 975864 4294966956 974096 974100 974084 950488 950240 26463344 797711 797718
797702 2147483680 106 0 128 1 107 976432 975864 4294966956 974096 974100 974084 950488 950240 26463344 797711 797702
797710 32 107 0 128 1 108 976432 975864 4294966956 974096 974100 974084 950488 950240 26463344 797711 797710
797718 2147483680 107 0 128 1 108 976436 975864 4294966956 974096 974100 974084 950488 950240 26463344 797711 797718
797702 2147483680 107 0 128 1 108 976436 975864 4294966956 974096 974100 974084 950488 950240 26463344 797711 797702
797710 32 108 0 128 1 109 976436 975864 4294966956 974096 974100 974084 950488 950240 26463344 797711 797710
797718 2147483680 108 0 128 1 109 976440 975864 4294966956 974096 974100 974084 950488 950240 26463344 797711 797718
797702 2147483680 108 0 128 1 109 976440 975864 4294966956 974096 974100 974084 950488 950240 26463344 797711 797702
797710 32 109 0 128 1 110 976440 975864 4294966956 974096 974100 974084 950488 950240 26463344 797711 797710
797718 2147483680 109 0 128 1 110 976444 975864 4294966956 974096 974100 974084 950488 950240 26463344 797711 797718
797702 2147483680 109 0 128 1 110 976444 975864 4294966956 974096 974100 974084 950488 950240 26463344 797711 797702
797710 32 110 0 128 1 111 976444 975864 4294966956 974096 974100 974084 950488 950240 26463344 797711 797710
797718 2147483680 110 0 128 1 111 976448 975864 4294966956 974096 974100 974084 950488 950240 26463344 797711 797718
797702 2147483680 110 0 128 1 111 976448 975864 4294966956 974096 974100 974084 950488 950240 26463344 797711 797702
797710 32 111 0 128 1 112 976448 975864 4294966956 974096 974100 974084 950488 950240 26463344 797711 797710
797718 2147483680 111 0 128 1 112 976452 975864 4294966956 974096 974100 974084 950488 950240 26463344 797711 797718
797702 2147483680 111 0 128 1 112 976452 975864 4294966956 974096 974100 974084 950488 950240 26463344 797711 797702
797710 32 112 0 128 1 113 976452 975864 4294966956 974096 974100 974084 950488 950240 26463344 797711 797710
797718 2147483680 112 0 128 1 113 976456 975864 4294966956 974096 974100 974084 950488 950240 26463344 797711 797718
797702 2147483680 112 0 128 1 113 976456 975864 4294966956 974096 974100 974084 950488 950240 26463344 797711 797702
797710 32 113 0 128 1 114 976456 975864 4294966956 974096 974100 974084 950488 950240 26463344 797711 797710
797718 2147483680 113 0 128 1 114 976460 975864 4294966956 974096 974100 974084 950488 950240 26463344 797711 797718
797702 2147483680 113 0 128 1 114 976460 975864 4294966956 974096 974100 974084 950488 950240 26463344 797711 797702
797710 32 114 0 128 1 115 976460 975864 4294966956 974096 974100 974084 950488 950240 26463344 797711 797710
797718 2147483680 114 0 128 1 115 976464 975864 4294966956 974096 974100 974084 950488 950240 26463344 797711 797718
797702 2147483680 114 0 128 1 115 976464 975864 4294966956 974096 974100 974084 950488 950240 26463344 797711 797702
797710 32 115 0 128 1 116 976464 975864 4294966956 974096 974100 974084 950488 950240 26463344 797711 797710
797718 2147483680 115 0 128 1 116 976468 975864 4294966956 974096 974100 974084 950488 950240 26463344 797711 797718
797702 2147483680 115 0 128 1 116 976468 975864 4294966956 974096 974100 974084 950488 950240 26463344 797711 797702
797710 32 116 0 128 1 117 976468 975864 4294966956 974096 974100 974084 950488 950240 26463344 797711 797710
797718 2147483680 116 0 128 1 117 976472 975864 4294966956 974096 974100 974084 950488 950240 26463344 797711 797718
797702 2147483680 116 0 128 1 117 976472 975864 4294966956 974096 974100 974084 950488 950240 26463344 797711 797702
797710 32 117 0 128 1 118 976472 975864 4294966956 974096 974100 974084 950488 950240 26463344 797711 797710
797718 2147483680 117 0 128 1 118 976476 975864 4294966956 974096 974100 974084 950488 950240 26463344 797711 797718
797702 2147483680 117 0 128 1 118 976476 975864 4294966956 974096 974100 974084 950488 950240 26463344 797711 797702
797710 32 118 0 128 1 119 976476 975864 4294966956 974096 974100 974084 950488 950240 26463344 797711 797710
797718 2147483680 118 0 128 1 119 976480 975864 4294966956 974096 974100 974084 950488 950240 26463344 797711 797718
797702 2147483680 118 0 128 1 119 976480 975864 4294966956 974096 974100 974084 950488 950240 26463344 797711 797702
797710 32 119 0 128 1 120 976480 975864 4294966956 974096 974100 974084 950488 950240 26463344 797711 797710
797718 2147483680 119 0 128 1 120 976484 975864 4294966956 974096 974100 974084 950488 950240 26463344 797711 797718
797702 2147483680 119 0 128 1 120 976484 975864 4294966956 974096 974100 974084 950488 950240 26463344 797711 797702
797710 32 120 0 128 1 121 976484 975864 4294966956 974096 974100 974084 950488 950240 26463344 797711 797710
797718 2147483680 120 0 128 1 121 976488 975864 4294966956 974096 974100 974084 950488 950240 26463344 797711 797718
797702 2147483680 120 0 128 1 121 976488 975864 4294966956 974096 974100 974084 950488 950240 26463344 797711 797702
797710 32 121 0 128 1 122 976488 975864 4294966956 974096 974100 974084 950488 950240 26463344 797711 797710
797718 2147483680 121 0 128 1 122 976492 975864 4294966956 974096 974100 974084 950488 950240 26463344 797711 797718
797702 2147483680 121 0 128 1 122 976492 975864 4294966956 974096 974100 974084 950488 950240 26463344 797711 797702
797710 32 122 0 128 1 123 976492 975864 4294966956 974096 974100 974084 950488 950240 26463344 797711 797710
797718 2147483680 122 0 128 1 123 976496 975864 4294966956 974096 974100 974084 950488 950240 26463344 797711 797718
797702 2147483680 122 0 128 1 123 976496 975864 4294966956 974096 974100 974084 950488 950240 26463344 797711 797702
797710 32 123 0 128 1 124 976496 975864 4294966956 974096 974100 974084 950488 950240 26463344 797711 797710
797718 2147483680 123 0 128 1 124 976500 975864 4294966956 974096 974100 974084 950488 950240 26463344 797711 797718
797702 2147483680 123 0 128 1 124 976500 975864 4294966956 974096 974100 974084 950488 950240 26463344 797711 797702
797710 32 124 0 128 1 125 976500 975864 4294966956 974096 974100 974084 950488 950240 26463344 797711 797710
797718 2147483680 124 0 128 1 125 976504 975864 4294966956 974096 974100 974084 950488 950240 26463344 797711 797718
797702 2147483680 124 0 128 1 125 976504 975864 4294966956 974096 974100 974084 950488 950240 26463344 797711 797702
797710 32 125 0 128 1 126 976504 975864 4294966956 974096 974100 974084 950488 950240 26463344 797711 797710
797718 2147483680 125 0 128 1 126 976508 975864 4294966956 974096 974100 974084 950488 950240 26463344 797711 797718
797702 2147483680 125 0 128 1 126 976508 975864 4294966956 974096 974100 974084 950488 950240 26463344 797711 797702
797710 32 126 0 128 1 127 976508 975864 4294966956 974096 974100 974084 950488 950240 26463344 797711 797710
797718 2147483680 126 0 128 1 127 976512 975864 4294966956 974096 974100 974084 950488 950240 26463344 797711 797718
797702 2147483680 126 0 128 1 127 976512 975864 4294966956 974096 974100 974084 950488 950240 26463344 797711 797702
797710 32 127 0 128 1 128 976512 975864 4294966956 974096 974100 974084 950488 950240 26463344 797711 797710
797718 2147483680 127 0 128 1 128 976516 975864 4294966956 974096 974100 974084 950488 950240 26463344 797711 797718
797702 2147483680 127 0 128 1 128 976516 975864 4294966956 974096 974100 974084 950488 950240 26463344 797711 797702
797710 32 4294967295 0 128 1 129 976516 975864 4294966956 974096 974100 974084 950488 950240 26463344 797711 797710
797718 2147483680 4294967295 0 128 1 129 976520 975864 4294966956 974096 974100 974084 950488 950240 26463344 797711 797718
797702 2147483680 4294967295 0 128 1 129 976520 975864 4294966956 974096 974100 974084 950488 950240 26463344 797711 797702
797710 32 4294967295 0 128 1 130 976520 975864 4294966956 974096 974100 974084 950488 950240 26463344 797711 797710
797718 2147483680 4294967295 0 128 1 130 976524 975864 4294966956 974096 974100 974084 950488 950240 26463344 797711 797718
797702 2147483680 4294967295 0 128 1 130 976524 975864 4294966956 974096 974100 974084 950488 950240 26463344 797711 797702
797710 32 4294967295 0 128 1 131 976524 975864 4294966956 974096 974100 974084 950488 950240 26463344 797711 797710
797718 2147483680 4294967295 0 128 1 131 976528 975864 4294966956 974096 974100 974084 950488 950240 26463344 797711 797718
797702 2147483680 4294967295 0 128 1 131 976528 975864 4294966956 974096 974100 974084 950488 950240 26463344 797711 797702
797710 32 4294967295 0 128 1 132 976528 975864 4294966956 974096 974100 974084 950488 950240 26463344 797711 797710
797718 2147483680 4294967295 0 128 1 132 976532 975864 4294966956 974096 974100 974084 950488 950240 26463344 797711 797718
797702 2147483680 4294967295 0 128 1 132 976532 975864 4294966956 974096 974100 974084 950488 950240 26463344 797711 797702
797710 32 4294967295 0 128 1 133 976532 975864 4294966956 974096 974100 974084 950488 950240 26463344 797711 797710
797718 2147483680 4294967295 0 128 1 133 976536 975864 4294966956 974096 974100 974084 950488 950240 26463344 797711 797718
797702 2147483680 4294967295 0 128 1 133 976536 975864 4294966956 974096 974100 974084 950488 950240 26463344 797711 797702
797710 32 4294967295 0 128 1 134 976536 975864 4294966956 974096 974100 974084 950488 950240 26463344 797711 797710
797718 2147483680 4294967295 0 128 1 134 976540 975864 4294966956 974096 974100 974084 950488 950240 26463344 797711 797718
797702 2147483680 4294967295 0 128 1 134 976540 975864 4294966956 974096 974100 974084 950488 950240 26463344 797711 797702
797710 32 4294967295 0 128 1 135 976540 975864 4294966956 974096 974100 974084 950488 950240 26463344 797711 797710
797718 2147483680 4294967295 0 128 1 135 976544 975864 4294966956 974096 974100 974084 950488 950240 26463344 797711 797718
797702 2147483680 4294967295 0 128 1 135 976544 975864 4294966956 974096 974100 974084 950488 950240 26463344 797711 797702
797710 32 4294967295 0 128 1 136 976544 975864 4294966956 974096 974100 974084 950488 950240 26463344 797711 797710
797718 2147483680 4294967295 0 128 1 136 976548 975864 4294966956 974096 974100 974084 950488 950240 26463344 797711 797718
797702 2147483680 4294967295 0 128 1 136 976548 975864 4294966956 974096 974100 974084 950488 950240 26463344 797711 797702
797710 32 4294967295 0 128 1 137 976548 975864 4294966956 974096 974100 974084 950488 950240 26463344 797711 797710
797718 2147483680 4294967295 0 128 1 137 976552 975864 4294966956 974096 974100 974084 950488 950240 26463344 797711 797718
797702 2147483680 4294967295 0 128 1 137 976552 975864 4294966956 974096 974100 974084 950488 950240 26463344 797711 797702
797710 32 4294967295 0 128 1 138 976552 975864 4294966956 974096 974100 974084 950488 950240 26463344 797711 797710
797718 2147483680 4294967295 0 128 1 138 976556 975864 4294966956 974096 974100 974084 950488 950240 26463344 797711 797718
797702 2147483680 4294967295 0 128 1 138 976556 975864 4294966956 974096 974100 974084 950488 950240 26463344 797711 797702
797710 32 4294967295 0 128 1 139 976556 975864 4294966956 974096 974100 974084 950488 950240 26463344 797711 797710
797718 2147483680 4294967295 0 128 1 139 976560 975864 4294966956 974096 974100 974084 950488 950240 26463344 797711 797718
797702 2147483680 4294967295 0 128 1 139 976560 975864 4294966956 974096 974100 974084 950488 950240 26463344 797711 797702
797710 32 4294967295 0 128 1 140 976560 975864 4294966956 974096 974100 974084 950488 950240 26463344 797711 797710
797718 2147483680 4294967295 0 128 1 140 976564 975864 4294966956 974096 974100 974084 950488 950240 26463344 797711 797718
797702 2147483680 4294967295 0 128 1 140 976564 975864 4294966956 974096 974100 974084 950488 950240 26463344 797711 797702
797710 32 4294967295 0 128 1 141 976564 975864 4294966956 974096 974100 974084 950488 950240 26463344 797711 797710
797718 2147483680 4294967295 0 128 1 141 976568 975864 4294966956 974096 974100 974084 950488 950240 26463344 797711 797718
797702 2147483680 4294967295 0 128 1 141 976568 975864 4294966956 974096 974100 974084 950488 950240 26463344 797711 797702
797710 32 4294967295 0 128 1 142 976568 975864 4294966956 974096 974100 974084 950488 950240 26463344 797711 797710
797718 2147483680 4294967295 0 128 1 142 976572 975864 4294966956 974096 974100 974084 950488 950240 26463344 797711 797718
797702 2147483680 4294967295 0 128 1 142 976572 975864 4294966956 974096 974100 974084 950488 950240 26463344 797711 797702
797710 32 4294967295 0 128 1 143 976572 975864 4294966956 974096 974100 974084 950488 950240 26463344 797711 797710
797718 2147483680 4294967295 0 128 1 143 976576 975864 4294966956 974096 974100 974084 950488 950240 26463344 797711 797718
797702 2147483680 4294967295 0 128 1 143 976576 975864 4294966956 974096 974100 974084 950488 950240 26463344 797711 797702
797710 32 4294967295 0 128 1 144 976576 975864 4294966956 974096 974100 974084 950488 950240 26463344 797711 797710
797718 2147483680 4294967295 0 128 1 144 976580 975864 4294966956 974096 974100 974084 950488 950240 26463344 797711 797718
797702 2147483680 4294967295 0 128 1 144 976580 975864 4294966956 974096 974100 974084 950488 950240 26463344 797711 797702
797710 32 4294967295 0 128 1 145 976580 975864 4294966956 974096 974100 974084 950488 950240 26463344 797711 797710
797718 2147483680 4294967295 0 128 1 145 976584 975864 4294966956 974096 974100 974084 950488 950240 26463344 797711 797718
797702 2147483680 4294967295 0 128 1 145 976584 975864 4294966956 974096 974100 974084 950488 950240 26463344 797711 797702
797710 32 4294967295 0 128 1 146 976584 975864 4294966956 974096 974100 974084 950488 950240 26463344 797711 797710
797718 2147483680 4294967295 0 128 1 146 976588 975864 4294966956 974096 974100 974084 950488 950240 26463344 797711 797718
797702 2147483680 4294967295 0 128 1 146 976588 975864 4294966956 974096 974100 974084 950488 950240 26463344 797711 797702
797710 32 4294967295 0 128 1 147 976588 975864 4294966956 974096 974100 974084 950488 950240 26463344 797711 797710
797718 2147483680 4294967295 0 128 1 147 976592 975864 4294966956 974096 974100 974084 950488 950240 26463344 797711 797718
797702 2147483680 4294967295 0 128 1 147 976592 975864 4294966956 974096 974100 974084 950488 950240 26463344 797711 797702
797710 32 4294967295 0 128 1 148 976592 975864 4294966956 974096 974100 974084 950488 950240 26463344 797711 797710
797718 2147483680 4294967295 0 128 1 148 976596 975864 4294966956 974096 974100 974084 950488 950240 26463344 797711 797718
797702 2147483680 4294967295 0 128 1 148 976596 975864 4294966956 974096 974100 974084 950488 950240 26463344 797711 797702
797710 32 4294967295 0 128 1 149 976596 975864 4294966956 974096 974100 974084 950488 950240 26463344 797711 797710
797718 2147483680 4294967295 0 128 1 149 976600 975864 4294966956 974096 974100 974084 950488 950240 26463344 797711 797718
797702 2147483680 4294967295 0 128 1 149 976600 975864 4294966956 974096 974100 974084 950488 950240 26463344 797711 797702
797710 32 4294967295 0 128 1 150 976600 975864 4294966956 974096 974100 974084 950488 950240 26463344 797711 797710
797718 2147483680 4294967295 0 128 1 150 976604 975864 4294966956 974096 974100 974084 950488 950240 26463344 797711 797718
797702 2147483680 4294967295 0 128 1 150 976604 975864 4294966956 974096 974100 974084 950488 950240 26463344 797711 797702
797710 32 4294967295 0 128 1 151 976604 975864 4294966956 974096 974100 974084 950488 950240 26463344 797711 797710
797718 2147483680 4294967295 0 128 1 151 976608 975864 4294966956 974096 974100 974084 950488 950240 26463344 797711 797718
797702 2147483680 4294967295 0 128 1 151 976608 975864 4294966956 974096 974100 974084 950488 950240 26463344 797711 797702
797710 32 4294967295 0 128 1 152 976608 975864 4294966956 974096 974100 974084 950488 950240 26463344 797711 797710
797718 2147483680 4294967295 0 128 1 152 976612 975864 4294966956 974096 974100 974084 950488 950240 26463344 797711 797718
797702 2147483680 4294967295 0 128 1 152 976612 975864 4294966956 974096 974100 974084 950488 950240 26463344 797711 797702
797710 32 4294967295 0 128 1 153 976612 975864 4294966956 974096 974100 974084 950488 950240 26463344 797711 797710
797718 2147483680 4294967295 0 128 1 153 976616 975864 4294966956 974096 974100 974084 950488 950240 26463344 797711 797718
797702 2147483680 4294967295 0 128 1 153 976616 975864 4294966956 974096 974100 974084 950488 950240 26463344 797711 797702
797710 32 4294967295 0 128 1 154 976616 975864 4294966956 974096 974100 974084 950488 950240 26463344 797711 797710
797718 2147483680 4294967295 0 128 1 154 976620 975864 4294966956 974096 974100 974084 950488 950240 26463344 797711 797718
797702 2147483680 4294967295 0 128 1 154 976620 975864 4294966956 974096 974100 974084 950488 950240 26463344 797711 797702
797710 32 4294967295 0 128 1 155 976620 975864 4294966956 974096 974100 974084 950488 950240 26463344 797711 797710
797718 2147483680 4294967295 0 128 1 155 976624 975864 4294966956 974096 974100 974084 950488 950240 26463344 797711 797718
797702 2147483680 4294967295 0 128 1 155 976624 975864 4294966956 974096 974100 974084 950488 950240 26463344 797711 797702
797710 32 4294967295 0 128 1 156 976624 975864 4294966956 974096 974100 974084 950488 950240 26463344 797711 797710
797718 2147483680 4294967295 0 128 1 156 976628 975864 4294966956 974096 974100 974084 950488 950240 26463344 797711 797718
797702 2147483680 4294967295 0 128 1 156 976628 975864 4294966956 974096 974100 974084 950488 950240 26463344 797711 797702
797710 32 4294967295 0 128 1 157 976628 975864 4294966956 974096 974100 974084 950488 950240 26463344 797711 797710
797718 2147483680 4294967295 0 128 1 157 976632 975864 4294966956 974096 974100 974084 950488 950240 26463344 797711 797718
797702 2147483680 4294967295 0 128 1 157 976632 975864 4294966956 974096 974100 974084 950488 950240 26463344 797711 797702
797710 32 4294967295 0 128 1 158 976632 975864 4294966956 974096 974100 974084 950488 950240 26463344 797711 797710
797718 2147483680 4294967295 0 128 1 158 976636 975864 4294966956 974096 974100 974084 950488 950240 26463344 797711 797718
797702 2147483680 4294967295 0 128 1 158 976636 975864 4294966956 974096 974100 974084 950488 950240 26463344 797711 797702
797710 32 4294967295 0 128 1 159 976636 975864 4294966956 974096 974100 974084 950488 950240 26463344 797711 797710
797718 2147483680 4294967295 0 128 1 159 976640 975864 4294966956 974096 974100 974084 950488 950240 26463344 797711 797718
797702 2147483680 4294967295 0 128 1 159 976640 975864 4294966956 974096 974100 974084 950488 950240 26463344 797711 797702
797710 32 4294967295 0 128 1 160 976640 975864 4294966956 974096 974100 974084 950488 950240 26463344 797711 797710
797718 2147483680 4294967295 0 128 1 160 976644 975864 4294966956 974096 974100 974084 950488 950240 26463344 797711 797718
797702 2147483680 4294967295 0 128 1 160 976644 975864 4294966956 974096 974100 974084 950488 950240 26463344 797711 797702
797710 32 4294967295 0 128 1 161 976644 975864 4294966956 974096 974100 974084 950488 950240 26463344 797711 797710
797718 2147483680 4294967295 0 128 1 161 976648 975864 4294966956 974096 974100 974084 950488 950240 26463344 797711 797718
797702 2147483680 4294967295 0 128 1 161 976648 975864 4294966956 974096 974100 974084 950488 950240 26463344 797711 797702
797710 32 4294967295 0 128 1 162 976648 975864 4294966956 974096 974100 974084 950488 950240 26463344 797711 797710
797718 2147483680 4294967295 0 128 1 162 976652 975864 4294966956 974096 974100 974084 950488 950240 26463344 797711 797718
797702 2147483680 4294967295 0 128 1 162 976652 975864 4294966956 974096 974100 974084 950488 950240 26463344 797711 797702
797710 32 4294967295 0 128 1 163 976652 975864 4294966956 974096 974100 974084 950488 950240 26463344 797711 797710
797718 2147483680 4294967295 0 128 1 163 976656 975864 4294966956 974096 974100 974084 950488 950240 26463344 797711 797718
797702 2147483680 4294967295 0 128 1 163 976656 975864 4294966956 974096 974100 974084 950488 950240 26463344 797711 797702
797710 32 4294967295 0 128 1 164 976656 975864 4294966956 974096 974100 974084 950488 950240 26463344 797711 797710
797718 2147483680 4294967295 0 128 1 164 976660 975864 4294966956 974096 974100 974084 950488 950240 26463344 797711 797718
797702 2147483680 4294967295 0 128 1 164 976660 975864 4294966956 974096 974100 974084 950488 950240 26463344 797711 797702
797710 32 4294967295 0 128 1 165 976660 975864 4294966956 974096 974100 974084 950488 950240 26463344 797711 797710
797718 2147483680 4294967295 0 128 1 165 976664 975864 4294966956 974096 974100 974084 950488 950240 26463344 797711 797718
797702 2147483680 4294967295 0 128 1 165 976664 975864 4294966956 974096 974100 974084 950488 950240 26463344 797711 797702
797710 32 4294967295 0 128 1 166 976664 975864 4294966956 974096 974100 974084 950488 950240 26463344 797711 797710
797718 2147483680 4294967295 0 128 1 166 976668 975864 4294966956 974096 974100 974084 950488 950240 26463344 797711 797718
797702 2147483680 4294967295 0 128 1 166 976668 975864 4294966956 974096 974100 974084 950488 950240 26463344 797711 797702
797710 32 4294967295 0 128 1 167 976668 975864 4294966956 974096 974100 974084 950488 950240 26463344 797711 797710
797718 2147483680 4294967295 0 128 1 167 976672 975864 4294966956 974096 974100 974084 950488 950240 26463344 797711 797718
797702 2147483680 4294967295 0 128 1 167 976672 975864 4294966956 974096 974100 974084 950488 950240 26463344 797711 797702
797710 32 4294967295 0 128 1 168 976672 975864 4294966956 974096 974100 974084 950488 950240 26463344 797711 797710
797718 2147483680 4294967295 0 128 1 168 976676 975864 4294966956 974096 974100 974084 950488 950240 26463344 797711 797718
797702 2147483680 4294967295 0 128 1 168 976676 975864 4294966956 974096 974100 974084 950488 950240 26463344 797711 797702
797710 32 4294967295 0 128 1 169 976676 975864 4294966956 974096 974100 974084 950488 950240 26463344 797711 797710
797718 2147483680 4294967295 0 128 1 169 976680 975864 4294966956 974096 974100 974084 950488 950240 26463344 797711 797718
797702 2147483680 4294967295 0 128 1 169 976680 975864 4294966956 974096 974100 974084 950488 950240 26463344 797711 797702
797710 32 4294967295 0 128 1 170 976680 975864 4294966956 974096 974100 974084 950488 950240 26463344 797711 797710
797718 2147483680 4294967295 0 128 1 170 976684 975864 4294966956 974096 974100 974084 950488 950240 26463344 797711 797718
797702 2147483680 4294967295 0 128 1 170 976684 975864 4294966956 974096 974100 974084 950488 950240 26463344 797711 797702
797710 32 4294967295 0 128 1 171 976684 975864 4294966956 974096 974100 974084 950488 950240 26463344 797711 797710
797718 2147483680 4294967295 0 128 1 171 976688 975864 4294966956 974096 974100 974084 950488 950240 26463344 797711 797718
797702 2147483680 4294967295 0 128 1 171 976688 975864 4294966956 974096 974100 974084 950488 950240 26463344 797711 797702
797710 32 4294967295 0 128 1 172 976688 975864 4294966956 974096 974100 974084 950488 950240 26463344 797711 797710
797718 2147483680 4294967295 0 128 1 172 976692 975864 4294966956 974096 974100 974084 950488 950240 26463344 797711 797718
797702 2147483680 4294967295 0 128 1 172 976692 975864 4294966956 974096 974100 974084 950488 950240 26463344 797711 797702
797710 32 4294967295 0 128 1 173 976692 975864 4294966956 974096 974100 974084 950488 950240 26463344 797711 797710
797718 2147483680 4294967295 0 128 1 173 976696 975864 4294966956 974096 974100 974084 950488 950240 26463344 797711 797718
797702 2147483680 4294967295 0 128 1 173 976696 975864 4294966956 974096 974100 974084 950488 950240 26463344 797711 797702
797710 32 4294967295 0 128 1 174 976696 975864 4294966956 974096 974100 974084 950488 950240 26463344 797711 797710
797718 2147483680 4294967295 0 128 1 174 976700 975864 4294966956 974096 974100 974084 950488 950240 26463344 797711 797718
797702 2147483680 4294967295 0 128 1 174 976700 975864 4294966956 974096 974100 974084 950488 950240 26463344 797711 797702
797710 32 4294967295 0 128 1 175 976700 975864 4294966956 974096 974100 974084 950488 950240 26463344 797711 797710
797718 2147483680 4294967295 0 128 1 175 976704 975864 4294966956 974096 974100 974084 950488 950240 26463344 797711 797718
797702 2147483680 4294967295 0 128 1 175 976704 975864 4294966956 974096 974100 974084 950488 950240 26463344 797711 797702
797710 32 4294967295 0 128 1 176 976704 975864 4294966956 974096 974100 974084 950488 950240 26463344 797711 797710
797718 2147483680 4294967295 0 128 1 176 976708 975864 4294966956 974096 974100 974084 950488 950240 26463344 797711 797718
797702 2147483680 4294967295 0 128 1 176 976708 975864 4294966956 974096 974100 974084 950488 950240 26463344 797711 797702
797710 32 4294967295 0 128 1 177 976708 975864 4294966956 974096 974100 974084 950488 950240 26463344 797711 797710
797718 2147483680 4294967295 0 128 1 177 976712 975864 4294966956 974096 974100 974084 950488 950240 26463344 797711 797718
797702 2147483680 4294967295 0 128 1 177 976712 975864 4294966956 974096 974100 974084 950488 950240 26463344 797711 797702
797710 32 4294967295 0 128 1 178 976712 975864 4294966956 974096 974100 974084 950488 950240 26463344 797711 797710
797718 2147483680 4294967295 0 128 1 178 976716 975864 4294966956 974096 974100 974084 950488 950240 26463344 797711 797718
797702 2147483680 4294967295 0 128 1 178 976716 975864 4294966956 974096 974100 974084 950488 950240 26463344 797711 797702
797710 32 4294967295 0 128 1 179 976716 975864 4294966956 974096 974100 974084 950488 950240 26463344 797711 797710
797718 2147483680 4294967295 0 128 1 179 976720 975864 4294966956 974096 974100 974084 950488 950240 26463344 797711 797718
797702 2147483680 4294967295 0 128 1 179 976720 975864 4294966956 974096 974100 974084 950488 950240 26463344 797711 797702
797710 32 4294967295 0 128 1 180 976720 975864 4294966956 974096 974100 974084 950488 950240 26463344 797711 797710
797718 2147483680 4294967295 0 128 1 180 976724 975864 4294966956 974096 974100 974084 950488 950240 26463344 797711 797718
797702 2147483680 4294967295 0 128 1 180 976724 975864 4294966956 974096 974100 974084 950488 950240 26463344 797711 797702
797710 32 4294967295 0 128 1 181 976724 975864 4294966956 974096 974100 974084 950488 950240 26463344 797711 797710
797718 2147483680 4294967295 0 128 1 181 976728 975864 4294966956 974096 974100 974084 950488 950240 26463344 797711 797718
797702 2147483680 4294967295 0 128 1 181 976728 975864 4294966956 974096 974100 974084 950488 950240 26463344 797711 797702
797710 32 4294967295 0 128 1 182 976728 975864 4294966956 974096 974100 974084 950488 950240 26463344 797711 797710
797718 2147483680 4294967295 0 128 1 182 976732 975864 4294966956 974096 974100 974084 950488 950240 26463344 797711 797718
797702 2147483680 4294967295 0 128 1 182 976732 975864 4294966956 974096 974100 974084 950488 950240 26463344 797711 797702
797710 32 4294967295 0 128 1 183 976732 975864 4294966956 974096 974100 974084 950488 950240 26463344 797711 797710
797718 2147483680 4294967295 0 128 1 183 976736 975864 4294966956 974096 974100 974084 950488 950240 26463344 797711 797718
797702 2147483680 4294967295 0 128 1 183 976736 975864 4294966956 974096 974100 974084 950488 950240 26463344 797711 797702
797710 32 4294967295 0 128 1 184 976736 975864 4294966956 974096 974100 974084 950488 950240 26463344 797711 797710
797718 2147483680 4294967295 0 128 1 184 976740 975864 4294966956 974096 974100 974084 950488 950240 26463344 797711 797718
797702 2147483680 4294967295 0 128 1 184 976740 975864 4294966956 974096 974100 974084 950488 950240 26463344 797711 797702
797710 32 4294967295 0 128 1 185 976740 975864 4294966956 974096 974100 974084 950488 950240 26463344 797711 797710
797718 2147483680 4294967295 0 128 1 185 976744 975864 4294966956 974096 974100 974084 950488 950240 26463344 797711 797718
797702 2147483680 4294967295 0 128 1 185 976744 975864 4294966956 974096 974100 974084 950488 950240 26463344 797711 797702
797710 32 4294967295 0 128 1 186 976744 975864 4294966956 974096 974100 974084 950488 950240 26463344 797711 797710
797718 2147483680 4294967295 0 128 1 186 976748 975864 4294966956 974096 974100 974084 950488 950240 26463344 797711 797718
797702 2147483680 4294967295 0 128 1 186 976748 975864 4294966956 974096 974100 974084 950488 950240 26463344 797711 797702
797710 32 4294967295 0 128 1 187 976748 975864 4294966956 974096 974100 974084 950488 950240 26463344 797711 797710
797718 2147483680 4294967295 0 128 1 187 976752 975864 4294966956 974096 974100 974084 950488 950240 26463344 797711 797718
797702 2147483680 4294967295 0 128 1 187 976752 975864 4294966956 974096 974100 974084 950488 950240 26463344 797711 797702
797710 32 4294967295 0 128 1 188 976752 975864 4294966956 974096 974100 974084 950488 950240 26463344 797711 797710
797718 2147483680 4294967295 0 128 1 188 976756 975864 4294966956 974096 974100 974084 950488 950240 26463344 797711 797718
797702 2147483680 4294967295 0 128 1 188 976756 975864 4294966956 974096 974100 974084 950488 950240 26463344 797711 797702
797710 32 4294967295 0 128 1 189 976756 975864 4294966956 974096 974100 974084 950488 950240 26463344 797711 797710
797718 2147483680 4294967295 0 128 1 189 976760 975864 4294966956 974096 974100 974084 950488 950240 26463344 797711 797718
797702 2147483680 4294967295 0 128 1 189 976760 975864 4294966956 974096 974100 974084 950488 950240 26463344 797711 797702
797710 32 4294967295 0 128 1 190 976760 975864 4294966956 974096 974100 974084 950488 950240 26463344 797711 797710
797718 2147483680 4294967295 0 128 1 190 976764 975864 4294966956 974096 974100 974084 950488 950240 26463344 797711 797718
797702 2147483680 4294967295 0 128 1 190 976764 975864 4294966956 974096 974100 974084 950488 950240 26463344 797711 797702
797710 32 4294967295 0 128 1 191 976764 975864 4294966956 974096 974100 974084 950488 950240 26463344 797711 797710
797718 2147483680 4294967295 0 128 1 191 976768 975864 4294966956 974096 974100 974084 950488 950240 26463344 797711 797718
797702 2147483680 4294967295 0 128 1 191 976768 975864 4294966956 974096 974100 974084 950488 950240 26463344 797711 797702
797710 32 4294967295 0 128 1 192 976768 975864 4294966956 974096 974100 974084 950488 950240 26463344 797711 797710
797718 2147483680 4294967295 0 128 1 192 976772 975864 4294966956 974096 974100 974084 950488 950240 26463344 797711 797718
797702 2147483680 4294967295 0 128 1 192 976772 975864 4294966956 974096 974100 974084 950488 950240 26463344 797711 797702
797710 32 4294967295 0 128 1 193 976772 975864 4294966956 974096 974100 974084 950488 950240 26463344 797711 797710
797718 2147483680 4294967295 0 128 1 193 976776 975864 4294966956 974096 974100 974084 950488 950240 26463344 797711 797718
797702 2147483680 4294967295 0 128 1 193 976776 975864 4294966956 974096 974100 974084 950488 950240 26463344 797711 797702
797710 32 4294967295 0 128 1 194 976776 975864 4294966956 974096 974100 974084 950488 950240 26463344 797711 797710
797718 2147483680 4294967295 0 128 1 194 976780 975864 4294966956 974096 974100 974084 950488 950240 26463344 797711 797718
797702 2147483680 4294967295 0 128 1 194 976780 975864 4294966956 974096 974100 974084 950488 950240 26463344 797711 797702
797710 32 4294967295 0 128 1 195 976780 975864 4294966956 974096 974100 974084 950488 950240 26463344 797711 797710
797718 2147483680 4294967295 0 128 1 195 976784 975864 4294966956 974096 974100 974084 950488 950240 26463344 797711 797718
797702 2147483680 4294967295 0 128 1 195 976784 975864 4294966956 974096 974100 974084 950488 950240 26463344 797711 797702
797710 32 4294967295 0 128 1 196 976784 975864 4294966956 974096 974100 974084 950488 950240 26463344 797711 797710
797718 2147483680 4294967295 0 128 1 196 976788 975864 4294966956 974096 974100 974084 950488 950240 26463344 797711 797718
797702 2147483680 4294967295 0 128 1 196 976788 975864 4294966956 974096 974100 974084 950488 950240 26463344 797711 797702
797710 32 4294967295 0 128 1 197 976788 975864 4294966956 974096 974100 974084 950488 950240 26463344 797711 797710
797718 2147483680 4294967295 0 128 1 197 976792 975864 4294966956 974096 974100 974084 950488 950240 26463344 797711 797718
797702 2147483680 4294967295 0 128 1 197 976792 975864 4294966956 974096 974100 974084 950488 950240 26463344 797711 797702
797710 32 4294967295 0 128 1 198 976792 975864 4294966956 974096 974100 974084 950488 950240 26463344 797711 797710
797718 2147483680 4294967295 0 128 1 198 976796 975864 4294966956 974096 974100 974084 950488 950240 26463344 797711 797718
797702 2147483680 4294967295 0 128 1 198 976796 975864 4294966956 974096 974100 974084 950488 950240 26463344 797711 797702
797710 32 4294967295 0 128 1 199 976796 975864 4294966956 974096 974100 974084 950488 950240 26463344 797711 797710
797718 2147483680 4294967295 0 128 1 199 976800 975864 4294966956 974096 974100 974084 950488 950240 26463344 797711 797718
797702 2147483680 4294967295 0 128 1 199 976800 975864 4294966956 974096 974100 974084 950488 950240 26463344 797711 797702
797710 32 4294967295 0 128 1 200 976800 975864 4294966956 974096 974100 974084 950488 950240 26463344 797711 797710
797718 2147483680 4294967295 0 128 1 200 976804 975864 4294966956 974096 974100 974084 950488 950240 26463344 797711 797718
797702 2147483680 4294967295 0 128 1 200 976804 975864 4294966956 974096 974100 974084 950488 950240 26463344 797711 797702
797710 32 4294967295 0 128 1 201 976804 975864 4294966956 974096 974100 974084 950488 950240 26463344 797711 797710
797718 2147483680 4294967295 0 128 1 201 976808 975864 4294966956 974096 974100 974084 950488 950240 26463344 797711 797718
797702 2147483680 4294967295 0 128 1 201 976808 975864 4294966956 974096 974100 974084 950488 950240 26463344 797711 797702
797710 32 4294967295 0 128 1 202 976808 975864 4294966956 974096 974100 974084 950488 950240 26463344 797711 797710
797718 2147483680 4294967295 0 128 1 202 976812 975864 4294966956 974096 974100 974084 950488 950240 26463344 797711 797718
797702 2147483680 4294967295 0 128 1 202 976812 975864 4294966956 974096 974100 974084 950488 950240 26463344 797711 797702
797710 32 4294967295 0 128 1 203 976812 975864 4294966956 974096 974100 974084 950488 950240 26463344 797711 797710
797718 2147483680 4294967295 0 128 1 203 976816 975864 4294966956 974096 974100 974084 950488 950240 26463344 797711 797718
797702 2147483680 4294967295 0 128 1 203 976816 975864 4294966956 974096 974100 974084 950488 950240 26463344 797711 797702
797710 32 4294967295 0 128 1 204 976816 975864 4294966956 974096 974100 974084 950488 950240 26463344 797711 797710
797718 2147483680 4294967295 0 128 1 204 976820 975864 4294966956 974096 974100 974084 950488 950240 26463344 797711 797718
797702 2147483680 4294967295 0 128 1 204 976820 975864 4294966956 974096 974100 974084 950488 950240 26463344 797711 797702
797710 32 4294967295 0 128 1 205 976820 975864 4294966956 974096 974100 974084 950488 950240 26463344 797711 797710
797718 2147483680 4294967295 0 128 1 205 976824 975864 4294966956 974096 974100 974084 950488 950240 26463344 797711 797718
797702 2147483680 4294967295 0 128 1 205 976824 975864 4294966956 974096 974100 974084 950488 950240 26463344 797711 797702
797710 32 4294967295 0 128 1 206 976824 975864 4294966956 974096 974100 974084 950488 950240 26463344 797711 797710
797718 2147483680 4294967295 0 128 1 206 976828 975864 4294966956 974096 974100 974084 950488 950240 26463344 797711 797718
797702 2147483680 4294967295 0 128 1 206 976828 975864 4294966956 974096 974100 974084 950488 950240 26463344 797711 797702
797710 32 4294967295 0 128 1 207 976828 975864 4294966956 974096 974100 974084 950488 950240 26463344 797711 797710
797718 2147483680 4294967295 0 128 1 207 976832 975864 4294966956 974096 974100 974084 950488 950240 26463344 797711 797718
797702 2147483680 4294967295 0 128 1 207 976832 975864 4294966956 974096 974100 974084 950488 950240 26463344 797711 797702
797710 32 4294967295 0 128 1 208 976832 975864 4294966956 974096 974100 974084 950488 950240 26463344 797711 797710
797718 2147483680 4294967295 0 128 1 208 976836 975864 4294966956 974096 974100 974084 950488 950240 26463344 797711 797718
797702 2147483680 4294967295 0 128 1 208 976836 975864 4294966956 974096 974100 974084 950488 950240 26463344 797711 797702
797710 32 4294967295 0 128 1 209 976836 975864 4294966956 974096 974100 974084 950488 950240 26463344 797711 797710
797718 2147483680 4294967295 0 128 1 209 976840 975864 4294966956 974096 974100 974084 950488 950240 26463344 797711 797718
797702 2147483680 4294967295 0 128 1 209 976840 975864 4294966956 974096 974100 974084 950488 950240 26463344 797711 797702
797710 32 4294967295 0 128 1 210 976840 975864 4294966956 974096 974100 974084 950488 950240 26463344 797711 797710
797718 2147483680 4294967295 0 128 1 210 976844 975864 4294966956 974096 974100 974084 950488 950240 26463344 797711 797718
797702 2147483680 4294967295 0 128 1 210 976844 975864 4294966956 974096 974100 974084 950488 950240 26463344 797711 797702
797710 32 4294967295 0 128 1 211 976844 975864 4294966956 974096 974100 974084 950488 950240 26463344 797711 797710
797718 2147483680 4294967295 0 128 1 211 976848 975864 4294966956 974096 974100 974084 950488 950240 26463344 797711 797718
797702 2147483680 4294967295 0 128 1 211 976848 975864 4294966956 974096 974100 974084 950488 950240 26463344 797711 797702
797710 32 4294967295 0 128 1 212 976848 975864 4294966956 974096 974100 974084 950488 950240 26463344 797711 797710
797718 2147483680 4294967295 0 128 1 212 976852 975864 4294966956 974096 974100 974084 950488 950240 26463344 797711 797718
797702 2147483680 4294967295 0 128 1 212 976852 975864 4294966956 974096 974100 974084 950488 950240 26463344 797711 797702
797710 32 4294967295 0 128 1 213 976852 975864 4294966956 974096 974100 974084 950488 950240 26463344 797711 797710
797718 2147483680 4294967295 0 128 1 213 976856 975864 4294966956 974096 974100 974084 950488 950240 26463344 797711 797718
797702 2147483680 4294967295 0 128 1 213 976856 975864 4294966956 974096 974100 974084 950488 950240 26463344 797711 797702
797710 32 4294967295 0 128 1 214 976856 975864 4294966956 974096 974100 974084 950488 950240 26463344 797711 797710
797718 2147483680 4294967295 0 128 1 214 976860 975864 4294966956 974096 974100 974084 950488 950240 26463344 797711 797718
797702 2147483680 4294967295 0 128 1 214 976860 975864 4294966956 974096 974100 974084 950488 950240 26463344 797711 797702
797710 32 4294967295 0 128 1 215 976860 975864 4294966956 974096 974100 974084 950488 950240 26463344 797711 797710
797718 2147483680 4294967295 0 128 1 215 976864 975864 4294966956 974096 974100 974084 950488 950240 26463344 797711 797718
797702 2147483680 4294967295 0 128 1 215 976864 975864 4294966956 974096 974100 974084 950488 950240 26463344 797711 797702
797710 32 4294967295 0 128 1 216 976864 975864 4294966956 974096 974100 974084 950488 950240 26463344 797711 797710
797718 2147483680 4294967295 0 128 1 216 976868 975864 4294966956 974096 974100 974084 950488 950240 26463344 797711 797718
797702 2147483680 4294967295 0 128 1 216 976868 975864 4294966956 974096 974100 974084 950488 950240 26463344 797711 797702
797710 32 4294967295 0 128 1 217 976868 975864 4294966956 974096 974100 974084 950488 950240 26463344 797711 797710
797718 2147483680 4294967295 0 128 1 217 976872 975864 4294966956 974096 974100 974084 950488 950240 26463344 797711 797718
797702 2147483680 4294967295 0 128 1 217 976872 975864 4294966956 974096 974100 974084 950488 950240 26463344 797711 797702
797710 32 4294967295 0 128 1 218 976872 975864 4294966956 974096 974100 974084 950488 950240 26463344 797711 797710
797718 2147483680 4294967295 0 128 1 218 976876 975864 4294966956 974096 974100 974084 950488 950240 26463344 797711 797718
797702 2147483680 4294967295 0 128 1 218 976876 975864 4294966956 974096 974100 974084 950488 950240 26463344 797711 797702
797710 32 4294967295 0 128 1 219 976876 975864 4294966956 974096 974100 974084 950488 950240 26463344 797711 797710
797718 2147483680 4294967295 0 128 1 219 976880 975864 4294966956 974096 974100 974084 950488 950240 26463344 797711 797718
797702 2147483680 4294967295 0 128 1 219 976880 975864 4294966956 974096 974100 974084 950488 950240 26463344 797711 797702
797710 32 4294967295 0 128 1 220 976880 975864 4294966956 974096 974100 974084 950488 950240 26463344 797711 797710
797718 2147483680 4294967295 0 128 1 220 976884 975864 4294966956 974096 974100 974084 950488 950240 26463344 797711 797718
797702 2147483680 4294967295 0 128 1 220 976884 975864 4294966956 974096 974100 974084 950488 950240 26463344 797711 797702
797710 32 4294967295 0 128 1 221 976884 975864 4294966956 974096 974100 974084 950488 950240 26463344 797711 797710
797718 2147483680 4294967295 0 128 1 221 976888 975864 4294966956 974096 974100 974084 950488 950240 26463344 797711 797718
797702 2147483680 4294967295 0 128 1 221 976888 975864 4294966956 974096 974100 974084 950488 950240 26463344 797711 797702
797710 32 4294967295 0 128 1 222 976888 975864 4294966956 974096 974100 974084 950488 950240 26463344 797711 797710
797718 2147483680 4294967295 0 128 1 222 976892 975864 4294966956 974096 974100 974084 950488 950240 26463344 797711 797718
797702 2147483680 4294967295 0 128 1 222 976892 975864 4294966956 974096 974100 974084 950488 950240 26463344 797711 797702
797710 32 4294967295 0 128 1 223 976892 975864 4294966956 974096 974100 974084 950488 950240 26463344 797711 797710
797718 2147483680 4294967295 0 128 1 223 976896 975864 4294966956 974096 974100 974084 950488 950240 26463344 797711 797718
797702 2147483680 4294967295 0 128 1 223 976896 975864 4294966956 974096 974100 974084 950488 950240 26463344 797711 797702
797710 32 4294967295 0 128 1 224 976896 975864 4294966956 974096 974100 974084 950488 950240 26463344 797711 797710
797718 2147483680 4294967295 0 128 1 224 976900 975864 4294966956 974096 974100 974084 950488 950240 26463344 797711 797718
797702 2147483680 4294967295 0 128 1 224 976900 975864 4294966956 974096 974100 974084 950488 950240 26463344 797711 797702
797710 32 4294967295 0 128 1 225 976900 975864 4294966956 974096 974100 974084 950488 950240 26463344 797711 797710
797718 2147483680 4294967295 0 128 1 225 976904 975864 4294966956 974096 974100 974084 950488 950240 26463344 797711 797718
797702 2147483680 4294967295 0 128 1 225 976904 975864 4294966956 974096 974100 974084 950488 950240 26463344 797711 797702
797710 32 4294967295 0 128 1 226 976904 975864 4294966956 974096 974100 974084 950488 950240 26463344 797711 797710
797718 2147483680 4294967295 0 128 1 226 976908 975864 4294966956 974096 974100 974084 950488 950240 26463344 797711 797718
797702 2147483680 4294967295 0 128 1 226 976908 975864 4294966956 974096 974100 974084 950488 950240 26463344 797711 797702
797710 32 4294967295 0 128 1 227 976908 975864 4294966956 974096 974100 974084 950488 950240 26463344 797711 797710
797718 2147483680 4294967295 0 128 1 227 976912 975864 4294966956 974096 974100 974084 950488 950240 26463344 797711 797718
797702 2147483680 4294967295 0 128 1 227 976912 975864 4294966956 974096 974100 974084 950488 950240 26463344 797711 797702
797710 32 4294967295 0 128 1 228 976912 975864 4294966956 974096 974100 974084 950488 950240 26463344 797711 797710
797718 2147483680 4294967295 0 128 1 228 976916 975864 4294966956 974096 974100 974084 950488 950240 26463344 797711 797718
797702 2147483680 4294967295 0 128 1 228 976916 975864 4294966956 974096 974100 974084 950488 950240 26463344 797711 797702
797710 32 4294967295 0 128 1 229 976916 975864 4294966956 974096 974100 974084 950488 950240 26463344 797711 797710
797718 2147483680 4294967295 0 128 1 229 976920 975864 4294966956 974096 974100 974084 950488 950240 26463344 797711 797718
797702 2147483680 4294967295 0 128 1 229 976920 975864 4294966956 974096 974100 974084 950488 950240 26463344 797711 797702
797710 32 4294967295 0 128 1 230 976920 975864 4294966956 974096 974100 974084 950488 950240 26463344 797711 797710
797718 2147483680 4294967295 0 128 1 230 976924 975864 4294966956 974096 974100 974084 950488 950240 26463344 797711 797718
797702 2147483680 4294967295 0 128 1 230 976924 975864 4294966956 974096 974100 974084 950488 950240 26463344 797711 797702
797710 32 4294967295 0 128 1 231 976924 975864 4294966956 974096 974100 974084 950488 950240 26463344 797711 797710
797718 2147483680 4294967295 0 128 1 231 976928 975864 4294966956 974096 974100 974084 950488 950240 26463344 797711 797718
797702 2147483680 4294967295 0 128 1 231 976928 975864 4294966956 974096 974100 974084 950488 950240 26463344 797711 797702
797710 32 4294967295 0 128 1 232 976928 975864 4294966956 974096 974100 974084 950488 950240 26463344 797711 797710
797718 2147483680 4294967295 0 128 1 232 976932 975864 4294966956 974096 974100 974084 950488 950240 26463344 797711 797718
797702 2147483680 4294967295 0 128 1 232 976932 975864 4294966956 974096 974100 974084 950488 950240 26463344 797711 797702
797710 32 4294967295 0 128 1 233 976932 975864 4294966956 974096 974100 974084 950488 950240 26463344 797711 797710
797718 2147483680 4294967295 0 128 1 233 976936 975864 4294966956 974096 974100 974084 950488 950240 26463344 797711 797718
797702 2147483680 4294967295 0 128 1 233 976936 975864 4294966956 974096 974100 974084 950488 950240 26463344 797711 797702
797710 32 4294967295 0 128 1 234 976936 975864 4294966956 974096 974100 974084 950488 950240 26463344 797711 797710
797718 2147483680 4294967295 0 128 1 234 976940 975864 4294966956 974096 974100 974084 950488 950240 26463344 797711 797718
797702 2147483680 4294967295 0 128 1 234 976940 975864 4294966956 974096 974100 974084 950488 950240 26463344 797711 797702
797710 32 4294967295 0 128 1 235 976940 975864 4294966956 974096 974100 974084 950488 950240 26463344 797711 797710
797718 2147483680 4294967295 0 128 1 235 976944 975864 4294966956 974096 974100 974084 950488 950240 26463344 797711 797718
797702 2147483680 4294967295 0 128 1 235 976944 975864 4294966956 974096 974100 974084 950488 950240 26463344 797711 797702
797710 32 4294967295 0 128 1 236 976944 975864 4294966956 974096 974100 974084 950488 950240 26463344 797711 797710
797718 2147483680 4294967295 0 128 1 236 976948 975864 4294966956 974096 974100 974084 950488 950240 26463344 797711 797718
797702 2147483680 4294967295 0 128 1 236 976948 975864 4294966956 974096 974100 974084 950488 950240 26463344 797711 797702
797710 32 4294967295 0 128 1 237 976948 975864 4294966956 974096 974100 974084 950488 950240 26463344 797711 797710
797718 2147483680 4294967295 0 128 1 237 976952 975864 4294966956 974096 974100 974084 950488 950240 26463344 797711 797718
797702 2147483680 4294967295 0 128 1 237 976952 975864 4294966956 974096 974100 974084 950488 950240 26463344 797711 797702
797710 32 4294967295 0 128 1 238 976952 975864 4294966956 974096 974100 974084 950488 950240 26463344 797711 797710
797718 2147483680 4294967295 0 128 1 238 976956 975864 4294966956 974096 974100 974084 950488 950240 26463344 797711 797718
797702 2147483680 4294967295 0 128 1 238 976956 975864 4294966956 974096 974100 974084 950488 950240 26463344 797711 797702
797710 32 4294967295 0 128 1 239 976956 975864 4294966956 974096 974100 974084 950488 950240 26463344 797711 797710
797718 2147483680 4294967295 0 128 1 239 976960 975864 4294966956 974096 974100 974084 950488 950240 26463344 797711 797718
797702 2147483680 4294967295 0 128 1 239 976960 975864 4294966956 974096 974100 974084 950488 950240 26463344 797711 797702
797710 32 4294967295 0 128 1 240 976960 975864 4294966956 974096 974100 974084 950488 950240 26463344 797711 797710
797718 2147483680 4294967295 0 128 1 240 976964 975864 4294966956 974096 974100 974084 950488 950240 26463344 797711 797718
797702 2147483680 4294967295 0 128 1 240 976964 975864 4294966956 974096 974100 974084 950488 950240 26463344 797711 797702
797710 32 4294967295 0 128 1 241 976964 975864 4294966956 974096 974100 974084 950488 950240 26463344 797711 797710
797718 2147483680 4294967295 0 128 1 241 976968 975864 4294966956 974096 974100 974084 950488 950240 26463344 797711 797718
797702 2147483680 4294967295 0 128 1 241 976968 975864 4294966956 974096 974100 974084 950488 950240 26463344 797711 797702
797710 32 4294967295 0 128 1 242 976968 975864 4294966956 974096 974100 974084 950488 950240 26463344 797711 797710
797718 2147483680 4294967295 0 128 1 242 976972 975864 4294966956 974096 974100 974084 950488 950240 26463344 797711 797718
797702 2147483680 4294967295 0 128 1 242 976972 975864 4294966956 974096 974100 974084 950488 950240 26463344 797711 797702
797710 32 4294967295 0 128 1 243 976972 975864 4294966956 974096 974100 974084 950488 950240 26463344 797711 797710
797718 2147483680 4294967295 0 128 1 243 976976 975864 4294966956 974096 974100 974084 950488 950240 26463344 797711 797718
797702 2147483680 4294967295 0 128 1 243 976976 975864 4294966956 974096 974100 974084 950488 950240 26463344 797711 797702
797710 32 4294967295 0 128 1 244 976976 975864 4294966956 974096 974100 974084 950488 950240 26463344 797711 797710
797718 2147483680 4294967295 0 128 1 244 976980 975864 4294966956 974096 974100 974084 950488 950240 26463344 797711 797718
797702 2147483680 4294967295 0 128 1 244 976980 975864 4294966956 974096 974100 974084 950488 950240 26463344 797711 797702
797710 32 4294967295 0 128 1 245 976980 975864 4294966956 974096 974100 974084 950488 950240 26463344 797711 797710
797718 2147483680 4294967295 0 128 1 245 976984 975864 4294966956 974096 974100 974084 950488 950240 26463344 797711 797718
797702 2147483680 4294967295 0 128 1 245 976984 975864 4294966956 974096 974100 974084 950488 950240 26463344 797711 797702
797710 32 4294967295 0 128 1 246 976984 975864 4294966956 974096 974100 974084 950488 950240 26463344 797711 797710
797718 2147483680 4294967295 0 128 1 246 976988 975864 4294966956 974096 974100 974084 950488 950240 26463344 797711 797718
797702 2147483680 4294967295 0 128 1 246 976988 975864 4294966956 974096 974100 974084 950488 950240 26463344 797711 797702
797710 32 4294967295 0 128 1 247 976988 975864 4294966956 974096 974100 974084 950488 950240 26463344 797711 797710
797718 2147483680 4294967295 0 128 1 247 976992 975864 4294966956 974096 974100 974084 950488 950240 26463344 797711 797718
797702 2147483680 4294967295 0 128 1 247 976992 975864 4294966956 974096 974100 974084 950488 950240 26463344 797711 797702
797710 32 4294967295 0 128 1 248 976992 975864 4294966956 974096 974100 974084 950488 950240 26463344 797711 797710
797718 2147483680 4294967295 0 128 1 248 976996 975864 4294966956 974096 974100 974084 950488 950240 26463344 797711 797718
797702 2147483680 4294967295 0 128 1 248 976996 975864 4294966956 974096 974100 974084 950488 950240 26463344 797711 797702
797710 32 4294967295 0 128 1 249 976996 975864 4294966956 974096 974100 974084 950488 950240 26463344 797711 797710
797718 2147483680 4294967295 0 128 1 249 977000 975864 4294966956 974096 974100 974084 950488 950240 26463344 797711 797718
797702 2147483680 4294967295 0 128 1 249 977000 975864 4294966956 974096 974100 974084 950488 950240 26463344 797711 797702
797710 32 4294967295 0 128 1 250 977000 975864 4294966956 974096 974100 974084 950488 950240 26463344 797711 797710
797718 2147483680 4294967295 0 128 1 250 977004 975864 4294966956 974096 974100 974084 950488 950240 26463344 797711 797718
797702 2147483680 4294967295 0 128 1 250 977004 975864 4294966956 974096 974100 974084 950488 950240 26463344 797711 797702
797710 32 4294967295 0 128 1 251 977004 975864 4294966956 974096 974100 974084 950488 950240 26463344 797711 797710
797718 2147483680 4294967295 0 128 1 251 977008 975864 4294966956 974096 974100 974084 950488 950240 26463344 797711 797718
797702 2147483680 4294967295 0 128 1 251 977008 975864 4294966956 974096 974100 974084 950488 950240 26463344 797711 797702
797710 32 4294967295 0 128 1 252 977008 975864 4294966956 974096 974100 974084 950488 950240 26463344 797711 797710
797718 2147483680 4294967295 0 128 1 252 977012 975864 4294966956 974096 974100 974084 950488 950240 26463344 797711 797718
797702 2147483680 4294967295 0 128 1 252 977012 975864 4294966956 974096 974100 974084 950488 950240 26463344 797711 797702
797710 32 4294967295 0 128 1 253 977012 975864 4294966956 974096 974100 974084 950488 950240 26463344 797711 797710
797718 2147483680 4294967295 0 128 1 253 977016 975864 4294966956 974096 974100 974084 950488 950240 26463344 797711 797718
797702 2147483680 4294967295 0 128 1 253 977016 975864 4294966956 974096 974100 974084 950488 950240 26463344 797711 797702
797710 32 4294967295 0 128 1 254 977016 975864 4294966956 974096 974100 974084 950488 950240 26463344 797711 797710
797718 2147483680 4294967295 0 128 1 254 977020 975864 4294966956 974096 974100 974084 950488 950240 26463344 797711 797718
797702 2147483680 4294967295 0 128 1 254 977020 975864 4294966956 974096 974100 974084 950488 950240 26463344 797711 797702
797710 32 4294967295 0 128 1 255 977020 975864 4294966956 974096 974100 974084 950488 950240 26463344 797711 797710
797718 2147483680 4294967295 0 128 1 255 977024 975864 4294966956 974096 974100 974084 950488 950240 26463344 797711 797718
797702 2147483680 4294967295 0 128 1 255 977024 975864 4294966956 974096 974100 974084 950488 950240 26463344 797711 797702
797710 32 4294967295 0 128 1 256 977024 975864 4294966956 974096 974100 974084 950488 950240 26463344 797711 797710
797718 1610612768 4294967295 0 128 1 256 977028 975864 4294966956 974096 974100 974084 950488 950240 26463344 797711 797718
797720 1610612768 4294967295 0 128 1 256 977028 975864 4294966956 974096 974100 974084 950488 950240 26463344 797711 797720
797726 536870944 4294967295 0 128 1 0 975864 975864 1 974096 974100 974084 950488 950240 26463344 797711 797726
797742 32 975864 1 128 975864 1 975864 975864 1 974096 974100 974084 950488 950240 26463344 797711 797742
797746 1610612768 11 0 128 975864 1 975864 975864 1 974096 974100 974084 950488 950220 26463344 797747 797746
797756 2147483680 11 0 128 975864 1 975868 975864 1 974096 974100 974084 950488 950220 26463344 797747 797756
797726 2147483680 11 0 128 975864 1 975868 975864 1 974096 974100 974084 950488 950220 26463344 797747 797726
797742 32 975864 2 128 975865 2 975868 975864 1 974096 974100 974084 950488 950220 26463344 797747 797742
797746 1610612768 7 0 128 975865 2 975868 975864 1 974096 974100 974084 950488 950220 26463344 797747 797746
797756 2147483680 7 0 128 975865 2 975872 975864 1 974096 974100 974084 950488 950220 26463344 797747 797756
797726 2147483680 7 0 128 975865 2 975872 975864 1 974096 974100 974084 950488 950220 26463344 797747 797726
797742 32 975864 4 128 975866 3 975872 975864 1 974096 974100 974084 950488 950220 26463344 797747 797742
797746 1610612768 5 0 128 975866 3 975872 975864 1 974096 974100 974084 950488 950220 26463344 797747 797746
797756 2147483680 5 0 128 975866 3 975876 975864 1 974096 974100 974084 950488 950220 26463344 797747 797756
797726 2147483680 5 0 128 975866 3 975876 975864 1 974096 974100 974084 950488 950220 26463344 797747 797726
797742 32 975864 8 128 975867 4 975876 975864 1 974096 974100 974084 950488 950220 26463344 797747 797742
797746 1610612768 10 0 128 975867 4 975876 975864 1 974096 974100 974084 950488 950220 26463344 797747 797746
797756 2147483680 10 0 128 975867 4 975880 975864 1 974096 974100 974084 950488 950220 26463344 797747 797756
797726 2147483680 10 0 128 975867 4 975880 975864 1 974096 974100 974084 950488 950220 26463344 797747 797726
797742 32 975864 16 128 975868 5 975880 975864 1 974096 974100 974084 950488 950220 26463344 797747 797742
797746 1610612768 9 0 128 975868 5 975880 975864 1 974096 974100 974084 950488 950220 26463344 797747 797746
797756 2147483680 9 0 128 975868 5 975884 975864 1 974096 974100 974084 950488 950220 26463344 797747 797756
797726 2147483680 9 0 128 975868 5 975884 975864 1 974096 974100 974084 950488 950220 26463344 797747 797726
797742 32 975864 32 128 975869 6 975884 975864 1 974096 974100 974084 950488 950220 26463344 797747 797742
797746 1610612768 4 0 128 975869 6 975884 975864 1 974096 974100 974084 950488 950220 26463344 797747 797746
797756 2147483680 4 0 128 975869 6 975888 975864 1 974096 974100 974084 950488 950220 26463344 797747 797756
797726 2147483680 4 0 128 975869 6 975888 975864 1 974096 974100 974084 950488 950220 26463344 797747 797726
797742 32 975864 64 128 975870 7 975888 975864 1 974096 974100 974084 950488 950220 26463344 797747 797742
797746 1073741856 0 64 128 975870 7 975888 975864 1 974096 974100 974084 950488 950220 26463344 797747 797746
797756 2147483680 0 64 128 975870 7 975892 975864 1 974096 974100 974084 950488 950220 26463344 797747 797756
797726 2147483680 0 64 128 975870 7 975892 975864 1 974096 974100 974084 950488 950220 26463344 797747 797726
797742 32 975864 128 128 975871 8 975892 975864 1 974096 974100 974084 950488 950220 26463344 797747 797742
797746 1073741856 0 128 128 975871 8 975892 975864 1 974096 974100 974084 950488 950220 26463344 797747 797746
797756 2147483680 0 128 128 975871 8 975896 975864 1 974096 974100 974084 950488 950220 26463344 797747 797756
797726 2147483680 0 128 128 975871 8 975896 975864 1 974096 974100 974084 950488 950220 26463344 797747 797726
797742 32 975864 0 128 975872 9 975896 975864 1 974096 974100 974084 950488 950220 26463344 797747 797742
797746 1073741856 0 0 128 975872 9 975896 975864 1 974096 974100 974084 950488 950220 26463344 797747 797746
797756 2147483680 0 0 128 975872 9 975900 975864 1 974096 974100 974084 950488 950220 26463344 797747 797756
797726 2147483680 0 0 128 975872 9 975900 975864 1 974096 974100 974084 950488 950220 26463344 797747 797726
797742 32 975864 0 128 975873 10 975900 975864 1 974096 974100 974084 950488 950220 26463344 797747 797742
797746 1073741856 0 0 128 975873 10 975900 975864 1 974096 974100 974084 950488 950220 26463344 797747 797746
797756 2147483680 0 0 128 975873 10 975904 975864 1 974096 974100 974084 950488 950220 26463344 797747 797756
797726 2147483680 0 0 128 975873 10 975904 975864 1 974096 974100 974084 950488 950220 26463344 797747 797726
797742 32 975864 0 128 975874 11 975904 975864 1 974096 974100 974084 950488 950220 26463344 797747 797742
797746 1073741856 0 0 128 975874 11 975904 975864 1 974096 974100 974084 950488 950220 26463344 797747 797746
797756 2147483680 0 0 128 975874 11 975908 975864 1 974096 974100 974084 950488 950220 26463344 797747 797756
797726 2147483680 0 0 128 975874 11 975908 975864 1 974096 974100 974084 950488 950220 26463344 797747 797726
797742 32 975864 0 128 975875 12 975908 975864 1 974096 974100 974084 950488 950220 26463344 797747 797742
797746 1073741856 0 0 128 975875 12 975908 975864 1 974096 974100 974084 950488 950220 26463344 797747 797746
797756 2147483680 0 0 128 975875 12 975912 975864 1 974096 974100 974084 950488 950220 26463344 797747 797756
797726 2147483680 0 0 128 975875 12 975912 975864 1 974096 974100 974084 950488 950220 26463344 797747 797726
797742 32 975864 0 128 975876 13 975912 975864 1 974096 974100 974084 950488 950220 26463344 797747 797742
797746 1073741856 0 0 128 975876 13 975912 975864 1 974096 974100 974084 950488 950220 26463344 797747 797746
797756 2147483680 0 0 128 975876 13 975916 975864 1 974096 974100 974084 950488 950220 26463344 797747 797756
797726 2147483680 0 0 128 975876 13 975916 975864 1 974096 974100 974084 950488 950220 26463344 797747 797726
797742 32 975864 0 128 975877 14 975916 975864 1 974096 974100 974084 950488 950220 26463344 797747 797742
797746 1073741856 0 0 128 975877 14 975916 975864 1 974096 974100 974084 950488 950220 26463344 797747 797746
797756 2147483680 0 0 128 975877 14 975920 975864 1 974096 974100 974084 950488 950220 26463344 797747 797756
797726 2147483680 0 0 128 975877 14 975920 975864 1 974096 974100 974084 950488 950220 26463344 797747 797726
797742 32 975864 0 128 975878 15 975920 975864 1 974096 974100 974084 950488 950220 26463344 797747 797742
797746 1073741856 0 0 128 975878 15 975920 975864 1 974096 974100 974084 950488 950220 26463344 797747 797746
797756 2147483680 0 0 128 975878 15 975924 975864 1 974096 974100 974084 950488 950220 26463344 797747 797756
797726 2147483680 0 0 128 975878 15 975924 975864 1 974096 974100 974084 950488 950220 26463344 797747 797726
797742 32 975864 0 128 975879 16 975924 975864 1 974096 974100 974084 950488 950220 26463344 797747 797742
797746 1073741856 0 0 128 975879 16 975924 975864 1 974096 974100 974084 950488 950220 26463344 797747 797746
797756 1610612768 0 0 128 975879 16 975928 975864 1 974096 974100 974084 950488 950220 26463344 797747 797756
797758 1610612768 0 0 128 975879 16 975928 975864 1 974096 974100 974084 950488 950220 26463344 797747 797758
701360 536870944 14 15 977652 15 974152 974152 974244 4294966956 975864 974100 974084 950488 950220 26463352 701361 701360
701550 2147483680 14 15 977652 27 974152 974152 14 4294966956 975864 974100 974084 950488 950220 26463352 701361 701550
701562 2147483680 14 1 977652 975868 974152 974152 14 4294966956 975864 974100 974084 950488 950220 26463352 701361 701562
701568 32 14 2 0 975868 974152 974152 14 4294966956 975864 974100 974084 950488 950220 26463352 701361 701568
701572 1610612768 14 2 0 975868 974152 974152 14 4294966956 975864 974100 974084 950488 950220 26463352 701361 701572
701614 1610612768 0 2 0 975868 975440 974152 14 4294966956 975864 974100 974084 950488 950220 26463352 701361 701614
701620 1610612768 0 2 28 975868 975440 974152 14 4294966956 975864 974100 974084 950488 950220 26463352 701361 701620
701622 1610612768 0 2 28 975868 975440 974152 14 4294966956 975864 974100 974084 950488 950220 26463352 701361 701622
701640 1610612768 0 2 28 975868 0 974152 14 0 975864 974100 974084 950488 950220 26463352 701361 701640
701634 1610612768 0 2 28 977520 0 974152 0 0 975864 974100 974084 950488 950220 26463352 701361 701634
701640 536870944 0 2 28 977520 1 974152 0 0 975864 974100 974084 950488 950220 26463352 701361 701640
701634 1610612768 0 2 28 977520 1 974152 4 0 975864 974100 974084 950488 950220 26463352 701361 701634
701640 536870944 0 2 28 977520 2 974152 4 0 975864 974100 974084 950488 950220 26463352 701361 701640
701634 1610612768 0 2 28 977520 2 974152 8 0 975864 974100 974084 950488 950220 26463352 701361 701634
701640 536870944 0 2 28 977520 3 974152 8 0 975864 974100 974084 950488 950220 26463352 701361 701640
701634 1610612768 0 2 28 977520 3 974152 12 0 975864 974100 974084 950488 950220 26463352 701361 701634
701640 536870944 0 2 28 977520 4 974152 12 0 975864 974100 974084 950488 950220 26463352 701361 701640
701634 1610612768 0 2 28 977520 4 974152 16 0 975864 974100 974084 950488 950220 26463352 701361 701634
701640 536870944 0 2 28 977520 5 974152 16 0 975864 974100 974084 950488 950220 26463352 701361 701640
701634 1610612768 0 2 28 977520 5 974152 20 0 975864 974100 974084 950488 950220 26463352 701361 701634
701640 536870944 0 2 28 977520 6 974152 20 0 975864 974100 974084 950488 950220 26463352 701361 701640
701634 1610612768 0 2 28 977520 6 974152 24 0 975864 974100 974084 950488 950220 26463352 701361 701634
701640 536870944 0 2 28 977520 7 974152 24 0 975864 974100 974084 950488 950220 26463352 701361 701640
701634 1610612768 0 2 28 977520 7 974152 28 0 975864 974100 974084 950488 950220 26463352 701361 701634
701640 536870944 0 2 28 977520 8 974152 28 0 975864 974100 974084 950488 950220 26463352 701361 701640
701634 1610612768 0 2 28 977520 8 974152 32 0 975864 974100 974084 950488 950220 26463352 701361 701634
701640 536870944 0 2 28 977520 9 974152 32 0 975864 974100 974084 950488 950220 26463352 701361 701640
701634 1610612768 0 2 28 977520 9 974152 36 0 975864 974100 974084 950488 950220 26463352 701361 701634
701640 536870944 0 2 28 977520 10 974152 36 0 975864 974100 974084 950488 950220 26463352 701361 701640
701634 1610612768 0 2 28 977520 10 974152 40 0 975864 974100 974084 950488 950220 26463352 701361 701634
701640 536870944 0 2 28 977520 11 974152 40 0 975864 974100 974084 950488 950220 26463352 701361 701640
701634 1610612768 0 2 28 977520 11 974152 44 0 975864 974100 974084 950488 950220 26463352 701361 701634
701640 536870944 0 2 28 977520 12 974152 44 0 975864 974100 974084 950488 950220 26463352 701361 701640
701634 1610612768 0 2 28 977520 12 974152 48 0 975864 974100 974084 950488 950220 26463352 701361 701634
701640 536870944 0 2 28 977520 13 974152 48 0 975864 974100 974084 950488 950220 26463352 701361 701640
701634 1610612768 0 2 28 977520 13 974152 52 0 975864 974100 974084 950488 950220 26463352 701361 701634
701640 536870944 0 2 28 977520 14 974152 52 0 975864 974100 974084 950488 950220 26463352 701361 701640
701634 1610612768 0 2 28 977520 14 974152 56 0 975864 974100 974084 950488 950220 26463352 701361 701634
701640 536870944 0 2 28 977520 15 974152 56 0 975864 974100 974084 950488 950220 26463352 701361 701640
701634 1610612768 0 2 28 977520 15 974152 60 0 975864 974100 974084 950488 950220 26463352 701361 701634
701640 536870944 0 2 28 977520 16 974152 60 0 975864 974100 974084 950488 950220 26463352 701361 701640
701634 1610612768 0 2 28 977520 16 974152 64 0 975864 974100 974084 950488 950220 26463352 701361 701634
701640 536870944 0 2 28 977520 17 974152 64 0 975864 974100 974084 950488 950220 26463352 701361 701640
701634 1610612768 0 2 28 977520 17 974152 68 0 975864 974100 974084 950488 950220 26463352 701361 701634
701640 536870944 0 2 28 977520 18 974152 68 0 975864 974100 974084 950488 950220 26463352 701361 701640
701634 1610612768 0 2 28 977520 18 974152 72 0 975864 974100 974084 950488 950220 26463352 701361 701634
701640 536870944 0 2 28 977520 19 974152 72 0 975864 974100 974084 950488 950220 26463352 701361 701640
701634 1610612768 0 2 28 977520 19 974152 76 0 975864 974100 974084 950488 950220 26463352 701361 701634
701640 536870944 0 2 28 977520 20 974152 76 0 975864 974100 974084 950488 950220 26463352 701361 701640
701634 1610612768 0 2 28 977520 20 974152 80 0 975864 974100 974084 950488 950220 26463352 701361 701634
701640 536870944 0 2 28 977520 21 974152 80 0 975864 974100 974084 950488 950220 26463352 701361 701640
701634 1610612768 0 2 28 977520 21 974152 84 0 975864 974100 974084 950488 950220 26463352 701361 701634
701640 536870944 0 2 28 977520 22 974152 84 0 975864 974100 974084 950488 950220 26463352 701361 701640
701634 1610612768 0 2 28 977520 22 974152 88 0 975864 974100 974084 950488 950220 26463352 701361 701634
701640 536870944 0 2 28 977520 23 974152 88 0 975864 974100 974084 950488 950220 26463352 701361 701640
701634 1610612768 0 2 28 977520 23 974152 92 0 975864 974100 974084 950488 950220 26463352 701361 701634
701640 536870944 0 2 28 977520 24 974152 92 0 975864 974100 974084 950488 950220 26463352 701361 701640
701634 1610612768 0 2 28 977520 24 974152 96 0 975864 974100 974084 950488 950220 26463352 701361 701634
701640 536870944 0 2 28 977520 25 974152 96 0 975864 974100 974084 950488 950220 26463352 701361 701640
701634 1610612768 0 2 28 977520 25 974152 100 0 975864 974100 974084 950488 950220 26463352 701361 701634
701640 536870944 0 2 28 977520 26 974152 100 0 975864 974100 974084 950488 950220 26463352 701361 701640
701634 1610612768 0 2 28 977520 26 974152 104 0 975864 974100 974084 950488 950220 26463352 701361 701634
701640 536870944 0 2 28 977520 27 974152 104 0 975864 974100 974084 950488 950220 26463352 701361 701640
701634 1610612768 0 2 28 977520 27 974152 108 0 975864 974100 974084 950488 950220 26463352 701361 701634
701694 1610612768 0 2 28 977520 28 974152 108 0 975864 974100 974084 950488 950220 26463352 701361 701694
701360 536870944 15 16 977652 16 974152 974152 974244 4294966956 977320 974100 974084 950488 950104 26463352 701361 701360
701550 2147483680 15 16 977652 27 974152 974152 15 4294966956 977320 974100 974084 950488 950104 26463352 701361 701550
701562 2147483680 15 1 977652 977324 974152 974152 15 4294966956 977320 974100 974084 950488 950104 26463352 701361 701562
701568 32 15 2 0 977324 974152 974152 15 4294966956 977320 974100 974084 950488 950104 26463352 701361 701568
701572 1610612768 15 2 0 977324 974152 974152 15 4294966956 977320 974100 974084 950488 950104 26463352 701361 701572
701614 1610612768 0 2 0 977324 975440 974152 15 4294966956 977320 974100 974084 950488 950104 26463352 701361 701614
701620 1610612768 0 2 28 977324 975440 974152 15 4294966956 977320 974100 974084 950488 950104 26463352 701361 701620
701622 1610612768 0 2 28 977324 975440 974152 15 4294966956 977320 974100 974084 950488 950104 26463352 701361 701622
701640 1610612768 0 2 28 977324 0 974152 15 0 977320 974100 974084 950488 950104 26463352 701361 701640
701634 1610612768 0 2 28 977520 0 974152 0 0 977320 974100 974084 950488 950104 26463352 701361 701634
701640 536870944 0 2 28 977520 1 974152 0 0 977320 974100 974084 950488 950104 26463352 701361 701640
701634 1610612768 0 2 28 977520 1 974152 4 0 977320 974100 974084 950488 950104 26463352 701361 701634
701640 536870944 0 2 28 977520 2 974152 4 0 977320 974100 974084 950488 950104 26463352 701361 701640
701634 1610612768 0 2 28 977520 2 974152 8 0 977320 974100 974084 950488 950104 26463352 701361 701634
701640 536870944 0 2 28 977520 3 974152 8 0 977320 974100 974084 950488 950104 26463352 701361 701640
701634 1610612768 0 2 28 977520 3 974152 12 0 977320 974100 974084 950488 950104 26463352 701361 701634
701640 536870944 0 2 28 977520 4 974152 12 0 977320 974100 974084 950488 950104 26463352 701361 701640
701634 1610612768 0 2 28 977520 4 974152 16 0 977320 974100 974084 950488 950104 26463352 701361 701634
701640 536870944 0 2 28 977520 5 974152 16 0 977320 974100 974084 950488 950104 26463352 701361 701640
701634 1610612768 0 2 28 977520 5 974152 20 0 977320 974100 974084 950488 950104 26463352 701361 701634
701640 536870944 0 2 28 977520 6 974152 20 0 977320 974100 974084 950488 950104 26463352 701361 701640
701634 1610612768 0 2 28 977520 6 974152 24 0 977320 974100 974084 950488 950104 26463352 701361 701634
701640 536870944 0 2 28 977520 7 974152 24 0 977320 974100 974084 950488 950104 26463352 701361 701640
701634 1610612768 0 2 28 977520 7 974152 28 0 977320 974100 974084 950488 950104 26463352 701361 701634
701640 536870944 0 2 28 977520 8 974152 28 0 977320 974100 974084 950488 950104 26463352 701361 701640
701634 1610612768 0 2 28 977520 8 974152 32 0 977320 974100 974084 950488 950104 26463352 701361 701634
701640 536870944 0 2 28 977520 9 974152 32 0 977320 974100 974084 950488 950104 26463352 701361 701640
701634 1610612768 0 2 28 977520 9 974152 36 0 977320 974100 974084 950488 950104 26463352 701361 701634
701640 536870944 0 2 28 977520 10 974152 36 0 977320 974100 974084 950488 950104 26463352 701361 701640
701634 1610612768 0 2 28 977520 10 974152 40 0 977320 974100 974084 950488 950104 26463352 701361 701634
701640 536870944 0 2 28 977520 11 974152 40 0 977320 974100 974084 950488 950104 26463352 701361 701640
701634 1610612768 0 2 28 977520 11 974152 44 0 977320 974100 974084 950488 950104 26463352 701361 701634
701640 536870944 0 2 28 977520 12 974152 44 0 977320 974100 974084 950488 950104 26463352 701361 701640
701634 1610612768 0 2 28 977520 12 974152 48 0 977320 974100 974084 950488 950104 26463352 701361 701634
701640 536870944 0 2 28 977520 13 974152 48 0 977320 974100 974084 950488 950104 26463352 701361 701640
701634 1610612768 0 2 28 977520 13 974152 52 0 977320 974100 974084 950488 950104 26463352 701361 701634
701640 536870944 0 2 28 977520 14 974152 52 0 977320 974100 974084 950488 950104 26463352 701361 701640
701634 1610612768 0 2 28 977520 14 974152 56 0 977320 974100 974084 950488 950104 26463352 701361 701634
701640 536870944 0 2 28 977520 15 974152 56 0 977320 974100 974084 950488 950104 26463352 701361 701640
701634 1610612768 0 2 28 977520 15 974152 60 0 977320 974100 974084 950488 950104 26463352 701361 701634
701640 536870944 0 2 28 977520 16 974152 60 0 977320 974100 974084 950488 950104 26463352 701361 701640
701634 1610612768 0 2 28 977520 16 974152 64 0 977320 974100 974084 950488 950104 26463352 701361 701634
701640 536870944 0 2 28 977520 17 974152 64 0 977320 974100 974084 950488 950104 26463352 701361 701640
701634 1610612768 0 2 28 977520 17 974152 68 0 977320 974100 974084 950488 950104 26463352 701361 701634
701640 536870944 0 2 28 977520 18 974152 68 0 977320 974100 974084 950488 950104 26463352 701361 701640
701634 1610612768 0 2 28 977520 18 974152 72 0 977320 974100 974084 950488 950104 26463352 701361 701634
701640 536870944 0 2 28 977520 19 974152 72 0 977320 974100 974084 950488 950104 26463352 701361 701640
701634 1610612768 0 2 28 977520 19 974152 76 0 977320 974100 974084 950488 950104 26463352 701361 701634
701640 536870944 0 2 28 977520 20 974152 76 0 977320 974100 974084 950488 950104 26463352 701361 701640
701634 1610612768 0 2 28 977520 20 974152 80 0 977320 974100 974084 950488 950104 26463352 701361 701634
701640 536870944 0 2 28 977520 21 974152 80 0 977320 974100 974084 950488 950104 26463352 701361 701640
701634 1610612768 0 2 28 977520 21 974152 84 0 977320 974100 974084 950488 950104 26463352 701361 701634
701640 536870944 0 2 28 977520 22 974152 84 0 977320 974100 974084 950488 950104 26463352 701361 701640
701634 1610612768 0 2 28 977520 22 974152 88 0 977320 974100 974084 950488 950104 26463352 701361 701634
701640 536870944 0 2 28 977520 23 974152 88 0 977320 974100 974084 950488 950104 26463352 701361 701640
701634 1610612768 0 2 28 977520 23 974152 92 0 977320 974100 974084 950488 950104 26463352 701361 701634
701640 536870944 0 2 28 977520 24 974152 92 0 977320 974100 974084 950488 950104 26463352 701361 701640
701634 1610612768 0 2 28 977520 24 974152 96 0 977320 974100 974084 950488 950104 26463352 701361 701634
701640 536870944 0 2 28 977520 25 974152 96 0 977320 974100 974084 950488 950104 26463352 701361 701640
701634 1610612768 0 2 28 977520 25 974152 100 0 977320 974100 974084 950488 950104 26463352 701361 701634
701640 536870944 0 2 28 977520 26 974152 100 0 977320 974100 974084 950488 950104 26463352 701361 701640
701634 1610612768 0 2 28 977520 26 974152 104 0 977320 974100 974084 950488 950104 26463352 701361 701634
701640 536870944 0 2 28 977520 27 974152 104 0 977320 974100 974084 950488 950104 26463352 701361 701640
701634 1610612768 0 2 28 977520 27 974152 108 0 977320 974100 974084 950488 950104 26463352 701361 701634
701694 1610612768 0 2 28 977520 28 974152 108 0 977320 974100 974084 950488 950104 26463352 701361 701694
701360 536870944 16 17 977652 17 974152 974152 1 0 974188 974100 974084 4294966976 950104 26463352 701361 701360
701550 2147483680 16 17 977652 27 974152 974152 16 0 974188 974100 974084 4294966976 950104 26463352 701361 701550
701562 2147483680 16 1 977652 974192 974152 974152 16 0 974188 974100 974084 4294966976 950104 26463352 701361 701562
701568 32 16 2 0 974192 974152 974152 16 0 974188 974100 974084 4294966976 950104 26463352 701361 701568
701572 1610612768 16 2 0 974192 974152 974152 16 0 974188 974100 974084 4294966976 950104 26463352 701361 701572
701614 1610612768 0 2 0 974192 975440 974152 16 0 974188 974100 974084 4294966976 950104 26463352 701361 701614
701620 1610612768 0 2 28 974192 975440 974152 16 0 974188 974100 974084 4294966976 950104 26463352 701361 701620
701622 1610612768 0 2 28 974192 975440 974152 16 0 974188 974100 974084 4294966976 950104 26463352 701361 701622
701640 1610612768 0 2 28 974192 0 974152 16 0 974188 974100 974084 4294966976 950104 26463352 701361 701640
701634 1610612768 0 2 28 977520 0 974152 0 0 974188 974100 974084 4294966976 950104 26463352 701361 701634
701640 536870944 0 2 28 977520 1 974152 0 0 974188 974100 974084 4294966976 950104 26463352 701361 701640
701634 1610612768 0 2 28 977520 1 974152 4 0 974188 974100 974084 4294966976 950104 26463352 701361 701634
701640 536870944 0 2 28 977520 2 974152 4 0 974188 974100 974084 4294966976 950104 26463352 701361 701640
701634 1610612768 0 2 28 977520 2 974152 8 0 974188 974100 974084 4294966976 950104 26463352 701361 701634
701640 536870944 0 2 28 977520 3 974152 8 0 974188 974100 974084 4294966976 950104 26463352 701361 701640
701634 1610612768 0 2 28 977520 3 974152 12 0 974188 974100 974084 4294966976 950104 26463352 701361 701634
701640 536870944 0 2 28 977520 4 974152 12 0 974188 974100 974084 4294966976 950104 26463352 701361 701640
701634 1610612768 0 2 28 977520 4 974152 16 0 974188 974100 974084 4294966976 950104 26463352 701361 701634
701640 536870944 0 2 28 977520 5 974152 16 0 974188 974100 974084 4294966976 950104 26463352 701361 701640
701634 1610612768 0 2 28 977520 5 974152 20 0 974188 974100 974084 4294966976 950104 26463352 701361 701634
701640 536870944 0 2 28 977520 6 974152 20 0 974188 974100 974084 4294966976 950104 26463352 701361 701640
701634 1610612768 0 2 28 977520 6 974152 24 0 974188 974100 974084 4294966976 950104 26463352 701361 701634
701640 536870944 0 2 28 977520 7 974152 24 0 974188 974100 974084 4294966976 950104 26463352 701361 701640
701634 1610612768 0 2 28 977520 7 974152 28 0 974188 974100 974084 4294966976 950104 26463352 701361 701634
701640 536870944 0 2 28 977520 8 974152 28 0 974188 974100 974084 4294966976 950104 26463352 701361 701640
701634 1610612768 0 2 28 977520 8 974152 32 0 974188 974100 974084 4294966976 950104 26463352 701361 701634
701640 536870944 0 2 28 977520 9 974152 32 0 974188 974100 974084 4294966976 950104 26463352 701361 701640
701634 1610612768 0 2 28 977520 9 974152 36 0 974188 974100 974084 4294966976 950104 26463352 701361 701634
701640 536870944 0 2 28 977520 10 974152 36 0 974188 974100 974084 4294966976 950104 26463352 701361 701640
701634 1610612768 0 2 28 977520 10 974152 40 0 974188 974100 974084 4294966976 950104 26463352 701361 701634
701640 536870944 0 2 28 977520 11 974152 40 0 974188 974100 974084 4294966976 950104 26463352 701361 701640
701634 1610612768 0 2 28 977520 11 974152 44 0 974188 974100 974084 4294966976 950104 26463352 701361 701634
701640 536870944 0 2 28 977520 12 974152 44 0 974188 974100 974084 4294966976 950104 26463352 701361 701640
701634 1610612768 0 2 28 977520 12 974152 48 0 974188 974100 974084 4294966976 950104 26463352 701361 701634
701640 536870944 0 2 28 977520 13 974152 48 0 974188 974100 974084 4294966976 950104 26463352 701361 701640
701634 1610612768 0 2 28 977520 13 974152 52 0 974188 974100 974084 4294966976 950104 26463352 701361 701634
701640 536870944 0 2 28 977520 14 974152 52 0 974188 974100 974084 4294966976 950104 26463352 701361 701640
701634 1610612768 0 2 28 977520 14 974152 56 0 974188 974100 974084 4294966976 950104 26463352 701361 701634
701640 536870944 0 2 28 977520 15 974152 56 0 974188 974100 974084 4294966976 950104 26463352 701361 701640
701634 1610612768 0 2 28 977520 15 974152 60 0 974188 974100 974084 4294966976 950104 26463352 701361 701634
701640 536870944 0 2 28 977520 16 974152 60 0 974188 974100 974084 4294966976 950104 26463352 701361 701640
701634 1610612768 0 2 28 977520 16 974152 64 0 974188 974100 974084 4294966976 950104 26463352 701361 701634
701640 536870944 0 2 28 977520 17 974152 64 0 974188 974100 974084 4294966976 950104 26463352 701361 701640
701634 1610612768 0 2 28 977520 17 974152 68 0 974188 974100 974084 4294966976 950104 26463352 701361 701634
701640 536870944 0 2 28 977520 18 974152 68 0 974188 974100 974084 4294966976 950104 26463352 701361 701640
701634 1610612768 0 2 28 977520 18 974152 72 0 974188 974100 974084 4294966976 950104 26463352 701361 701634
701640 536870944 0 2 28 977520 19 974152 72 0 974188 974100 974084 4294966976 950104 26463352 701361 701640
701634 1610612768 0 2 28 977520 19 974152 76 0 974188 974100 974084 4294966976 950104 26463352 701361 701634
701640 536870944 0 2 28 977520 20 974152 76 0 974188 974100 974084 4294966976 950104 26463352 701361 701640
701634 1610612768 0 2 28 977520 20 974152 80 0 974188 974100 974084 4294966976 950104 26463352 701361 701634
701640 536870944 0 2 28 977520 21 974152 80 0 974188 974100 974084 4294966976 950104 26463352 701361 701640
701634 1610612768 0 2 28 977520 21 974152 84 0 974188 974100 974084 4294966976 950104 26463352 701361 701634
701640 536870944 0 2 28 977520 22 974152 84 0 974188 974100 974084 4294966976 950104 26463352 701361 701640
701634 1610612768 0 2 28 977520 22 974152 88 0 974188 974100 974084 4294966976 950104 26463352 701361 701634
701640 536870944 0 2 28 977520 23 974152 88 0 974188 974100 974084 4294966976 950104 26463352 701361 701640
701634 1610612768 0 2 28 977520 23 974152 92 0 974188 974100 974084 4294966976 950104 26463352 701361 701634
701640 536870944 0 2 28 977520 24 974152 92 0 974188 974100 974084 4294966976 950104 26463352 701361 701640
701634 1610612768 0 2 28 977520 24 974152 96 0 974188 974100 974084 4294966976 950104 26463352 701361 701634
701640 536870944 0 2 28 977520 25 974152 96 0 974188 974100 974084 4294966976 950104 26463352 701361 701640
701634 1610612768 0 2 28 977520 25 974152 100 0 974188 974100 974084 4294966976 950104 26463352 701361 701634
701640 536870944 0 2 28 977520 26 974152 100 0 974188 974100 974084 4294966976 950104 26463352 701361 701640
701634 1610612768 0 2 28 977520 26 974152 104 0 974188 974100 974084 4294966976 950104 26463352 701361 701634
701640 536870944 0 2 28 977520 27 974152 104 0 974188 974100 974084 4294966976 950104 26463352 701361 701640
701634 1610612768 0 2 28 977520 27 974152 108 0 974188 974100 974084 4294966976 950104 26463352 701361 701634
701694 1610612768 0 2 28 977520 28 974152 108 0 974188 974100 974084 4294966976 950104 26463352 701361 701694
701360 536870944 17 18 977652 18 974152 974152 1 4294966988 975580 974100 974084 4294966976 950104 26463352 701361 701360
701550 2147483680 17 18 977652 27 974152 974152 17 4294966988 975580 974100 974084 4294966976 950104 26463352 701361 701550
701562 2147483680 17 1 977652 975584 974152 974152 17 4294966988 975580 974100 974084 4294966976 950104 26463352 701361 701562
701568 32 17 2 0 975584 974152 974152 17 4294966988 975580 974100 974084 4294966976 950104 26463352 701361 701568
701572 1610612768 17 2 0 975584 974152 974152 17 4294966988 975580 974100 974084 4294966976 950104 26463352 701361 701572
701614 1610612768 0 2 0 975584 975440 974152 17 4294966988 975580 974100 974084 4294966976 950104 26463352 701361 701614
701620 1610612768 0 2 28 975584 975440 974152 17 4294966988 975580 974100 974084 4294966976 950104 26463352 701361 701620
701622 1610612768 0 2 28 975584 975440 974152 17 4294966988 975580 974100 974084 4294966976 950104 26463352 701361 701622
701640 1610612768 0 2 28 975584 0 974152 17 0 975580 974100 974084 4294966976 950104 26463352 701361 701640
701634 1610612768 0 2 28 977520 0 974152 0 0 975580 974100 974084 4294966976 950104 26463352 701361 701634
701640 536870944 0 2 28 977520 1 974152 0 0 975580 974100 974084 4294966976 950104 26463352 701361 701640
701634 1610612768 0 2 28 977520 1 974152 4 0 975580 974100 974084 4294966976 950104 26463352 701361 701634
701640 536870944 0 2 28 977520 2 974152 4 0 975580 974100 974084 4294966976 950104 26463352 701361 701640
701634 1610612768 0 2 28 977520 2 974152 8 0 975580 974100 974084 4294966976 950104 26463352 701361 701634
701640 536870944 0 2 28 977520 3 974152 8 0 975580 974100 974084 4294966976 950104 26463352 701361 701640
701634 1610612768 0 2 28 977520 3 974152 12 0 975580 974100 974084 4294966976 950104 26463352 701361 701634
701640 536870944 0 2 28 977520 4 974152 12 0 975580 974100 974084 4294966976 950104 26463352 701361 701640
701634 1610612768 0 2 28 977520 4 974152 16 0 975580 974100 974084 4294966976 950104 26463352 701361 701634
701640 536870944 0 2 28 977520 5 974152 16 0 975580 974100 974084 4294966976 950104 26463352 701361 701640
701634 1610612768 0 2 28 977520 5 974152 20 0 975580 974100 974084 4294966976 950104 26463352 701361 701634
701640 536870944 0 2 28 977520 6 974152 20 0 975580 974100 974084 4294966976 950104 26463352 701361 701640
701634 1610612768 0 2 28 977520 6 974152 24 0 975580 974100 974084 4294966976 950104 26463352 701361 701634
701640 536870944 0 2 28 977520 7 974152 24 0 975580 974100 974084 4294966976 950104 26463352 701361 701640
701634 1610612768 0 2 28 977520 7 974152 28 0 975580 974100 974084 4294966976 950104 26463352 701361 701634
701640 536870944 0 2 28 977520 8 974152 28 0 975580 974100 974084 4294966976 950104 26463352 701361 701640
701634 1610612768 0 2 28 977520 8 974152 32 0 975580 974100 974084 4294966976 950104 26463352 701361 701634
701640 536870944 0 2 28 977520 9 974152 32 0 975580 974100 974084 4294966976 950104 26463352 701361 701640
701634 1610612768 0 2 28 977520 9 974152 36 0 975580 974100 974084 4294966976 950104 26463352 701361 701634
701640 536870944 0 2 28 977520 10 974152 36 0 975580 974100 974084 4294966976 950104 26463352 701361 701640
701634 1610612768 0 2 28 977520 10 974152 40 0 975580 974100 974084 4294966976 950104 26463352 701361 701634
701640 536870944 0 2 28 977520 11 974152 40 0 975580 974100 974084 4294966976 950104 26463352 701361 701640
701634 1610612768 0 2 28 977520 11 974152 44 0 975580 974100 974084 4294966976 950104 26463352 701361 701634
701640 536870944 0 2 28 977520 12 974152 44 0 975580 974100 974084 4294966976 950104 26463352 701361 701640
701634 1610612768 0 2 28 977520 12 974152 48 0 975580 974100 974084 4294966976 950104 26463352 701361 701634
701640 536870944 0 2 28 977520 13 974152 48 0 975580 974100 974084 4294966976 950104 26463352 701361 701640
701634 1610612768 0 2 28 977520 13 974152 52 0 975580 974100 974084 4294966976 950104 26463352 701361 701634
701640 536870944 0 2 28 977520 14 974152 52 0 975580 974100 974084 4294966976 950104 26463352 701361 701640
701634 1610612768 0 2 28 977520 14 974152 56 0 975580 974100 974084 4294966976 950104 26463352 701361 701634
701640 536870944 0 2 28 977520 15 974152 56 0 975580 974100 974084 4294966976 950104 26463352 701361 701640
701634 1610612768 0 2 28 977520 15 974152 60 0 975580 974100 974084 4294966976 950104 26463352 701361 701634
701640 536870944 0 2 28 977520 16 974152 60 0 975580 974100 974084 4294966976 950104 26463352 701361 701640
701634 1610612768 0 2 28 977520 16 974152 64 0 975580 974100 974084 4294966976 950104 26463352 701361 701634
701640 536870944 0 2 28 977520 17 974152 64 0 975580 974100 974084 4294966976 950104 26463352 701361 701640
701634 1610612768 0 2 28 977520 17 974152 68 0 975580 974100 974084 4294966976 950104 26463352 701361 701634
701640 536870944 0 2 28 977520 18 974152 68 0 975580 974100 974084 4294966976 950104 26463352 701361 701640
701634 1610612768 0 2 28 977520 18 974152 72 0 975580 974100 974084 4294966976 950104 26463352 701361 701634
701640 536870944 0 2 28 977520 19 974152 72 0 975580 974100 974084 4294966976 950104 26463352 701361 701640
701634 1610612768 0 2 28 977520 19 974152 76 0 975580 974100 974084 4294966976 950104 26463352 701361 701634
701640 536870944 0 2 28 977520 20 974152 76 0 975580 974100 974084 4294966976 950104 26463352 701361 701640
701634 1610612768 0 2 28 977520 20 974152 80 0 975580 974100 974084 4294966976 950104 26463352 701361 701634
701640 536870944 0 2 28 977520 21 974152 80 0 975580 974100 974084 4294966976 950104 26463352 701361 701640
701634 1610612768 0 2 28 977520 21 974152 84 0 975580 974100 974084 4294966976 950104 26463352 701361 701634
701640 536870944 0 2 28 977520 22 974152 84 0 975580 974100 974084 4294966976 950104 26463352 701361 701640
701634 1610612768 0 2 28 977520 22 974152 88 0 975580 974100 974084 4294966976 950104 26463352 701361 701634
701640 536870944 0 2 28 977520 23 974152 88 0 975580 974100 974084 4294966976 950104 26463352 701361 701640
701634 1610612768 0 2 28 977520 23 974152 92 0 975580 974100 974084 4294966976 950104 26463352 701361 701634
701640 536870944 0 2 28 977520 24 974152 92 0 975580 974100 974084 4294966976 950104 26463352 701361 701640
701634 1610612768 0 2 28 977520 24 974152 96 0 975580 974100 974084 4294966976 950104 26463352 701361 701634
701640 536870944 0 2 28 977520 25 974152 96 0 975580 974100 974084 4294966976 950104 26463352 701361 701640
701634 1610612768 0 2 28 977520 25 974152 100 0 975580 974100 974084 4294966976 950104 26463352 701361 701634
701640 536870944 0 2 28 977520 26 974152 100 0 975580 974100 974084 4294966976 950104 26463352 701361 701640
701634 1610612768 0 2 28 977520 26 974152 104 0 975580 974100 974084 4294966976 950104 26463352 701361 701634
701640 536870944 0 2 28 977520 27 974152 104 0 975580 974100 974084 4294966976 950104 26463352 701361 701640
701634 1610612768 0 2 28 977520 27 974152 108 0 975580 974100 974084 4294966976 950104 26463352 701361 701634
701694 1610612768 0 2 28 977520 28 974152 108 0 975580 974100 974084 4294966976 950104 26463352 701361 701694
701360 536870944 18 19 977652 19 974152 974152 1 4294966996 974236 974100 974084 4294966976 950104 26463352 701361 701360
701550 2147483680 18 19 977652 27 974152 974152 18 4294966996 974236 974100 974084 4294966976 950104 26463352 701361 701550
701562 2147483680 18 1 977652 974240 974152 974152 18 4294966996 974236 974100 974084 4294966976 950104 26463352 701361 701562
701568 32 18 2 0 974240 974152 974152 18 4294966996 974236 974100 974084 4294966976 950104 26463352 701361 701568
701572 1610612768 18 2 0 974240 974152 974152 18 4294966996 974236 974100 974084 4294966976 950104 26463352 701361 701572
701614 1610612768 0 2 0 974240 975440 974152 18 4294966996 974236 974100 974084 4294966976 950104 26463352 701361 701614
701620 1610612768 0 2 28 974240 975440 974152 18 4294966996 974236 974100 974084 4294966976 950104 26463352 701361 701620
701622 1610612768 0 2 28 974240 975440 974152 18 4294966996 974236 974100 974084 4294966976 950104 26463352 701361 701622
701640 1610612768 0 2 28 974240 0 974152 18 0 974236 974100 974084 4294966976 950104 26463352 701361 701640
701634 1610612768 0 2 28 977520 0 974152 0 0 974236 974100 974084 4294966976 950104 26463352 701361 701634
701640 536870944 0 2 28 977520 1 974152 0 0 974236 974100 974084 4294966976 950104 26463352 701361 701640
701634 1610612768 0 2 28 977520 1 974152 4 0 974236 974100 974084 4294966976 950104 26463352 701361 701634
701640 536870944 0 2 28 977520 2 974152 4 0 974236 974100 974084 4294966976 950104 26463352 701361 701640
701634 1610612768 0 2 28 977520 2 974152 8 0 974236 974100 974084 4294966976 950104 26463352 701361 701634
701640 536870944 0 2 28 977520 3 974152 8 0 974236 974100 974084 4294966976 950104 26463352 701361 701640
701634 1610612768 0 2 28 977520 3 974152 12 0 974236 974100 974084 4294966976 950104 26463352 701361 701634
701640 536870944 0 2 28 977520 4 974152 12 0 974236 974100 974084 4294966976 950104 26463352 701361 701640
701634 1610612768 0 2 28 977520 4 974152 16 0 974236 974100 974084 4294966976 950104 26463352 701361 701634
701640 536870944 0 2 28 977520 5 974152 16 0 974236 974100 974084 4294966976 950104 26463352 701361 701640
701634 1610612768 0 2 28 977520 5 974152 20 0 974236 974100 974084 4294966976 950104 26463352 701361 701634
701640 536870944 0 2 28 977520 6 974152 20 0 974236 974100 974084 4294966976 950104 26463352 701361 701640
701634 1610612768 0 2 28 977520 6 974152 24 0 974236 974100 974084 4294966976 950104 26463352 701361 701634
701640 536870944 0 2 28 977520 7 974152 24 0 974236 974100 974084 4294966976 950104 26463352 701361 701640
701634 1610612768 0 2 28 977520 7 974152 28 0 974236 974100 974084 4294966976 950104 26463352 701361 701634
701640 536870944 0 2 28 977520 8 974152 28 0 974236 974100 974084 4294966976 950104 26463352 701361 701640
701634 1610612768 0 2 28 977520 8 974152 32 0 974236 974100 974084 4294966976 950104 26463352 701361 701634
701640 536870944 0 2 28 977520 9 974152 32 0 974236 974100 974084 4294966976 950104 26463352 701361 701640
701634 1610612768 0 2 28 977520 9 974152 36 0 974236 974100 974084 4294966976 950104 26463352 701361 701634
701640 536870944 0 2 28 977520 10 974152 36 0 974236 974100 974084 4294966976 950104 26463352 701361 701640
701634 1610612768 0 2 28 977520 10 974152 40 0 974236 974100 974084 4294966976 950104 26463352 701361 701634
701640 536870944 0 2 28 977520 11 974152 40 0 974236 974100 974084 4294966976 950104 26463352 701361 701640
701634 1610612768 0 2 28 977520 11 974152 44 0 974236 974100 974084 4294966976 950104 26463352 701361 701634
701640 536870944 0 2 28 977520 12 974152 44 0 974236 974100 974084 4294966976 950104 26463352 701361 701640
701634 1610612768 0 2 28 977520 12 974152 48 0 974236 974100 974084 4294966976 950104 26463352 701361 701634
701640 536870944 0 2 28 977520 13 974152 48 0 974236 974100 974084 4294966976 950104 26463352 701361 701640
701634 1610612768 0 2 28 977520 13 974152 52 0 974236 974100 974084 4294966976 950104 26463352 701361 701634
701640 536870944 0 2 28 977520 14 974152 52 0 974236 974100 974084 4294966976 950104 26463352 701361 701640
701634 1610612768 0 2 28 977520 14 974152 56 0 974236 974100 974084 4294966976 950104 26463352 701361 701634
701640 536870944 0 2 28 977520 15 974152 56 0 974236 974100 974084 4294966976 950104 26463352 701361 701640
701634 1610612768 0 2 28 977520 15 974152 60 0 974236 974100 974084 4294966976 950104 26463352 701361 701634
701640 536870944 0 2 28 977520 16 974152 60 0 974236 974100 974084 4294966976 950104 26463352 701361 701640
701634 1610612768 0 2 28 977520 16 974152 64 0 974236 974100 974084 4294966976 950104 26463352 701361 701634
701640 536870944 0 2 28 977520 17 974152 64 0 974236 974100 974084 4294966976 950104 26463352 701361 701640
701634 1610612768 0 2 28 977520 17 974152 68 0 974236 974100 974084 4294966976 950104 26463352 701361 701634
701640 536870944 0 2 28 977520 18 974152 68 0 974236 974100 974084 4294966976 950104 26463352 701361 701640
701634 1610612768 0 2 28 977520 18 974152 72 0 974236 974100 974084 4294966976 950104 26463352 701361 701634
701640 536870944 0 2 28 977520 19 974152 72 0 974236 974100 974084 4294966976 950104 26463352 701361 701640
701634 1610612768 0 2 28 977520 19 974152 76 0 974236 974100 974084 4294966976 950104 26463352 701361 701634
701640 536870944 0 2 28 977520 20 974152 76 0 974236 974100 974084 4294966976 950104 26463352 701361 701640
701634 1610612768 0 2 28 977520 20 974152 80 0 974236 974100 974084 4294966976 950104 26463352 701361 701634
701640 536870944 0 2 28 977520 21 974152 80 0 974236 974100 974084 4294966976 950104 26463352 701361 701640
701634 1610612768 0 2 28 977520 21 974152 84 0 974236 974100 974084 4294966976 950104 26463352 701361 701634
701640 536870944 0 2 28 977520 22 974152 84 0 974236 974100 974084 4294966976 950104 26463352 701361 701640
701634 1610612768 0 2 28 977520 22 974152 88 0 974236 974100 974084 4294966976 950104 26463352 701361 701634
701640 536870944 0 2 28 977520 23 974152 88 0 974236 974100 974084 4294966976 950104 26463352 701361 701640
701634 1610612768 0 2 28 977520 23 974152 92 0 974236 974100 974084 4294966976 950104 26463352 701361 701634
701640 536870944 0 2 28 977520 24 974152 92 0 974236 974100 974084 4294966976 950104 26463352 701361 701640
701634 1610612768 0 2 28 977520 24 974152 96 0 974236 974100 974084 4294966976 950104 26463352 701361 701634
701640 536870944 0 2 28 977520 25 974152 96 0 974236 974100 974084 4294966976 950104 26463352 701361 701640
701634 1610612768 0 2 28 977520 25 974152 100 0 974236 974100 974084 4294966976 950104 26463352 701361 701634
701640 536870944 0 2 28 977520 26 974152 100 0 974236 974100 974084 4294966976 950104 26463352 701361 701640
701634 1610612768 0 2 28 977520 26 974152 104 0 974236 974100 974084 4294966976 950104 26463352 701361 701634
701640 536870944 0 2 28 977520 27 974152 104 0 974236 974100 974084 4294966976 950104 26463352 701361 701640
701634 1610612768 0 2 28 977520 27 974152 108 0 974236 974100 974084 4294966976 950104 26463352 701361 701634
701694 1610612768 0 2 28 977520 28 974152 108 0 974236 974100 974084 4294966976 950104 26463352 701361 701694
701360 536870944 19 20 977652 20 974152 974152 1 4294966996 975812 974100 974084 4294966976 950104 26463352 701361 701360
701550 2147483680 19 20 977652 27 974152 974152 19 4294966996 975812 974100 974084 4294966976 950104 26463352 701361 701550
701562 2147483680 19 1 977652 975816 974152 974152 19 4294966996 975812 974100 974084 4294966976 950104 26463352 701361 701562
701568 32 19 2 0 975816 974152 974152 19 4294966996 975812 974100 974084 4294966976 950104 26463352 701361 701568
701572 1610612768 19 2 0 975816 974152 974152 19 4294966996 975812 974100 974084 4294966976 950104 26463352 701361 701572
701614 1610612768 0 2 0 975816 975440 974152 19 4294966996 975812 974100 974084 4294966976 950104 26463352 701361 701614
701620 1610612768 0 2 28 975816 975440 974152 19 4294966996 975812 974100 974084 4294966976 950104 26463352 701361 701620
701622 1610612768 0 2 28 975816 975440 974152 19 4294966996 975812 974100 974084 4294966976 950104 26463352 701361 701622
701640 1610612768 0 2 28 975816 0 974152 19 0 975812 974100 974084 4294966976 950104 26463352 701361 701640
701634 1610612768 0 2 28 977520 0 974152 0 0 975812 974100 974084 4294966976 950104 26463352 701361 701634
701640 536870944 0 2 28 977520 1 974152 0 0 975812 974100 974084 4294966976 950104 26463352 701361 701640
701634 1610612768 0 2 28 977520 1 974152 4 0 975812 974100 974084 4294966976 950104 26463352 701361 701634
701640 536870944 0 2 28 977520 2 974152 4 0 975812 974100 974084 4294966976 950104 26463352 701361 701640
701634 1610612768 0 2 28 977520 2 974152 8 0 975812 974100 974084 4294966976 950104 26463352 701361 701634
701640 536870944 0 2 28 977520 3 974152 8 0 975812 974100 974084 4294966976 950104 26463352 701361 701640
701634 1610612768 0 2 28 977520 3 974152 12 0 975812 974100 974084 4294966976 950104 26463352 701361 701634
701640 536870944 0 2 28 977520 4 974152 12 0 975812 974100 974084 4294966976 950104 26463352 701361 701640
701634 1610612768 0 2 28 977520 4 974152 16 0 975812 974100 974084 4294966976 950104 26463352 701361 701634
701640 536870944 0 2 28 977520 5 974152 16 0 975812 974100 974084 4294966976 950104 26463352 701361 701640
701634 1610612768 0 2 28 977520 5 974152 20 0 975812 974100 974084 4294966976 950104 26463352 701361 701634
701640 536870944 0 2 28 977520 6 974152 20 0 975812 974100 974084 4294966976 950104 26463352 701361 701640
701634 1610612768 0 2 28 977520 6 974152 24 0 975812 974100 974084 4294966976 950104 26463352 701361 701634
701640 536870944 0 2 28 977520 7 974152 24 0 975812 974100 974084 4294966976 950104 26463352 701361 701640
701634 1610612768 0 2 28 977520 7 974152 28 0 975812 974100 974084 4294966976 950104 26463352 701361 701634
701640 536870944 0 2 28 977520 8 974152 28 0 975812 974100 974084 4294966976 950104 26463352 701361 701640
701634 1610612768 0 2 28 977520 8 974152 32 0 975812 974100 974084 4294966976 950104 26463352 701361 701634
701640 536870944 0 2 28 977520 9 974152 32 0 975812 974100 974084 4294966976 950104 26463352 701361 701640
701634 1610612768 0 2 28 977520 9 974152 36 0 975812 974100 974084 4294966976 950104 26463352 701361 701634
701640 536870944 0 2 28 977520 10 974152 36 0 975812 974100 974084 4294966976 950104 26463352 701361 701640
701634 1610612768 0 2 28 977520 10 974152 40 0 975812 974100 974084 4294966976 950104 26463352 701361 701634
701640 536870944 0 2 28 977520 11 974152 40 0 975812 974100 974084 4294966976 950104 26463352 701361 701640
701634 1610612768 0 2 28 977520 11 974152 44 0 975812 974100 974084 4294966976 950104 26463352 701361 701634
701640 536870944 0 2 28 977520 12 974152 44 0 975812 974100 974084 4294966976 950104 26463352 701361 701640
701634 1610612768 0 2 28 977520 12 974152 48 0 975812 974100 974084 4294966976 950104 26463352 701361 701634
701640 536870944 0 2 28 977520 13 974152 48 0 975812 974100 974084 4294966976 950104 26463352 701361 701640
701634 1610612768 0 2 28 977520 13 974152 52 0 975812 974100 974084 4294966976 950104 26463352 701361 701634
701640 536870944 0 2 28 977520 14 974152 52 0 975812 974100 974084 4294966976 950104 26463352 701361 701640
701634 1610612768 0 2 28 977520 14 974152 56 0 975812 974100 974084 4294966976 950104 26463352 701361 701634
701640 536870944 0 2 28 977520 15 974152 56 0 975812 974100 974084 4294966976 950104 26463352 701361 701640
701634 1610612768 0 2 28 977520 15 974152 60 0 975812 974100 974084 4294966976 950104 26463352 701361 701634
701640 536870944 0 2 28 977520 16 974152 60 0 975812 974100 974084 4294966976 950104 26463352 701361 701640
701634 1610612768 0 2 28 977520 16 974152 64 0 975812 974100 974084 4294966976 950104 26463352 701361 701634
701640 536870944 0 2 28 977520 17 974152 64 0 975812 974100 974084 4294966976 950104 26463352 701361 701640
701634 1610612768 0 2 28 977520 17 974152 68 0 975812 974100 974084 4294966976 950104 26463352 701361 701634
701640 536870944 0 2 28 977520 18 974152 68 0 975812 974100 974084 4294966976 950104 26463352 701361 701640
701634 1610612768 0 2 28 977520 18 974152 72 0 975812 974100 974084 4294966976 950104 26463352 701361 701634
701640 536870944 0 2 28 977520 19 974152 72 0 975812 974100 974084 4294966976 950104 26463352 701361 701640
701634 1610612768 0 2 28 977520 19 974152 76 0 975812 974100 974084 4294966976 950104 26463352 701361 701634
701640 536870944 0 2 28 977520 20 974152 76 0 975812 974100 974084 4294966976 950104 26463352 701361 701640
701634 1610612768 0 2 28 977520 20 974152 80 0 975812 974100 974084 4294966976 950104 26463352 701361 701634
701640 536870944 0 2 28 977520 21 974152 80 0 975812 974100 974084 4294966976 950104 26463352 701361 701640
701634 1610612768 0 2 28 977520 21 974152 84 0 975812 974100 974084 4294966976 950104 26463352 701361 701634
701640 536870944 0 2 28 977520 22 974152 84 0 975812 974100 974084 4294966976 950104 26463352 701361 701640
701634 1610612768 0 2 28 977520 22 974152 88 0 975812 974100 974084 4294966976 950104 26463352 701361 701634
701640 536870944 0 2 28 977520 23 974152 88 0 975812 974100 974084 4294966976 950104 26463352 701361 701640
701634 1610612768 0 2 28 977520 23 974152 92 0 975812 974100 974084 4294966976 950104 26463352 701361 701634
701640 536870944 0 2 28 977520 24 974152 92 0 975812 974100 974084 4294966976 950104 26463352 701361 701640
701634 1610612768 0 2 28 977520 24 974152 96 0 975812 974100 974084 4294966976 950104 26463352 701361 701634
701640 536870944 0 2 28 977520 25 974152 96 0 975812 974100 974084 4294966976 950104 26463352 701361 701640
701634 1610612768 0 2 28 977520 25 974152 100 0 975812 974100 974084 4294966976 950104 26463352 701361 701634
701640 536870944 0 2 28 977520 26 974152 100 0 975812 974100 974084 4294966976 950104 26463352 701361 701640
701634 1610612768 0 2 28 977520 26 974152 104 0 975812 974100 974084 4294966976 950104 26463352 701361 701634
701640 536870944 0 2 28 977520 27 974152 104 0 975812 974100 974084 4294966976 950104 26463352 701361 701640
701634 1610612768 0 2 28 977520 27 974152 108 0 975812 974100 974084 4294966976 950104 26463352 701361 701634
701694 1610612768 0 2 28 977520 28 974152 108 0 975812 974100 974084 4294966976 950104 26463352 701361 701694
701360 536870944 20 21 977652 21 974152 974152 1 974456 977308 974100 974084 4294966976 44 26463352 701361 701360
701550 2147483680 20 21 977652 27 974152 974152 20 974456 977308 974100 974084 4294966976 44 26463352 701361 701550
701562 2147483680 20 1 977652 977312 974152 974152 20 974456 977308 974100 974084 4294966976 44 26463352 701361 701562
701568 32 20 2 0 977312 974152 974152 20 974456 977308 974100 974084 4294966976 44 26463352 701361 701568
701572 1610612768 20 2 0 977312 974152 974152 20 974456 977308 974100 974084 4294966976 44 26463352 701361 701572
701614 1610612768 0 2 0 977312 975440 974152 20 974456 977308 974100 974084 4294966976 44 26463352 701361 701614
701620 1610612768 0 2 28 977312 975440 974152 20 974456 977308 974100 974084 4294966976 44 26463352 701361 701620
701622 1610612768 0 2 28 977312 975440 974152 20 974456 977308 974100 974084 4294966976 44 26463352 701361 701622
701640 1610612768 0 2 28 977312 0 974152 20 0 977308 974100 974084 4294966976 44 26463352 701361 701640
701634 1610612768 0 2 28 977520 0 974152 0 0 977308 974100 974084 4294966976 44 26463352 701361 701634
701640 536870944 0 2 28 977520 1 974152 0 0 977308 974100 974084 4294966976 44 26463352 701361 701640
701634 1610612768 0 2 28 977520 1 974152 4 0 977308 974100 974084 4294966976 44 26463352 701361 701634
701640 536870944 0 2 28 977520 2 974152 4 0 977308 974100 974084 4294966976 44 26463352 701361 701640
701634 1610612768 0 2 28 977520 2 974152 8 0 977308 974100 974084 4294966976 44 26463352 701361 701634
701640 536870944 0 2 28 977520 3 974152 8 0 977308 974100 974084 4294966976 44 26463352 701361 701640
701634 1610612768 0 2 28 977520 3 974152 12 0 977308 974100 974084 4294966976 44 26463352 701361 701634
701640 536870944 0 2 28 977520 4 974152 12 0 977308 974100 974084 4294966976 44 26463352 701361 701640
701634 1610612768 0 2 28 977520 4 974152 16 0 977308 974100 974084 4294966976 44 26463352 701361 701634
701640 536870944 0 2 28 977520 5 974152 16 0 977308 974100 974084 4294966976 44 26463352 701361 701640
701634 1610612768 0 2 28 977520 5 974152 20 0 977308 974100 974084 4294966976 44 26463352 701361 701634
701640 536870944 0 2 28 977520 6 974152 20 0 977308 974100 974084 4294966976 44 26463352 701361 701640
701634 1610612768 0 2 28 977520 6 974152 24 0 977308 974100 974084 4294966976 44 26463352 701361 701634
701640 536870944 0 2 28 977520 7 974152 24 0 977308 974100 974084 4294966976 44 26463352 701361 701640
701634 1610612768 0 2 28 977520 7 974152 28 0 977308 974100 974084 4294966976 44 26463352 701361 701634
701640 536870944 0 2 28 977520 8 974152 28 0 977308 974100 974084 4294966976 44 26463352 701361 701640
701634 1610612768 0 2 28 977520 8 974152 32 0 977308 974100 974084 4294966976 44 26463352 701361 701634
701640 536870944 0 2 28 977520 9 974152 32 0 977308 974100 974084 4294966976 44 26463352 701361 701640
701634 1610612768 0 2 28 977520 9 974152 36 0 977308 974100 974084 4294966976 44 26463352 701361 701634
701640 536870944 0 2 28 977520 10 974152 36 0 977308 974100 974084 4294966976 44 26463352 701361 701640
701634 1610612768 0 2 28 977520 10 974152 40 0 977308 974100 974084 4294966976 44 26463352 701361 701634
701640 536870944 0 2 28 977520 11 974152 40 0 977308 974100 974084 4294966976 44 26463352 701361 701640
701634 1610612768 0 2 28 977520 11 974152 44 0 977308 974100 974084 4294966976 44 26463352 701361 701634
701640 536870944 0 2 28 977520 12 974152 44 0 977308 974100 974084 4294966976 44 26463352 701361 701640
701634 1610612768 0 2 28 977520 12 974152 48 0 977308 974100 974084 4294966976 44 26463352 701361 701634
701640 536870944 0 2 28 977520 13 974152 48 0 977308 974100 974084 4294966976 44 26463352 701361 701640
701634 1610612768 0 2 28 977520 13 974152 52 0 977308 974100 974084 4294966976 44 26463352 701361 701634
701640 536870944 0 2 28 977520 14 974152 52 0 977308 974100 974084 4294966976 44 26463352 701361 701640
701634 1610612768 0 2 28 977520 14 974152 56 0 977308 974100 974084 4294966976 44 26463352 701361 701634
701640 536870944 0 2 28 977520 15 974152 56 0 977308 974100 974084 4294966976 44 26463352 701361 701640
701634 1610612768 0 2 28 977520 15 974152 60 0 977308 974100 974084 4294966976 44 26463352 701361 701634
701640 536870944 0 2 28 977520 16 974152 60 0 977308 974100 974084 4294966976 44 26463352 701361 701640
701634 1610612768 0 2 28 977520 16 974152 64 0 977308 974100 974084 4294966976 44 26463352 701361 701634
701640 536870944 0 2 28 977520 17 974152 64 0 977308 974100 974084 4294966976 44 26463352 701361 701640
701634 1610612768 0 2 28 977520 17 974152 68 0 977308 974100 974084 4294966976 44 26463352 701361 701634
701640 536870944 0 2 28 977520 18 974152 68 0 977308 974100 974084 4294966976 44 26463352 701361 701640
701634 1610612768 0 2 28 977520 18 974152 72 0 977308 974100 974084 4294966976 44 26463352 701361 701634
701640 536870944 0 2 28 977520 19 974152 72 0 977308 974100 974084 4294966976 44 26463352 701361 701640
701634 1610612768 0 2 28 977520 19 974152 76 0 977308 974100 974084 4294966976 44 26463352 701361 701634
701640 536870944 0 2 28 977520 20 974152 76 0 977308 974100 974084 4294966976 44 26463352 701361 701640
701634 1610612768 0 2 28 977520 20 974152 80 0 977308 974100 974084 4294966976 44 26463352 701361 701634
701640 536870944 0 2 28 977520 21 974152 80 0 977308 974100 974084 4294966976 44 26463352 701361 701640
701634 1610612768 0 2 28 977520 21 974152 84 0 977308 974100 974084 4294966976 44 26463352 701361 701634
701640 536870944 0 2 28 977520 22 974152 84 0 977308 974100 974084 4294966976 44 26463352 701361 701640
701634 1610612768 0 2 28 977520 22 974152 88 0 977308 974100 974084 4294966976 44 26463352 701361 701634
701640 536870944 0 2 28 977520 23 974152 88 0 977308 974100 974084 4294966976 44 26463352 701361 701640
701634 1610612768 0 2 28 977520 23 974152 92 0 977308 974100 974084 4294966976 44 26463352 701361 701634
701640 536870944 0 2 28 977520 24 974152 92 0 977308 974100 974084 4294966976 44 26463352 701361 701640
701634 1610612768 0 2 28 977520 24 974152 96 0 977308 974100 974084 4294966976 44 26463352 701361 701634
701640 536870944 0 2 28 977520 25 974152 96 0 977308 974100 974084 4294966976 44 26463352 701361 701640
701634 1610612768 0 2 28 977520 25 974152 100 0 977308 974100 974084 4294966976 44 26463352 701361 701634
701640 536870944 0 2 28 977520 26 974152 100 0 977308 974100 974084 4294966976 44 26463352 701361 701640
701634 1610612768 0 2 28 977520 26 974152 104 0 977308 974100 974084 4294966976 44 26463352 701361 701634
701640 536870944 0 2 28 977520 27 974152 104 0 977308 974100 974084 4294966976 44 26463352 701361 701640
701634 1610612768 0 2 28 977520 27 974152 108 0 977308 974100 974084 4294966976 44 26463352 701361 701634
701694 1610612768 0 2 28 977520 28 974152 108 0 977308 974100 974084 4294966976 44 26463352 701361 701694
701360 536870944 21 22 977652 22 974152 974152 1 944576 975844 974100 974084 977772 44 26463352 701361 701360
701550 2147483680 21 22 977652 27 974152 974152 21 944576 975844 974100 974084 977772 44 26463352 701361 701550
701562 2147483680 21 1 977652 975848 974152 974152 21 944576 975844 974100 974084 977772 44 26463352 701361 701562
701568 32 21 2 0 975848 974152 974152 21 944576 975844 974100 974084 977772 44 26463352 701361 701568
701572 1610612768 21 2 0 975848 974152 974152 21 944576 975844 974100 974084 977772 44 26463352 701361 701572
701614 1610612768 0 2 0 975848 975440 974152 21 944576 975844 974100 974084 977772 44 26463352 701361 701614
701620 1610612768 0 2 28 975848 975440 974152 21 944576 975844 974100 974084 977772 44 26463352 701361 701620
701622 1610612768 0 2 28 975848 975440 974152 21 944576 975844 974100 974084 977772 44 26463352 701361 701622
701640 1610612768 0 2 28 975848 0 974152 21 0 975844 974100 974084 977772 44 26463352 701361 701640
701634 1610612768 0 2 28 977520 0 974152 0 0 975844 974100 974084 977772 44 26463352 701361 701634
701640 536870944 0 2 28 977520 1 974152 0 0 975844 974100 974084 977772 44 26463352 701361 701640
701634 1610612768 0 2 28 977520 1 974152 4 0 975844 974100 974084 977772 44 26463352 701361 701634
701640 536870944 0 2 28 977520 2 974152 4 0 975844 974100 974084 977772 44 26463352 701361 701640
701634 1610612768 0 2 28 977520 2 974152 8 0 975844 974100 974084 977772 44 26463352 701361 701634
701640 536870944 0 2 28 977520 3 974152 8 0 975844 974100 974084 977772 44 26463352 701361 701640
701634 1610612768 0 2 28 977520 3 974152 12 0 975844 974100 974084 977772 44 26463352 701361 701634
701640 536870944 0 2 28 977520 4 974152 12 0 975844 974100 974084 977772 44 26463352 701361 701640
701634 1610612768 0 2 28 977520 4 974152 16 0 975844 974100 974084 977772 44 26463352 701361 701634
701640 536870944 0 2 28 977520 5 974152 16 0 975844 974100 974084 977772 44 26463352 701361 701640
701634 1610612768 0 2 28 977520 5 974152 20 0 975844 974100 974084 977772 44 26463352 701361 701634
701640 536870944 0 2 28 977520 6 974152 20 0 975844 974100 974084 977772 44 26463352 701361 701640
701634 1610612768 0 2 28 977520 6 974152 24 0 975844 974100 974084 977772 44 26463352 701361 701634
701640 536870944 0 2 28 977520 7 974152 24 0 975844 974100 974084 977772 44 26463352 701361 701640
701634 1610612768 0 2 28 977520 7 974152 28 0 975844 974100 974084 977772 44 26463352 701361 701634
701640 536870944 0 2 28 977520 8 974152 28 0 975844 974100 974084 977772 44 26463352 701361 701640
701634 1610612768 0 2 28 977520 8 974152 32 0 975844 974100 974084 977772 44 26463352 701361 701634
701640 536870944 0 2 28 977520 9 974152 32 0 975844 974100 974084 977772 44 26463352 701361 701640
701634 1610612768 0 2 28 977520 9 974152 36 0 975844 974100 974084 977772 44 26463352 701361 701634
701640 536870944 0 2 28 977520 10 974152 36 0 975844 974100 974084 977772 44 26463352 701361 701640
701634 1610612768 0 2 28 977520 10 974152 40 0 975844 974100 974084 977772 44 26463352 701361 701634
701640 536870944 0 2 28 977520 11 974152 40 0 975844 974100 974084 977772 44 26463352 701361 701640
701634 1610612768 0 2 28 977520 11 974152 44 0 975844 974100 974084 977772 44 26463352 701361 701634
701640 536870944 0 2 28 977520 12 974152 44 0 975844 974100 974084 977772 44 26463352 701361 701640
701634 1610612768 0 2 28 977520 12 974152 48 0 975844 974100 974084 977772 44 26463352 701361 701634
701640 536870944 0 2 28 977520 13 974152 48 0 975844 974100 974084 977772 44 26463352 701361 701640
701634 1610612768 0 2 28 977520 13 974152 52 0 975844 974100 974084 977772 44 26463352 701361 701634
701640 536870944 0 2 28 977520 14 974152 52 0 975844 974100 974084 977772 44 26463352 701361 701640
701634 1610612768 0 2 28 977520 14 974152 56 0 975844 974100 974084 977772 44 26463352 701361 701634
701640 536870944 0 2 28 977520 15 974152 56 0 975844 974100 974084 977772 44 26463352 701361 701640
701634 1610612768 0 2 28 977520 15 974152 60 0 975844 974100 974084 977772 44 26463352 701361 701634
701640 536870944 0 2 28 977520 16 974152 60 0 975844 974100 974084 977772 44 26463352 701361 701640
701634 1610612768 0 2 28 977520 16 974152 64 0 975844 974100 974084 977772 44 26463352 701361 701634
701640 536870944 0 2 28 977520 17 974152 64 0 975844 974100 974084 977772 44 26463352 701361 701640
701634 1610612768 0 2 28 977520 17 974152 68 0 975844 974100 974084 977772 44 26463352 701361 701634
701640 536870944 0 2 28 977520 18 974152 68 0 975844 974100 974084 977772 44 26463352 701361 701640
701634 1610612768 0 2 28 977520 18 974152 72 0 975844 974100 974084 977772 44 26463352 701361 701634
701640 536870944 0 2 28 977520 19 974152 72 0 975844 974100 974084 977772 44 26463352 701361 701640
701634 1610612768 0 2 28 977520 19 974152 76 0 975844 974100 974084 977772 44 26463352 701361 701634
701640 536870944 0 2 28 977520 20 974152 76 0 975844 974100 974084 977772 44 26463352 701361 701640
701634 1610612768 0 2 28 977520 20 974152 80 0 975844 974100 974084 977772 44 26463352 701361 701634
701640 536870944 0 2 28 977520 21 974152 80 0 975844 974100 974084 977772 44 26463352 701361 701640
701634 1610612768 0 2 28 977520 21 974152 84 0 975844 974100 974084 977772 44 26463352 701361 701634
701640 536870944 0 2 28 977520 22 974152 84 0 975844 974100 974084 977772 44 26463352 701361 701640
701634 1610612768 0 2 28 977520 22 974152 88 0 975844 974100 974084 977772 44 26463352 701361 701634
701640 536870944 0 2 28 977520 23 974152 88 0 975844 974100 974084 977772 44 26463352 701361 701640
701634 1610612768 0 2 28 977520 23 974152 92 0 975844 974100 974084 977772 44 26463352 701361 701634
701640 536870944 0 2 28 977520 24 974152 92 0 975844 974100 974084 977772 44 26463352 701361 701640
701634 1610612768 0 2 28 977520 24 974152 96 0 975844 974100 974084 977772 44 26463352 701361 701634
701640 536870944 0 2 28 977520 25 974152 96 0 975844 974100 974084 977772 44 26463352 701361 701640
701634 1610612768 0 2 28 977520 25 974152 100 0 975844 974100 974084 977772 44 26463352 701361 701634
701640 536870944 0 2 28 977520 26 974152 100 0 975844 974100 974084 977772 44 26463352 701361 701640
701634 1610612768 0 2 28 977520 26 974152 104 0 975844 974100 974084 977772 44 26463352 701361 701634
701640 536870944 0 2 28 977520 27 974152 104 0 975844 974100 974084 977772 44 26463352 701361 701640
701634 1610612768 0 2 28 977520 27 974152 108 0 975844 974100 974084 977772 44 26463352 701361 701634
701694 1610612768 0 2 28 977520 28 974152 108 0 975844 974100 974084 977772 44 26463352 701361 701694
701360 536870944 22 23 977652 23 974152 974152 1 4294967036 974144 974100 974084 977772 44 26463352 701361 701360
701550 2147483680 22 23 977652 27 974152 974152 22 4294967036 974144 974100 974084 977772 44 26463352 701361 701550
701562 2147483680 22 1 977652 974148 974152 974152 22 4294967036 974144 974100 974084 977772 44 26463352 701361 701562
701568 32 22 2 0 974148 974152 974152 22 4294967036 974144 974100 974084 977772 44 26463352 701361 701568
701572 1610612768 22 2 0 974148 974152 974152 22 4294967036 974144 974100 974084 977772 44 26463352 701361 701572
701614 1610612768 0 2 0 974148 975440 974152 22 4294967036 974144 974100 974084 977772 44 26463352 701361 701614
701620 1610612768 0 2 28 974148 975440 974152 22 4294967036 974144 974100 974084 977772 44 26463352 701361 701620
701622 1610612768 0 2 28 974148 975440 974152 22 4294967036 974144 974100 974084 977772 44 26463352 701361 701622
701640 1610612768 0 2 28 974148 0 974152 22 0 974144 974100 974084 977772 44 26463352 701361 701640
701634 1610612768 0 2 28 977520 0 974152 0 0 974144 974100 974084 977772 44 26463352 701361 701634
701640 536870944 0 2 28 977520 1 974152 0 0 974144 974100 974084 977772 44 26463352 701361 701640
701634 1610612768 0 2 28 977520 1 974152 4 0 974144 974100 974084 977772 44 26463352 701361 701634
701640 536870944 0 2 28 977520 2 974152 4 0 974144 974100 974084 977772 44 26463352 701361 701640
701634 1610612768 0 2 28 977520 2 974152 8 0 974144 974100 974084 977772 44 26463352 701361 701634
701640 536870944 0 2 28 977520 3 974152 8 0 974144 974100 974084 977772 44 26463352 701361 701640
701634 1610612768 0 2 28 977520 3 974152 12 0 974144 974100 974084 977772 44 26463352 701361 701634
701640 536870944 0 2 28 977520 4 974152 12 0 974144 974100 974084 977772 44 26463352 701361 701640
701634 1610612768 0 2 28 977520 4 974152 16 0 974144 974100 974084 977772 44 26463352 701361 701634
701640 536870944 0 2 28 977520 5 974152 16 0 974144 974100 974084 977772 44 26463352 701361 701640
701634 1610612768 0 2 28 977520 5 974152 20 0 974144 974100 974084 977772 44 26463352 701361 701634
701640 536870944 0 2 28 977520 6 974152 20 0 974144 974100 974084 977772 44 26463352 701361 701640
701634 1610612768 0 2 28 977520 6 974152 24 0 974144 974100 974084 977772 44 26463352 701361 701634
701640 536870944 0 2 28 977520 7 974152 24 0 974144 974100 974084 977772 44 26463352 701361 701640
701634 1610612768 0 2 28 977520 7 974152 28 0 974144 974100 974084 977772 44 26463352 701361 701634
701640 536870944 0 2 28 977520 8 974152 28 0 974144 974100 974084 977772 44 26463352 701361 701640
701634 1610612768 0 2 28 977520 8 974152 32 0 974144 974100 974084 977772 44 26463352 701361 701634
701640 536870944 0 2 28 977520 9 974152 32 0 974144 974100 974084 977772 44 26463352 701361 701640
701634 1610612768 0 2 28 977520 9 974152 36 0 974144 974100 974084 977772 44 26463352 701361 701634
701640 536870944 0 2 28 977520 10 974152 36 0 974144 974100 974084 977772 44 26463352 701361 701640
701634 1610612768 0 2 28 977520 10 974152 40 0 974144 974100 974084 977772 44 26463352 701361 701634
701640 536870944 0 2 28 977520 11 974152 40 0 974144 974100 974084 977772 44 26463352 701361 701640
701634 1610612768 0 2 28 977520 11 974152 44 0 974144 974100 974084 977772 44 26463352 701361 701634
701640 536870944 0 2 28 977520 12 974152 44 0 974144 974100 974084 977772 44 26463352 701361 701640
701634 1610612768 0 2 28 977520 12 974152 48 0 974144 974100 974084 977772 44 26463352 701361 701634
701640 536870944 0 2 28 977520 13 974152 48 0 974144 974100 974084 977772 44 26463352 701361 701640
701634 1610612768 0 2 28 977520 13 974152 52 0 974144 974100 974084 977772 44 26463352 701361 701634
701640 536870944 0 2 28 977520 14 974152 52 0 974144 974100 974084 977772 44 26463352 701361 701640
701634 1610612768 0 2 28 977520 14 974152 56 0 974144 974100 974084 977772 44 26463352 701361 701634
701640 536870944 0 2 28 977520 15 974152 56 0 974144 974100 974084 977772 44 26463352 701361 701640
701634 1610612768 0 2 28 977520 15 974152 60 0 974144 974100 974084 977772 44 26463352 701361 701634
701640 536870944 0 2 28 977520 16 974152 60 0 974144 974100 974084 977772 44 26463352 701361 701640
701634 1610612768 0 2 28 977520 16 974152 64 0 974144 974100 974084 977772 44 26463352 701361 701634
701640 536870944 0 2 28 977520 17 974152 64 0 974144 974100 974084 977772 44 26463352 701361 701640
701634 1610612768 0 2 28 977520 17 974152 68 0 974144 974100 974084 977772 44 26463352 701361 701634
701640 536870944 0 2 28 977520 18 974152 68 0 974144 974100 974084 977772 44 26463352 701361 701640
701634 1610612768 0 2 28 977520 18 974152 72 0 974144 974100 974084 977772 44 26463352 701361 701634
701640 536870944 0 2 28 977520 19 974152 72 0 974144 974100 974084 977772 44 26463352 701361 701640
701634 1610612768 0 2 28 977520 19 974152 76 0 974144 974100 974084 977772 44 26463352 701361 701634
701640 536870944 0 2 28 977520 20 974152 76 0 974144 974100 974084 977772 44 26463352 701361 701640
701634 1610612768 0 2 28 977520 20 974152 80 0 974144 974100 974084 977772 44 26463352 701361 701634
701640 536870944 0 2 28 977520 21 974152 80 0 974144 974100 974084 977772 44 26463352 701361 701640
701634 1610612768 0 2 28 977520 21 974152 84 0 974144 974100 974084 977772 44 26463352 701361 701634
701640 536870944 0 2 28 977520 22 974152 84 0 974144 974100 974084 977772 44 26463352 701361 701640
701634 1610612768 0 2 28 977520 22 974152 88 0 974144 974100 974084 977772 44 26463352 701361 701634
701640 536870944 0 2 28 977520 23 974152 88 0 974144 974100 974084 977772 44 26463352 701361 701640
701634 1610612768 0 2 28 977520 23 974152 92 0 974144 974100 974084 977772 44 26463352 701361 701634
701640 536870944 0 2 28 977520 24 974152 92 0 974144 974100 974084 977772 44 26463352 701361 701640
701634 1610612768 0 2 28 977520 24 974152 96 0 974144 974100 974084 977772 44 26463352 701361 701634
701640 536870944 0 2 28 977520 25 974152 96 0 974144 974100 974084 977772 44 26463352 701361 701640
701634 1610612768 0 2 28 977520 25 974152 100 0 974144 974100 974084 977772 44 26463352 701361 701634
701640 536870944 0 2 28 977520 26 974152 100 0 974144 974100 974084 977772 44 26463352 701361 701640
701634 1610612768 0 2 28 977520 26 974152 104 0 974144 974100 974084 977772 44 26463352 701361 701634
701640 536870944 0 2 28 977520 27 974152 104 0 974144 974100 974084 977772 44 26463352 701361 701640
701634 1610612768 0 2 28 977520 27 974152 108 0 974144 974100 974084 977772 44 26463352 701361 701634
701694 1610612768 0 2 28 977520 28 974152 108 0 974144 974100 974084 977772 44 26463352 701361 701694
701360 536870944 23 24 977652 24 974152 974152 1 4294967044 975836 974100 974084 977772 44 26463352 701361 701360
701550 2147483680 23 24 977652 27 974152 974152 23 4294967044 975836 974100 974084 977772 44 26463352 701361 701550
701562 2147483680 23 1 977652 975840 974152 974152 23 4294967044 975836 974100 974084 977772 44 26463352 701361 701562
701568 32 23 2 0 975840 974152 974152 23 4294967044 975836 974100 974084 977772 44 26463352 701361 701568
701572 1610612768 23 2 0 975840 974152 974152 23 4294967044 975836 974100 974084 977772 44 26463352 701361 701572
701614 1610612768 0 2 0 975840 975440 974152 23 4294967044 975836 974100 974084 977772 44 26463352 701361 701614
701620 1610612768 0 2 28 975840 975440 974152 23 4294967044 975836 974100 974084 977772 44 26463352 701361 701620
701622 1610612768 0 2 28 975840 975440 974152 23 4294967044 975836 974100 974084 977772 44 26463352 701361 701622
701640 1610612768 0 2 28 975840 0 974152 23 0 975836 974100 974084 977772 44 26463352 701361 701640
701634 1610612768 0 2 28 977520 0 974152 0 0 975836 974100 974084 977772 44 26463352 701361 701634
701640 536870944 0 2 28 977520 1 974152 0 0 975836 974100 974084 977772 44 26463352 701361 701640
701634 1610612768 0 2 28 977520 1 974152 4 0 975836 974100 974084 977772 44 26463352 701361 701634
701640 536870944 0 2 28 977520 2 974152 4 0 975836 974100 974084 977772 44 26463352 701361 701640
701634 1610612768 0 2 28 977520 2 974152 8 0 975836 974100 974084 977772 44 26463352 701361 701634
701640 536870944 0 2 28 977520 3 974152 8 0 975836 974100 974084 977772 44 26463352 701361 701640
701634 1610612768 0 2 28 977520 3 974152 12 0 975836 974100 974084 977772 44 26463352 701361 701634
701640 536870944 0 2 28 977520 4 974152 12 0 975836 974100 974084 977772 44 26463352 701361 701640
701634 1610612768 0 2 28 977520 4 974152 16 0 975836 974100 974084 977772 44 26463352 701361 701634
701640 536870944 0 2 28 977520 5 974152 16 0 975836 974100 974084 977772 44 26463352 701361 701640
701634 1610612768 0 2 28 977520 5 974152 20 0 975836 974100 974084 977772 44 26463352 701361 701634
701640 536870944 0 2 28 977520 6 974152 20 0 975836 974100 974084 977772 44 26463352 701361 701640
701634 1610612768 0 2 28 977520 6 974152 24 0 975836 974100 974084 977772 44 26463352 701361 701634
701640 536870944 0 2 28 977520 7 974152 24 0 975836 974100 974084 977772 44 26463352 701361 701640
701634 1610612768 0 2 28 977520 7 974152 28 0 975836 974100 974084 977772 44 26463352 701361 701634
701640 536870944 0 2 28 977520 8 974152 28 0 975836 974100 974084 977772 44 26463352 701361 701640
701634 1610612768 0 2 28 977520 8 974152 32 0 975836 974100 974084 977772 44 26463352 701361 701634
701640 536870944 0 2 28 977520 9 974152 32 0 975836 974100 974084 977772 44 26463352 701361 701640
701634 1610612768 0 2 28 977520 9 974152 36 0 975836 974100 974084 977772 44 26463352 701361 701634
701640 536870944 0 2 28 977520 10 974152 36 0 975836 974100 974084 977772 44 26463352 701361 701640
701634 1610612768 0 2 28 977520 10 974152 40 0 975836 974100 974084 977772 44 26463352 701361 701634
701640 536870944 0 2 28 977520 11 974152 40 0 975836 974100 974084 977772 44 26463352 701361 701640
701634 1610612768 0 2 28 977520 11 974152 44 0 975836 974100 974084 977772 44 26463352 701361 701634
701640 536870944 0 2 28 977520 12 974152 44 0 975836 974100 974084 977772 44 26463352 701361 701640
701634 1610612768 0 2 28 977520 12 974152 48 0 975836 974100 974084 977772 44 26463352 701361 701634
701640 536870944 0 2 28 977520 13 974152 48 0 975836 974100 974084 977772 44 26463352 701361 701640
701634 1610612768 0 2 28 977520 13 974152 52 0 975836 974100 974084 977772 44 26463352 701361 701634
701640 536870944 0 2 28 977520 14 974152 52 0 975836 974100 974084 977772 44 26463352 701361 701640
701634 1610612768 0 2 28 977520 14 974152 56 0 975836 974100 974084 977772 44 26463352 701361 701634
701640 536870944 0 2 28 977520 15 974152 56 0 975836 974100 974084 977772 44 26463352 701361 701640
701634 1610612768 0 2 28 977520 15 974152 60 0 975836 974100 974084 977772 44 26463352 701361 701634
701640 536870944 0 2 28 977520 16 974152 60 0 975836 974100 974084 977772 44 26463352 701361 701640
701634 1610612768 0 2 28 977520 16 974152 64 0 975836 974100 974084 977772 44 26463352 701361 701634
701640 536870944 0 2 28 977520 17 974152 64 0 975836 974100 974084 977772 44 26463352 701361 701640
701634 1610612768 0 2 28 977520 17 974152 68 0 975836 974100 974084 977772 44 26463352 701361 701634
701640 536870944 0 2 28 977520 18 974152 68 0 975836 974100 974084 977772 44 26463352 701361 701640
701634 1610612768 0 2 28 977520 18 974152 72 0 975836 974100 974084 977772 44 26463352 701361 701634
701640 536870944 0 2 28 977520 19 974152 72 0 975836 974100 974084 977772 44 26463352 701361 701640
701634 1610612768 0 2 28 977520 19 974152 76 0 975836 974100 974084 977772 44 26463352 701361 701634
701640 536870944 0 2 28 977520 20 974152 76 0 975836 974100 974084 977772 44 26463352 701361 701640
701634 1610612768 0 2 28 977520 20 974152 80 0 975836 974100 974084 977772 44 26463352 701361 701634
701640 536870944 0 2 28 977520 21 974152 80 0 975836 974100 974084 977772 44 26463352 701361 701640
701634 1610612768 0 2 28 977520 21 974152 84 0 975836 974100 974084 977772 44 26463352 701361 701634
701640 536870944 0 2 28 977520 22 974152 84 0 975836 974100 974084 977772 44 26463352 701361 701640
701634 1610612768 0 2 28 977520 22 974152 88 0 975836 974100 974084 977772 44 26463352 701361 701634
701640 536870944 0 2 28 977520 23 974152 88 0 975836 974100 974084 977772 44 26463352 701361 701640
701634 1610612768 0 2 28 977520 23 974152 92 0 975836 974100 974084 977772 44 26463352 701361 701634
701640 536870944 0 2 28 977520 24 974152 92 0 975836 974100 974084 977772 44 26463352 701361 701640
701634 1610612768 0 2 28 977520 24 974152 96 0 975836 974100 974084 977772 44 26463352 701361 701634
701640 536870944 0 2 28 977520 25 974152 96 0 975836 974100 974084 977772 44 26463352 701361 701640
701634 1610612768 0 2 28 977520 25 974152 100 0 975836 974100 974084 977772 44 26463352 701361 701634
701640 536870944 0 2 28 977520 26 974152 100 0 975836 974100 974084 977772 44 26463352 701361 701640
701634 1610612768 0 2 28 977520 26 974152 104 0 975836 974100 974084 977772 44 26463352 701361 701634
701640 536870944 0 2 28 977520 27 974152 104 0 975836 974100 974084 977772 44 26463352 701361 701640
701634 1610612768 0 2 28 977520 27 974152 108 0 975836 974100 974084 977772 44 26463352 701361 701634
701694 1610612768 0 2 28 977520 28 974152 108 0 975836 974100 974084 977772 44 26463352 701361 701694
701360 536870944 24 25 977652 25 974152 974152 0 977748 975552 974100 974084 977772 920732 26463352 701361 701360
701550 2147483680 24 25 977652 27 974152 974152 24 977748 975552 974100 974084 977772 920732 26463352 701361 701550
701562 2147483680 24 1 977652 975556 974152 974152 24 977748 975552 974100 974084 977772 920732 26463352 701361 701562
701568 32 24 2 0 975556 974152 974152 24 977748 975552 974100 974084 977772 920732 26463352 701361 701568
701572 1610612768 24 2 0 975556 974152 974152 24 977748 975552 974100 974084 977772 920732 26463352 701361 701572
701614 1610612768 0 2 0 975556 975440 974152 24 977748 975552 974100 974084 977772 920732 26463352 701361 701614
701620 1610612768 0 2 28 975556 975440 974152 24 977748 975552 974100 974084 977772 920732 26463352 701361 701620
701622 1610612768 0 2 28 975556 975440 974152 24 977748 975552 974100 974084 977772 920732 26463352 701361 701622
701640 1610612768 0 2 28 975556 0 974152 24 0 975552 974100 974084 977772 920732 26463352 701361 701640
701634 1610612768 0 2 28 977520 0 974152 0 0 975552 974100 974084 977772 920732 26463352 701361 701634
701640 536870944 0 2 28 977520 1 974152 0 0 975552 974100 974084 977772 920732 26463352 701361 701640
701634 1610612768 0 2 28 977520 1 974152 4 0 975552 974100 974084 977772 920732 26463352 701361 701634
701640 536870944 0 2 28 977520 2 974152 4 0 975552 974100 974084 977772 920732 26463352 701361 701640
701634 1610612768 0 2 28 977520 2 974152 8 0 975552 974100 974084 977772 920732 26463352 701361 701634
701640 536870944 0 2 28 977520 3 974152 8 0 975552 974100 974084 977772 920732 26463352 701361 701640
701634 1610612768 0 2 28 977520 3 974152 12 0 975552 974100 974084 977772 920732 26463352 701361 701634
701640 536870944 0 2 28 977520 4 974152 12 0 975552 974100 974084 977772 920732 26463352 701361 701640
701634 1610612768 0 2 28 977520 4 974152 16 0 975552 974100 974084 977772 920732 26463352 701361 701634
701640 536870944 0 2 28 977520 5 974152 16 0 975552 974100 974084 977772 920732 26463352 701361 701640
701634 1610612768 0 2 28 977520 5 974152 20 0 975552 974100 974084 977772 920732 26463352 701361 701634
701640 536870944 0 2 28 977520 6 974152 20 0 975552 974100 974084 977772 920732 26463352 701361 701640
701634 1610612768 0 2 28 977520 6 974152 24 0 975552 974100 974084 977772 920732 26463352 701361 701634
701640 536870944 0 2 28 977520 7 974152 24 0 975552 974100 974084 977772 920732 26463352 701361 701640
701634 1610612768 0 2 28 977520 7 974152 28 0 975552 974100 974084 977772 920732 26463352 701361 701634
701640 536870944 0 2 28 977520 8 974152 28 0 975552 974100 974084 977772 920732 26463352 701361 701640
701634 1610612768 0 2 28 977520 8 974152 32 0 975552 974100 974084 977772 920732 26463352 701361 701634
701640 536870944 0 2 28 977520 9 974152 32 0 975552 974100 974084 977772 920732 26463352 701361 701640
701634 1610612768 0 2 28 977520 9 974152 36 0 975552 974100 974084 977772 920732 26463352 701361 701634
701640 536870944 0 2 28 977520 10 974152 36 0 975552 974100 974084 977772 920732 26463352 701361 701640
701634 1610612768 0 2 28 977520 10 974152 40 0 975552 974100 974084 977772 920732 26463352 701361 701634
701640 536870944 0 2 28 977520 11 974152 40 0 975552 974100 974084 977772 920732 26463352 701361 701640
701634 1610612768 0 2 28 977520 11 974152 44 0 975552 974100 974084 977772 920732 26463352 701361 701634
701640 536870944 0 2 28 977520 12 974152 44 0 975552 974100 974084 977772 920732 26463352 701361 701640
701634 1610612768 0 2 28 977520 12 974152 48 0 975552 974100 974084 977772 920732 26463352 701361 701634
701640 536870944 0 2 28 977520 13 974152 48 0 975552 974100 974084 977772 920732 26463352 701361 701640
701634 1610612768 0 2 28 977520 13 974152 52 0 975552 974100 974084 977772 920732 26463352 701361 701634
701640 536870944 0 2 28 977520 14 974152 52 0 975552 974100 974084 977772 920732 26463352 701361 701640
701634 1610612768 0 2 28 977520 14 974152 56 0 975552 974100 974084 977772 920732 26463352 701361 701634
701640 536870944 0 2 28 977520 15 974152 56 0 975552 974100 974084 977772 920732 26463352 701361 701640
701634 1610612768 0 2 28 977520 15 974152 60 0 975552 974100 974084 977772 920732 26463352 701361 701634
701640 536870944 0 2 28 977520 16 974152 60 0 975552 974100 974084 977772 920732 26463352 701361 701640
701634 1610612768 0 2 28 977520 16 974152 64 0 975552 974100 974084 977772 920732 26463352 701361 701634
701640 536870944 0 2 28 977520 17 974152 64 0 975552 974100 974084 977772 920732 26463352 701361 701640
701634 1610612768 0 2 28 977520 17 974152 68 0 975552 974100 974084 977772 920732 26463352 701361 701634
701640 536870944 0 2 28 977520 18 974152 68 0 975552 974100 974084 977772 920732 26463352 701361 701640
701634 1610612768 0 2 28 977520 18 974152 72 0 975552 974100 974084 977772 920732 26463352 701361 701634
701640 536870944 0 2 28 977520 19 974152 72 0 975552 974100 974084 977772 920732 26463352 701361 701640
701634 1610612768 0 2 28 977520 19 974152 76 0 975552 974100 974084 977772 920732 26463352 701361 701634
701640 536870944 0 2 28 977520 20 974152 76 0 975552 974100 974084 977772 920732 26463352 701361 701640
701634 1610612768 0 2 28 977520 20 974152 80 0 975552 974100 974084 977772 920732 26463352 701361 701634
701640 536870944 0 2 28 977520 21 974152 80 0 975552 974100 974084 977772 920732 26463352 701361 701640
701634 1610612768 0 2 28 977520 21 974152 84 0 975552 974100 974084 977772 920732 26463352 701361 701634
701640 536870944 0 2 28 977520 22 974152 84 0 975552 974100 974084 977772 920732 26463352 701361 701640
701634 1610612768 0 2 28 977520 22 974152 88 0 975552 974100 974084 977772 920732 26463352 701361 701634
701640 536870944 0 2 28 977520 23 974152 88 0 975552 974100 974084 977772 920732 26463352 701361 701640
701634 1610612768 0 2 28 977520 23 974152 92 0 975552 974100 974084 977772 920732 26463352 701361 701634
701640 536870944 0 2 28 977520 24 974152 92 0 975552 974100 974084 977772 920732 26463352 701361 701640
701634 1610612768 0 2 28 977520 24 974152 96 0 975552 974100 974084 977772 920732 26463352 701361 701634
701640 536870944 0 2 28 977520 25 974152 96 0 975552 974100 974084 977772 920732 26463352 701361 701640
701634 1610612768 0 2 28 977520 25 974152 100 0 975552 974100 974084 977772 920732 26463352 701361 701634
701640 536870944 0 2 28 977520 26 974152 100 0 975552 974100 974084 977772 920732 26463352 701361 701640
701634 1610612768 0 2 28 977520 26 974152 104 0 975552 974100 974084 977772 920732 26463352 701361 701634
701640 536870944 0 2 28 977520 27 974152 104 0 975552 974100 974084 977772 920732 26463352 701361 701640
701634 1610612768 0 2 28 977520 27 974152 108 0 975552 974100 974084 977772 920732 26463352 701361 701634
701694 1610612768 0 2 28 977520 28 974152 108 0 975552 974100 974084 977772 920732 26463352 701361 701694
701360 536870944 25 26 977652 26 974152 974152 0 977748 974592 974100 974084 977772 920732 26463352 701361 701360
701550 2147483680 25 26 977652 27 974152 974152 25 977748 974592 974100 974084 977772 920732 26463352 701361 701550
701562 2147483680 25 1 977652 974596 974152 974152 25 977748 974592 974100 974084 977772 920732 26463352 701361 701562
701568 32 25 2 0 974596 974152 974152 25 977748 974592 974100 974084 977772 920732 26463352 701361 701568
701572 1610612768 25 2 0 974596 974152 974152 25 977748 974592 974100 974084 977772 920732 26463352 701361 701572
701614 1610612768 0 2 0 974596 975440 974152 25 977748 974592 974100 974084 977772 920732 26463352 701361 701614
701620 1610612768 0 2 28 974596 975440 974152 25 977748 974592 974100 974084 977772 920732 26463352 701361 701620
701622 1610612768 0 2 28 974596 975440 974152 25 977748 974592 974100 974084 977772 920732 26463352 701361 701622
701640 1610612768 0 2 28 974596 0 974152 25 0 974592 974100 974084 977772 920732 26463352 701361 701640
701634 1610612768 0 2 28 977520 0 974152 0 0 974592 974100 974084 977772 920732 26463352 701361 701634
701640 536870944 0 2 28 977520 1 974152 0 0 974592 974100 974084 977772 920732 26463352 701361 701640
701634 1610612768 0 2 28 977520 1 974152 4 0 974592 974100 974084 977772 920732 26463352 701361 701634
701640 536870944 0 2 28 977520 2 974152 4 0 974592 974100 974084 977772 920732 26463352 701361 701640
701634 1610612768 0 2 28 977520 2 974152 8 0 974592 974100 974084 977772 920732 26463352 701361 701634
701640 536870944 0 2 28 977520 3 974152 8 0 974592 974100 974084 977772 920732 26463352 701361 701640
701634 1610612768 0 2 28 977520 3 974152 12 0 974592 974100 974084 977772 920732 26463352 701361 701634
701640 536870944 0 2 28 977520 4 974152 12 0 974592 974100 974084 977772 920732 26463352 701361 701640
701634 1610612768 0 2 28 977520 4 974152 16 0 974592 974100 974084 977772 920732 26463352 701361 701634
701640 536870944 0 2 28 977520 5 974152 16 0 974592 974100 974084 977772 920732 26463352 701361 701640
701634 1610612768 0 2 28 977520 5 974152 20 0 974592 974100 974084 977772 920732 26463352 701361 701634
701640 536870944 0 2 28 977520 6 974152 20 0 974592 974100 974084 977772 920732 26463352 701361 701640
701634 1610612768 0 2 28 977520 6 974152 24 0 974592 974100 974084 977772 920732 26463352 701361 701634
701640 536870944 0 2 28 977520 7 974152 24 0 974592 974100 974084 977772 920732 26463352 701361 701640
701634 1610612768 0 2 28 977520 7 974152 28 0 974592 974100 974084 977772 920732 26463352 701361 701634
701640 536870944 0 2 28 977520 8 974152 28 0 974592 974100 974084 977772 920732 26463352 701361 701640
701634 1610612768 0 2 28 977520 8 974152 32 0 974592 974100 974084 977772 920732 26463352 701361 701634
701640 536870944 0 2 28 977520 9 974152 32 0 974592 974100 974084 977772 920732 26463352 701361 701640
701634 1610612768 0 2 28 977520 9 974152 36 0 974592 974100 974084 977772 920732 26463352 701361 701634
701640 536870944 0 2 28 977520 10 974152 36 0 974592 974100 974084 977772 920732 26463352 701361 701640
701634 1610612768 0 2 28 977520 10 974152 40 0 974592 974100 974084 977772 920732 26463352 701361 701634
701640 536870944 0 2 28 977520 11 974152 40 0 974592 974100 974084 977772 920732 26463352 701361 701640
701634 1610612768 0 2 28 977520 11 974152 44 0 974592 974100 974084 977772 920732 26463352 701361 701634
701640 536870944 0 2 28 977520 12 974152 44 0 974592 974100 974084 977772 920732 26463352 701361 701640
701634 1610612768 0 2 28 977520 12 974152 48 0 974592 974100 974084 977772 920732 26463352 701361 701634
701640 536870944 0 2 28 977520 13 974152 48 0 974592 974100 974084 977772 920732 26463352 701361 701640
701634 1610612768 0 2 28 977520 13 974152 52 0 974592 974100 974084 977772 920732 26463352 701361 701634
701640 536870944 0 2 28 977520 14 974152 52 0 974592 974100 974084 977772 920732 26463352 701361 701640
701634 1610612768 0 2 28 977520 14 974152 56 0 974592 974100 974084 977772 920732 26463352 701361 701634
701640 536870944 0 2 28 977520 15 974152 56 0 974592 974100 974084 977772 920732 26463352 701361 701640
701634 1610612768 0 2 28 977520 15 974152 60 0 974592 974100 974084 977772 920732 26463352 701361 701634
701640 536870944 0 2 28 977520 16 974152 60 0 974592 974100 974084 977772 920732 26463352 701361 701640
701634 1610612768 0 2 28 977520 16 974152 64 0 974592 974100 974084 977772 920732 26463352 701361 701634
701640 536870944 0 2 28 977520 17 974152 64 0 974592 974100 974084 977772 920732 26463352 701361 701640
701634 1610612768 0 2 28 977520 17 974152 68 0 974592 974100 974084 977772 920732 26463352 701361 701634
701640 536870944 0 2 28 977520 18 974152 68 0 974592 974100 974084 977772 920732 26463352 701361 701640
701634 1610612768 0 2 28 977520 18 974152 72 0 974592 974100 974084 977772 920732 26463352 701361 701634
701640 536870944 0 2 28 977520 19 974152 72 0 974592 974100 974084 977772 920732 26463352 701361 701640
701634 1610612768 0 2 28 977520 19 974152 76 0 974592 974100 974084 977772 920732 26463352 701361 701634
701640 536870944 0 2 28 977520 20 974152 76 0 974592 974100 974084 977772 920732 26463352 701361 701640
701634 1610612768 0 2 28 977520 20 974152 80 0 974592 974100 974084 977772 920732 26463352 701361 701634
701640 536870944 0 2 28 977520 21 974152 80 0 974592 974100 974084 977772 920732 26463352 701361 701640
701634 1610612768 0 2 28 977520 21 974152 84 0 974592 974100 974084 977772 920732 26463352 701361 701634
701640 536870944 0 2 28 977520 22 974152 84 0 974592 974100 974084 977772 920732 26463352 701361 701640
701634 1610612768 0 2 28 977520 22 974152 88 0 974592 974100 974084 977772 920732 26463352 701361 701634
701640 536870944 0 2 28 977520 23 974152 88 0 974592 974100 974084 977772 920732 26463352 701361 701640
701634 1610612768 0 2 28 977520 23 974152 92 0 974592 974100 974084 977772 920732 26463352 701361 701634
701640 536870944 0 2 28 977520 24 974152 92 0 974592 974100 974084 977772 920732 26463352 701361 701640
701634 1610612768 0 2 28 977520 24 974152 96 0 974592 974100 974084 977772 920732 26463352 701361 701634
701640 536870944 0 2 28 977520 25 974152 96 0 974592 974100 974084 977772 920732 26463352 701361 701640
701634 1610612768 0 2 28 977520 25 974152 100 0 974592 974100 974084 977772 920732 26463352 701361 701634
701640 536870944 0 2 28 977520 26 974152 100 0 974592 974100 974084 977772 920732 26463352 701361 701640
701634 1610612768 0 2 28 977520 26 974152 104 0 974592 974100 974084 977772 920732 26463352 701361 701634
701640 536870944 0 2 28 977520 27 974152 104 0 974592 974100 974084 977772 920732 26463352 701361 701640
701634 1610612768 0 2 28 977520 27 974152 108 0 974592 974100 974084 977772 920732 26463352 701361 701634
701694 1610612768 0 2 28 977520 28 974152 108 0 974592 974100 974084 977772 920732 26463352 701361 701694
701360 536870944 26 27 977652 27 974152 974152 0 977748 977512 974100 974084 977772 920732 26463352 701361 701360
701550 2147483680 26 27 977652 27 974152 974152 26 977748 977512 974100 974084 977772 920732 26463352 701361 701550
701562 2147483680 26 1 977652 977516 974152 974152 26 977748 977512 974100 974084 977772 920732 26463352 701361 701562
701568 32 26 2 0 977516 974152 974152 26 977748 977512 974100 974084 977772 920732 26463352 701361 701568
701572 1610612768 26 2 0 977516 974152 974152 26 977748 977512 974100 974084 977772 920732 26463352 701361 701572
701614 1610612768 0 2 0 977516 975440 974152 26 977748 977512 974100 974084 977772 920732 26463352 701361 701614
701620 1610612768 0 2 28 977516 975440 974152 26 977748 977512 974100 974084 977772 920732 26463352 701361 701620
701622 1610612768 0 2 28 977516 975440 974152 26 977748 977512 974100 974084 977772 920732 26463352 701361 701622
701640 1610612768 0 2 28 977516 0 974152 26 0 977512 974100 974084 977772 920732 26463352 701361 701640
701634 1610612768 0 2 28 977520 0 974152 0 0 977512 974100 974084 977772 920732 26463352 701361 701634
701640 536870944 0 2 28 977520 1 974152 0 0 977512 974100 974084 977772 920732 26463352 701361 701640
701634 1610612768 0 2 28 977520 1 974152 4 0 977512 974100 974084 977772 920732 26463352 701361 701634
701640 536870944 0 2 28 977520 2 974152 4 0 977512 974100 974084 977772 920732 26463352 701361 701640
701634 1610612768 0 2 28 977520 2 974152 8 0 977512 974100 974084 977772 920732 26463352 701361 701634
701640 536870944 0 2 28 977520 3 974152 8 0 977512 974100 974084 977772 920732 26463352 701361 701640
701634 1610612768 0 2 28 977520 3 974152 12 0 977512 974100 974084 977772 920732 26463352 701361 701634
701640 536870944 0 2 28 977520 4 974152 12 0 977512 974100 974084 977772 920732 26463352 701361 701640
701634 1610612768 0 2 28 977520 4 974152 16 0 977512 974100 974084 977772 920732 26463352 701361 701634
701640 536870944 0 2 28 977520 5 974152 16 0 977512 974100 974084 977772 920732 26463352 701361 701640
701634 1610612768 0 2 28 977520 5 974152 20 0 977512 974100 974084 977772 920732 26463352 701361 701634
701640 536870944 0 2 28 977520 6 974152 20 0 977512 974100 974084 977772 920732 26463352 701361 701640
701634 1610612768 0 2 28 977520 6 974152 24 0 977512 974100 974084 977772 920732 26463352 701361 701634
701640 536870944 0 2 28 977520 7 974152 24 0 977512 974100 974084 977772 920732 26463352 701361 701640
701634 1610612768 0 2 28 977520 7 974152 28 0 977512 974100 974084 977772 920732 26463352 701361 701634
701640 536870944 0 2 28 977520 8 974152 28 0 977512 974100 974084 977772 920732 26463352 701361 701640
701634 1610612768 0 2 28 977520 8 974152 32 0 977512 974100 974084 977772 920732 26463352 701361 701634
701640 536870944 0 2 28 977520 9 974152 32 0 977512 974100 974084 977772 920732 26463352 701361 701640
701634 1610612768 0 2 28 977520 9 974152 36 0 977512 974100 974084 977772 920732 26463352 701361 701634
701640 536870944 0 2 28 977520 10 974152 36 0 977512 974100 974084 977772 920732 26463352 701361 701640
701634 1610612768 0 2 28 977520 10 974152 40 0 977512 974100 974084 977772 920732 26463352 701361 701634
701640 536870944 0 2 28 977520 11 974152 40 0 977512 974100 974084 977772 920732 26463352 701361 701640
701634 1610612768 0 2 28 977520 11 974152 44 0 977512 974100 974084 977772 920732 26463352 701361 701634
701640 536870944 0 2 28 977520 12 974152 44 0 977512 974100 974084 977772 920732 26463352 701361 701640
701634 1610612768 0 2 28 977520 12 974152 48 0 977512 974100 974084 977772 920732 26463352 701361 701634
701640 536870944 0 2 28 977520 13 974152 48 0 977512 974100 974084 977772 920732 26463352 701361 701640
701634 1610612768 0 2 28 977520 13 974152 52 0 977512 974100 974084 977772 920732 26463352 701361 701634
701640 536870944 0 2 28 977520 14 974152 52 0 977512 974100 974084 977772 920732 26463352 701361 701640
701634 1610612768 0 2 28 977520 14 974152 56 0 977512 974100 974084 977772 920732 26463352 701361 701634
701640 536870944 0 2 28 977520 15 974152 56 0 977512 974100 974084 977772 920732 26463352 701361 701640
701634 1610612768 0 2 28 977520 15 974152 60 0 977512 974100 974084 977772 920732 26463352 701361 701634
701640 536870944 0 2 28 977520 16 974152 60 0 977512 974100 974084 977772 920732 26463352 701361 701640
701634 1610612768 0 2 28 977520 16 974152 64 0 977512 974100 974084 977772 920732 26463352 701361 701634
701640 536870944 0 2 28 977520 17 974152 64 0 977512 974100 974084 977772 920732 26463352 701361 701640
701634 1610612768 0 2 28 977520 17 974152 68 0 977512 974100 974084 977772 920732 26463352 701361 701634
701640 536870944 0 2 28 977520 18 974152 68 0 977512 974100 974084 977772 920732 26463352 701361 701640
701634 1610612768 0 2 28 977520 18 974152 72 0 977512 974100 974084 977772 920732 26463352 701361 701634
701640 536870944 0 2 28 977520 19 974152 72 0 977512 974100 974084 977772 920732 26463352 701361 701640
701634 1610612768 0 2 28 977520 19 974152 76 0 977512 974100 974084 977772 920732 26463352 701361 701634
701640 536870944 0 2 28 977520 20 974152 76 0 977512 974100 974084 977772 920732 26463352 701361 701640
701634 1610612768 0 2 28 977520 20 974152 80 0 977512 974100 974084 977772 920732 26463352 701361 701634
701640 536870944 0 2 28 977520 21 974152 80 0 977512 974100 974084 977772 920732 26463352 701361 701640
701634 1610612768 0 2 28 977520 21 974152 84 0 977512 974100 974084 977772 920732 26463352 701361 701634
701640 536870944 0 2 28 977520 22 974152 84 0 977512 974100 974084 977772 920732 26463352 701361 701640
701634 1610612768 0 2 28 977520 22 974152 88 0 977512 974100 974084 977772 920732 26463352 701361 701634
701640 536870944 0 2 28 977520 23 974152 88 0 977512 974100 974084 977772 920732 26463352 701361 701640
701634 1610612768 0 2 28 977520 23 974152 92 0 977512 974100 974084 977772 920732 26463352 701361 701634
701640 536870944 0 2 28 977520 24 974152 92 0 977512 974100 974084 977772 920732 26463352 701361 701640
701634 1610612768 0 2 28 977520 24 974152 96 0 977512 974100 974084 977772 920732 26463352 701361 701634
701640 536870944 0 2 28 977520 25 974152 96 0 977512 974100 974084 977772 920732 26463352 701361 701640
701634 1610612768 0 2 28 977520 25 974152 100 0 977512 974100 974084 977772 920732 26463352 701361 701634
701640 536870944 0 2 28 977520 26 974152 100 0 977512 974100 974084 977772 920732 26463352 701361 701640
701634 1610612768 0 2 28 977520 26 974152 104 0 977512 974100 974084 977772 920732 26463352 701361 701634
701640 536870944 0 2 28 977520 27 974152 104 0 977512 974100 974084 977772 920732 26463352 701361 701640
701634 1610612768 0 2 28 977520 27 974152 108 0 977512 974100 974084 977772 920732 26463352 701361 701634
701694 1610612768 0 2 28 977520 28 974152 108 0 977512 974100 974084 977772 920732 26463352 701361 701694
701360 536870944 27 28 977652 28 974152 974152 0 977748 977112 974100 974084 977772 950104 26463352 701361 701360
701550 1610612768 27 28 977652 27 974152 974152 27 977748 977112 974100 974084 977772 950104 26463352 701361 701550
701562 1610612768 27 1 977652 977116 974152 974152 27 977748 977112 974100 974084 977772 950104 26463352 701361 701562
701568 32 27 2 0 977116 974152 974152 27 977748 977112 974100 974084 977772 950104 26463352 701361 701568
701572 1610612768 27 2 0 977116 974152 974152 27 977748 977112 974100 974084 977772 950104 26463352 701361 701572
701614 1610612768 0 2 0 977116 975440 974152 27 977748 977112 974100 974084 977772 950104 26463352 701361 701614
701620 1610612768 0 2 28 977116 975440 974152 27 977748 977112 974100 974084 977772 950104 26463352 701361 701620
701622 1610612768 0 2 28 977116 975440 974152 27 977748 977112 974100 974084 977772 950104 26463352 701361 701622
701640 1610612768 0 2 28 977116 0 974152 27 0 977112 974100 974084 977772 950104 26463352 701361 701640
701634 1610612768 0 2 28 977520 0 974152 0 0 977112 974100 974084 977772 950104 26463352 701361 701634
701640 536870944 0 2 28 977520 1 974152 0 0 977112 974100 974084 977772 950104 26463352 701361 701640
701634 1610612768 0 2 28 977520 1 974152 4 0 977112 974100 974084 977772 950104 26463352 701361 701634
701640 536870944 0 2 28 977520 2 974152 4 0 977112 974100 974084 977772 950104 26463352 701361 701640
701634 1610612768 0 2 28 977520 2 974152 8 0 977112 974100 974084 977772 950104 26463352 701361 701634
701640 536870944 0 2 28 977520 3 974152 8 0 977112 974100 974084 977772 950104 26463352 701361 701640
701634 1610612768 0 2 28 977520 3 974152 12 0 977112 974100 974084 977772 950104 26463352 701361 701634
701640 536870944 0 2 28 977520 4 974152 12 0 977112 974100 974084 977772 950104 26463352 701361 701640
701634 1610612768 0 2 28 977520 4 974152 16 0 977112 974100 974084 977772 950104 26463352 701361 701634
701640 536870944 0 2 28 977520 5 974152 16 0 977112 974100 974084 977772 950104 26463352 701361 701640
701634 1610612768 0 2 28 977520 5 974152 20 0 977112 974100 974084 977772 950104 26463352 701361 701634
701640 536870944 0 2 28 977520 6 974152 20 0 977112 974100 974084 977772 950104 26463352 701361 701640
701634 1610612768 0 2 28 977520 6 974152 24 0 977112 974100 974084 977772 950104 26463352 701361 701634
701640 536870944 0 2 28 977520 7 974152 24 0 977112 974100 974084 977772 950104 26463352 701361 701640
701634 1610612768 0 2 28 977520 7 974152 28 0 977112 974100 974084 977772 950104 26463352 701361 701634
701640 536870944 0 2 28 977520 8 974152 28 0 977112 974100 974084 977772 950104 26463352 701361 701640
701634 1610612768 0 2 28 977520 8 974152 32 0 977112 974100 974084 977772 950104 26463352 701361 701634
701640 536870944 0 2 28 977520 9 974152 32 0 977112 974100 974084 977772 950104 26463352 701361 701640
701634 1610612768 0 2 28 977520 9 974152 36 0 977112 974100 974084 977772 950104 26463352 701361 701634
701640 536870944 0 2 28 977520 10 974152 36 0 977112 974100 974084 977772 950104 26463352 701361 701640
701634 1610612768 0 2 28 977520 10 974152 40 0 977112 974100 974084 977772 950104 26463352 701361 701634
701640 536870944 0 2 28 977520 11 974152 40 0 977112 974100 974084 977772 950104 26463352 701361 701640
701634 1610612768 0 2 28 977520 11 974152 44 0 977112 974100 974084 977772 950104 26463352 701361 701634
701640 536870944 0 2 28 977520 12 974152 44 0 977112 974100 974084 977772 950104 26463352 701361 701640
701634 1610612768 0 2 28 977520 12 974152 48 0 977112 974100 974084 977772 950104 26463352 701361 701634
701640 536870944 0 2 28 977520 13 974152 48 0 977112 974100 974084 977772 950104 26463352 701361 701640
701634 1610612768 0 2 28 977520 13 974152 52 0 977112 974100 974084 977772 950104 26463352 701361 701634
701640 536870944 0 2 28 977520 14 974152 52 0 977112 974100 974084 977772 950104 26463352 701361 701640
701634 1610612768 0 2 28 977520 14 974152 56 0 977112 974100 974084 977772 950104 26463352 701361 701634
701640 536870944 0 2 28 977520 15 974152 56 0 977112 974100 974084 977772 950104 26463352 701361 701640
701634 1610612768 0 2 28 977520 15 974152 60 0 977112 974100 974084 977772 950104 26463352 701361 701634
701640 536870944 0 2 28 977520 16 974152 60 0 977112 974100 974084 977772 950104 26463352 701361 701640
701634 1610612768 0 2 28 977520 16 974152 64 0 977112 974100 974084 977772 950104 26463352 701361 701634
701640 536870944 0 2 28 977520 17 974152 64 0 977112 974100 974084 977772 950104 26463352 701361 701640
701634 1610612768 0 2 28 977520 17 974152 68 0 977112 974100 974084 977772 950104 26463352 701361 701634
701640 536870944 0 2 28 977520 18 974152 68 0 977112 974100 974084 977772 950104 26463352 701361 701640
701634 1610612768 0 2 28 977520 18 974152 72 0 977112 974100 974084 977772 950104 26463352 701361 701634
701640 536870944 0 2 28 977520 19 974152 72 0 977112 974100 974084 977772 950104 26463352 701361 701640
701634 1610612768 0 2 28 977520 19 974152 76 0 977112 974100 974084 977772 950104 26463352 701361 701634
701640 536870944 0 2 28 977520 20 974152 76 0 977112 974100 974084 977772 950104 26463352 701361 701640
701634 1610612768 0 2 28 977520 20 974152 80 0 977112 974100 974084 977772 950104 26463352 701361 701634
701640 536870944 0 2 28 977520 21 974152 80 0 977112 974100 974084 977772 950104 26463352 701361 701640
701634 1610612768 0 2 28 977520 21 974152 84 0 977112 974100 974084 977772 950104 26463352 701361 701634
701640 536870944 0 2 28 977520 22 974152 84 0 977112 974100 974084 977772 950104 26463352 701361 701640
701634 1610612768 0 2 28 977520 22 974152 88 0 977112 974100 974084 977772 950104 26463352 701361 701634
701640 536870944 0 2 28 977520 23 974152 88 0 977112 974100 974084 977772 950104 26463352 701361 701640
701634 1610612768 0 2 28 977520 23 974152 92 0 977112 974100 974084 977772 950104 26463352 701361 701634
701640 536870944 0 2 28 977520 24 974152 92 0 977112 974100 974084 977772 950104 26463352 701361 701640
701634 1610612768 0 2 28 977520 24 974152 96 0 977112 974100 974084 977772 950104 26463352 701361 701634
701640 536870944 0 2 28 977520 25 974152 96 0 977112 974100 974084 977772 950104 26463352 701361 701640
701634 1610612768 0 2 28 977520 25 974152 100 0 977112 974100 974084 977772 950104 26463352 701361 701634
701640 536870944 0 2 28 977520 26 974152 100 0 977112 974100 974084 977772 950104 26463352 701361 701640
701634 1610612768 0 2 28 977520 26 974152 104 0 977112 974100 974084 977772 950104 26463352 701361 701634
701640 536870944 0 2 28 977520 27 974152 104 0 977112 974100 974084 977772 950104 26463352 701361 701640
701634 1610612768 0 2 28 977520 27 974152 108 0 977112 974100 974084 977772 950104 26463352 701361 701634
701694 1610612768 0 2 28 977520 28 974152 108 0 977112 974100 974084 977772 950104 26463352 701361 701694
